<?xml version="1.0" encoding="UTF-8" standalone="yes"?>
<gpx xmlns="http://www.topografix.com/GPX/1/1" xmlns:xsi="http://www.w3.org/2001/XMLSchema-instance" version="1.1" creator="IsraelHikingMap" xsi:schemaLocation="http://www.topografix.com/GPX/1/1 http://www.topografix.com/GPX/1/1/gpx.xsd">
  <metadata>
    <bounds maxlat="32.71567" maxlon="35.437232" minlat="32.659098" minlon="35.350390000000004"></bounds>
  </metadata>
  <trk>
    <name>11 - מנחל תבור להר דבורה</name>
    <desc>🏞️ קושי: בינוני | גליל תחתון
🥾 נחל תבור, הר תבור (כנסייה פרנציסקנית קתולית), יער נצרת, הר דבורה.
⛺ לילה: הר דבורה
🛏️ מתקני לינה: חניון הר דבורה — מי שתיה ושירותים.
🛒 קניות בקרבת המסלול:
• תחנת דלק - כביש 7540 — א׳-ה׳: 24/7
• נוף הגליל — Merkaza — א׳-ה׳: 08:00-22:00 | ו׳: 08:00-22:00 | שבת: 08:00-22:00 | חנויות ברחוב מעלה יצחק, כ-750 מ' מהכביש. מקדונלד'ס, תחנות דלק, מרכז קניות
• משהד | חנויות מכולת ברחוב הראשי על השביל</desc>
    <trkseg>
      <trkpt lat="32.659130000000005" lon="35.43723">
        <ele>17.18507701723138</ele>
        <time>2026-07-13T10:12:43Z</time>
      </trkpt>
      <trkpt lat="32.659130000000005" lon="35.43723">
        <ele>17.18507701723138</ele>
        <time>2026-07-13T10:12:43Z</time>
      </trkpt>
      <extensions>
        <RoutingType xmlns="">Hike</RoutingType>
      </extensions>
    </trkseg>
    <trkseg>
      <trkpt lat="32.659129" lon="35.437232">
        <ele>19.4</ele>
      </trkpt>
      <trkpt lat="32.659104" lon="35.437212">
        <ele>19.567579607422516</ele>
      </trkpt>
      <trkpt lat="32.659098" lon="35.437099">
        <ele>20.09755291621974</ele>
      </trkpt>
      <trkpt lat="32.659135" lon="35.436997">
        <ele>20.617418644901306</ele>
      </trkpt>
      <trkpt lat="32.659151" lon="35.436953">
        <ele>20.841760756787938</ele>
      </trkpt>
      <trkpt lat="32.659215" lon="35.43677">
        <ele>20.7261401873565</ele>
      </trkpt>
      <trkpt lat="32.659472" lon="35.4367">
        <ele>20.265904291910097</ele>
      </trkpt>
      <trkpt lat="32.659629" lon="35.436608">
        <ele>20.020570816943504</ele>
      </trkpt>
      <trkpt lat="32.659705" lon="35.436528">
        <ele>20.058209918266016</ele>
      </trkpt>
      <trkpt lat="32.659784" lon="35.436435">
        <ele>20.099435818957485</ele>
      </trkpt>
      <trkpt lat="32.659877" lon="35.436279">
        <ele>20.986255997891202</ele>
      </trkpt>
      <trkpt lat="32.659957" lon="35.436125">
        <ele>21.879914089321044</ele>
      </trkpt>
      <trkpt lat="32.660115" lon="35.435822">
        <ele>23.828285832395956</ele>
      </trkpt>
      <trkpt lat="32.660201" lon="35.435691">
        <ele>24.65767762569427</ele>
      </trkpt>
      <trkpt lat="32.660304" lon="35.435552">
        <ele>24.854451234657763</ele>
      </trkpt>
      <trkpt lat="32.660362" lon="35.435459">
        <ele>24.709989864472817</ele>
      </trkpt>
      <trkpt lat="32.660537" lon="35.43534">
        <ele>24.17481061005639</ele>
      </trkpt>
      <trkpt lat="32.660719" lon="35.435203">
        <ele>23.591573083259753</ele>
      </trkpt>
      <trkpt lat="32.660834" lon="35.435138">
        <ele>23.402755368466448</ele>
      </trkpt>
      <trkpt lat="32.661007" lon="35.435007">
        <ele>23.702839490025365</ele>
      </trkpt>
      <trkpt lat="32.661167" lon="35.434953">
        <ele>24.196050405763177</ele>
      </trkpt>
      <trkpt lat="32.661407" lon="35.434853">
        <ele>24.843512224638868</ele>
      </trkpt>
      <trkpt lat="32.661633" lon="35.434838">
        <ele>24.088434627408052</ele>
      </trkpt>
      <trkpt lat="32.661883" lon="35.434854">
        <ele>23.33623381988474</ele>
      </trkpt>
      <trkpt lat="32.662138" lon="35.435028">
        <ele>23.47591409110531</ele>
      </trkpt>
      <trkpt lat="32.66234" lon="35.434919">
        <ele>23.648411903844682</ele>
      </trkpt>
      <trkpt lat="32.662503" lon="35.434882">
        <ele>23.6642848799067</ele>
      </trkpt>
      <trkpt lat="32.662631" lon="35.434764">
        <ele>23.604229992917023</ele>
      </trkpt>
      <trkpt lat="32.662764" lon="35.434619">
        <ele>23.913411971938043</ele>
      </trkpt>
      <trkpt lat="32.663069" lon="35.434252">
        <ele>25.512387340057366</ele>
      </trkpt>
      <trkpt lat="32.663283" lon="35.433885">
        <ele>26.01129260898738</ele>
      </trkpt>
      <trkpt lat="32.663483" lon="35.433595">
        <ele>25.181083722807845</ele>
      </trkpt>
      <trkpt lat="32.66362" lon="35.43347">
        <ele>24.560904901226095</ele>
      </trkpt>
      <trkpt lat="32.663627" lon="35.433412">
        <ele>24.37807552138287</ele>
      </trkpt>
      <trkpt lat="32.663638" lon="35.433306">
        <ele>24.044817317210168</ele>
      </trkpt>
      <trkpt lat="32.66364" lon="35.433296">
        <ele>24.012745568770004</ele>
      </trkpt>
      <trkpt lat="32.663522" lon="35.432831">
        <ele>24.702693411435508</ele>
      </trkpt>
      <trkpt lat="32.663433" lon="35.432493">
        <ele>25.746976676896086</ele>
      </trkpt>
      <trkpt lat="32.663309" lon="35.432108">
        <ele>27.172798329043626</ele>
      </trkpt>
      <trkpt lat="32.663233" lon="35.4318">
        <ele>28.464144897885586</ele>
      </trkpt>
      <trkpt lat="32.66316" lon="35.431431">
        <ele>29.925227665180756</ele>
      </trkpt>
      <trkpt lat="32.663134" lon="35.431176">
        <ele>31.207631719275764</ele>
      </trkpt>
      <trkpt lat="32.663143" lon="35.430934">
        <ele>30.955059109084207</ele>
      </trkpt>
      <trkpt lat="32.663183" lon="35.43077">
        <ele>30.464225301041786</ele>
      </trkpt>
      <trkpt lat="32.66318" lon="35.430547">
        <ele>29.489929603705782</ele>
      </trkpt>
      <trkpt lat="32.663104" lon="35.430178">
        <ele>27.870179370407325</ele>
      </trkpt>
      <trkpt lat="32.66312" lon="35.429968">
        <ele>27.475408883464258</ele>
      </trkpt>
      <trkpt lat="32.66323" lon="35.429727">
        <ele>27.356306969175403</ele>
      </trkpt>
      <trkpt lat="32.66346" lon="35.429392">
        <ele>27.217613820511513</ele>
      </trkpt>
      <trkpt lat="32.663589" lon="35.429247">
        <ele>27.65616437722404</ele>
      </trkpt>
      <trkpt lat="32.663701" lon="35.42916">
        <ele>28.125809884413496</ele>
      </trkpt>
      <trkpt lat="32.663846" lon="35.429075">
        <ele>29.26452613396929</ele>
      </trkpt>
      <trkpt lat="32.664213" lon="35.428954">
        <ele>31.369524785800156</ele>
      </trkpt>
      <trkpt lat="32.664421" lon="35.428904">
        <ele>32.077446127971385</ele>
      </trkpt>
      <trkpt lat="32.66497" lon="35.428832">
        <ele>34.21995449437545</ele>
      </trkpt>
      <trkpt lat="32.665384" lon="35.428733">
        <ele>34.790533876621765</ele>
      </trkpt>
      <trkpt lat="32.665465" lon="35.428692">
        <ele>34.92107254110919</ele>
      </trkpt>
      <trkpt lat="32.665521" lon="35.428642">
        <ele>34.92519142688745</ele>
      </trkpt>
      <trkpt lat="32.665659" lon="35.428434">
        <ele>33.93357600110689</ele>
      </trkpt>
      <trkpt lat="32.666008" lon="35.427608">
        <ele>33.5</ele>
      </trkpt>
      <trkpt lat="32.666051" lon="35.427459">
        <ele>33.23610079312857</ele>
      </trkpt>
      <trkpt lat="32.666066" lon="35.427281">
        <ele>32.677921687399056</ele>
      </trkpt>
      <trkpt lat="32.666024" lon="35.426894">
        <ele>32.488118252569684</ele>
      </trkpt>
      <trkpt lat="32.665899" lon="35.426522">
        <ele>32.43151070404257</ele>
      </trkpt>
      <trkpt lat="32.66582" lon="35.426175">
        <ele>33.49321306171591</ele>
      </trkpt>
      <trkpt lat="32.665822" lon="35.425868">
        <ele>34.42137408606917</ele>
      </trkpt>
      <trkpt lat="32.665895" lon="35.425628">
        <ele>34.91563940727474</ele>
      </trkpt>
      <trkpt lat="32.666044" lon="35.425306">
        <ele>35.74935890736058</ele>
      </trkpt>
      <trkpt lat="32.666237" lon="35.424949">
        <ele>36.17289153159773</ele>
      </trkpt>
      <trkpt lat="32.666491" lon="35.424377">
        <ele>34.58126157841001</ele>
      </trkpt>
      <trkpt lat="32.666848" lon="35.423683">
        <ele>35.81467019550078</ele>
      </trkpt>
      <trkpt lat="32.666942" lon="35.423453">
        <ele>36.29332224104695</ele>
      </trkpt>
      <trkpt lat="32.667218" lon="35.422625">
        <ele>34.84648667960308</ele>
      </trkpt>
      <trkpt lat="32.667371" lon="35.42227">
        <ele>35.11196642249117</ele>
      </trkpt>
      <trkpt lat="32.667684" lon="35.42178">
        <ele>37.68302666600768</ele>
      </trkpt>
      <trkpt lat="32.667915" lon="35.421205">
        <ele>38.7</ele>
      </trkpt>
      <trkpt lat="32.667985" lon="35.421062">
        <ele>38.7</ele>
      </trkpt>
      <trkpt lat="32.668224" lon="35.420666">
        <ele>39.36891996044469</ele>
      </trkpt>
      <trkpt lat="32.668439" lon="35.420094">
        <ele>40.67304910704597</ele>
      </trkpt>
      <trkpt lat="32.668585" lon="35.419776">
        <ele>40.71614030102892</ele>
      </trkpt>
      <trkpt lat="32.668928" lon="35.419145">
        <ele>40.3</ele>
      </trkpt>
      <trkpt lat="32.669063" lon="35.419008">
        <ele>40.35468142478123</ele>
      </trkpt>
      <trkpt lat="32.669074" lon="35.418956">
        <ele>40.57216043965866</ele>
      </trkpt>
      <trkpt lat="32.669166" lon="35.418547">
        <ele>42.18329010917029</ele>
      </trkpt>
      <trkpt lat="32.669263" lon="35.41832">
        <ele>42.732456135558756</ele>
      </trkpt>
      <trkpt lat="32.669459" lon="35.417945">
        <ele>42.72982036990374</ele>
      </trkpt>
      <trkpt lat="32.669673" lon="35.417592">
        <ele>42.05863886786001</ele>
      </trkpt>
      <trkpt lat="32.669824" lon="35.417304">
        <ele>41.41177243261322</ele>
      </trkpt>
      <trkpt lat="32.670091" lon="35.416691">
        <ele>42.362727897909956</ele>
      </trkpt>
      <trkpt lat="32.670181" lon="35.416575">
        <ele>42.65805553300267</ele>
      </trkpt>
      <trkpt lat="32.670328" lon="35.416459">
        <ele>43.00876849683665</ele>
      </trkpt>
      <trkpt lat="32.670375" lon="35.416582">
        <ele>43.2194982242385</ele>
      </trkpt>
      <trkpt lat="32.670794" lon="35.416731">
        <ele>44.75213010867312</ele>
      </trkpt>
      <trkpt lat="32.670931" lon="35.416809">
        <ele>45.42320504972076</ele>
      </trkpt>
      <trkpt lat="32.671096" lon="35.416933">
        <ele>46.14687853119825</ele>
      </trkpt>
      <trkpt lat="32.671203" lon="35.416977">
        <ele>46.516593532844894</ele>
      </trkpt>
      <trkpt lat="32.671318" lon="35.416994">
        <ele>46.81726781130819</ele>
      </trkpt>
      <trkpt lat="32.671441" lon="35.416977">
        <ele>47.11652135758656</ele>
      </trkpt>
      <trkpt lat="32.671507" lon="35.416946">
        <ele>47.19543809658183</ele>
      </trkpt>
      <trkpt lat="32.671586" lon="35.416877">
        <ele>47.30446927638652</ele>
      </trkpt>
      <trkpt lat="32.671685" lon="35.416705">
        <ele>47.36683289770296</ele>
      </trkpt>
      <trkpt lat="32.67183" lon="35.416322">
        <ele>46.27289036643649</ele>
      </trkpt>
      <trkpt lat="32.672012" lon="35.415707">
        <ele>47.08972984453198</ele>
      </trkpt>
      <trkpt lat="32.672129" lon="35.415243">
        <ele>49.10642789908544</ele>
      </trkpt>
      <trkpt lat="32.672186" lon="35.414902">
        <ele>48.727184828415844</ele>
      </trkpt>
      <trkpt lat="32.672241" lon="35.414771">
        <ele>48.77285898997271</ele>
      </trkpt>
      <trkpt lat="32.672318" lon="35.414669">
        <ele>48.83121224375986</ele>
      </trkpt>
      <trkpt lat="32.672441" lon="35.414562">
        <ele>48.9442246039983</ele>
      </trkpt>
      <trkpt lat="32.672586" lon="35.414482">
        <ele>49.18821871289285</ele>
      </trkpt>
      <trkpt lat="32.672745" lon="35.414458">
        <ele>49.54466142530511</ele>
      </trkpt>
      <trkpt lat="32.672913" lon="35.414481">
        <ele>49.92074912893899</ele>
      </trkpt>
      <trkpt lat="32.67345" lon="35.414662">
        <ele>49.51717399531905</ele>
      </trkpt>
      <trkpt lat="32.673547" lon="35.414662">
        <ele>49.229549785074965</ele>
      </trkpt>
      <trkpt lat="32.673651" lon="35.414631">
        <ele>48.98370767218228</ele>
      </trkpt>
      <trkpt lat="32.673693" lon="35.414609">
        <ele>48.881627528756276</ele>
      </trkpt>
      <extensions>
        <RoutingType xmlns="">Hike</RoutingType>
      </extensions>
    </trkseg>
    <trkseg>
      <trkpt lat="32.673693" lon="35.414609">
        <ele>48.6</ele>
      </trkpt>
      <trkpt lat="32.673798" lon="35.414556">
        <ele>48.38857252555549</ele>
      </trkpt>
      <trkpt lat="32.674071" lon="35.414337">
        <ele>48.743817978138416</ele>
      </trkpt>
      <trkpt lat="32.67468" lon="35.413747">
        <ele>52.91213771535868</ele>
      </trkpt>
      <trkpt lat="32.674848" lon="35.413624">
        <ele>53.42879331729565</ele>
      </trkpt>
      <trkpt lat="32.674967" lon="35.413549">
        <ele>53.47872319509546</ele>
      </trkpt>
      <trkpt lat="32.675094" lon="35.4135">
        <ele>53.38713613093069</ele>
      </trkpt>
      <trkpt lat="32.675453" lon="35.413418">
        <ele>53.22743259784705</ele>
      </trkpt>
      <trkpt lat="32.675749" lon="35.413279">
        <ele>54.198574880993945</ele>
      </trkpt>
      <trkpt lat="32.675994" lon="35.413102">
        <ele>55.01579244920465</ele>
      </trkpt>
      <trkpt lat="32.676106" lon="35.412981">
        <ele>55.01183760324361</ele>
      </trkpt>
      <trkpt lat="32.676231" lon="35.412722">
        <ele>55.04890617600649</ele>
      </trkpt>
      <trkpt lat="32.676349" lon="35.412529">
        <ele>55.498021141368305</ele>
      </trkpt>
      <trkpt lat="32.676419" lon="35.41243">
        <ele>56.183769388754996</ele>
      </trkpt>
      <trkpt lat="32.676464" lon="35.412446">
        <ele>56.47974284156631</ele>
      </trkpt>
      <trkpt lat="32.676494" lon="35.412457">
        <ele>56.67757261701334</ele>
      </trkpt>
      <trkpt lat="32.67658" lon="35.412536">
        <ele>57.575827810514646</ele>
      </trkpt>
      <trkpt lat="32.676814" lon="35.41271">
        <ele>60.14929305416597</ele>
      </trkpt>
      <trkpt lat="32.676919" lon="35.41288">
        <ele>61.39920252343908</ele>
      </trkpt>
      <trkpt lat="32.677543" lon="35.41367">
        <ele>60.717724259046314</ele>
      </trkpt>
      <trkpt lat="32.678118" lon="35.413264">
        <ele>62.08091775622817</ele>
      </trkpt>
      <trkpt lat="32.678604" lon="35.412921">
        <ele>64.57897013638427</ele>
      </trkpt>
      <trkpt lat="32.678633" lon="35.412823">
        <ele>64.64816063020207</ele>
      </trkpt>
      <trkpt lat="32.67865" lon="35.412733">
        <ele>64.56183094747266</ele>
      </trkpt>
      <trkpt lat="32.678648" lon="35.412629">
        <ele>64.4644676727929</ele>
      </trkpt>
      <trkpt lat="32.678545" lon="35.412389">
        <ele>63.336528475213356</ele>
      </trkpt>
      <trkpt lat="32.678459" lon="35.412141">
        <ele>62.145151299460196</ele>
      </trkpt>
      <trkpt lat="32.678429" lon="35.412077">
        <ele>61.870900552097346</ele>
      </trkpt>
      <trkpt lat="32.678311" lon="35.41172">
        <ele>61.677497324960896</ele>
      </trkpt>
      <trkpt lat="32.678269" lon="35.411564">
        <ele>61.97892796131402</ele>
      </trkpt>
      <trkpt lat="32.678283" lon="35.411312">
        <ele>62.49318646253907</ele>
      </trkpt>
      <trkpt lat="32.67833" lon="35.41117">
        <ele>62.73120366515596</ele>
      </trkpt>
      <trkpt lat="32.678514" lon="35.410973">
        <ele>63.42243062680092</ele>
      </trkpt>
      <trkpt lat="32.679583" lon="35.410302">
        <ele>64.28025078571939</ele>
      </trkpt>
      <trkpt lat="32.680009" lon="35.410033">
        <ele>67.36970429799881</ele>
      </trkpt>
      <extensions>
        <RoutingType xmlns="">Hike</RoutingType>
      </extensions>
    </trkseg>
    <trkseg>
      <trkpt lat="32.680009" lon="35.410033">
        <ele>67.7</ele>
      </trkpt>
      <trkpt lat="32.680152" lon="35.409956">
        <ele>67.81638505797078</ele>
      </trkpt>
      <trkpt lat="32.680513" lon="35.409807">
        <ele>67.3009507797878</ele>
      </trkpt>
      <trkpt lat="32.681174" lon="35.409682">
        <ele>68.95850315822946</ele>
      </trkpt>
      <trkpt lat="32.682166" lon="35.40968">
        <ele>74.81854342643476</ele>
      </trkpt>
      <trkpt lat="32.682307" lon="35.409666">
        <ele>75.55275659819645</ele>
      </trkpt>
      <trkpt lat="32.682876" lon="35.409468">
        <ele>77.12687998863821</ele>
      </trkpt>
      <trkpt lat="32.683455" lon="35.40915">
        <ele>82.5575119841743</ele>
      </trkpt>
      <trkpt lat="32.683864" lon="35.408857">
        <ele>89.80377968852976</ele>
      </trkpt>
      <extensions>
        <RoutingType xmlns="">Hike</RoutingType>
      </extensions>
    </trkseg>
    <trkseg>
      <trkpt lat="32.683864" lon="35.408857">
        <ele>90.1</ele>
      </trkpt>
      <trkpt lat="32.683939" lon="35.408803">
        <ele>92.3428242482959</ele>
      </trkpt>
      <trkpt lat="32.683918" lon="35.408765">
        <ele>93.32134923630147</ele>
      </trkpt>
      <trkpt lat="32.683909" lon="35.408721">
        <ele>94.29603359512508</ele>
      </trkpt>
      <trkpt lat="32.683912" lon="35.408676">
        <ele>95.26770941228743</ele>
      </trkpt>
      <trkpt lat="32.683927" lon="35.408635">
        <ele>96.23002106238474</ele>
      </trkpt>
      <trkpt lat="32.683953" lon="35.408602">
        <ele>97.05296237461285</ele>
      </trkpt>
      <trkpt lat="32.683986" lon="35.40858">
        <ele>97.30541911221157</ele>
      </trkpt>
      <trkpt lat="32.684024" lon="35.408572">
        <ele>97.56289273620482</ele>
      </trkpt>
      <trkpt lat="32.684061" lon="35.408579">
        <ele>97.81285538545906</ele>
      </trkpt>
      <trkpt lat="32.684095" lon="35.4086">
        <ele>98.0685129263669</ele>
      </trkpt>
      <trkpt lat="32.684295" lon="35.408267">
        <ele>100.45265958894387</ele>
      </trkpt>
      <trkpt lat="32.684507" lon="35.408003">
        <ele>102.21542568942542</ele>
      </trkpt>
      <trkpt lat="32.684672" lon="35.407864">
        <ele>103.63985567845695</ele>
      </trkpt>
      <trkpt lat="32.68484" lon="35.407736">
        <ele>105.64238207842673</ele>
      </trkpt>
      <trkpt lat="32.68497" lon="35.407585">
        <ele>107.61133424323998</ele>
      </trkpt>
      <trkpt lat="32.685154" lon="35.407296">
        <ele>110.83755635817818</ele>
      </trkpt>
      <trkpt lat="32.685209" lon="35.40718">
        <ele>112.5404550468039</ele>
      </trkpt>
      <trkpt lat="32.685269" lon="35.40695">
        <ele>115.7139510345663</ele>
      </trkpt>
      <trkpt lat="32.685278" lon="35.406854">
        <ele>117.00967467661532</ele>
      </trkpt>
      <trkpt lat="32.685276" lon="35.406759">
        <ele>118.31087601400837</ele>
      </trkpt>
      <trkpt lat="32.685273" lon="35.406674">
        <ele>119.55824040226031</ele>
      </trkpt>
      <trkpt lat="32.685242" lon="35.406588">
        <ele>120.92995007222957</ele>
      </trkpt>
      <trkpt lat="32.685185" lon="35.406512">
        <ele>122.42249217026888</ele>
      </trkpt>
      <trkpt lat="32.685111" lon="35.406472">
        <ele>122.82114372998997</ele>
      </trkpt>
      <trkpt lat="32.685028" lon="35.406433">
        <ele>122.9865553131122</ele>
      </trkpt>
      <trkpt lat="32.684933" lon="35.406432">
        <ele>123.16262085631782</ele>
      </trkpt>
      <trkpt lat="32.6848" lon="35.406475">
        <ele>122.98193452543194</ele>
      </trkpt>
      <trkpt lat="32.684682" lon="35.406542">
        <ele>122.73956296095463</ele>
      </trkpt>
      <trkpt lat="32.684592" lon="35.406561">
        <ele>123.63486158788062</ele>
      </trkpt>
      <trkpt lat="32.684499" lon="35.406551">
        <ele>124.88086846968613</ele>
      </trkpt>
      <trkpt lat="32.684438" lon="35.406496">
        <ele>125.9026508097918</ele>
      </trkpt>
      <trkpt lat="32.684395" lon="35.406423">
        <ele>127.2049739980386</ele>
      </trkpt>
      <trkpt lat="32.684382" lon="35.40633">
        <ele>128.79309877092493</ele>
      </trkpt>
      <trkpt lat="32.684389" lon="35.406236">
        <ele>130.38279541501757</ele>
      </trkpt>
      <trkpt lat="32.684305" lon="35.406169">
        <ele>131.89660553765418</ele>
      </trkpt>
      <trkpt lat="32.684195" lon="35.406177">
        <ele>132.50932229981586</ele>
      </trkpt>
      <trkpt lat="32.683161" lon="35.40666">
        <ele>131.23966010430803</ele>
      </trkpt>
      <trkpt lat="32.682944" lon="35.406748">
        <ele>130.54325047608415</ele>
      </trkpt>
      <trkpt lat="32.682725" lon="35.406893">
        <ele>130.4930790887466</ele>
      </trkpt>
      <trkpt lat="32.682565" lon="35.40688">
        <ele>131.1403066427019</ele>
      </trkpt>
      <trkpt lat="32.682406" lon="35.406806">
        <ele>133.9885180082146</ele>
      </trkpt>
      <trkpt lat="32.682219" lon="35.406805">
        <ele>136.0715794822262</ele>
      </trkpt>
      <trkpt lat="32.682188" lon="35.406809">
        <ele>136.2565027705469</ele>
      </trkpt>
      <extensions>
        <RoutingType xmlns="">Hike</RoutingType>
      </extensions>
    </trkseg>
    <trkseg>
      <trkpt lat="32.682188" lon="35.406809">
        <ele>137.1</ele>
      </trkpt>
      <trkpt lat="32.681685" lon="35.406867">
        <ele>140.6731281418075</ele>
      </trkpt>
      <extensions>
        <RoutingType xmlns="">Hike</RoutingType>
      </extensions>
    </trkseg>
    <trkseg>
      <trkpt lat="32.681685" lon="35.406867">
        <ele>140.8</ele>
      </trkpt>
      <trkpt lat="32.681078" lon="35.406937">
        <ele>139.84583744648336</ele>
      </trkpt>
      <trkpt lat="32.681006" lon="35.406886">
        <ele>141.21290736492335</ele>
      </trkpt>
      <trkpt lat="32.680861" lon="35.40681">
        <ele>144.33656044333281</ele>
      </trkpt>
      <trkpt lat="32.680824" lon="35.406743">
        <ele>146.2865224872306</ele>
      </trkpt>
      <trkpt lat="32.680877" lon="35.406713">
        <ele>147.9838034914273</ele>
      </trkpt>
      <trkpt lat="32.680966" lon="35.406728">
        <ele>150.58261476787655</ele>
      </trkpt>
      <trkpt lat="32.681002" lon="35.406699">
        <ele>151.32183067141082</ele>
      </trkpt>
      <trkpt lat="32.681002" lon="35.406644">
        <ele>151.92237704769533</ele>
      </trkpt>
      <trkpt lat="32.680898" lon="35.406557">
        <ele>153.57242625393775</ele>
      </trkpt>
      <trkpt lat="32.680708" lon="35.406467">
        <ele>156.6432825310977</ele>
      </trkpt>
      <trkpt lat="32.6807" lon="35.406435">
        <ele>157.0910930485486</ele>
      </trkpt>
      <trkpt lat="32.680718" lon="35.40641">
        <ele>157.53242695356704</ele>
      </trkpt>
      <trkpt lat="32.680777" lon="35.4064">
        <ele>158.48228597289395</ele>
      </trkpt>
      <trkpt lat="32.681075" lon="35.406486">
        <ele>161.00860232480997</ele>
      </trkpt>
      <trkpt lat="32.681214" lon="35.406514">
        <ele>161.0608579157754</ele>
      </trkpt>
      <trkpt lat="32.68126" lon="35.406503">
        <ele>161.07824972894613</ele>
      </trkpt>
      <extensions>
        <RoutingType xmlns="">Hike</RoutingType>
      </extensions>
    </trkseg>
    <trkseg>
      <trkpt lat="32.68126" lon="35.406503">
        <ele>161.1</ele>
      </trkpt>
      <trkpt lat="32.681622" lon="35.406418">
        <ele>161.32645903209195</ele>
      </trkpt>
      <trkpt lat="32.682241" lon="35.406332">
        <ele>159.62893584391776</ele>
      </trkpt>
      <trkpt lat="32.682405" lon="35.406241">
        <ele>160.26681246987135</ele>
      </trkpt>
      <trkpt lat="32.682727" lon="35.40604">
        <ele>163.85990079673113</ele>
      </trkpt>
      <trkpt lat="32.682806" lon="35.405808">
        <ele>168.1424415882169</ele>
      </trkpt>
      <trkpt lat="32.6829" lon="35.405557">
        <ele>174.14178086500212</ele>
      </trkpt>
      <trkpt lat="32.68289" lon="35.405486">
        <ele>175.71380820699378</ele>
      </trkpt>
      <trkpt lat="32.682948" lon="35.405374">
        <ele>178.58548360832202</ele>
      </trkpt>
      <trkpt lat="32.68296" lon="35.405314">
        <ele>180.0939673246933</ele>
      </trkpt>
      <trkpt lat="32.683075" lon="35.405152">
        <ele>185.38304521936914</ele>
      </trkpt>
      <trkpt lat="32.683065" lon="35.405038">
        <ele>188.7849160018955</ele>
      </trkpt>
      <trkpt lat="32.683157" lon="35.404939">
        <ele>193.84569067873093</ele>
      </trkpt>
      <trkpt lat="32.683172" lon="35.404873">
        <ele>196.1916711724092</ele>
      </trkpt>
      <trkpt lat="32.683138" lon="35.404856">
        <ele>197.69565218705367</ele>
      </trkpt>
      <trkpt lat="32.683195" lon="35.404758">
        <ele>200.80572975391092</ele>
      </trkpt>
      <trkpt lat="32.683261" lon="35.404734">
        <ele>202.9291189738317</ele>
      </trkpt>
      <trkpt lat="32.683291" lon="35.404527">
        <ele>207.60279512193904</ele>
      </trkpt>
      <trkpt lat="32.683337" lon="35.404494">
        <ele>208.69822324229654</ele>
      </trkpt>
      <trkpt lat="32.683363" lon="35.404445">
        <ele>209.69209415634305</ele>
      </trkpt>
      <trkpt lat="32.68336" lon="35.404421">
        <ele>210.1084031086181</ele>
      </trkpt>
      <trkpt lat="32.683381" lon="35.404374">
        <ele>211.02141673271439</ele>
      </trkpt>
      <trkpt lat="32.683404" lon="35.404365">
        <ele>211.51506344334334</ele>
      </trkpt>
      <trkpt lat="32.683455" lon="35.40429">
        <ele>212.3989784759404</ele>
      </trkpt>
      <trkpt lat="32.68347" lon="35.404238">
        <ele>212.87913353880313</ele>
      </trkpt>
      <trkpt lat="32.683551" lon="35.404026">
        <ele>215.93846127149783</ele>
      </trkpt>
      <trkpt lat="32.683545" lon="35.40398">
        <ele>217.15827636794657</ele>
      </trkpt>
      <trkpt lat="32.683584" lon="35.403903">
        <ele>219.51323441962418</ele>
      </trkpt>
      <trkpt lat="32.683545" lon="35.403862">
        <ele>221.13457265465448</ele>
      </trkpt>
      <trkpt lat="32.68351" lon="35.403871">
        <ele>222.24951257111294</ele>
      </trkpt>
      <trkpt lat="32.683538" lon="35.403812">
        <ele>224.27224591449826</ele>
      </trkpt>
      <trkpt lat="32.683532" lon="35.403754">
        <ele>226.11347867675588</ele>
      </trkpt>
      <trkpt lat="32.683534" lon="35.403682">
        <ele>228.38331097495347</ele>
      </trkpt>
      <trkpt lat="32.683539" lon="35.403655">
        <ele>229.25438318307604</ele>
      </trkpt>
      <trkpt lat="32.68353" lon="35.403634">
        <ele>229.99689796041716</ele>
      </trkpt>
      <trkpt lat="32.683563" lon="35.403489">
        <ele>234.07751437842708</ele>
      </trkpt>
      <trkpt lat="32.683571" lon="35.403475">
        <ele>234.42064617648154</ele>
      </trkpt>
      <trkpt lat="32.68357" lon="35.403458">
        <ele>234.76620635141154</ele>
      </trkpt>
      <trkpt lat="32.683555" lon="35.403446">
        <ele>235.20187613674238</ele>
      </trkpt>
      <trkpt lat="32.683558" lon="35.403422">
        <ele>235.69387657466953</ele>
      </trkpt>
      <trkpt lat="32.68359" lon="35.40338">
        <ele>236.84265417599465</ele>
      </trkpt>
      <trkpt lat="32.683613" lon="35.403369">
        <ele>237.4399844135623</ele>
      </trkpt>
      <trkpt lat="32.68363" lon="35.403334">
        <ele>238.25940033978824</ele>
      </trkpt>
      <trkpt lat="32.683619" lon="35.403305">
        <ele>238.9044087033114</ele>
      </trkpt>
      <trkpt lat="32.683617" lon="35.403291">
        <ele>239.19235521592643</ele>
      </trkpt>
      <trkpt lat="32.683616" lon="35.403272">
        <ele>239.66894528240007</ele>
      </trkpt>
      <trkpt lat="32.683636" lon="35.403235">
        <ele>241.0133138674016</ele>
      </trkpt>
      <trkpt lat="32.683655" lon="35.403212">
        <ele>241.99857879535114</ele>
      </trkpt>
      <trkpt lat="32.683766" lon="35.403103">
        <ele>247.2293756741086</ele>
      </trkpt>
      <trkpt lat="32.683785" lon="35.403077">
        <ele>248.282058701634</ele>
      </trkpt>
      <trkpt lat="32.683832" lon="35.402953">
        <ele>252.40664424032354</ele>
      </trkpt>
      <trkpt lat="32.683865" lon="35.402907">
        <ele>254.23564905889035</ele>
      </trkpt>
      <trkpt lat="32.68388" lon="35.402801">
        <ele>257.4882636798295</ele>
      </trkpt>
      <trkpt lat="32.683881" lon="35.402666">
        <ele>261.105002419749</ele>
      </trkpt>
      <trkpt lat="32.683901" lon="35.402571">
        <ele>263.5489577711596</ele>
      </trkpt>
      <trkpt lat="32.683907" lon="35.402565">
        <ele>263.78149859243223</ele>
      </trkpt>
      <trkpt lat="32.683906" lon="35.402525">
        <ele>264.78021726582466</ele>
      </trkpt>
      <trkpt lat="32.683946" lon="35.402466">
        <ele>266.6709640140347</ele>
      </trkpt>
      <trkpt lat="32.683947" lon="35.402435">
        <ele>267.2339334338668</ele>
      </trkpt>
      <trkpt lat="32.683959" lon="35.402376">
        <ele>268.16177462618737</ele>
      </trkpt>
      <trkpt lat="32.683996" lon="35.4023">
        <ele>269.50387023245</ele>
      </trkpt>
      <trkpt lat="32.684028" lon="35.402185">
        <ele>271.35535464086115</ele>
      </trkpt>
      <trkpt lat="32.684028" lon="35.402096">
        <ele>272.9027209105642</ele>
      </trkpt>
      <trkpt lat="32.683989" lon="35.402005">
        <ele>274.7822800974357</ele>
      </trkpt>
      <trkpt lat="32.683986" lon="35.401885">
        <ele>276.991943159593</ele>
      </trkpt>
      <trkpt lat="32.684004" lon="35.401787">
        <ele>279.5326248743369</ele>
      </trkpt>
      <trkpt lat="32.684001" lon="35.401753">
        <ele>280.54578302597196</ele>
      </trkpt>
      <trkpt lat="32.683988" lon="35.401703">
        <ele>282.0966930725927</ele>
      </trkpt>
      <trkpt lat="32.683983" lon="35.401607">
        <ele>284.94722615906795</ele>
      </trkpt>
      <trkpt lat="32.683992" lon="35.401583">
        <ele>285.72590323517255</ele>
      </trkpt>
      <trkpt lat="32.684051" lon="35.401472">
        <ele>290.3797621742677</ele>
      </trkpt>
      <trkpt lat="32.684054" lon="35.401298">
        <ele>297.1663480175663</ele>
      </trkpt>
      <trkpt lat="32.68401" lon="35.401156">
        <ele>301.96262261985885</ele>
      </trkpt>
      <trkpt lat="32.684013" lon="35.401143">
        <ele>302.3158575633599</ele>
      </trkpt>
      <trkpt lat="32.683952" lon="35.401092">
        <ele>304.63815790361554</ele>
      </trkpt>
      <trkpt lat="32.683924" lon="35.401085">
        <ele>305.52901575973584</ele>
      </trkpt>
      <trkpt lat="32.68391" lon="35.401075">
        <ele>306.0376061042615</ele>
      </trkpt>
      <trkpt lat="32.683907" lon="35.401046">
        <ele>306.8032640982047</ele>
      </trkpt>
      <trkpt lat="32.683834" lon="35.401008">
        <ele>308.8897718097074</ele>
      </trkpt>
      <trkpt lat="32.683723" lon="35.401018">
        <ele>311.2003445202231</ele>
      </trkpt>
      <trkpt lat="32.683704" lon="35.401009">
        <ele>311.62490284461876</ele>
      </trkpt>
      <trkpt lat="32.683699" lon="35.400999">
        <ele>311.8281034148754</ele>
      </trkpt>
      <trkpt lat="32.683698" lon="35.400989">
        <ele>312.0040312751197</ele>
      </trkpt>
      <trkpt lat="32.683784" lon="35.400881">
        <ele>314.85891828134197</ele>
      </trkpt>
      <trkpt lat="32.683794" lon="35.400845">
        <ele>315.71042459778766</ele>
      </trkpt>
      <trkpt lat="32.683808" lon="35.400821">
        <ele>316.3663099861312</ele>
      </trkpt>
      <trkpt lat="32.68385" lon="35.400783">
        <ele>317.7751409043585</ele>
      </trkpt>
      <trkpt lat="32.683861" lon="35.400778">
        <ele>318.0894449460252</ele>
      </trkpt>
      <trkpt lat="32.683871" lon="35.400778">
        <ele>318.3563127700569</ele>
      </trkpt>
      <trkpt lat="32.683929" lon="35.400736">
        <ele>320.16897409179194</ele>
      </trkpt>
      <trkpt lat="32.683999" lon="35.400657">
        <ele>321.89963009538513</ele>
      </trkpt>
      <trkpt lat="32.684216" lon="35.400465">
        <ele>325.00731888497967</ele>
      </trkpt>
      <trkpt lat="32.684413" lon="35.400289">
        <ele>326.04908158646816</ele>
      </trkpt>
      <trkpt lat="32.684554" lon="35.400117">
        <ele>327.9965427930735</ele>
      </trkpt>
      <trkpt lat="32.68463" lon="35.399979">
        <ele>331.34080557225843</ele>
      </trkpt>
      <trkpt lat="32.684686" lon="35.399939">
        <ele>333.08454005500147</ele>
      </trkpt>
      <trkpt lat="32.684709" lon="35.399892">
        <ele>334.3056808232541</ele>
      </trkpt>
      <trkpt lat="32.68472" lon="35.39988">
        <ele>334.70420585119336</ele>
      </trkpt>
      <trkpt lat="32.684735" lon="35.399878">
        <ele>335.1070202951642</ele>
      </trkpt>
      <trkpt lat="32.684765" lon="35.399862">
        <ele>336.2606371918925</ele>
      </trkpt>
      <trkpt lat="32.684784" lon="35.399836">
        <ele>337.3992462652203</ele>
      </trkpt>
      <trkpt lat="32.684794" lon="35.399755">
        <ele>340.1063873050552</ele>
      </trkpt>
      <trkpt lat="32.684793" lon="35.399709">
        <ele>341.628006208925</ele>
      </trkpt>
      <trkpt lat="32.684833" lon="35.39962">
        <ele>344.96434393588277</ele>
      </trkpt>
      <trkpt lat="32.684843" lon="35.399565">
        <ele>346.7394015076414</ele>
      </trkpt>
      <trkpt lat="32.684866" lon="35.399536">
        <ele>347.9203065386107</ele>
      </trkpt>
      <trkpt lat="32.684864" lon="35.399529">
        <ele>348.1393864401071</ele>
      </trkpt>
      <trkpt lat="32.684873" lon="35.399494">
        <ele>349.22397970465136</ele>
      </trkpt>
      <trkpt lat="32.684903" lon="35.399448">
        <ele>350.9486112840602</ele>
      </trkpt>
      <trkpt lat="32.684913" lon="35.3994">
        <ele>352.4140737775931</ele>
      </trkpt>
      <trkpt lat="32.684893" lon="35.399373">
        <ele>353.4800118914318</ele>
      </trkpt>
      <trkpt lat="32.684917" lon="35.399289">
        <ele>356.0256369646349</ele>
      </trkpt>
      <trkpt lat="32.684888" lon="35.399292">
        <ele>356.91037663597086</ele>
      </trkpt>
      <trkpt lat="32.684877" lon="35.39925">
        <ele>358.0355778918519</ele>
      </trkpt>
      <trkpt lat="32.684825" lon="35.399248">
        <ele>359.61685631001995</ele>
      </trkpt>
      <trkpt lat="32.684813" lon="35.3992">
        <ele>360.8977484376532</ele>
      </trkpt>
      <trkpt lat="32.684821" lon="35.399174">
        <ele>361.6058960534693</ele>
      </trkpt>
      <trkpt lat="32.684846" lon="35.399135">
        <ele>362.85994487252924</ele>
      </trkpt>
      <trkpt lat="32.684849" lon="35.399109">
        <ele>363.5312617969119</ele>
      </trkpt>
      <trkpt lat="32.684904" lon="35.39904">
        <ele>363.755177269388</ele>
      </trkpt>
      <trkpt lat="32.684911" lon="35.39902">
        <ele>363.7686915467682</ele>
      </trkpt>
      <trkpt lat="32.685067" lon="35.398894">
        <ele>364.34754797719194</ele>
      </trkpt>
      <trkpt lat="32.685084" lon="35.398871">
        <ele>365.3501977175198</ele>
      </trkpt>
      <trkpt lat="32.685138" lon="35.398739">
        <ele>370.1576232081372</ele>
      </trkpt>
      <trkpt lat="32.685141" lon="35.398685">
        <ele>371.93027248538215</ele>
      </trkpt>
      <trkpt lat="32.685151" lon="35.398647">
        <ele>373.23440764891313</ele>
      </trkpt>
      <trkpt lat="32.685139" lon="35.398565">
        <ele>375.99038905870435</ele>
      </trkpt>
      <trkpt lat="32.685173" lon="35.398461">
        <ele>379.71454168632596</ele>
      </trkpt>
      <trkpt lat="32.685225" lon="35.398353">
        <ele>383.86772688078446</ele>
      </trkpt>
      <trkpt lat="32.685228" lon="35.398335">
        <ele>384.48022381985356</ele>
      </trkpt>
      <trkpt lat="32.68525" lon="35.39832">
        <ele>385.45370533050215</ele>
      </trkpt>
      <trkpt lat="32.685314" lon="35.398248">
        <ele>388.65518158620483</ele>
      </trkpt>
      <trkpt lat="32.685327" lon="35.398154">
        <ele>391.5674676579834</ele>
      </trkpt>
      <trkpt lat="32.685347" lon="35.398093">
        <ele>393.5688514955404</ele>
      </trkpt>
      <trkpt lat="32.685349" lon="35.39808">
        <ele>393.9728697649033</ele>
      </trkpt>
      <trkpt lat="32.685336" lon="35.398072">
        <ele>394.5046561606526</ele>
      </trkpt>
      <trkpt lat="32.68535" lon="35.398054">
        <ele>395.1564256217258</ele>
      </trkpt>
      <trkpt lat="32.685377" lon="35.397953">
        <ele>397.50359884281414</ele>
      </trkpt>
      <trkpt lat="32.6854" lon="35.397917">
        <ele>398.50466758090636</ele>
      </trkpt>
      <trkpt lat="32.685444" lon="35.397878">
        <ele>399.94928505342926</ele>
      </trkpt>
      <trkpt lat="32.685445" lon="35.397852">
        <ele>400.5257579649413</ele>
      </trkpt>
      <trkpt lat="32.685494" lon="35.397758">
        <ele>403.11202455736134</ele>
      </trkpt>
      <trkpt lat="32.685512" lon="35.397687">
        <ele>404.9857097789239</ele>
      </trkpt>
      <trkpt lat="32.685552" lon="35.397618">
        <ele>407.1027947543284</ele>
      </trkpt>
      <trkpt lat="32.685555" lon="35.397565">
        <ele>408.44504818674164</ele>
      </trkpt>
      <trkpt lat="32.685579" lon="35.39753">
        <ele>409.5858103691768</ele>
      </trkpt>
      <trkpt lat="32.68562" lon="35.397445">
        <ele>411.62549561707164</ele>
      </trkpt>
      <trkpt lat="32.685677" lon="35.397386">
        <ele>413.3907443280535</ele>
      </trkpt>
      <trkpt lat="32.685686" lon="35.39736">
        <ele>413.9432574883529</ele>
      </trkpt>
      <trkpt lat="32.685729" lon="35.397288">
        <ele>415.6783396386835</ele>
      </trkpt>
      <trkpt lat="32.685727" lon="35.397248">
        <ele>416.431358969008</ele>
      </trkpt>
      <trkpt lat="32.685745" lon="35.397199">
        <ele>416.9317100091233</ele>
      </trkpt>
      <trkpt lat="32.685785" lon="35.397133">
        <ele>417.6928588536931</ele>
      </trkpt>
      <trkpt lat="32.685787" lon="35.397122">
        <ele>417.79817886933154</ele>
      </trkpt>
      <trkpt lat="32.68586" lon="35.397043">
        <ele>418.8961356204952</ele>
      </trkpt>
      <trkpt lat="32.685894" lon="35.396984">
        <ele>419.48266186199663</ele>
      </trkpt>
      <trkpt lat="32.685965" lon="35.39698">
        <ele>419.8778473570895</ele>
      </trkpt>
      <trkpt lat="32.686001" lon="35.396965">
        <ele>420.0899487016908</ele>
      </trkpt>
      <trkpt lat="32.686116" lon="35.396895">
        <ele>420.8083396134718</ele>
      </trkpt>
      <trkpt lat="32.686268" lon="35.396782">
        <ele>421.68451593547064</ele>
      </trkpt>
      <trkpt lat="32.686399" lon="35.396716">
        <ele>423.1815506385741</ele>
      </trkpt>
      <trkpt lat="32.686465" lon="35.396655">
        <ele>425.50599532484677</ele>
      </trkpt>
      <trkpt lat="32.686508" lon="35.396591">
        <ele>427.4219756596869</ele>
      </trkpt>
      <trkpt lat="32.686481" lon="35.396541">
        <ele>428.81188075621895</ele>
      </trkpt>
      <trkpt lat="32.686456" lon="35.396539">
        <ele>429.50842257628534</ele>
      </trkpt>
      <trkpt lat="32.686462" lon="35.396529">
        <ele>429.80852097667554</ele>
      </trkpt>
      <trkpt lat="32.686424" lon="35.396514">
        <ele>431.0700605349408</ele>
      </trkpt>
      <trkpt lat="32.686376" lon="35.396519">
        <ele>432.58811211160634</ele>
      </trkpt>
      <trkpt lat="32.686339" lon="35.396531">
        <ele>433.79645302445874</ele>
      </trkpt>
      <trkpt lat="32.686293" lon="35.396536">
        <ele>435.2517453257944</ele>
      </trkpt>
      <trkpt lat="32.686258" lon="35.396537">
        <ele>436.35474711627523</ele>
      </trkpt>
      <trkpt lat="32.686279" lon="35.396495">
        <ele>437.65012322737095</ele>
      </trkpt>
      <trkpt lat="32.686361" lon="35.396415">
        <ele>440.27000900014764</ele>
      </trkpt>
      <trkpt lat="32.686422" lon="35.396374">
        <ele>441.90653255709304</ele>
      </trkpt>
      <trkpt lat="32.686427" lon="35.396362">
        <ele>442.16968757794365</ele>
      </trkpt>
      <trkpt lat="32.686426" lon="35.39635">
        <ele>442.40667739851443</ele>
      </trkpt>
      <trkpt lat="32.68639" lon="35.396345">
        <ele>443.25303488219674</ele>
      </trkpt>
      <trkpt lat="32.686366" lon="35.396327">
        <ele>443.91576860043017</ele>
      </trkpt>
      <trkpt lat="32.68636" lon="35.396317">
        <ele>444.15712700287474</ele>
      </trkpt>
      <trkpt lat="32.686364" lon="35.396307">
        <ele>444.3747242372646</ele>
      </trkpt>
      <trkpt lat="32.686368" lon="35.396275">
        <ele>445.12396964155994</ele>
      </trkpt>
      <trkpt lat="32.686384" lon="35.396236">
        <ele>446.16613432989993</ele>
      </trkpt>
      <trkpt lat="32.686429" lon="35.396231">
        <ele>447.4560392043397</ele>
      </trkpt>
      <trkpt lat="32.686448" lon="35.396196">
        <ele>448.4564621904403</ele>
      </trkpt>
      <trkpt lat="32.686439" lon="35.396142">
        <ele>449.77875132534047</ele>
      </trkpt>
      <trkpt lat="32.686462" lon="35.396079">
        <ele>451.42827193751395</ele>
      </trkpt>
      <trkpt lat="32.68646" lon="35.396069">
        <ele>451.67516468977067</ele>
      </trkpt>
      <trkpt lat="32.686466" lon="35.396039">
        <ele>452.4747091842801</ele>
      </trkpt>
      <trkpt lat="32.686507" lon="35.395984">
        <ele>454.7208442281918</ele>
      </trkpt>
      <trkpt lat="32.686526" lon="35.395931">
        <ele>456.4819872211262</ele>
      </trkpt>
      <trkpt lat="32.686536" lon="35.395917">
        <ele>457.04334657919367</ele>
      </trkpt>
      <trkpt lat="32.686507" lon="35.395866">
        <ele>458.92497941882016</ele>
      </trkpt>
      <trkpt lat="32.686478" lon="35.395857">
        <ele>460.01370653912664</ele>
      </trkpt>
      <trkpt lat="32.6865" lon="35.395804">
        <ele>461.8203369993556</ele>
      </trkpt>
      <trkpt lat="32.686511" lon="35.395756">
        <ele>463.2590748772923</ele>
      </trkpt>
      <trkpt lat="32.686508" lon="35.395736">
        <ele>463.8421130509345</ele>
      </trkpt>
      <trkpt lat="32.686502" lon="35.395729">
        <ele>464.1288542090599</ele>
      </trkpt>
      <trkpt lat="32.686521" lon="35.395636">
        <ele>466.8754335716715</ele>
      </trkpt>
      <trkpt lat="32.686588" lon="35.395424">
        <ele>472.80729309364045</ele>
      </trkpt>
      <trkpt lat="32.686581" lon="35.395341">
        <ele>474.57677138827336</ele>
      </trkpt>
      <trkpt lat="32.686613" lon="35.395288">
        <ele>475.9604245325646</ele>
      </trkpt>
      <trkpt lat="32.686648" lon="35.395075">
        <ele>480.5263463936409</ele>
      </trkpt>
      <trkpt lat="32.686651" lon="35.395026">
        <ele>481.55319235359326</ele>
      </trkpt>
      <trkpt lat="32.686695" lon="35.394938">
        <ele>483.6925514512567</ele>
      </trkpt>
      <trkpt lat="32.6867" lon="35.394877">
        <ele>485.0470186919271</ele>
      </trkpt>
      <trkpt lat="32.68669" lon="35.394823">
        <ele>486.51313037118183</ele>
      </trkpt>
      <trkpt lat="32.686701" lon="35.394763">
        <ele>488.1413946899455</ele>
      </trkpt>
      <trkpt lat="32.686718" lon="35.394734">
        <ele>489.0784957038258</ele>
      </trkpt>
      <trkpt lat="32.686724" lon="35.394705">
        <ele>489.8703514687952</ele>
      </trkpt>
      <trkpt lat="32.6867" lon="35.394635">
        <ele>491.8745697163499</ele>
      </trkpt>
      <trkpt lat="32.686709" lon="35.394592">
        <ele>493.04948317077515</ele>
      </trkpt>
      <trkpt lat="32.68673" lon="35.394543">
        <ele>494.58442811981126</ele>
      </trkpt>
      <trkpt lat="32.686747" lon="35.394528">
        <ele>495.2907925601754</ele>
      </trkpt>
      <trkpt lat="32.686753" lon="35.3945">
        <ele>496.1019915298564</ele>
      </trkpt>
      <trkpt lat="32.686751" lon="35.394426">
        <ele>498.1806631772382</ele>
      </trkpt>
      <trkpt lat="32.68677" lon="35.394366">
        <ele>499.9804950279191</ele>
      </trkpt>
      <trkpt lat="32.686778" lon="35.394311">
        <ele>501.547548201306</ele>
      </trkpt>
      <trkpt lat="32.686781" lon="35.394232">
        <ele>504.0116605896419</ele>
      </trkpt>
      <trkpt lat="32.686776" lon="35.394216">
        <ele>504.56537559829405</ele>
      </trkpt>
      <trkpt lat="32.686758" lon="35.394213">
        <ele>505.2660249850153</ele>
      </trkpt>
      <trkpt lat="32.686741" lon="35.394183">
        <ele>506.4393637559358</ele>
      </trkpt>
      <trkpt lat="32.686709" lon="35.394097">
        <ele>509.4899761067992</ele>
      </trkpt>
      <trkpt lat="32.686745" lon="35.393964">
        <ele>513.776346062178</ele>
      </trkpt>
      <trkpt lat="32.686746" lon="35.393935">
        <ele>514.555007270206</ele>
      </trkpt>
      <trkpt lat="32.686789" lon="35.393842">
        <ele>517.4017074950766</ele>
      </trkpt>
      <trkpt lat="32.686794" lon="35.393774">
        <ele>519.2329511678578</ele>
      </trkpt>
      <trkpt lat="32.686791" lon="35.393753">
        <ele>519.8043945008266</ele>
      </trkpt>
      <trkpt lat="32.686812" lon="35.393692">
        <ele>521.5465172659488</ele>
      </trkpt>
      <trkpt lat="32.686849" lon="35.393623">
        <ele>523.5882991815515</ele>
      </trkpt>
      <trkpt lat="32.68686" lon="35.393569">
        <ele>524.9748410161694</ele>
      </trkpt>
      <trkpt lat="32.686862" lon="35.393495">
        <ele>526.8225468939847</ele>
      </trkpt>
      <trkpt lat="32.686863" lon="35.393417">
        <ele>528.7693511498112</ele>
      </trkpt>
      <trkpt lat="32.68687" lon="35.393395">
        <ele>529.3328645170574</ele>
      </trkpt>
      <trkpt lat="32.686863" lon="35.393353">
        <ele>530.24109937856</ele>
      </trkpt>
      <trkpt lat="32.686864" lon="35.393341">
        <ele>530.4968966751617</ele>
      </trkpt>
      <trkpt lat="32.686836" lon="35.39328">
        <ele>531.9708063797882</ele>
      </trkpt>
      <trkpt lat="32.686842" lon="35.393271">
        <ele>532.2143579489943</ele>
      </trkpt>
      <trkpt lat="32.686851" lon="35.393262">
        <ele>532.5108434451117</ele>
      </trkpt>
      <trkpt lat="32.686871" lon="35.393226">
        <ele>533.4258699100262</ele>
      </trkpt>
      <trkpt lat="32.686876" lon="35.393186">
        <ele>534.2836856505953</ele>
      </trkpt>
      <trkpt lat="32.686874" lon="35.39317">
        <ele>534.626811941222</ele>
      </trkpt>
      <trkpt lat="32.686873" lon="35.393159">
        <ele>534.8615090289317</ele>
      </trkpt>
      <trkpt lat="32.686869" lon="35.393136">
        <ele>535.3597087633216</ele>
      </trkpt>
      <trkpt lat="32.686851" lon="35.393166">
        <ele>535.9418393169547</ele>
      </trkpt>
      <trkpt lat="32.686773" lon="35.393239">
        <ele>534.9113732991476</ele>
      </trkpt>
      <trkpt lat="32.686636" lon="35.393427">
        <ele>532.2291447671064</ele>
      </trkpt>
      <trkpt lat="32.686538" lon="35.393705">
        <ele>526.9751874186742</ele>
      </trkpt>
      <trkpt lat="32.686323" lon="35.393898">
        <ele>523.9514948602769</ele>
      </trkpt>
      <trkpt lat="32.686196" lon="35.394076">
        <ele>522.2044076857483</ele>
      </trkpt>
      <trkpt lat="32.686026" lon="35.394312">
        <ele>521.5598387161971</ele>
      </trkpt>
      <trkpt lat="32.685824" lon="35.394379">
        <ele>523.2914166980054</ele>
      </trkpt>
      <trkpt lat="32.685707" lon="35.394487">
        <ele>524.765140316381</ele>
      </trkpt>
      <trkpt lat="32.685543" lon="35.394527">
        <ele>525.5718437216644</ele>
      </trkpt>
      <trkpt lat="32.685388" lon="35.394507">
        <ele>526.4207313974267</ele>
      </trkpt>
      <trkpt lat="32.68533" lon="35.394509">
        <ele>526.7648391997207</ele>
      </trkpt>
      <trkpt lat="32.685247" lon="35.39441">
        <ele>527.4623045060622</ele>
      </trkpt>
      <trkpt lat="32.685153" lon="35.394135">
        <ele>529.1242734280769</ele>
      </trkpt>
      <trkpt lat="32.685004" lon="35.393983">
        <ele>530.4344990848036</ele>
      </trkpt>
      <trkpt lat="32.684945" lon="35.393871">
        <ele>531.1297249344443</ele>
      </trkpt>
      <trkpt lat="32.684984" lon="35.39379">
        <ele>531.3335031158485</ele>
      </trkpt>
      <extensions>
        <RoutingType xmlns="">Hike</RoutingType>
      </extensions>
    </trkseg>
    <trkseg>
      <trkpt lat="32.68497" lon="35.39378">
        <ele>528.634772682073</ele>
        <time>2026-07-13T10:15:31Z</time>
      </trkpt>
      <trkpt lat="32.685" lon="35.393350000000005">
        <ele>529</ele>
        <time>2026-07-13T10:15:32Z</time>
      </trkpt>
      <trkpt lat="32.684870000000004" lon="35.39267">
        <ele>528</ele>
        <time>2026-07-13T10:15:33Z</time>
      </trkpt>
      <trkpt lat="32.684830000000005" lon="35.392300000000006">
        <ele>528</ele>
        <time>2026-07-13T10:15:34Z</time>
      </trkpt>
      <trkpt lat="32.684830000000005" lon="35.392300000000006">
        <ele>522.9195789329242</ele>
        <time>2026-07-13T10:15:35Z</time>
      </trkpt>
      <trkpt lat="32.68484" lon="35.391690000000004">
        <ele>529</ele>
        <time>2026-07-13T10:15:36Z</time>
      </trkpt>
      <trkpt lat="32.68484" lon="35.391690000000004">
        <ele>525.5069149231567</ele>
        <time>2026-07-13T10:15:37Z</time>
      </trkpt>
      <trkpt lat="32.68489" lon="35.39134">
        <ele>529</ele>
        <time>2026-07-13T10:15:38Z</time>
      </trkpt>
      <trkpt lat="32.68489" lon="35.39134">
        <ele>527.6708184031231</ele>
        <time>2026-07-13T10:15:39Z</time>
      </trkpt>
      <trkpt lat="32.685100000000006" lon="35.39036">
        <ele>525</ele>
        <time>2026-07-13T10:15:40Z</time>
      </trkpt>
      <trkpt lat="32.68526" lon="35.38938">
        <ele>546</ele>
        <time>2026-07-13T10:15:41Z</time>
      </trkpt>
      <trkpt lat="32.68549" lon="35.388310000000004">
        <ele>543</ele>
        <time>2026-07-13T10:15:42Z</time>
      </trkpt>
      <trkpt lat="32.685570000000006" lon="35.38801">
        <ele>543</ele>
        <time>2026-07-13T10:15:43Z</time>
      </trkpt>
      <trkpt lat="32.685570000000006" lon="35.38801">
        <ele>528.7443943955103</ele>
        <time>2026-07-13T10:15:44Z</time>
      </trkpt>
      <trkpt lat="32.685570000000006" lon="35.38801">
        <ele>528.7443943955103</ele>
        <time>2026-07-13T10:15:45Z</time>
      </trkpt>
      <trkpt lat="32.68571" lon="35.38765">
        <ele>535</ele>
        <time>2026-07-13T10:15:46Z</time>
      </trkpt>
      <trkpt lat="32.68571" lon="35.38765">
        <ele>530.5300146822416</ele>
        <time>2026-07-13T10:15:47Z</time>
      </trkpt>
      <trkpt lat="32.68578" lon="35.387530000000005">
        <ele>535</ele>
        <time>2026-07-13T10:15:48Z</time>
      </trkpt>
      <trkpt lat="32.685860000000005" lon="35.38745">
        <ele>535</ele>
        <time>2026-07-13T10:15:49Z</time>
      </trkpt>
      <trkpt lat="32.686080000000004" lon="35.38729">
        <ele>535</ele>
        <time>2026-07-13T10:15:50Z</time>
      </trkpt>
      <trkpt lat="32.686080000000004" lon="35.38729">
        <ele>535</ele>
        <time>2026-07-13T10:15:51Z</time>
      </trkpt>
      <trkpt lat="32.686080000000004" lon="35.38729">
        <ele>534.3131860137023</ele>
        <time>2026-07-13T10:15:52Z</time>
      </trkpt>
      <trkpt lat="32.686080000000004" lon="35.38729">
        <ele>534.3131860137023</ele>
        <time>2026-07-13T10:15:53Z</time>
      </trkpt>
      <trkpt lat="32.68656" lon="35.38693">
        <ele>535</ele>
        <time>2026-07-13T10:15:54Z</time>
      </trkpt>
      <trkpt lat="32.68656" lon="35.38693">
        <ele>537.9444479753931</ele>
        <time>2026-07-13T10:15:55Z</time>
      </trkpt>
      <trkpt lat="32.68672" lon="35.386750000000006">
        <ele>535</ele>
        <time>2026-07-13T10:15:56Z</time>
      </trkpt>
      <trkpt lat="32.68681" lon="35.38667">
        <ele>535</ele>
        <time>2026-07-13T10:15:57Z</time>
      </trkpt>
      <trkpt lat="32.686910000000005" lon="35.386610000000005">
        <ele>535</ele>
        <time>2026-07-13T10:15:58Z</time>
      </trkpt>
      <trkpt lat="32.68717" lon="35.38656">
        <ele>541</ele>
        <time>2026-07-13T10:15:59Z</time>
      </trkpt>
      <trkpt lat="32.68717" lon="35.38656">
        <ele>540.8089036070924</ele>
        <time>2026-07-13T10:16:00Z</time>
      </trkpt>
      <trkpt lat="32.68741" lon="35.38647">
        <ele>541</ele>
        <time>2026-07-13T10:16:01Z</time>
      </trkpt>
      <trkpt lat="32.68741" lon="35.38647">
        <ele>540.9974261690386</ele>
        <time>2026-07-13T10:16:02Z</time>
      </trkpt>
      <trkpt lat="32.68741" lon="35.38647">
        <ele>540.9974261690386</ele>
        <time>2026-07-13T10:16:03Z</time>
      </trkpt>
      <trkpt lat="32.6875" lon="35.3864">
        <ele>541</ele>
        <time>2026-07-13T10:16:04Z</time>
      </trkpt>
      <trkpt lat="32.68755" lon="35.386390000000006">
        <ele>541</ele>
        <time>2026-07-13T10:16:05Z</time>
      </trkpt>
      <trkpt lat="32.68771" lon="35.386540000000004">
        <ele>541</ele>
        <time>2026-07-13T10:16:06Z</time>
      </trkpt>
      <trkpt lat="32.68779" lon="35.386570000000006">
        <ele>537</ele>
        <time>2026-07-13T10:16:07Z</time>
      </trkpt>
      <trkpt lat="32.68779" lon="35.386570000000006">
        <ele>542.778115555644</ele>
        <time>2026-07-13T10:16:08Z</time>
      </trkpt>
      <trkpt lat="32.68797" lon="35.38656">
        <ele>537</ele>
        <time>2026-07-13T10:16:09Z</time>
      </trkpt>
      <trkpt lat="32.6882" lon="35.38651">
        <ele>537</ele>
        <time>2026-07-13T10:16:10Z</time>
      </trkpt>
      <trkpt lat="32.6882" lon="35.38651">
        <ele>539.7577036218136</ele>
        <time>2026-07-13T10:16:11Z</time>
      </trkpt>
      <trkpt lat="32.6882" lon="35.38651">
        <ele>539.7577036218136</ele>
        <time>2026-07-13T10:16:12Z</time>
      </trkpt>
      <trkpt lat="32.688280000000006" lon="35.38651">
        <ele>537</ele>
        <time>2026-07-13T10:16:13Z</time>
      </trkpt>
      <trkpt lat="32.6884" lon="35.386540000000004">
        <ele>537</ele>
        <time>2026-07-13T10:16:14Z</time>
      </trkpt>
      <trkpt lat="32.68853" lon="35.38664">
        <ele>537</ele>
        <time>2026-07-13T10:16:15Z</time>
      </trkpt>
      <trkpt lat="32.68853" lon="35.38664">
        <ele>533.5869907792164</ele>
        <time>2026-07-13T10:16:16Z</time>
      </trkpt>
      <trkpt lat="32.68862" lon="35.38676">
        <ele>508</ele>
        <time>2026-07-13T10:16:17Z</time>
      </trkpt>
      <trkpt lat="32.68876" lon="35.38705">
        <ele>508</ele>
        <time>2026-07-13T10:16:18Z</time>
      </trkpt>
      <trkpt lat="32.68876" lon="35.38705">
        <ele>526.8871642218406</ele>
        <time>2026-07-13T10:16:19Z</time>
      </trkpt>
      <trkpt lat="32.688790000000004" lon="35.38716">
        <ele>508</ele>
        <time>2026-07-13T10:16:20Z</time>
      </trkpt>
      <trkpt lat="32.688790000000004" lon="35.38716">
        <ele>525.9483092686278</ele>
        <time>2026-07-13T10:16:21Z</time>
      </trkpt>
      <trkpt lat="32.6888" lon="35.387260000000005">
        <ele>508</ele>
        <time>2026-07-13T10:16:22Z</time>
      </trkpt>
      <trkpt lat="32.68878" lon="35.38734">
        <ele>508</ele>
        <time>2026-07-13T10:16:23Z</time>
      </trkpt>
      <trkpt lat="32.68878" lon="35.38734">
        <ele>526.9225081715267</ele>
        <time>2026-07-13T10:16:24Z</time>
      </trkpt>
      <trkpt lat="32.688700000000004" lon="35.38752">
        <ele>508</ele>
        <time>2026-07-13T10:16:25Z</time>
      </trkpt>
      <trkpt lat="32.68855" lon="35.3877">
        <ele>543</ele>
        <time>2026-07-13T10:16:26Z</time>
      </trkpt>
      <trkpt lat="32.68855" lon="35.3877">
        <ele>536.2344853241812</ele>
        <time>2026-07-13T10:16:27Z</time>
      </trkpt>
      <trkpt lat="32.68844" lon="35.38787">
        <ele>543</ele>
        <time>2026-07-13T10:16:28Z</time>
      </trkpt>
      <trkpt lat="32.6884" lon="35.38797">
        <ele>543</ele>
        <time>2026-07-13T10:16:29Z</time>
      </trkpt>
      <trkpt lat="32.6884" lon="35.38797">
        <ele>540.8539662323232</ele>
        <time>2026-07-13T10:16:30Z</time>
      </trkpt>
      <trkpt lat="32.68835" lon="35.388180000000006">
        <ele>545</ele>
        <time>2026-07-13T10:16:31Z</time>
      </trkpt>
      <trkpt lat="32.68835" lon="35.388180000000006">
        <ele>542.2279474888765</ele>
        <time>2026-07-13T10:16:32Z</time>
      </trkpt>
      <trkpt lat="32.68829" lon="35.38882">
        <ele>545</ele>
        <time>2026-07-13T10:16:33Z</time>
      </trkpt>
      <trkpt lat="32.68831" lon="35.38891">
        <ele>539</ele>
        <time>2026-07-13T10:16:34Z</time>
      </trkpt>
      <trkpt lat="32.68831" lon="35.38891">
        <ele>537.5571527681313</ele>
        <time>2026-07-13T10:16:35Z</time>
      </trkpt>
      <trkpt lat="32.688390000000005" lon="35.389">
        <ele>539</ele>
        <time>2026-07-13T10:16:36Z</time>
      </trkpt>
      <trkpt lat="32.68853" lon="35.389050000000005">
        <ele>539</ele>
        <time>2026-07-13T10:16:37Z</time>
      </trkpt>
      <trkpt lat="32.68872" lon="35.389100000000006">
        <ele>501</ele>
        <time>2026-07-13T10:16:38Z</time>
      </trkpt>
      <trkpt lat="32.68872" lon="35.389100000000006">
        <ele>520.2987796401139</ele>
        <time>2026-07-13T10:16:39Z</time>
      </trkpt>
      <trkpt lat="32.68872" lon="35.389100000000006">
        <ele>520.2987796401139</ele>
        <time>2026-07-13T10:16:40Z</time>
      </trkpt>
      <trkpt lat="32.6892" lon="35.38915">
        <ele>501</ele>
        <time>2026-07-13T10:16:41Z</time>
      </trkpt>
      <trkpt lat="32.6905" lon="35.38915">
        <ele>395</ele>
        <time>2026-07-13T10:16:42Z</time>
      </trkpt>
      <trkpt lat="32.6905" lon="35.38915">
        <ele>417.877362402156</ele>
        <time>2026-07-13T10:16:43Z</time>
      </trkpt>
      <trkpt lat="32.691140000000004" lon="35.38902">
        <ele>349</ele>
        <time>2026-07-13T10:16:44Z</time>
      </trkpt>
      <trkpt lat="32.6912" lon="35.388670000000005">
        <ele>353</ele>
        <time>2026-07-13T10:16:45Z</time>
      </trkpt>
      <trkpt lat="32.6912" lon="35.388670000000005">
        <ele>353</ele>
        <time>2026-07-13T10:16:46Z</time>
      </trkpt>
      <trkpt lat="32.6912" lon="35.388670000000005">
        <ele>375.7867834949689</ele>
        <time>2026-07-13T10:16:47Z</time>
      </trkpt>
      <trkpt lat="32.6912" lon="35.388670000000005">
        <ele>375.7867834949689</ele>
        <time>2026-07-13T10:16:48Z</time>
      </trkpt>
      <trkpt lat="32.69129" lon="35.38814">
        <ele>353</ele>
        <time>2026-07-13T10:16:49Z</time>
      </trkpt>
      <trkpt lat="32.691280000000006" lon="35.38721">
        <ele>355</ele>
        <time>2026-07-13T10:16:50Z</time>
      </trkpt>
      <trkpt lat="32.691280000000006" lon="35.38721">
        <ele>376.5373350325962</ele>
        <time>2026-07-13T10:16:51Z</time>
      </trkpt>
      <trkpt lat="32.691430000000004" lon="35.38716">
        <ele>355</ele>
        <time>2026-07-13T10:16:52Z</time>
      </trkpt>
      <trkpt lat="32.69146" lon="35.387080000000005">
        <ele>355</ele>
        <time>2026-07-13T10:16:53Z</time>
      </trkpt>
      <trkpt lat="32.69149" lon="35.386">
        <ele>351</ele>
        <time>2026-07-13T10:16:54Z</time>
      </trkpt>
      <trkpt lat="32.69149" lon="35.386">
        <ele>357.8931853020331</ele>
        <time>2026-07-13T10:16:55Z</time>
      </trkpt>
      <extensions>
        <RoutingType xmlns="">Hike</RoutingType>
      </extensions>
    </trkseg>
    <trkseg>
      <trkpt lat="32.69149" lon="35.386">
        <ele>357.8931853020331</ele>
        <time>2026-07-13T10:16:55Z</time>
      </trkpt>
      <trkpt lat="32.69158" lon="35.38537">
        <ele>350</ele>
        <time>2026-07-13T10:16:56Z</time>
      </trkpt>
      <trkpt lat="32.69158" lon="35.38537">
        <ele>352.20217478950804</ele>
        <time>2026-07-13T10:16:57Z</time>
      </trkpt>
      <trkpt lat="32.69176" lon="35.38521">
        <ele>350</ele>
        <time>2026-07-13T10:16:58Z</time>
      </trkpt>
      <trkpt lat="32.69176" lon="35.38521">
        <ele>343.043975178516</ele>
        <time>2026-07-13T10:16:59Z</time>
      </trkpt>
      <trkpt lat="32.69211" lon="35.385180000000005">
        <ele>315</ele>
        <time>2026-07-13T10:17:00Z</time>
      </trkpt>
      <trkpt lat="32.69258" lon="35.38524">
        <ele>315</ele>
        <time>2026-07-13T10:17:01Z</time>
      </trkpt>
      <trkpt lat="32.69276" lon="35.3851">
        <ele>292</ele>
        <time>2026-07-13T10:17:02Z</time>
      </trkpt>
      <trkpt lat="32.69276" lon="35.3851">
        <ele>305.68571831534126</ele>
        <time>2026-07-13T10:17:03Z</time>
      </trkpt>
      <trkpt lat="32.69296" lon="35.38508">
        <ele>292</ele>
        <time>2026-07-13T10:17:04Z</time>
      </trkpt>
      <trkpt lat="32.693130000000004" lon="35.3851">
        <ele>292</ele>
        <time>2026-07-13T10:17:05Z</time>
      </trkpt>
      <trkpt lat="32.693130000000004" lon="35.3851">
        <ele>296.28833516093437</ele>
        <time>2026-07-13T10:17:06Z</time>
      </trkpt>
      <trkpt lat="32.693130000000004" lon="35.3851">
        <ele>296.28833516093437</ele>
        <time>2026-07-13T10:17:07Z</time>
      </trkpt>
      <trkpt lat="32.693490000000004" lon="35.385020000000004">
        <ele>292</ele>
        <time>2026-07-13T10:17:08Z</time>
      </trkpt>
      <trkpt lat="32.69359" lon="35.384910000000005">
        <ele>277</ele>
        <time>2026-07-13T10:17:09Z</time>
      </trkpt>
      <trkpt lat="32.69368" lon="35.384930000000004">
        <ele>277</ele>
        <time>2026-07-13T10:17:10Z</time>
      </trkpt>
      <trkpt lat="32.69368" lon="35.384930000000004">
        <ele>281.53130527023006</ele>
        <time>2026-07-13T10:17:11Z</time>
      </trkpt>
      <trkpt lat="32.69381" lon="35.38485">
        <ele>277</ele>
        <time>2026-07-13T10:17:12Z</time>
      </trkpt>
      <trkpt lat="32.69381" lon="35.38485">
        <ele>277</ele>
        <time>2026-07-13T10:17:13Z</time>
      </trkpt>
      <trkpt lat="32.693960000000004" lon="35.38476">
        <ele>277</ele>
        <time>2026-07-13T10:17:14Z</time>
      </trkpt>
      <trkpt lat="32.693960000000004" lon="35.38476">
        <ele>276.04372884753457</ele>
        <time>2026-07-13T10:17:15Z</time>
      </trkpt>
      <trkpt lat="32.693960000000004" lon="35.38476">
        <ele>276.04372884753457</ele>
        <time>2026-07-13T10:17:16Z</time>
      </trkpt>
      <trkpt lat="32.69406" lon="35.38465">
        <ele>271</ele>
        <time>2026-07-13T10:17:17Z</time>
      </trkpt>
      <trkpt lat="32.69418" lon="35.38458">
        <ele>271</ele>
        <time>2026-07-13T10:17:18Z</time>
      </trkpt>
      <trkpt lat="32.69418" lon="35.38458">
        <ele>273.1890075790329</ele>
        <time>2026-07-13T10:17:19Z</time>
      </trkpt>
      <trkpt lat="32.69426" lon="35.384840000000004">
        <ele>277</ele>
        <time>2026-07-13T10:17:20Z</time>
      </trkpt>
      <trkpt lat="32.694340000000004" lon="35.38534">
        <ele>277</ele>
        <time>2026-07-13T10:17:21Z</time>
      </trkpt>
      <trkpt lat="32.69433" lon="35.38627">
        <ele>279</ele>
        <time>2026-07-13T10:17:22Z</time>
      </trkpt>
      <trkpt lat="32.69433" lon="35.38627">
        <ele>273.56785483079864</ele>
        <time>2026-07-13T10:17:23Z</time>
      </trkpt>
      <trkpt lat="32.69451" lon="35.386900000000004">
        <ele>267</ele>
        <time>2026-07-13T10:17:24Z</time>
      </trkpt>
      <trkpt lat="32.69451" lon="35.386900000000004">
        <ele>274.2454799511959</ele>
        <time>2026-07-13T10:17:25Z</time>
      </trkpt>
      <trkpt lat="32.69454" lon="35.387260000000005">
        <ele>262</ele>
        <time>2026-07-13T10:17:26Z</time>
      </trkpt>
      <trkpt lat="32.69454" lon="35.387260000000005">
        <ele>272.01808128784785</ele>
        <time>2026-07-13T10:17:27Z</time>
      </trkpt>
      <trkpt lat="32.69445" lon="35.387570000000004">
        <ele>262</ele>
        <time>2026-07-13T10:17:28Z</time>
      </trkpt>
      <trkpt lat="32.69464" lon="35.38761">
        <ele>262</ele>
        <time>2026-07-13T10:17:29Z</time>
      </trkpt>
      <trkpt lat="32.6952" lon="35.3875">
        <ele>262</ele>
        <time>2026-07-13T10:17:30Z</time>
      </trkpt>
      <trkpt lat="32.6952" lon="35.3875">
        <ele>259.77397498633945</ele>
        <time>2026-07-13T10:17:31Z</time>
      </trkpt>
      <trkpt lat="32.6955" lon="35.38747">
        <ele>253</ele>
        <time>2026-07-13T10:17:32Z</time>
      </trkpt>
      <trkpt lat="32.69579" lon="35.387570000000004">
        <ele>253</ele>
        <time>2026-07-13T10:17:33Z</time>
      </trkpt>
      <trkpt lat="32.69579" lon="35.387570000000004">
        <ele>251.5087755278426</ele>
        <time>2026-07-13T10:17:34Z</time>
      </trkpt>
      <trkpt lat="32.69579" lon="35.387570000000004">
        <ele>251.5087755278426</ele>
        <time>2026-07-13T10:17:35Z</time>
      </trkpt>
      <trkpt lat="32.69597" lon="35.38732">
        <ele>253</ele>
        <time>2026-07-13T10:17:36Z</time>
      </trkpt>
      <trkpt lat="32.69614" lon="35.387010000000004">
        <ele>245</ele>
        <time>2026-07-13T10:17:37Z</time>
      </trkpt>
      <trkpt lat="32.696400000000004" lon="35.386680000000005">
        <ele>245</ele>
        <time>2026-07-13T10:17:38Z</time>
      </trkpt>
      <trkpt lat="32.696400000000004" lon="35.386680000000005">
        <ele>246.4091990403831</ele>
        <time>2026-07-13T10:17:39Z</time>
      </trkpt>
      <trkpt lat="32.6965" lon="35.386590000000005">
        <ele>245</ele>
        <time>2026-07-13T10:17:40Z</time>
      </trkpt>
      <trkpt lat="32.69677" lon="35.386410000000005">
        <ele>245</ele>
        <time>2026-07-13T10:17:41Z</time>
      </trkpt>
      <trkpt lat="32.69677" lon="35.386410000000005">
        <ele>241.66876799997408</ele>
        <time>2026-07-13T10:17:42Z</time>
      </trkpt>
      <trkpt lat="32.69677" lon="35.386410000000005">
        <ele>241.66876799997408</ele>
        <time>2026-07-13T10:17:43Z</time>
      </trkpt>
      <trkpt lat="32.69718" lon="35.386230000000005">
        <ele>234</ele>
        <time>2026-07-13T10:17:44Z</time>
      </trkpt>
      <trkpt lat="32.6974" lon="35.386190000000006">
        <ele>234</ele>
        <time>2026-07-13T10:17:45Z</time>
      </trkpt>
      <trkpt lat="32.69798" lon="35.38613">
        <ele>230</ele>
        <time>2026-07-13T10:17:46Z</time>
      </trkpt>
      <trkpt lat="32.69798" lon="35.38613">
        <ele>231.05920056259205</ele>
        <time>2026-07-13T10:17:47Z</time>
      </trkpt>
      <trkpt lat="32.69811" lon="35.38613">
        <ele>230</ele>
        <time>2026-07-13T10:17:48Z</time>
      </trkpt>
      <trkpt lat="32.69822" lon="35.386030000000005">
        <ele>230</ele>
        <time>2026-07-13T10:17:49Z</time>
      </trkpt>
      <trkpt lat="32.69822" lon="35.386030000000005">
        <ele>229.28642409384224</ele>
        <time>2026-07-13T10:17:50Z</time>
      </trkpt>
      <trkpt lat="32.69832" lon="35.385850000000005">
        <ele>230</ele>
        <time>2026-07-13T10:17:51Z</time>
      </trkpt>
      <trkpt lat="32.69832" lon="35.385850000000005">
        <ele>227.82687195947273</ele>
        <time>2026-07-13T10:17:52Z</time>
      </trkpt>
      <trkpt lat="32.698440000000005" lon="35.3857">
        <ele>230</ele>
        <time>2026-07-13T10:17:53Z</time>
      </trkpt>
      <trkpt lat="32.699070000000006" lon="35.385110000000005">
        <ele>234</ele>
        <time>2026-07-13T10:17:54Z</time>
      </trkpt>
      <trkpt lat="32.699070000000006" lon="35.385110000000005">
        <ele>231.53166424312585</ele>
        <time>2026-07-13T10:17:55Z</time>
      </trkpt>
      <trkpt lat="32.69919" lon="35.38506">
        <ele>234</ele>
        <time>2026-07-13T10:17:56Z</time>
      </trkpt>
      <trkpt lat="32.69934" lon="35.385020000000004">
        <ele>234</ele>
        <time>2026-07-13T10:17:57Z</time>
      </trkpt>
      <trkpt lat="32.69934" lon="35.385020000000004">
        <ele>231.65094030776527</ele>
        <time>2026-07-13T10:17:58Z</time>
      </trkpt>
      <trkpt lat="32.69957" lon="35.384910000000005">
        <ele>230</ele>
        <time>2026-07-13T10:17:59Z</time>
      </trkpt>
      <trkpt lat="32.699850000000005" lon="35.38488">
        <ele>230</ele>
        <time>2026-07-13T10:18:00Z</time>
      </trkpt>
      <trkpt lat="32.699850000000005" lon="35.38488">
        <ele>230.65052703017136</ele>
        <time>2026-07-13T10:18:01Z</time>
      </trkpt>
      <trkpt lat="32.700010000000006" lon="35.384820000000005">
        <ele>230</ele>
        <time>2026-07-13T10:18:02Z</time>
      </trkpt>
      <trkpt lat="32.700010000000006" lon="35.384820000000005">
        <ele>230.6937529365655</ele>
        <time>2026-07-13T10:18:03Z</time>
      </trkpt>
      <trkpt lat="32.700050000000005" lon="35.384840000000004">
        <ele>230</ele>
        <time>2026-07-13T10:18:04Z</time>
      </trkpt>
      <trkpt lat="32.700160000000004" lon="35.38492">
        <ele>230</ele>
        <time>2026-07-13T10:18:05Z</time>
      </trkpt>
      <trkpt lat="32.700160000000004" lon="35.38492">
        <ele>228.1366382846738</ele>
        <time>2026-07-13T10:18:06Z</time>
      </trkpt>
      <trkpt lat="32.700250000000004" lon="35.384930000000004">
        <ele>227</ele>
        <time>2026-07-13T10:18:07Z</time>
      </trkpt>
      <trkpt lat="32.700480000000006" lon="35.384820000000005">
        <ele>227</ele>
        <time>2026-07-13T10:18:08Z</time>
      </trkpt>
      <trkpt lat="32.70067" lon="35.38477">
        <ele>227</ele>
        <time>2026-07-13T10:18:09Z</time>
      </trkpt>
      <trkpt lat="32.70067" lon="35.38477">
        <ele>226.7081205616082</ele>
        <time>2026-07-13T10:18:10Z</time>
      </trkpt>
      <trkpt lat="32.70067" lon="35.38477">
        <ele>226.7081205616082</ele>
        <time>2026-07-13T10:18:11Z</time>
      </trkpt>
      <trkpt lat="32.70121" lon="35.38479">
        <ele>226</ele>
        <time>2026-07-13T10:18:12Z</time>
      </trkpt>
      <trkpt lat="32.70132" lon="35.38477">
        <ele>226</ele>
        <time>2026-07-13T10:18:13Z</time>
      </trkpt>
      <trkpt lat="32.70132" lon="35.38477">
        <ele>226.86907723996046</ele>
        <time>2026-07-13T10:18:14Z</time>
      </trkpt>
      <trkpt lat="32.701840000000004" lon="35.38456">
        <ele>227</ele>
        <time>2026-07-13T10:18:15Z</time>
      </trkpt>
      <trkpt lat="32.70199" lon="35.384460000000004">
        <ele>220</ele>
        <time>2026-07-13T10:18:16Z</time>
      </trkpt>
      <trkpt lat="32.70206" lon="35.384350000000005">
        <ele>220</ele>
        <time>2026-07-13T10:18:17Z</time>
      </trkpt>
      <trkpt lat="32.702110000000005" lon="35.38418">
        <ele>220</ele>
        <time>2026-07-13T10:18:18Z</time>
      </trkpt>
      <trkpt lat="32.702110000000005" lon="35.38418">
        <ele>223.62756790884637</ele>
        <time>2026-07-13T10:18:19Z</time>
      </trkpt>
      <extensions>
        <RoutingType xmlns="">Hike</RoutingType>
      </extensions>
    </trkseg>
    <trkseg>
      <trkpt lat="32.702110000000005" lon="35.38418">
        <ele>223.62756790884637</ele>
        <time>2026-07-13T10:18:19Z</time>
      </trkpt>
      <trkpt lat="32.702110000000005" lon="35.38418">
        <ele>223.62756790884637</ele>
        <time>2026-07-13T10:18:20Z</time>
      </trkpt>
      <trkpt lat="32.702200000000005" lon="35.38393">
        <ele>220</ele>
        <time>2026-07-13T10:18:21Z</time>
      </trkpt>
      <trkpt lat="32.702200000000005" lon="35.38393">
        <ele>223.23050995357335</ele>
        <time>2026-07-13T10:18:22Z</time>
      </trkpt>
      <trkpt lat="32.70235" lon="35.38367">
        <ele>221</ele>
        <time>2026-07-13T10:18:23Z</time>
      </trkpt>
      <trkpt lat="32.70235" lon="35.38367">
        <ele>221</ele>
        <time>2026-07-13T10:18:24Z</time>
      </trkpt>
      <trkpt lat="32.70244" lon="35.383520000000004">
        <ele>222</ele>
        <time>2026-07-13T10:18:25Z</time>
      </trkpt>
      <trkpt lat="32.702510000000004" lon="35.38344">
        <ele>222</ele>
        <time>2026-07-13T10:18:26Z</time>
      </trkpt>
      <trkpt lat="32.702510000000004" lon="35.38344">
        <ele>219.6370365823256</ele>
        <time>2026-07-13T10:18:27Z</time>
      </trkpt>
      <trkpt lat="32.70277" lon="35.38393">
        <ele>219</ele>
        <time>2026-07-13T10:18:28Z</time>
      </trkpt>
      <trkpt lat="32.70277" lon="35.38393">
        <ele>214.47585142782174</ele>
        <time>2026-07-13T10:18:29Z</time>
      </trkpt>
      <trkpt lat="32.70277" lon="35.38393">
        <ele>214.47585142782174</ele>
        <time>2026-07-13T10:18:30Z</time>
      </trkpt>
      <trkpt lat="32.702940000000005" lon="35.384350000000005">
        <ele>219</ele>
        <time>2026-07-13T10:18:31Z</time>
      </trkpt>
      <trkpt lat="32.70304" lon="35.384890000000006">
        <ele>214</ele>
        <time>2026-07-13T10:18:32Z</time>
      </trkpt>
      <trkpt lat="32.703070000000004" lon="35.385160000000006">
        <ele>214</ele>
        <time>2026-07-13T10:18:33Z</time>
      </trkpt>
      <trkpt lat="32.703230000000005" lon="35.385650000000005">
        <ele>210</ele>
        <time>2026-07-13T10:18:34Z</time>
      </trkpt>
      <trkpt lat="32.703230000000005" lon="35.385650000000005">
        <ele>205.9874965543588</ele>
        <time>2026-07-13T10:18:35Z</time>
      </trkpt>
      <trkpt lat="32.70328" lon="35.38584">
        <ele>210</ele>
        <time>2026-07-13T10:18:36Z</time>
      </trkpt>
      <trkpt lat="32.70328" lon="35.38584">
        <ele>205.234056285773</ele>
        <time>2026-07-13T10:18:37Z</time>
      </trkpt>
      <trkpt lat="32.70328" lon="35.38584">
        <ele>205.234056285773</ele>
        <time>2026-07-13T10:18:38Z</time>
      </trkpt>
      <trkpt lat="32.703390000000006" lon="35.38649">
        <ele>206</ele>
        <time>2026-07-13T10:18:39Z</time>
      </trkpt>
      <trkpt lat="32.70347" lon="35.38674">
        <ele>206</ele>
        <time>2026-07-13T10:18:40Z</time>
      </trkpt>
      <trkpt lat="32.70356" lon="35.38684">
        <ele>206</ele>
        <time>2026-07-13T10:18:41Z</time>
      </trkpt>
      <trkpt lat="32.703810000000004" lon="35.386990000000004">
        <ele>203</ele>
        <time>2026-07-13T10:18:42Z</time>
      </trkpt>
      <trkpt lat="32.703810000000004" lon="35.386990000000004">
        <ele>199.69936469022372</ele>
        <time>2026-07-13T10:18:43Z</time>
      </trkpt>
      <trkpt lat="32.70394" lon="35.387040000000006">
        <ele>203</ele>
        <time>2026-07-13T10:18:44Z</time>
      </trkpt>
      <trkpt lat="32.70394" lon="35.387040000000006">
        <ele>199.56686489482368</ele>
        <time>2026-07-13T10:18:45Z</time>
      </trkpt>
      <trkpt lat="32.704510000000006" lon="35.387420000000006">
        <ele>196</ele>
        <time>2026-07-13T10:18:46Z</time>
      </trkpt>
      <trkpt lat="32.704510000000006" lon="35.387420000000006">
        <ele>196.90161364222877</ele>
        <time>2026-07-13T10:18:47Z</time>
      </trkpt>
      <trkpt lat="32.704510000000006" lon="35.387420000000006">
        <ele>196</ele>
        <time>2026-07-13T10:18:48Z</time>
      </trkpt>
      <trkpt lat="32.70477" lon="35.387600000000006">
        <ele>196</ele>
        <time>2026-07-13T10:18:49Z</time>
      </trkpt>
      <trkpt lat="32.70487" lon="35.387600000000006">
        <ele>196</ele>
        <time>2026-07-13T10:18:50Z</time>
      </trkpt>
      <trkpt lat="32.70487" lon="35.387600000000006">
        <ele>195.22045484609635</ele>
        <time>2026-07-13T10:18:51Z</time>
      </trkpt>
      <trkpt lat="32.70543" lon="35.386770000000006">
        <ele>206</ele>
        <time>2026-07-13T10:18:52Z</time>
      </trkpt>
      <trkpt lat="32.70543" lon="35.386770000000006">
        <ele>198.43482647736084</ele>
        <time>2026-07-13T10:18:53Z</time>
      </trkpt>
      <trkpt lat="32.70579" lon="35.386190000000006">
        <ele>211</ele>
        <time>2026-07-13T10:18:54Z</time>
      </trkpt>
      <trkpt lat="32.70588" lon="35.386120000000005">
        <ele>211</ele>
        <time>2026-07-13T10:18:55Z</time>
      </trkpt>
      <trkpt lat="32.70588" lon="35.386120000000005">
        <ele>206.18388470026707</ele>
        <time>2026-07-13T10:18:56Z</time>
      </trkpt>
      <trkpt lat="32.706070000000004" lon="35.386030000000005">
        <ele>211</ele>
        <time>2026-07-13T10:18:57Z</time>
      </trkpt>
      <trkpt lat="32.7062" lon="35.38593">
        <ele>214</ele>
        <time>2026-07-13T10:18:58Z</time>
      </trkpt>
      <trkpt lat="32.7062" lon="35.38593">
        <ele>209.47812073072419</ele>
        <time>2026-07-13T10:18:59Z</time>
      </trkpt>
      <trkpt lat="32.706320000000005" lon="35.385780000000004">
        <ele>214</ele>
        <time>2026-07-13T10:19:00Z</time>
      </trkpt>
      <trkpt lat="32.706320000000005" lon="35.385780000000004">
        <ele>211.18270144355483</ele>
        <time>2026-07-13T10:19:01Z</time>
      </trkpt>
      <trkpt lat="32.70646" lon="35.38555">
        <ele>214</ele>
        <time>2026-07-13T10:19:02Z</time>
      </trkpt>
      <trkpt lat="32.70656" lon="35.385450000000006">
        <ele>222</ele>
        <time>2026-07-13T10:19:03Z</time>
      </trkpt>
      <trkpt lat="32.70673" lon="35.38519">
        <ele>222</ele>
        <time>2026-07-13T10:19:04Z</time>
      </trkpt>
      <trkpt lat="32.70673" lon="35.38519">
        <ele>217.8771875784064</ele>
        <time>2026-07-13T10:19:05Z</time>
      </trkpt>
      <trkpt lat="32.70678" lon="35.3851">
        <ele>222</ele>
        <time>2026-07-13T10:19:06Z</time>
      </trkpt>
      <trkpt lat="32.70678" lon="35.3851">
        <ele>219.04749471755102</ele>
        <time>2026-07-13T10:19:07Z</time>
      </trkpt>
      <trkpt lat="32.70685" lon="35.38488">
        <ele>222</ele>
        <time>2026-07-13T10:19:08Z</time>
      </trkpt>
      <trkpt lat="32.70685" lon="35.38488">
        <ele>220.54158491431758</ele>
        <time>2026-07-13T10:19:09Z</time>
      </trkpt>
      <trkpt lat="32.706920000000004" lon="35.384780000000006">
        <ele>231</ele>
        <time>2026-07-13T10:19:10Z</time>
      </trkpt>
      <trkpt lat="32.70702" lon="35.384690000000006">
        <ele>231</ele>
        <time>2026-07-13T10:19:11Z</time>
      </trkpt>
      <trkpt lat="32.70711" lon="35.38449">
        <ele>239</ele>
        <time>2026-07-13T10:19:12Z</time>
      </trkpt>
      <trkpt lat="32.70725" lon="35.384310000000006">
        <ele>239</ele>
        <time>2026-07-13T10:19:13Z</time>
      </trkpt>
      <trkpt lat="32.70725" lon="35.384310000000006">
        <ele>231.06517855780987</ele>
        <time>2026-07-13T10:19:14Z</time>
      </trkpt>
      <trkpt lat="32.70725" lon="35.384310000000006">
        <ele>231.06517855780987</ele>
        <time>2026-07-13T10:19:15Z</time>
      </trkpt>
      <trkpt lat="32.707280000000004" lon="35.38423">
        <ele>239</ele>
        <time>2026-07-13T10:19:16Z</time>
      </trkpt>
      <trkpt lat="32.707280000000004" lon="35.38423">
        <ele>232.27605615063095</ele>
        <time>2026-07-13T10:19:17Z</time>
      </trkpt>
      <trkpt lat="32.707710000000006" lon="35.38367">
        <ele>244</ele>
        <time>2026-07-13T10:19:18Z</time>
      </trkpt>
      <trkpt lat="32.707820000000005" lon="35.38344">
        <ele>251</ele>
        <time>2026-07-13T10:19:19Z</time>
      </trkpt>
      <trkpt lat="32.70801" lon="35.38289">
        <ele>255</ele>
        <time>2026-07-13T10:19:20Z</time>
      </trkpt>
      <trkpt lat="32.70807" lon="35.38266">
        <ele>255</ele>
        <time>2026-07-13T10:19:21Z</time>
      </trkpt>
      <trkpt lat="32.70817" lon="35.38244">
        <ele>255</ele>
        <time>2026-07-13T10:19:22Z</time>
      </trkpt>
      <trkpt lat="32.70817" lon="35.38244">
        <ele>251.26810133472816</ele>
        <time>2026-07-13T10:19:23Z</time>
      </trkpt>
      <trkpt lat="32.70817" lon="35.38244">
        <ele>251.26810133472816</ele>
        <time>2026-07-13T10:19:24Z</time>
      </trkpt>
      <trkpt lat="32.70817" lon="35.38244">
        <ele>251.26810133472816</ele>
        <time>2026-07-13T10:19:25Z</time>
      </trkpt>
      <trkpt lat="32.7085" lon="35.381980000000006">
        <ele>262</ele>
        <time>2026-07-13T10:19:26Z</time>
      </trkpt>
      <trkpt lat="32.70871" lon="35.381730000000005">
        <ele>265</ele>
        <time>2026-07-13T10:19:27Z</time>
      </trkpt>
      <trkpt lat="32.708830000000006" lon="35.38156">
        <ele>266</ele>
        <time>2026-07-13T10:19:28Z</time>
      </trkpt>
      <trkpt lat="32.708830000000006" lon="35.38156">
        <ele>266</ele>
        <time>2026-07-13T10:19:29Z</time>
      </trkpt>
      <trkpt lat="32.70924" lon="35.380950000000006">
        <ele>267</ele>
        <time>2026-07-13T10:19:30Z</time>
      </trkpt>
      <trkpt lat="32.70924" lon="35.380950000000006">
        <ele>263.7600392966997</ele>
        <time>2026-07-13T10:19:31Z</time>
      </trkpt>
      <trkpt lat="32.70924" lon="35.380950000000006">
        <ele>263.7600392966997</ele>
        <time>2026-07-13T10:19:32Z</time>
      </trkpt>
      <trkpt lat="32.70924" lon="35.380950000000006">
        <ele>263.7600392966997</ele>
        <time>2026-07-13T10:19:33Z</time>
      </trkpt>
      <trkpt lat="32.70944" lon="35.380720000000004">
        <ele>261</ele>
        <time>2026-07-13T10:19:34Z</time>
      </trkpt>
      <trkpt lat="32.709720000000004" lon="35.38044">
        <ele>258</ele>
        <time>2026-07-13T10:19:35Z</time>
      </trkpt>
      <trkpt lat="32.709920000000004" lon="35.38018">
        <ele>258</ele>
        <time>2026-07-13T10:19:36Z</time>
      </trkpt>
      <trkpt lat="32.710080000000005" lon="35.37986">
        <ele>258</ele>
        <time>2026-07-13T10:19:37Z</time>
      </trkpt>
      <trkpt lat="32.710170000000005" lon="35.37961">
        <ele>258</ele>
        <time>2026-07-13T10:19:38Z</time>
      </trkpt>
      <trkpt lat="32.710170000000005" lon="35.37961">
        <ele>257.0876238028401</ele>
        <time>2026-07-13T10:19:39Z</time>
      </trkpt>
      <trkpt lat="32.710170000000005" lon="35.37961">
        <ele>257.0876238028401</ele>
        <time>2026-07-13T10:19:40Z</time>
      </trkpt>
      <trkpt lat="32.710260000000005" lon="35.379290000000005">
        <ele>258</ele>
        <time>2026-07-13T10:19:41Z</time>
      </trkpt>
      <trkpt lat="32.710260000000005" lon="35.379290000000005">
        <ele>257.66612015771784</ele>
        <time>2026-07-13T10:19:42Z</time>
      </trkpt>
      <trkpt lat="32.71036" lon="35.37905">
        <ele>258</ele>
        <time>2026-07-13T10:19:43Z</time>
      </trkpt>
      <extensions>
        <RoutingType xmlns="">Hike</RoutingType>
      </extensions>
    </trkseg>
    <trkseg>
      <trkpt lat="32.71036" lon="35.37905">
        <ele>258</ele>
        <time>2026-07-13T10:19:43Z</time>
      </trkpt>
      <trkpt lat="32.7104" lon="35.378980000000006">
        <ele>258</ele>
        <time>2026-07-13T10:19:44Z</time>
      </trkpt>
      <trkpt lat="32.71047" lon="35.37892">
        <ele>258</ele>
        <time>2026-07-13T10:19:45Z</time>
      </trkpt>
      <trkpt lat="32.71069" lon="35.378800000000005">
        <ele>260</ele>
        <time>2026-07-13T10:19:46Z</time>
      </trkpt>
      <trkpt lat="32.71069" lon="35.378800000000005">
        <ele>257.55228444444947</ele>
        <time>2026-07-13T10:19:47Z</time>
      </trkpt>
      <trkpt lat="32.71069" lon="35.378800000000005">
        <ele>257.55228444444947</ele>
        <time>2026-07-13T10:19:48Z</time>
      </trkpt>
      <trkpt lat="32.71081" lon="35.378690000000006">
        <ele>260</ele>
        <time>2026-07-13T10:19:49Z</time>
      </trkpt>
      <trkpt lat="32.710860000000004" lon="35.37863">
        <ele>260</ele>
        <time>2026-07-13T10:19:50Z</time>
      </trkpt>
      <trkpt lat="32.710860000000004" lon="35.37863">
        <ele>258.54260622221045</ele>
        <time>2026-07-13T10:19:51Z</time>
      </trkpt>
      <trkpt lat="32.71099" lon="35.378400000000006">
        <ele>260</ele>
        <time>2026-07-13T10:19:52Z</time>
      </trkpt>
      <trkpt lat="32.711090000000006" lon="35.378280000000004">
        <ele>260</ele>
        <time>2026-07-13T10:19:53Z</time>
      </trkpt>
      <trkpt lat="32.71117" lon="35.378240000000005">
        <ele>260</ele>
        <time>2026-07-13T10:19:54Z</time>
      </trkpt>
      <trkpt lat="32.71117" lon="35.378240000000005">
        <ele>260.84208423492964</ele>
        <time>2026-07-13T10:19:55Z</time>
      </trkpt>
      <trkpt lat="32.71117" lon="35.378240000000005">
        <ele>260.84208423492964</ele>
        <time>2026-07-13T10:19:56Z</time>
      </trkpt>
      <trkpt lat="32.711380000000005" lon="35.378260000000004">
        <ele>260</ele>
        <time>2026-07-13T10:19:57Z</time>
      </trkpt>
      <trkpt lat="32.71148" lon="35.37825">
        <ele>260</ele>
        <time>2026-07-13T10:19:58Z</time>
      </trkpt>
      <trkpt lat="32.71159" lon="35.37818">
        <ele>260</ele>
        <time>2026-07-13T10:19:59Z</time>
      </trkpt>
      <trkpt lat="32.71159" lon="35.37818">
        <ele>260.80718257799947</ele>
        <time>2026-07-13T10:20:00Z</time>
      </trkpt>
      <trkpt lat="32.711670000000005" lon="35.3781">
        <ele>260</ele>
        <time>2026-07-13T10:20:01Z</time>
      </trkpt>
      <trkpt lat="32.71188" lon="35.377970000000005">
        <ele>268</ele>
        <time>2026-07-13T10:20:02Z</time>
      </trkpt>
      <trkpt lat="32.71188" lon="35.377970000000005">
        <ele>261.6884216708131</ele>
        <time>2026-07-13T10:20:03Z</time>
      </trkpt>
      <trkpt lat="32.71188" lon="35.377970000000005">
        <ele>261.6884216708131</ele>
        <time>2026-07-13T10:20:04Z</time>
      </trkpt>
      <trkpt lat="32.71226" lon="35.3778">
        <ele>266</ele>
        <time>2026-07-13T10:20:05Z</time>
      </trkpt>
      <trkpt lat="32.71238" lon="35.377700000000004">
        <ele>266</ele>
        <time>2026-07-13T10:20:06Z</time>
      </trkpt>
      <trkpt lat="32.71264" lon="35.377410000000005">
        <ele>266</ele>
        <time>2026-07-13T10:20:07Z</time>
      </trkpt>
      <trkpt lat="32.71282" lon="35.377300000000005">
        <ele>261</ele>
        <time>2026-07-13T10:20:08Z</time>
      </trkpt>
      <trkpt lat="32.71282" lon="35.377300000000005">
        <ele>263.060968446231</ele>
        <time>2026-07-13T10:20:09Z</time>
      </trkpt>
      <trkpt lat="32.71304" lon="35.377100000000006">
        <ele>271</ele>
        <time>2026-07-13T10:20:10Z</time>
      </trkpt>
      <trkpt lat="32.71304" lon="35.377100000000006">
        <ele>264.8180112995842</ele>
        <time>2026-07-13T10:20:11Z</time>
      </trkpt>
      <trkpt lat="32.71304" lon="35.377100000000006">
        <ele>264.8180112995842</ele>
        <time>2026-07-13T10:20:12Z</time>
      </trkpt>
      <trkpt lat="32.71327" lon="35.3768">
        <ele>271</ele>
        <time>2026-07-13T10:20:13Z</time>
      </trkpt>
      <trkpt lat="32.71352" lon="35.37619">
        <ele>280</ele>
        <time>2026-07-13T10:20:14Z</time>
      </trkpt>
      <trkpt lat="32.71369" lon="35.37599">
        <ele>276</ele>
        <time>2026-07-13T10:20:15Z</time>
      </trkpt>
      <trkpt lat="32.71378" lon="35.3759">
        <ele>276</ele>
        <time>2026-07-13T10:20:16Z</time>
      </trkpt>
      <trkpt lat="32.71396" lon="35.3757">
        <ele>276</ele>
        <time>2026-07-13T10:20:17Z</time>
      </trkpt>
      <trkpt lat="32.71396" lon="35.3757">
        <ele>276.44776624269616</ele>
        <time>2026-07-13T10:20:18Z</time>
      </trkpt>
      <trkpt lat="32.71396" lon="35.3757">
        <ele>276.44776624269616</ele>
        <time>2026-07-13T10:20:19Z</time>
      </trkpt>
      <trkpt lat="32.71396" lon="35.3757">
        <ele>276.44776624269616</ele>
        <time>2026-07-13T10:20:20Z</time>
      </trkpt>
      <trkpt lat="32.71407" lon="35.37552">
        <ele>276</ele>
        <time>2026-07-13T10:20:21Z</time>
      </trkpt>
      <trkpt lat="32.71434" lon="35.375280000000004">
        <ele>286</ele>
        <time>2026-07-13T10:20:22Z</time>
      </trkpt>
      <trkpt lat="32.71453" lon="35.375040000000006">
        <ele>283</ele>
        <time>2026-07-13T10:20:23Z</time>
      </trkpt>
      <trkpt lat="32.714600000000004" lon="35.37503">
        <ele>283</ele>
        <time>2026-07-13T10:20:24Z</time>
      </trkpt>
      <trkpt lat="32.71481" lon="35.37487">
        <ele>283</ele>
        <time>2026-07-13T10:20:25Z</time>
      </trkpt>
      <trkpt lat="32.71481" lon="35.37487">
        <ele>282.3566413075896</ele>
        <time>2026-07-13T10:20:26Z</time>
      </trkpt>
      <trkpt lat="32.71481" lon="35.37487">
        <ele>282.3566413075896</ele>
        <time>2026-07-13T10:20:27Z</time>
      </trkpt>
      <trkpt lat="32.71481" lon="35.37487">
        <ele>282.3566413075896</ele>
        <time>2026-07-13T10:20:28Z</time>
      </trkpt>
      <trkpt lat="32.71493" lon="35.37482">
        <ele>283</ele>
        <time>2026-07-13T10:20:29Z</time>
      </trkpt>
      <trkpt lat="32.71504" lon="35.3748">
        <ele>283</ele>
        <time>2026-07-13T10:20:30Z</time>
      </trkpt>
      <trkpt lat="32.71524" lon="35.37469">
        <ele>281</ele>
        <time>2026-07-13T10:20:31Z</time>
      </trkpt>
      <trkpt lat="32.715430000000005" lon="35.374520000000004">
        <ele>290</ele>
        <time>2026-07-13T10:20:32Z</time>
      </trkpt>
      <trkpt lat="32.71533" lon="35.374500000000005">
        <ele>290</ele>
        <time>2026-07-13T10:20:33Z</time>
      </trkpt>
      <trkpt lat="32.71533" lon="35.374500000000005">
        <ele>283.934195260261</ele>
        <time>2026-07-13T10:20:34Z</time>
      </trkpt>
      <trkpt lat="32.71533" lon="35.374500000000005">
        <ele>283.934195260261</ele>
        <time>2026-07-13T10:20:35Z</time>
      </trkpt>
      <trkpt lat="32.71533" lon="35.374500000000005">
        <ele>290</ele>
        <time>2026-07-13T10:20:36Z</time>
      </trkpt>
      <trkpt lat="32.71533" lon="35.374500000000005">
        <ele>283.934195260261</ele>
        <time>2026-07-13T10:20:37Z</time>
      </trkpt>
      <trkpt lat="32.715430000000005" lon="35.374520000000004">
        <ele>290</ele>
        <time>2026-07-13T10:20:38Z</time>
      </trkpt>
      <trkpt lat="32.715610000000005" lon="35.37435">
        <ele>290</ele>
        <time>2026-07-13T10:20:39Z</time>
      </trkpt>
      <trkpt lat="32.71567" lon="35.374230000000004">
        <ele>290</ele>
        <time>2026-07-13T10:20:40Z</time>
      </trkpt>
      <trkpt lat="32.71566" lon="35.3742">
        <ele>290</ele>
        <time>2026-07-13T10:20:41Z</time>
      </trkpt>
      <trkpt lat="32.71566" lon="35.3742">
        <ele>287.37306666653603</ele>
        <time>2026-07-13T10:20:42Z</time>
      </trkpt>
      <trkpt lat="32.71566" lon="35.3742">
        <ele>287.37306666653603</ele>
        <time>2026-07-13T10:20:43Z</time>
      </trkpt>
      <trkpt lat="32.715250000000005" lon="35.374120000000005">
        <ele>290</ele>
        <time>2026-07-13T10:20:44Z</time>
      </trkpt>
      <trkpt lat="32.71484" lon="35.373990000000006">
        <ele>291</ele>
        <time>2026-07-13T10:20:45Z</time>
      </trkpt>
      <trkpt lat="32.71484" lon="35.373990000000006">
        <ele>293.8949868523518</ele>
        <time>2026-07-13T10:20:46Z</time>
      </trkpt>
      <trkpt lat="32.714780000000005" lon="35.373960000000004">
        <ele>291</ele>
        <time>2026-07-13T10:20:47Z</time>
      </trkpt>
      <trkpt lat="32.71473" lon="35.37389">
        <ele>291</ele>
        <time>2026-07-13T10:20:48Z</time>
      </trkpt>
      <trkpt lat="32.71473" lon="35.3738">
        <ele>306</ele>
        <time>2026-07-13T10:20:49Z</time>
      </trkpt>
      <trkpt lat="32.71473" lon="35.3738">
        <ele>297.5620777179097</ele>
        <time>2026-07-13T10:20:50Z</time>
      </trkpt>
      <trkpt lat="32.71473" lon="35.3738">
        <ele>297.5620777179097</ele>
        <time>2026-07-13T10:20:51Z</time>
      </trkpt>
      <trkpt lat="32.71502" lon="35.3733">
        <ele>306</ele>
        <time>2026-07-13T10:20:52Z</time>
      </trkpt>
      <trkpt lat="32.71519" lon="35.373050000000006">
        <ele>306</ele>
        <time>2026-07-13T10:20:53Z</time>
      </trkpt>
      <trkpt lat="32.715410000000006" lon="35.372820000000004">
        <ele>314</ele>
        <time>2026-07-13T10:20:54Z</time>
      </trkpt>
      <trkpt lat="32.715410000000006" lon="35.372820000000004">
        <ele>309.1266301682442</ele>
        <time>2026-07-13T10:20:55Z</time>
      </trkpt>
      <trkpt lat="32.715430000000005" lon="35.37274">
        <ele>314</ele>
        <time>2026-07-13T10:20:56Z</time>
      </trkpt>
      <trkpt lat="32.715410000000006" lon="35.37267">
        <ele>314</ele>
        <time>2026-07-13T10:20:57Z</time>
      </trkpt>
      <trkpt lat="32.715410000000006" lon="35.37267">
        <ele>311.50988883438094</ele>
        <time>2026-07-13T10:20:58Z</time>
      </trkpt>
      <trkpt lat="32.715410000000006" lon="35.37267">
        <ele>311.50988883438094</ele>
        <time>2026-07-13T10:20:59Z</time>
      </trkpt>
      <trkpt lat="32.71537" lon="35.372640000000004">
        <ele>314</ele>
        <time>2026-07-13T10:21:00Z</time>
      </trkpt>
      <trkpt lat="32.71537" lon="35.372640000000004">
        <ele>314</ele>
        <time>2026-07-13T10:21:01Z</time>
      </trkpt>
      <trkpt lat="32.715230000000005" lon="35.372550000000004">
        <ele>318</ele>
        <time>2026-07-13T10:21:02Z</time>
      </trkpt>
      <trkpt lat="32.714940000000006" lon="35.37243">
        <ele>318</ele>
        <time>2026-07-13T10:21:03Z</time>
      </trkpt>
      <trkpt lat="32.714940000000006" lon="35.37243">
        <ele>317.1647712964914</ele>
        <time>2026-07-13T10:21:04Z</time>
      </trkpt>
      <trkpt lat="32.71481" lon="35.372350000000004">
        <ele>318</ele>
        <time>2026-07-13T10:21:05Z</time>
      </trkpt>
      <trkpt lat="32.71481" lon="35.372350000000004">
        <ele>318.7167693070369</ele>
        <time>2026-07-13T10:21:06Z</time>
      </trkpt>
      <trkpt lat="32.71481" lon="35.372350000000004">
        <ele>318.7167693070369</ele>
        <time>2026-07-13T10:21:07Z</time>
      </trkpt>
      <extensions>
        <RoutingType xmlns="">Hike</RoutingType>
      </extensions>
    </trkseg>
    <trkseg>
      <trkpt lat="32.71481" lon="35.372350000000004">
        <ele>318.7167693070369</ele>
        <time>2026-07-13T10:21:07Z</time>
      </trkpt>
      <trkpt lat="32.71436" lon="35.37198">
        <ele>327</ele>
        <time>2026-07-13T10:21:08Z</time>
      </trkpt>
      <trkpt lat="32.714150000000004" lon="35.371770000000005">
        <ele>327</ele>
        <time>2026-07-13T10:21:09Z</time>
      </trkpt>
      <trkpt lat="32.7141" lon="35.371700000000004">
        <ele>327</ele>
        <time>2026-07-13T10:21:10Z</time>
      </trkpt>
      <trkpt lat="32.71406" lon="35.371410000000004">
        <ele>327</ele>
        <time>2026-07-13T10:21:11Z</time>
      </trkpt>
      <trkpt lat="32.71406" lon="35.37116">
        <ele>332</ele>
        <time>2026-07-13T10:21:12Z</time>
      </trkpt>
      <trkpt lat="32.71406" lon="35.37116">
        <ele>329.9336827311915</ele>
        <time>2026-07-13T10:21:13Z</time>
      </trkpt>
      <trkpt lat="32.71406" lon="35.37116">
        <ele>329.9336827311915</ele>
        <time>2026-07-13T10:21:14Z</time>
      </trkpt>
      <trkpt lat="32.71406" lon="35.37116">
        <ele>329.9336827311915</ele>
        <time>2026-07-13T10:21:15Z</time>
      </trkpt>
      <trkpt lat="32.713800000000006" lon="35.37106">
        <ele>332</ele>
        <time>2026-07-13T10:21:16Z</time>
      </trkpt>
      <trkpt lat="32.71358" lon="35.370850000000004">
        <ele>332</ele>
        <time>2026-07-13T10:21:17Z</time>
      </trkpt>
      <trkpt lat="32.71347" lon="35.37084">
        <ele>322</ele>
        <time>2026-07-13T10:21:18Z</time>
      </trkpt>
      <trkpt lat="32.71341" lon="35.37088">
        <ele>322</ele>
        <time>2026-07-13T10:21:19Z</time>
      </trkpt>
      <trkpt lat="32.71336" lon="35.37095">
        <ele>322</ele>
        <time>2026-07-13T10:21:20Z</time>
      </trkpt>
      <trkpt lat="32.71336" lon="35.37095">
        <ele>321.43950754840625</ele>
        <time>2026-07-13T10:21:21Z</time>
      </trkpt>
      <trkpt lat="32.71336" lon="35.37095">
        <ele>321.43950754840625</ele>
        <time>2026-07-13T10:21:22Z</time>
      </trkpt>
      <trkpt lat="32.71336" lon="35.37095">
        <ele>321.43950754840625</ele>
        <time>2026-07-13T10:21:23Z</time>
      </trkpt>
      <trkpt lat="32.713240000000006" lon="35.37126">
        <ele>322</ele>
        <time>2026-07-13T10:21:24Z</time>
      </trkpt>
      <trkpt lat="32.71298" lon="35.371660000000006">
        <ele>324</ele>
        <time>2026-07-13T10:21:25Z</time>
      </trkpt>
      <trkpt lat="32.71286" lon="35.371770000000005">
        <ele>324</ele>
        <time>2026-07-13T10:21:26Z</time>
      </trkpt>
      <trkpt lat="32.71273" lon="35.371840000000006">
        <ele>310</ele>
        <time>2026-07-13T10:21:27Z</time>
      </trkpt>
      <trkpt lat="32.71256" lon="35.37198">
        <ele>310</ele>
        <time>2026-07-13T10:21:28Z</time>
      </trkpt>
      <trkpt lat="32.71256" lon="35.37198">
        <ele>312.1982589412946</ele>
        <time>2026-07-13T10:21:29Z</time>
      </trkpt>
      <trkpt lat="32.71242" lon="35.372040000000005">
        <ele>310</ele>
        <time>2026-07-13T10:21:30Z</time>
      </trkpt>
      <trkpt lat="32.71242" lon="35.372040000000005">
        <ele>309.60596472537145</ele>
        <time>2026-07-13T10:21:31Z</time>
      </trkpt>
      <trkpt lat="32.71242" lon="35.372040000000005">
        <ele>309.60596472537145</ele>
        <time>2026-07-13T10:21:32Z</time>
      </trkpt>
      <trkpt lat="32.712160000000004" lon="35.372220000000006">
        <ele>314</ele>
        <time>2026-07-13T10:21:33Z</time>
      </trkpt>
      <trkpt lat="32.71213" lon="35.37185">
        <ele>310</ele>
        <time>2026-07-13T10:21:34Z</time>
      </trkpt>
      <trkpt lat="32.71208" lon="35.371430000000004">
        <ele>310</ele>
        <time>2026-07-13T10:21:35Z</time>
      </trkpt>
      <trkpt lat="32.71193" lon="35.371050000000004">
        <ele>308</ele>
        <time>2026-07-13T10:21:36Z</time>
      </trkpt>
      <trkpt lat="32.71193" lon="35.371050000000004">
        <ele>298.34803020290707</ele>
        <time>2026-07-13T10:21:37Z</time>
      </trkpt>
      <trkpt lat="32.71182" lon="35.37093">
        <ele>295</ele>
        <time>2026-07-13T10:21:38Z</time>
      </trkpt>
      <trkpt lat="32.71182" lon="35.37093">
        <ele>296.34144588257186</ele>
        <time>2026-07-13T10:21:39Z</time>
      </trkpt>
      <trkpt lat="32.71168" lon="35.3708">
        <ele>295</ele>
        <time>2026-07-13T10:21:40Z</time>
      </trkpt>
      <trkpt lat="32.71168" lon="35.3708">
        <ele>293.8187366124216</ele>
        <time>2026-07-13T10:21:41Z</time>
      </trkpt>
      <trkpt lat="32.7115" lon="35.37075">
        <ele>295</ele>
        <time>2026-07-13T10:21:42Z</time>
      </trkpt>
      <trkpt lat="32.711290000000005" lon="35.37048">
        <ele>290</ele>
        <time>2026-07-13T10:21:43Z</time>
      </trkpt>
      <trkpt lat="32.71132" lon="35.37035">
        <ele>290</ele>
        <time>2026-07-13T10:21:44Z</time>
      </trkpt>
      <trkpt lat="32.71132" lon="35.37035">
        <ele>288.07022070007906</ele>
        <time>2026-07-13T10:21:45Z</time>
      </trkpt>
      <trkpt lat="32.711420000000004" lon="35.370070000000005">
        <ele>290</ele>
        <time>2026-07-13T10:21:46Z</time>
      </trkpt>
      <trkpt lat="32.711420000000004" lon="35.370070000000005">
        <ele>287.8964004117297</ele>
        <time>2026-07-13T10:21:47Z</time>
      </trkpt>
      <trkpt lat="32.71163" lon="35.369690000000006">
        <ele>284</ele>
        <time>2026-07-13T10:21:48Z</time>
      </trkpt>
      <trkpt lat="32.71163" lon="35.369690000000006">
        <ele>284</ele>
        <time>2026-07-13T10:21:49Z</time>
      </trkpt>
      <trkpt lat="32.71163" lon="35.369690000000006">
        <ele>287.00501470170263</ele>
        <time>2026-07-13T10:21:50Z</time>
      </trkpt>
      <trkpt lat="32.71175" lon="35.369460000000004">
        <ele>278</ele>
        <time>2026-07-13T10:21:51Z</time>
      </trkpt>
      <trkpt lat="32.71204" lon="35.36887">
        <ele>296</ele>
        <time>2026-07-13T10:21:52Z</time>
      </trkpt>
      <trkpt lat="32.71204" lon="35.36887">
        <ele>282.83213134831016</ele>
        <time>2026-07-13T10:21:53Z</time>
      </trkpt>
      <trkpt lat="32.71229" lon="35.368030000000005">
        <ele>290</ele>
        <time>2026-07-13T10:21:54Z</time>
      </trkpt>
      <trkpt lat="32.71229" lon="35.368030000000005">
        <ele>278.9337329448899</ele>
        <time>2026-07-13T10:21:55Z</time>
      </trkpt>
      <trkpt lat="32.71255" lon="35.367270000000005">
        <ele>285</ele>
        <time>2026-07-13T10:21:56Z</time>
      </trkpt>
      <trkpt lat="32.712610000000005" lon="35.36694">
        <ele>285</ele>
        <time>2026-07-13T10:21:57Z</time>
      </trkpt>
      <trkpt lat="32.71262" lon="35.366640000000004">
        <ele>285</ele>
        <time>2026-07-13T10:21:58Z</time>
      </trkpt>
      <trkpt lat="32.71262" lon="35.366640000000004">
        <ele>281.8212811884535</ele>
        <time>2026-07-13T10:21:59Z</time>
      </trkpt>
      <trkpt lat="32.712590000000006" lon="35.366510000000005">
        <ele>285</ele>
        <time>2026-07-13T10:22:00Z</time>
      </trkpt>
      <trkpt lat="32.712590000000006" lon="35.366510000000005">
        <ele>281.6282907467251</ele>
        <time>2026-07-13T10:22:01Z</time>
      </trkpt>
      <trkpt lat="32.712520000000005" lon="35.366420000000005">
        <ele>285</ele>
        <time>2026-07-13T10:22:02Z</time>
      </trkpt>
      <trkpt lat="32.712520000000005" lon="35.366420000000005">
        <ele>281.7447469713687</ele>
        <time>2026-07-13T10:22:03Z</time>
      </trkpt>
      <trkpt lat="32.712450000000004" lon="35.36641">
        <ele>285</ele>
        <time>2026-07-13T10:22:04Z</time>
      </trkpt>
      <trkpt lat="32.712300000000006" lon="35.36657">
        <ele>285</ele>
        <time>2026-07-13T10:22:05Z</time>
      </trkpt>
      <trkpt lat="32.71181" lon="35.36737">
        <ele>274</ele>
        <time>2026-07-13T10:22:06Z</time>
      </trkpt>
      <trkpt lat="32.711670000000005" lon="35.367560000000005">
        <ele>274</ele>
        <time>2026-07-13T10:22:07Z</time>
      </trkpt>
      <trkpt lat="32.711670000000005" lon="35.367560000000005">
        <ele>268.77168374829944</ele>
        <time>2026-07-13T10:22:08Z</time>
      </trkpt>
      <trkpt lat="32.711670000000005" lon="35.367560000000005">
        <ele>268.77168374829944</ele>
        <time>2026-07-13T10:22:09Z</time>
      </trkpt>
      <trkpt lat="32.71157" lon="35.367650000000005">
        <ele>274</ele>
        <time>2026-07-13T10:22:10Z</time>
      </trkpt>
      <trkpt lat="32.71157" lon="35.367650000000005">
        <ele>268.88891638075904</ele>
        <time>2026-07-13T10:22:11Z</time>
      </trkpt>
      <trkpt lat="32.711310000000005" lon="35.36778">
        <ele>274</ele>
        <time>2026-07-13T10:22:12Z</time>
      </trkpt>
      <trkpt lat="32.71098" lon="35.36787">
        <ele>280</ele>
        <time>2026-07-13T10:22:13Z</time>
      </trkpt>
      <trkpt lat="32.71042" lon="35.36795">
        <ele>280</ele>
        <time>2026-07-13T10:22:14Z</time>
      </trkpt>
      <trkpt lat="32.7091" lon="35.367960000000004">
        <ele>280</ele>
        <time>2026-07-13T10:22:15Z</time>
      </trkpt>
      <trkpt lat="32.7091" lon="35.367960000000004">
        <ele>262.56859550057385</ele>
        <time>2026-07-13T10:22:16Z</time>
      </trkpt>
      <trkpt lat="32.7091" lon="35.367960000000004">
        <ele>262.56859550057385</ele>
        <time>2026-07-13T10:22:17Z</time>
      </trkpt>
      <trkpt lat="32.70879" lon="35.368">
        <ele>280</ele>
        <time>2026-07-13T10:22:18Z</time>
      </trkpt>
      <trkpt lat="32.70879" lon="35.368">
        <ele>262.0903109228778</ele>
        <time>2026-07-13T10:22:19Z</time>
      </trkpt>
      <trkpt lat="32.708510000000004" lon="35.36807">
        <ele>258</ele>
        <time>2026-07-13T10:22:20Z</time>
      </trkpt>
      <trkpt lat="32.708380000000005" lon="35.368080000000006">
        <ele>258</ele>
        <time>2026-07-13T10:22:21Z</time>
      </trkpt>
      <trkpt lat="32.707620000000006" lon="35.36827">
        <ele>261</ele>
        <time>2026-07-13T10:22:22Z</time>
      </trkpt>
      <trkpt lat="32.70696" lon="35.368520000000004">
        <ele>261</ele>
        <time>2026-07-13T10:22:23Z</time>
      </trkpt>
      <trkpt lat="32.70696" lon="35.368520000000004">
        <ele>257.17036594223464</ele>
        <time>2026-07-13T10:22:24Z</time>
      </trkpt>
      <trkpt lat="32.706770000000006" lon="35.368520000000004">
        <ele>265</ele>
        <time>2026-07-13T10:22:25Z</time>
      </trkpt>
      <trkpt lat="32.706770000000006" lon="35.368520000000004">
        <ele>257.59653745978835</ele>
        <time>2026-07-13T10:22:26Z</time>
      </trkpt>
      <trkpt lat="32.706770000000006" lon="35.368520000000004">
        <ele>257.59653745978835</ele>
        <time>2026-07-13T10:22:27Z</time>
      </trkpt>
      <trkpt lat="32.70662" lon="35.36853">
        <ele>265</ele>
        <time>2026-07-13T10:22:28Z</time>
      </trkpt>
      <trkpt lat="32.70646" lon="35.36844">
        <ele>265</ele>
        <time>2026-07-13T10:22:29Z</time>
      </trkpt>
      <trkpt lat="32.706250000000004" lon="35.36836">
        <ele>265</ele>
        <time>2026-07-13T10:22:30Z</time>
      </trkpt>
      <trkpt lat="32.706030000000005" lon="35.36824">
        <ele>265</ele>
        <time>2026-07-13T10:22:31Z</time>
      </trkpt>
      <extensions>
        <RoutingType xmlns="">Hike</RoutingType>
      </extensions>
    </trkseg>
    <trkseg>
      <trkpt lat="32.706030000000005" lon="35.36824">
        <ele>265</ele>
        <time>2026-07-13T10:22:31Z</time>
      </trkpt>
      <trkpt lat="32.706030000000005" lon="35.36824">
        <ele>264.3778061602027</ele>
        <time>2026-07-13T10:22:32Z</time>
      </trkpt>
      <trkpt lat="32.70582" lon="35.368080000000006">
        <ele>265</ele>
        <time>2026-07-13T10:22:33Z</time>
      </trkpt>
      <trkpt lat="32.705670000000005" lon="35.36789">
        <ele>277</ele>
        <time>2026-07-13T10:22:34Z</time>
      </trkpt>
      <trkpt lat="32.705670000000005" lon="35.36789">
        <ele>267.0553893716136</ele>
        <time>2026-07-13T10:22:35Z</time>
      </trkpt>
      <trkpt lat="32.705670000000005" lon="35.36789">
        <ele>267.0553893716136</ele>
        <time>2026-07-13T10:22:36Z</time>
      </trkpt>
      <trkpt lat="32.705600000000004" lon="35.36777">
        <ele>277</ele>
        <time>2026-07-13T10:22:37Z</time>
      </trkpt>
      <trkpt lat="32.70555" lon="35.36762">
        <ele>277</ele>
        <time>2026-07-13T10:22:38Z</time>
      </trkpt>
      <trkpt lat="32.705450000000006" lon="35.36721">
        <ele>277</ele>
        <time>2026-07-13T10:22:39Z</time>
      </trkpt>
      <trkpt lat="32.705450000000006" lon="35.36721">
        <ele>271.6456762524593</ele>
        <time>2026-07-13T10:22:40Z</time>
      </trkpt>
      <trkpt lat="32.705450000000006" lon="35.36704">
        <ele>287</ele>
        <time>2026-07-13T10:22:41Z</time>
      </trkpt>
      <trkpt lat="32.705510000000004" lon="35.36637">
        <ele>287</ele>
        <time>2026-07-13T10:22:42Z</time>
      </trkpt>
      <trkpt lat="32.705510000000004" lon="35.36637">
        <ele>279.0141531836028</ele>
        <time>2026-07-13T10:22:43Z</time>
      </trkpt>
      <trkpt lat="32.70568" lon="35.36536">
        <ele>292</ele>
        <time>2026-07-13T10:22:44Z</time>
      </trkpt>
      <trkpt lat="32.70568" lon="35.36536">
        <ele>286.00633254658896</ele>
        <time>2026-07-13T10:22:45Z</time>
      </trkpt>
      <trkpt lat="32.705780000000004" lon="35.36491">
        <ele>292</ele>
        <time>2026-07-13T10:22:46Z</time>
      </trkpt>
      <trkpt lat="32.70656" lon="35.36319">
        <ele>306</ele>
        <time>2026-07-13T10:22:47Z</time>
      </trkpt>
      <trkpt lat="32.70656" lon="35.36319">
        <ele>299.3730813312577</ele>
        <time>2026-07-13T10:22:48Z</time>
      </trkpt>
      <trkpt lat="32.706920000000004" lon="35.36206">
        <ele>316</ele>
        <time>2026-07-13T10:22:49Z</time>
      </trkpt>
      <trkpt lat="32.707170000000005" lon="35.36122">
        <ele>310</ele>
        <time>2026-07-13T10:22:50Z</time>
      </trkpt>
      <trkpt lat="32.707170000000005" lon="35.36122">
        <ele>305.6545371816028</ele>
        <time>2026-07-13T10:22:51Z</time>
      </trkpt>
      <trkpt lat="32.707260000000005" lon="35.360980000000005">
        <ele>310</ele>
        <time>2026-07-13T10:22:52Z</time>
      </trkpt>
      <trkpt lat="32.707640000000005" lon="35.36016">
        <ele>304</ele>
        <time>2026-07-13T10:22:53Z</time>
      </trkpt>
      <trkpt lat="32.707640000000005" lon="35.36016">
        <ele>304.4457504207967</ele>
        <time>2026-07-13T10:22:54Z</time>
      </trkpt>
      <trkpt lat="32.707770000000004" lon="35.35981">
        <ele>319</ele>
        <time>2026-07-13T10:22:55Z</time>
      </trkpt>
      <trkpt lat="32.707770000000004" lon="35.35981">
        <ele>303.03115201173756</ele>
        <time>2026-07-13T10:22:56Z</time>
      </trkpt>
      <trkpt lat="32.707820000000005" lon="35.35963">
        <ele>316</ele>
        <time>2026-07-13T10:22:57Z</time>
      </trkpt>
      <trkpt lat="32.707820000000005" lon="35.359550000000006">
        <ele>316</ele>
        <time>2026-07-13T10:22:58Z</time>
      </trkpt>
      <trkpt lat="32.707820000000005" lon="35.359550000000006">
        <ele>303.0396362084465</ele>
        <time>2026-07-13T10:22:59Z</time>
      </trkpt>
      <trkpt lat="32.70779" lon="35.359480000000005">
        <ele>316</ele>
        <time>2026-07-13T10:23:00Z</time>
      </trkpt>
      <trkpt lat="32.707710000000006" lon="35.359410000000004">
        <ele>311</ele>
        <time>2026-07-13T10:23:01Z</time>
      </trkpt>
      <trkpt lat="32.707620000000006" lon="35.359390000000005">
        <ele>311</ele>
        <time>2026-07-13T10:23:02Z</time>
      </trkpt>
      <trkpt lat="32.707620000000006" lon="35.359390000000005">
        <ele>303.7440324229724</ele>
        <time>2026-07-13T10:23:03Z</time>
      </trkpt>
      <trkpt lat="32.707620000000006" lon="35.359390000000005">
        <ele>303.7440324229724</ele>
        <time>2026-07-13T10:23:04Z</time>
      </trkpt>
      <trkpt lat="32.707530000000006" lon="35.3594">
        <ele>311</ele>
        <time>2026-07-13T10:23:05Z</time>
      </trkpt>
      <trkpt lat="32.707240000000006" lon="35.359460000000006">
        <ele>311</ele>
        <time>2026-07-13T10:23:06Z</time>
      </trkpt>
      <trkpt lat="32.707240000000006" lon="35.359460000000006">
        <ele>302.8787795250789</ele>
        <time>2026-07-13T10:23:07Z</time>
      </trkpt>
      <trkpt lat="32.70684" lon="35.35947">
        <ele>312</ele>
        <time>2026-07-13T10:23:08Z</time>
      </trkpt>
      <trkpt lat="32.70617" lon="35.359370000000006">
        <ele>312</ele>
        <time>2026-07-13T10:23:09Z</time>
      </trkpt>
      <trkpt lat="32.70595" lon="35.35931">
        <ele>315</ele>
        <time>2026-07-13T10:23:10Z</time>
      </trkpt>
      <trkpt lat="32.70595" lon="35.35931">
        <ele>310.5209883450133</ele>
        <time>2026-07-13T10:23:11Z</time>
      </trkpt>
      <trkpt lat="32.70595" lon="35.35931">
        <ele>310.5209883450133</ele>
        <time>2026-07-13T10:23:12Z</time>
      </trkpt>
      <trkpt lat="32.705600000000004" lon="35.359120000000004">
        <ele>315</ele>
        <time>2026-07-13T10:23:13Z</time>
      </trkpt>
      <trkpt lat="32.705360000000006" lon="35.35896">
        <ele>315</ele>
        <time>2026-07-13T10:23:14Z</time>
      </trkpt>
      <trkpt lat="32.705360000000006" lon="35.35896">
        <ele>316.5244469125434</ele>
        <time>2026-07-13T10:23:15Z</time>
      </trkpt>
      <trkpt lat="32.70516" lon="35.35875">
        <ele>323</ele>
        <time>2026-07-13T10:23:16Z</time>
      </trkpt>
      <trkpt lat="32.70508" lon="35.35864">
        <ele>323</ele>
        <time>2026-07-13T10:23:17Z</time>
      </trkpt>
      <trkpt lat="32.705000000000005" lon="35.35848">
        <ele>323</ele>
        <time>2026-07-13T10:23:18Z</time>
      </trkpt>
      <trkpt lat="32.705000000000005" lon="35.35848">
        <ele>319.72913604580674</ele>
        <time>2026-07-13T10:23:19Z</time>
      </trkpt>
      <trkpt lat="32.70483" lon="35.357910000000004">
        <ele>330</ele>
        <time>2026-07-13T10:23:20Z</time>
      </trkpt>
      <trkpt lat="32.70483" lon="35.357910000000004">
        <ele>323.2116636229144</ele>
        <time>2026-07-13T10:23:21Z</time>
      </trkpt>
      <trkpt lat="32.70474" lon="35.35765">
        <ele>330</ele>
        <time>2026-07-13T10:23:22Z</time>
      </trkpt>
      <trkpt lat="32.70474" lon="35.35765">
        <ele>324.0746861206438</ele>
        <time>2026-07-13T10:23:23Z</time>
      </trkpt>
      <trkpt lat="32.70463" lon="35.35732">
        <ele>330</ele>
        <time>2026-07-13T10:23:24Z</time>
      </trkpt>
      <trkpt lat="32.70463" lon="35.35732">
        <ele>330</ele>
        <time>2026-07-13T10:23:25Z</time>
      </trkpt>
      <trkpt lat="32.70458" lon="35.35716">
        <ele>339</ele>
        <time>2026-07-13T10:23:26Z</time>
      </trkpt>
      <trkpt lat="32.70458" lon="35.35716">
        <ele>327.2052417868896</ele>
        <time>2026-07-13T10:23:27Z</time>
      </trkpt>
      <trkpt lat="32.70447" lon="35.35718">
        <ele>339</ele>
        <time>2026-07-13T10:23:28Z</time>
      </trkpt>
      <trkpt lat="32.704350000000005" lon="35.35719">
        <ele>331</ele>
        <time>2026-07-13T10:23:29Z</time>
      </trkpt>
      <trkpt lat="32.704350000000005" lon="35.35719">
        <ele>324.63984952063765</ele>
        <time>2026-07-13T10:23:30Z</time>
      </trkpt>
      <trkpt lat="32.704350000000005" lon="35.35719">
        <ele>324.63984952063765</ele>
        <time>2026-07-13T10:23:31Z</time>
      </trkpt>
      <trkpt lat="32.70414" lon="35.35716">
        <ele>331</ele>
        <time>2026-07-13T10:23:32Z</time>
      </trkpt>
      <trkpt lat="32.70373" lon="35.35707">
        <ele>331</ele>
        <time>2026-07-13T10:23:33Z</time>
      </trkpt>
      <trkpt lat="32.70355" lon="35.357040000000005">
        <ele>324</ele>
        <time>2026-07-13T10:23:34Z</time>
      </trkpt>
      <trkpt lat="32.70355" lon="35.357040000000005">
        <ele>319.3164598326348</ele>
        <time>2026-07-13T10:23:35Z</time>
      </trkpt>
      <trkpt lat="32.70329" lon="35.357040000000005">
        <ele>324</ele>
        <time>2026-07-13T10:23:36Z</time>
      </trkpt>
      <trkpt lat="32.70304" lon="35.357060000000004">
        <ele>324</ele>
        <time>2026-07-13T10:23:37Z</time>
      </trkpt>
      <trkpt lat="32.702920000000006" lon="35.35707">
        <ele>324</ele>
        <time>2026-07-13T10:23:38Z</time>
      </trkpt>
      <trkpt lat="32.702920000000006" lon="35.35707">
        <ele>312.3022629918491</ele>
        <time>2026-07-13T10:23:39Z</time>
      </trkpt>
      <trkpt lat="32.702920000000006" lon="35.35707">
        <ele>312.3022629918491</ele>
        <time>2026-07-13T10:23:40Z</time>
      </trkpt>
      <trkpt lat="32.70279" lon="35.35703">
        <ele>324</ele>
        <time>2026-07-13T10:23:41Z</time>
      </trkpt>
      <trkpt lat="32.702540000000006" lon="35.35689">
        <ele>318</ele>
        <time>2026-07-13T10:23:42Z</time>
      </trkpt>
      <trkpt lat="32.702540000000006" lon="35.35689">
        <ele>311.7729572956775</ele>
        <time>2026-07-13T10:23:43Z</time>
      </trkpt>
      <trkpt lat="32.70188" lon="35.35662">
        <ele>314</ele>
        <time>2026-07-13T10:23:44Z</time>
      </trkpt>
      <trkpt lat="32.701730000000005" lon="35.356590000000004">
        <ele>314</ele>
        <time>2026-07-13T10:23:45Z</time>
      </trkpt>
      <trkpt lat="32.70147" lon="35.35658">
        <ele>314</ele>
        <time>2026-07-13T10:23:46Z</time>
      </trkpt>
      <trkpt lat="32.70147" lon="35.35658">
        <ele>314.24553774146807</ele>
        <time>2026-07-13T10:23:47Z</time>
      </trkpt>
      <trkpt lat="32.701" lon="35.35661">
        <ele>312</ele>
        <time>2026-07-13T10:23:48Z</time>
      </trkpt>
      <trkpt lat="32.701" lon="35.35661">
        <ele>315.30628656426927</ele>
        <time>2026-07-13T10:23:49Z</time>
      </trkpt>
      <trkpt lat="32.70087" lon="35.356570000000005">
        <ele>312</ele>
        <time>2026-07-13T10:23:50Z</time>
      </trkpt>
      <trkpt lat="32.70087" lon="35.356570000000005">
        <ele>315.81217951374185</ele>
        <time>2026-07-13T10:23:51Z</time>
      </trkpt>
      <trkpt lat="32.700610000000005" lon="35.356390000000005">
        <ele>312</ele>
        <time>2026-07-13T10:23:52Z</time>
      </trkpt>
      <trkpt lat="32.69972" lon="35.35584">
        <ele>336</ele>
        <time>2026-07-13T10:23:53Z</time>
      </trkpt>
      <trkpt lat="32.699310000000004" lon="35.35564">
        <ele>331</ele>
        <time>2026-07-13T10:23:54Z</time>
      </trkpt>
      <trkpt lat="32.699310000000004" lon="35.35564">
        <ele>330.5541960617993</ele>
        <time>2026-07-13T10:23:55Z</time>
      </trkpt>
      <extensions>
        <RoutingType xmlns="">Hike</RoutingType>
      </extensions>
    </trkseg>
    <trkseg>
      <trkpt lat="32.699310000000004" lon="35.35564">
        <ele>330.5541960617993</ele>
        <time>2026-07-13T10:23:55Z</time>
      </trkpt>
      <trkpt lat="32.69897" lon="35.355410000000006">
        <ele>347</ele>
        <time>2026-07-13T10:23:56Z</time>
      </trkpt>
      <trkpt lat="32.69865" lon="35.355290000000004">
        <ele>347</ele>
        <time>2026-07-13T10:23:57Z</time>
      </trkpt>
      <trkpt lat="32.69865" lon="35.355290000000004">
        <ele>335.31522574520204</ele>
        <time>2026-07-13T10:23:58Z</time>
      </trkpt>
      <trkpt lat="32.69865" lon="35.355290000000004">
        <ele>335.31522574520204</ele>
        <time>2026-07-13T10:23:59Z</time>
      </trkpt>
      <trkpt lat="32.69858" lon="35.3552">
        <ele>338</ele>
        <time>2026-07-13T10:24:00Z</time>
      </trkpt>
      <trkpt lat="32.69847" lon="35.35492">
        <ele>338</ele>
        <time>2026-07-13T10:24:01Z</time>
      </trkpt>
      <trkpt lat="32.69841" lon="35.3547">
        <ele>338</ele>
        <time>2026-07-13T10:24:02Z</time>
      </trkpt>
      <trkpt lat="32.69841" lon="35.3547">
        <ele>339.6116523139612</ele>
        <time>2026-07-13T10:24:03Z</time>
      </trkpt>
      <trkpt lat="32.69832" lon="35.35448">
        <ele>349</ele>
        <time>2026-07-13T10:24:04Z</time>
      </trkpt>
      <trkpt lat="32.69827" lon="35.35439">
        <ele>349</ele>
        <time>2026-07-13T10:24:05Z</time>
      </trkpt>
      <trkpt lat="32.69827" lon="35.35439">
        <ele>341.31902896030806</ele>
        <time>2026-07-13T10:24:06Z</time>
      </trkpt>
      <trkpt lat="32.69827" lon="35.35439">
        <ele>341.31902896030806</ele>
        <time>2026-07-13T10:24:07Z</time>
      </trkpt>
      <trkpt lat="32.69753" lon="35.353480000000005">
        <ele>354</ele>
        <time>2026-07-13T10:24:08Z</time>
      </trkpt>
      <trkpt lat="32.69746" lon="35.35334">
        <ele>354</ele>
        <time>2026-07-13T10:24:09Z</time>
      </trkpt>
      <trkpt lat="32.697300000000006" lon="35.35282">
        <ele>361</ele>
        <time>2026-07-13T10:24:10Z</time>
      </trkpt>
      <trkpt lat="32.697300000000006" lon="35.35282">
        <ele>354.1893609468825</ele>
        <time>2026-07-13T10:24:11Z</time>
      </trkpt>
      <trkpt lat="32.697210000000005" lon="35.35244">
        <ele>361</ele>
        <time>2026-07-13T10:24:12Z</time>
      </trkpt>
      <trkpt lat="32.697210000000005" lon="35.35231">
        <ele>361</ele>
        <time>2026-07-13T10:24:13Z</time>
      </trkpt>
      <trkpt lat="32.697210000000005" lon="35.35231">
        <ele>356.45874173380287</ele>
        <time>2026-07-13T10:24:14Z</time>
      </trkpt>
      <trkpt lat="32.697250000000004" lon="35.35217">
        <ele>360</ele>
        <time>2026-07-13T10:24:15Z</time>
      </trkpt>
      <trkpt lat="32.697250000000004" lon="35.35217">
        <ele>357.46917042397894</ele>
        <time>2026-07-13T10:24:16Z</time>
      </trkpt>
      <trkpt lat="32.697300000000006" lon="35.35204">
        <ele>360</ele>
        <time>2026-07-13T10:24:17Z</time>
      </trkpt>
      <trkpt lat="32.69746" lon="35.35175">
        <ele>360</ele>
        <time>2026-07-13T10:24:18Z</time>
      </trkpt>
      <trkpt lat="32.69746" lon="35.35175">
        <ele>360.6475273489784</ele>
        <time>2026-07-13T10:24:19Z</time>
      </trkpt>
      <trkpt lat="32.697630000000004" lon="35.351530000000004">
        <ele>360</ele>
        <time>2026-07-13T10:24:20Z</time>
      </trkpt>
      <trkpt lat="32.697810000000004" lon="35.35137">
        <ele>384</ele>
        <time>2026-07-13T10:24:21Z</time>
      </trkpt>
      <trkpt lat="32.697810000000004" lon="35.35137">
        <ele>365.6678899791917</ele>
        <time>2026-07-13T10:24:22Z</time>
      </trkpt>
      <trkpt lat="32.69793" lon="35.35121">
        <ele>384</ele>
        <time>2026-07-13T10:24:23Z</time>
      </trkpt>
      <trkpt lat="32.69792" lon="35.35112">
        <ele>385.5</ele>
        <time>2026-07-13T10:24:24Z</time>
      </trkpt>
      <trkpt lat="32.69792" lon="35.35112">
        <ele>368.8309861415091</ele>
        <time>2026-07-13T10:24:25Z</time>
      </trkpt>
      <trkpt lat="32.69792" lon="35.35112">
        <ele>385.5</ele>
        <time>2026-07-13T10:24:26Z</time>
      </trkpt>
      <trkpt lat="32.69792" lon="35.35112">
        <ele>368.8309861415091</ele>
        <time>2026-07-13T10:24:27Z</time>
      </trkpt>
      <trkpt lat="32.698010000000004" lon="35.351670000000006">
        <ele>382</ele>
        <time>2026-07-13T10:24:28Z</time>
      </trkpt>
      <trkpt lat="32.69805" lon="35.351870000000005">
        <ele>382</ele>
        <time>2026-07-13T10:24:29Z</time>
      </trkpt>
      <trkpt lat="32.69805" lon="35.351870000000005">
        <ele>372.6310618161903</ele>
        <time>2026-07-13T10:24:30Z</time>
      </trkpt>
      <trkpt lat="32.69811" lon="35.351960000000005">
        <ele>382</ele>
        <time>2026-07-13T10:24:31Z</time>
      </trkpt>
      <trkpt lat="32.698530000000005" lon="35.35249">
        <ele>378</ele>
        <time>2026-07-13T10:24:32Z</time>
      </trkpt>
      <trkpt lat="32.69872" lon="35.35271">
        <ele>391</ele>
        <time>2026-07-13T10:24:33Z</time>
      </trkpt>
      <trkpt lat="32.69872" lon="35.35271">
        <ele>379.2721051669214</ele>
        <time>2026-07-13T10:24:34Z</time>
      </trkpt>
      <trkpt lat="32.69872" lon="35.35271">
        <ele>379.2721051669214</ele>
        <time>2026-07-13T10:24:35Z</time>
      </trkpt>
      <trkpt lat="32.698820000000005" lon="35.3528">
        <ele>391</ele>
        <time>2026-07-13T10:24:36Z</time>
      </trkpt>
      <trkpt lat="32.69901" lon="35.35291">
        <ele>391</ele>
        <time>2026-07-13T10:24:37Z</time>
      </trkpt>
      <trkpt lat="32.69901" lon="35.35291">
        <ele>382.63776663707</ele>
        <time>2026-07-13T10:24:38Z</time>
      </trkpt>
      <trkpt lat="32.69915" lon="35.352940000000004">
        <ele>391</ele>
        <time>2026-07-13T10:24:39Z</time>
      </trkpt>
      <trkpt lat="32.69933" lon="35.352940000000004">
        <ele>391</ele>
        <time>2026-07-13T10:24:40Z</time>
      </trkpt>
      <trkpt lat="32.699760000000005" lon="35.35286">
        <ele>403</ele>
        <time>2026-07-13T10:24:41Z</time>
      </trkpt>
      <trkpt lat="32.69988" lon="35.352900000000005">
        <ele>403</ele>
        <time>2026-07-13T10:24:42Z</time>
      </trkpt>
      <trkpt lat="32.69988" lon="35.352900000000005">
        <ele>391.09876482723524</ele>
        <time>2026-07-13T10:24:43Z</time>
      </trkpt>
      <trkpt lat="32.69988" lon="35.352900000000005">
        <ele>391.09876482723524</ele>
        <time>2026-07-13T10:24:44Z</time>
      </trkpt>
      <trkpt lat="32.69999" lon="35.352970000000006">
        <ele>403</ele>
        <time>2026-07-13T10:24:45Z</time>
      </trkpt>
      <trkpt lat="32.69999" lon="35.352970000000006">
        <ele>391.8482799067949</ele>
        <time>2026-07-13T10:24:46Z</time>
      </trkpt>
      <trkpt lat="32.70029" lon="35.353260000000006">
        <ele>401</ele>
        <time>2026-07-13T10:24:47Z</time>
      </trkpt>
      <trkpt lat="32.70049" lon="35.35342">
        <ele>401</ele>
        <time>2026-07-13T10:24:48Z</time>
      </trkpt>
      <trkpt lat="32.70064" lon="35.35347">
        <ele>401</ele>
        <time>2026-07-13T10:24:49Z</time>
      </trkpt>
      <trkpt lat="32.701010000000004" lon="35.353500000000004">
        <ele>401</ele>
        <time>2026-07-13T10:24:50Z</time>
      </trkpt>
      <trkpt lat="32.701010000000004" lon="35.353500000000004">
        <ele>400.2733432900859</ele>
        <time>2026-07-13T10:24:51Z</time>
      </trkpt>
      <trkpt lat="32.7013" lon="35.35347">
        <ele>401</ele>
        <time>2026-07-13T10:24:52Z</time>
      </trkpt>
      <trkpt lat="32.7013" lon="35.35347">
        <ele>401.37310010235825</ele>
        <time>2026-07-13T10:24:53Z</time>
      </trkpt>
      <trkpt lat="32.7013" lon="35.35347">
        <ele>401.37310010235825</ele>
        <time>2026-07-13T10:24:54Z</time>
      </trkpt>
      <trkpt lat="32.70152" lon="35.353350000000006">
        <ele>401</ele>
        <time>2026-07-13T10:24:55Z</time>
      </trkpt>
      <trkpt lat="32.70205" lon="35.353010000000005">
        <ele>416</ele>
        <time>2026-07-13T10:24:56Z</time>
      </trkpt>
      <trkpt lat="32.70232" lon="35.352810000000005">
        <ele>416</ele>
        <time>2026-07-13T10:24:57Z</time>
      </trkpt>
      <trkpt lat="32.702470000000005" lon="35.35266">
        <ele>416</ele>
        <time>2026-07-13T10:24:58Z</time>
      </trkpt>
      <trkpt lat="32.702470000000005" lon="35.35266">
        <ele>412.9631395962652</ele>
        <time>2026-07-13T10:24:59Z</time>
      </trkpt>
      <trkpt lat="32.702580000000005" lon="35.352470000000004">
        <ele>416</ele>
        <time>2026-07-13T10:25:00Z</time>
      </trkpt>
      <trkpt lat="32.702580000000005" lon="35.352470000000004">
        <ele>415.7422579174745</ele>
        <time>2026-07-13T10:25:01Z</time>
      </trkpt>
      <trkpt lat="32.702580000000005" lon="35.352470000000004">
        <ele>415.7422579174745</ele>
        <time>2026-07-13T10:25:02Z</time>
      </trkpt>
      <trkpt lat="32.70263" lon="35.35224">
        <ele>416</ele>
        <time>2026-07-13T10:25:03Z</time>
      </trkpt>
      <trkpt lat="32.70263" lon="35.35202">
        <ele>423</ele>
        <time>2026-07-13T10:25:04Z</time>
      </trkpt>
      <trkpt lat="32.70259" lon="35.3517">
        <ele>423</ele>
        <time>2026-07-13T10:25:05Z</time>
      </trkpt>
      <trkpt lat="32.702540000000006" lon="35.35152">
        <ele>423</ele>
        <time>2026-07-13T10:25:06Z</time>
      </trkpt>
      <trkpt lat="32.702540000000006" lon="35.35152">
        <ele>424.1617318063509</ele>
        <time>2026-07-13T10:25:07Z</time>
      </trkpt>
      <trkpt lat="32.702420000000004" lon="35.35123">
        <ele>424</ele>
        <time>2026-07-13T10:25:08Z</time>
      </trkpt>
      <trkpt lat="32.702420000000004" lon="35.35123">
        <ele>426.41500768763945</ele>
        <time>2026-07-13T10:25:09Z</time>
      </trkpt>
      <trkpt lat="32.702200000000005" lon="35.35099">
        <ele>424</ele>
        <time>2026-07-13T10:25:10Z</time>
      </trkpt>
      <trkpt lat="32.702200000000005" lon="35.35099">
        <ele>429.34576493036</ele>
        <time>2026-07-13T10:25:11Z</time>
      </trkpt>
      <trkpt lat="32.70203" lon="35.350840000000005">
        <ele>424</ele>
        <time>2026-07-13T10:25:12Z</time>
      </trkpt>
      <trkpt lat="32.70203" lon="35.350840000000005">
        <ele>424</ele>
        <time>2026-07-13T10:25:13Z</time>
      </trkpt>
      <trkpt lat="32.701910000000005" lon="35.35074">
        <ele>424</ele>
        <time>2026-07-13T10:25:14Z</time>
      </trkpt>
      <trkpt lat="32.701910000000005" lon="35.35074">
        <ele>432.2372917243248</ele>
        <time>2026-07-13T10:25:15Z</time>
      </trkpt>
      <trkpt lat="32.7017" lon="35.35051">
        <ele>429</ele>
        <time>2026-07-13T10:25:16Z</time>
      </trkpt>
      <trkpt lat="32.7017" lon="35.35051">
        <ele>433.11939464818136</ele>
        <time>2026-07-13T10:25:17Z</time>
      </trkpt>
      <trkpt lat="32.70159" lon="35.35042">
        <ele>429</ele>
        <time>2026-07-13T10:25:18Z</time>
      </trkpt>
      <trkpt lat="32.70152" lon="35.350390000000004">
        <ele>429</ele>
        <time>2026-07-13T10:25:19Z</time>
      </trkpt>
      <extensions>
        <RoutingType xmlns="">Hike</RoutingType>
      </extensions>
    </trkseg>
  </trk>
</gpx>
