<?xml version="1.0" encoding="UTF-8" standalone="yes"?>
<gpx xmlns="http://www.topografix.com/GPX/1/1" xmlns:xsi="http://www.w3.org/2001/XMLSchema-instance" version="1.1" creator="IsraelHikingMap" xsi:schemaLocation="http://www.topografix.com/GPX/1/1 http://www.topografix.com/GPX/1/1/gpx.xsd">
  <metadata>
    <bounds maxlat="32.71898" maxlon="35.01292" minlat="32.647222" minlon="34.963570000000004"></bounds>
  </metadata>
  <trk>
    <name>15 - רקית לים כרמל (כרם מהרל)</name>
    <desc>🏞️ קושי: בינוני | כרמל
🥾 יער הכרמל, כפר אומנים עין הוד, נחל המערות, יער עופר.
⛺ לילה: חניון תנועות הנוער | חלופה: כרם מהרל
🛒 קניות בקרבת המסלול:
• עין הוד — א׳-ה׳: 07:00-14:00 | ו׳: 07:00-14:00 | שבת: סגור | ☎ 04-9541146 | על השביל</desc>
    <extensions>
      <Color xmlns="">#0000FF</Color>
      <Opacity xmlns="">0.4</Opacity>
      <Weight xmlns="">10</Weight>
    </extensions>
    <trkseg>
      <trkpt lat="32.7145" lon="35.01292">
        <ele>354</ele>
        <time>2021-09-14T09:50:55Z</time>
      </trkpt>
      <trkpt lat="32.7145" lon="35.01292">
        <ele>354</ele>
        <time>2021-09-14T09:50:55Z</time>
      </trkpt>
      <extensions>
        <RoutingType xmlns="">Hike</RoutingType>
      </extensions>
    </trkseg>
    <trkseg>
      <trkpt lat="32.7145" lon="35.01292">
        <ele>354</ele>
        <time>2021-09-14T09:50:55Z</time>
      </trkpt>
      <trkpt lat="32.71482" lon="35.01236">
        <ele>354</ele>
        <time>2021-09-14T09:50:56Z</time>
      </trkpt>
      <trkpt lat="32.714940000000006" lon="35.012080000000005">
        <ele>354</ele>
        <time>2021-09-14T09:50:57Z</time>
      </trkpt>
      <trkpt lat="32.71526" lon="35.01147">
        <ele>351</ele>
        <time>2021-09-14T09:50:58Z</time>
      </trkpt>
      <trkpt lat="32.71582" lon="35.01032">
        <ele>351</ele>
        <time>2021-09-14T09:50:59Z</time>
      </trkpt>
      <trkpt lat="32.71586" lon="35.01033">
        <ele>351</ele>
        <time>2021-09-14T09:51:00Z</time>
      </trkpt>
      <trkpt lat="32.715920000000004" lon="35.010310000000004">
        <ele>351</ele>
        <time>2021-09-14T09:51:01Z</time>
      </trkpt>
      <trkpt lat="32.71595" lon="35.010270000000006">
        <ele>351</ele>
        <time>2021-09-14T09:51:02Z</time>
      </trkpt>
      <trkpt lat="32.715970000000006" lon="35.010200000000005">
        <ele>351</ele>
        <time>2021-09-14T09:51:03Z</time>
      </trkpt>
      <trkpt lat="32.71595" lon="35.01014">
        <ele>351</ele>
        <time>2021-09-14T09:51:04Z</time>
      </trkpt>
      <trkpt lat="32.716170000000005" lon="35.00999">
        <ele>340</ele>
        <time>2021-09-14T09:51:05Z</time>
      </trkpt>
      <trkpt lat="32.7162" lon="35.0099">
        <ele>343</ele>
        <time>2021-09-14T09:51:06Z</time>
      </trkpt>
      <trkpt lat="32.71627" lon="35.00988">
        <ele>343</ele>
        <time>2021-09-14T09:51:07Z</time>
      </trkpt>
      <trkpt lat="32.716480000000004" lon="35.009570000000004">
        <ele>343</ele>
        <time>2021-09-14T09:51:08Z</time>
      </trkpt>
      <trkpt lat="32.71661" lon="35.00947">
        <ele>343</ele>
        <time>2021-09-14T09:51:09Z</time>
      </trkpt>
      <trkpt lat="32.71665" lon="35.00936">
        <ele>343</ele>
        <time>2021-09-14T09:51:10Z</time>
      </trkpt>
      <trkpt lat="32.71672" lon="35.009350000000005">
        <ele>343</ele>
        <time>2021-09-14T09:51:11Z</time>
      </trkpt>
      <trkpt lat="32.717220000000005" lon="35.00909">
        <ele>329</ele>
        <time>2021-09-14T09:51:12Z</time>
      </trkpt>
      <trkpt lat="32.71736" lon="35.00905">
        <ele>329</ele>
        <time>2021-09-14T09:51:13Z</time>
      </trkpt>
      <trkpt lat="32.717620000000004" lon="35.00887">
        <ele>329</ele>
        <time>2021-09-14T09:51:14Z</time>
      </trkpt>
      <trkpt lat="32.71766" lon="35.008750000000006">
        <ele>329</ele>
        <time>2021-09-14T09:51:15Z</time>
      </trkpt>
      <trkpt lat="32.71768" lon="35.008660000000006">
        <ele>329</ele>
        <time>2021-09-14T09:51:16Z</time>
      </trkpt>
      <trkpt lat="32.71768" lon="35.008660000000006">
        <ele>329</ele>
        <time>2021-09-14T09:51:17Z</time>
      </trkpt>
      <trkpt lat="32.717690000000005" lon="35.008570000000006">
        <ele>329</ele>
        <time>2021-09-14T09:51:18Z</time>
      </trkpt>
      <trkpt lat="32.717650000000006" lon="35.00846">
        <ele>329</ele>
        <time>2021-09-14T09:51:19Z</time>
      </trkpt>
      <trkpt lat="32.717600000000004" lon="35.008280000000006">
        <ele>321</ele>
        <time>2021-09-14T09:51:20Z</time>
      </trkpt>
      <trkpt lat="32.71773" lon="35.00789">
        <ele>321</ele>
        <time>2021-09-14T09:51:21Z</time>
      </trkpt>
      <trkpt lat="32.71784" lon="35.00773">
        <ele>302</ele>
        <time>2021-09-14T09:51:22Z</time>
      </trkpt>
      <trkpt lat="32.71784" lon="35.00761">
        <ele>302</ele>
        <time>2021-09-14T09:51:23Z</time>
      </trkpt>
      <trkpt lat="32.7179" lon="35.007540000000006">
        <ele>302</ele>
        <time>2021-09-14T09:51:24Z</time>
      </trkpt>
      <trkpt lat="32.7179" lon="35.00748">
        <ele>302</ele>
        <time>2021-09-14T09:51:25Z</time>
      </trkpt>
      <trkpt lat="32.717870000000005" lon="35.007290000000005">
        <ele>302</ele>
        <time>2021-09-14T09:51:26Z</time>
      </trkpt>
      <trkpt lat="32.717940000000006" lon="35.007220000000004">
        <ele>302</ele>
        <time>2021-09-14T09:51:27Z</time>
      </trkpt>
      <trkpt lat="32.718030000000006" lon="35.007070000000006">
        <ele>302</ele>
        <time>2021-09-14T09:51:28Z</time>
      </trkpt>
      <trkpt lat="32.718090000000004" lon="35.007020000000004">
        <ele>302</ele>
        <time>2021-09-14T09:51:29Z</time>
      </trkpt>
      <trkpt lat="32.718140000000005" lon="35.006930000000004">
        <ele>302</ele>
        <time>2021-09-14T09:51:30Z</time>
      </trkpt>
      <trkpt lat="32.71826" lon="35.006890000000006">
        <ele>302</ele>
        <time>2021-09-14T09:51:31Z</time>
      </trkpt>
      <trkpt lat="32.718340000000005" lon="35.00672">
        <ele>302</ele>
        <time>2021-09-14T09:51:32Z</time>
      </trkpt>
      <trkpt lat="32.718340000000005" lon="35.006660000000004">
        <ele>302</ele>
        <time>2021-09-14T09:51:33Z</time>
      </trkpt>
      <trkpt lat="32.71839" lon="35.00659">
        <ele>305</ele>
        <time>2021-09-14T09:51:34Z</time>
      </trkpt>
      <trkpt lat="32.718430000000005" lon="35.006370000000004">
        <ele>305</ele>
        <time>2021-09-14T09:51:35Z</time>
      </trkpt>
      <trkpt lat="32.71848" lon="35.00623">
        <ele>305</ele>
        <time>2021-09-14T09:51:36Z</time>
      </trkpt>
      <trkpt lat="32.71858" lon="35.00605">
        <ele>278</ele>
        <time>2021-09-14T09:51:37Z</time>
      </trkpt>
      <trkpt lat="32.71857" lon="35.00592">
        <ele>278</ele>
        <time>2021-09-14T09:51:38Z</time>
      </trkpt>
      <trkpt lat="32.718630000000005" lon="35.005860000000006">
        <ele>278</ele>
        <time>2021-09-14T09:51:39Z</time>
      </trkpt>
      <trkpt lat="32.71869" lon="35.00564">
        <ele>273</ele>
        <time>2021-09-14T09:51:40Z</time>
      </trkpt>
      <trkpt lat="32.718680000000006" lon="35.00554">
        <ele>273</ele>
        <time>2021-09-14T09:51:41Z</time>
      </trkpt>
      <trkpt lat="32.71869" lon="35.005280000000006">
        <ele>273</ele>
        <time>2021-09-14T09:51:42Z</time>
      </trkpt>
      <trkpt lat="32.718680000000006" lon="35.005050000000004">
        <ele>273</ele>
        <time>2021-09-14T09:51:43Z</time>
      </trkpt>
      <trkpt lat="32.71871" lon="35.004900000000006">
        <ele>263</ele>
        <time>2021-09-14T09:51:44Z</time>
      </trkpt>
      <trkpt lat="32.718700000000005" lon="35.00473">
        <ele>263</ele>
        <time>2021-09-14T09:51:45Z</time>
      </trkpt>
      <trkpt lat="32.71871" lon="35.0047">
        <ele>263</ele>
        <time>2021-09-14T09:51:46Z</time>
      </trkpt>
      <trkpt lat="32.718700000000005" lon="35.004670000000004">
        <ele>263</ele>
        <time>2021-09-14T09:51:47Z</time>
      </trkpt>
      <trkpt lat="32.718700000000005" lon="35.004630000000006">
        <ele>263</ele>
        <time>2021-09-14T09:51:48Z</time>
      </trkpt>
      <trkpt lat="32.71875" lon="35.004540000000006">
        <ele>263</ele>
        <time>2021-09-14T09:51:49Z</time>
      </trkpt>
      <trkpt lat="32.71878" lon="35.00453">
        <ele>263</ele>
        <time>2021-09-14T09:51:50Z</time>
      </trkpt>
      <trkpt lat="32.718790000000006" lon="35.0045">
        <ele>263</ele>
        <time>2021-09-14T09:51:51Z</time>
      </trkpt>
      <trkpt lat="32.71875" lon="35.00442">
        <ele>263</ele>
        <time>2021-09-14T09:51:52Z</time>
      </trkpt>
      <trkpt lat="32.71875" lon="35.00435">
        <ele>263</ele>
        <time>2021-09-14T09:51:53Z</time>
      </trkpt>
      <trkpt lat="32.718700000000005" lon="35.00424">
        <ele>263</ele>
        <time>2021-09-14T09:51:54Z</time>
      </trkpt>
      <trkpt lat="32.71871" lon="35.004160000000006">
        <ele>263</ele>
        <time>2021-09-14T09:51:55Z</time>
      </trkpt>
      <trkpt lat="32.71871" lon="35.003750000000004">
        <ele>250</ele>
        <time>2021-09-14T09:51:56Z</time>
      </trkpt>
      <trkpt lat="32.71862" lon="35.003400000000006">
        <ele>250</ele>
        <time>2021-09-14T09:51:57Z</time>
      </trkpt>
      <trkpt lat="32.71857" lon="35.00332">
        <ele>237</ele>
        <time>2021-09-14T09:51:58Z</time>
      </trkpt>
      <trkpt lat="32.71847" lon="35.003260000000004">
        <ele>261</ele>
        <time>2021-09-14T09:51:59Z</time>
      </trkpt>
      <trkpt lat="32.71837" lon="35.00312">
        <ele>261</ele>
        <time>2021-09-14T09:52:00Z</time>
      </trkpt>
      <trkpt lat="32.7183" lon="35.00296">
        <ele>261</ele>
        <time>2021-09-14T09:52:01Z</time>
      </trkpt>
      <trkpt lat="32.71831" lon="35.002930000000006">
        <ele>261</ele>
        <time>2021-09-14T09:52:02Z</time>
      </trkpt>
      <trkpt lat="32.718270000000004" lon="35.0026">
        <ele>261</ele>
        <time>2021-09-14T09:52:03Z</time>
      </trkpt>
      <trkpt lat="32.71824" lon="35.00253">
        <ele>261</ele>
        <time>2021-09-14T09:52:04Z</time>
      </trkpt>
      <trkpt lat="32.71826" lon="35.002500000000005">
        <ele>261</ele>
        <time>2021-09-14T09:52:05Z</time>
      </trkpt>
      <trkpt lat="32.71837" lon="35.00245">
        <ele>253</ele>
        <time>2021-09-14T09:52:06Z</time>
      </trkpt>
      <trkpt lat="32.71844" lon="35.002590000000005">
        <ele>261</ele>
        <time>2021-09-14T09:52:07Z</time>
      </trkpt>
      <trkpt lat="32.71864" lon="35.00263">
        <ele>237</ele>
        <time>2021-09-14T09:52:08Z</time>
      </trkpt>
      <trkpt lat="32.718630000000005" lon="35.00216">
        <ele>220</ele>
        <time>2021-09-14T09:52:09Z</time>
      </trkpt>
      <trkpt lat="32.71871" lon="35.00209">
        <ele>220</ele>
        <time>2021-09-14T09:52:10Z</time>
      </trkpt>
      <trkpt lat="32.71873" lon="35.001470000000005">
        <ele>206</ele>
        <time>2021-09-14T09:52:11Z</time>
      </trkpt>
      <trkpt lat="32.71876" lon="35.00113">
        <ele>206</ele>
        <time>2021-09-14T09:52:12Z</time>
      </trkpt>
      <trkpt lat="32.718900000000005" lon="35.0011">
        <ele>206</ele>
        <time>2021-09-14T09:52:13Z</time>
      </trkpt>
      <trkpt lat="32.718900000000005" lon="35.00085">
        <ele>206</ele>
        <time>2021-09-14T09:52:14Z</time>
      </trkpt>
      <trkpt lat="32.718810000000005" lon="35.000640000000004">
        <ele>200</ele>
        <time>2021-09-14T09:52:15Z</time>
      </trkpt>
      <trkpt lat="32.718830000000004" lon="35.000530000000005">
        <ele>200</ele>
        <time>2021-09-14T09:52:16Z</time>
      </trkpt>
      <trkpt lat="32.718810000000005" lon="35.00043">
        <ele>200</ele>
        <time>2021-09-14T09:52:17Z</time>
      </trkpt>
      <trkpt lat="32.71894" lon="35.00018">
        <ele>200</ele>
        <time>2021-09-14T09:52:18Z</time>
      </trkpt>
      <trkpt lat="32.71898" lon="35.000150000000005">
        <ele>200</ele>
        <time>2021-09-14T09:52:19Z</time>
      </trkpt>
      <trkpt lat="32.71891" lon="34.99974">
        <ele>200</ele>
        <time>2021-09-14T09:52:20Z</time>
      </trkpt>
      <trkpt lat="32.718920000000004" lon="34.999680000000005">
        <ele>200</ele>
        <time>2021-09-14T09:52:21Z</time>
      </trkpt>
      <trkpt lat="32.71889" lon="34.999660000000006">
        <ele>200</ele>
        <time>2021-09-14T09:52:22Z</time>
      </trkpt>
      <trkpt lat="32.718830000000004" lon="34.999660000000006">
        <ele>200</ele>
        <time>2021-09-14T09:52:23Z</time>
      </trkpt>
      <trkpt lat="32.718830000000004" lon="34.99965">
        <ele>200</ele>
        <time>2021-09-14T09:52:24Z</time>
      </trkpt>
      <extensions>
        <RoutingType xmlns="">Hike</RoutingType>
      </extensions>
    </trkseg>
    <trkseg>
      <trkpt lat="32.718830000000004" lon="34.99965">
        <ele>200</ele>
        <time>2021-09-14T09:52:24Z</time>
      </trkpt>
      <trkpt lat="32.71886" lon="34.999570000000006">
        <ele>200</ele>
        <time>2021-09-14T09:52:25Z</time>
      </trkpt>
      <trkpt lat="32.71885" lon="34.999460000000006">
        <ele>200</ele>
        <time>2021-09-14T09:52:26Z</time>
      </trkpt>
      <trkpt lat="32.718880000000006" lon="34.999390000000005">
        <ele>200</ele>
        <time>2021-09-14T09:52:27Z</time>
      </trkpt>
      <trkpt lat="32.718900000000005" lon="34.999370000000006">
        <ele>200</ele>
        <time>2021-09-14T09:52:28Z</time>
      </trkpt>
      <trkpt lat="32.71894" lon="34.99926">
        <ele>200</ele>
        <time>2021-09-14T09:52:29Z</time>
      </trkpt>
      <trkpt lat="32.71884" lon="34.99886">
        <ele>191</ele>
        <time>2021-09-14T09:52:30Z</time>
      </trkpt>
      <trkpt lat="32.71878" lon="34.998810000000006">
        <ele>191</ele>
        <time>2021-09-14T09:52:31Z</time>
      </trkpt>
      <trkpt lat="32.71878" lon="34.998780000000004">
        <ele>191</ele>
        <time>2021-09-14T09:52:32Z</time>
      </trkpt>
      <trkpt lat="32.71873" lon="34.998740000000005">
        <ele>191</ele>
        <time>2021-09-14T09:52:33Z</time>
      </trkpt>
      <trkpt lat="32.71869" lon="34.99868">
        <ele>191</ele>
        <time>2021-09-14T09:52:34Z</time>
      </trkpt>
      <trkpt lat="32.71849" lon="34.998560000000005">
        <ele>223</ele>
        <time>2021-09-14T09:52:35Z</time>
      </trkpt>
      <trkpt lat="32.71835" lon="34.99857">
        <ele>223</ele>
        <time>2021-09-14T09:52:36Z</time>
      </trkpt>
      <trkpt lat="32.71828" lon="34.99855">
        <ele>223</ele>
        <time>2021-09-14T09:52:37Z</time>
      </trkpt>
      <trkpt lat="32.71815" lon="34.99842">
        <ele>223</ele>
        <time>2021-09-14T09:52:38Z</time>
      </trkpt>
      <trkpt lat="32.718090000000004" lon="34.998290000000004">
        <ele>201</ele>
        <time>2021-09-14T09:52:39Z</time>
      </trkpt>
      <trkpt lat="32.71801" lon="34.99826">
        <ele>201</ele>
        <time>2021-09-14T09:52:40Z</time>
      </trkpt>
      <trkpt lat="32.717960000000005" lon="34.99819">
        <ele>201</ele>
        <time>2021-09-14T09:52:41Z</time>
      </trkpt>
      <trkpt lat="32.717960000000005" lon="34.998070000000006">
        <ele>201</ele>
        <time>2021-09-14T09:52:42Z</time>
      </trkpt>
      <trkpt lat="32.71795" lon="34.99795">
        <ele>201</ele>
        <time>2021-09-14T09:52:43Z</time>
      </trkpt>
      <trkpt lat="32.71786" lon="34.99783">
        <ele>201</ele>
        <time>2021-09-14T09:52:44Z</time>
      </trkpt>
      <trkpt lat="32.71782" lon="34.99779">
        <ele>201</ele>
        <time>2021-09-14T09:52:45Z</time>
      </trkpt>
      <trkpt lat="32.717800000000004" lon="34.997730000000004">
        <ele>201</ele>
        <time>2021-09-14T09:52:46Z</time>
      </trkpt>
      <trkpt lat="32.717710000000004" lon="34.99766">
        <ele>224</ele>
        <time>2021-09-14T09:52:47Z</time>
      </trkpt>
      <trkpt lat="32.71759" lon="34.997640000000004">
        <ele>224</ele>
        <time>2021-09-14T09:52:48Z</time>
      </trkpt>
      <trkpt lat="32.71745" lon="34.99745">
        <ele>203</ele>
        <time>2021-09-14T09:52:49Z</time>
      </trkpt>
      <trkpt lat="32.71736" lon="34.99738">
        <ele>203</ele>
        <time>2021-09-14T09:52:50Z</time>
      </trkpt>
      <trkpt lat="32.71728" lon="34.99723">
        <ele>203</ele>
        <time>2021-09-14T09:52:51Z</time>
      </trkpt>
      <trkpt lat="32.7171" lon="34.997020000000006">
        <ele>203</ele>
        <time>2021-09-14T09:52:52Z</time>
      </trkpt>
      <trkpt lat="32.71708" lon="34.99692">
        <ele>203</ele>
        <time>2021-09-14T09:52:53Z</time>
      </trkpt>
      <trkpt lat="32.71701" lon="34.99681">
        <ele>203</ele>
        <time>2021-09-14T09:52:54Z</time>
      </trkpt>
      <trkpt lat="32.71696" lon="34.99654">
        <ele>176</ele>
        <time>2021-09-14T09:52:55Z</time>
      </trkpt>
      <trkpt lat="32.71687" lon="34.996320000000004">
        <ele>206</ele>
        <time>2021-09-14T09:52:56Z</time>
      </trkpt>
      <trkpt lat="32.71681" lon="34.99625">
        <ele>206</ele>
        <time>2021-09-14T09:52:57Z</time>
      </trkpt>
      <trkpt lat="32.71676" lon="34.99622">
        <ele>206</ele>
        <time>2021-09-14T09:52:58Z</time>
      </trkpt>
      <trkpt lat="32.716660000000005" lon="34.99613">
        <ele>206</ele>
        <time>2021-09-14T09:52:59Z</time>
      </trkpt>
      <trkpt lat="32.71663" lon="34.99606">
        <ele>206</ele>
        <time>2021-09-14T09:53:00Z</time>
      </trkpt>
      <trkpt lat="32.71651" lon="34.99591">
        <ele>206</ele>
        <time>2021-09-14T09:53:01Z</time>
      </trkpt>
      <trkpt lat="32.716060000000006" lon="34.99573">
        <ele>209</ele>
        <time>2021-09-14T09:53:02Z</time>
      </trkpt>
      <trkpt lat="32.716" lon="34.99564">
        <ele>209</ele>
        <time>2021-09-14T09:53:03Z</time>
      </trkpt>
      <trkpt lat="32.715790000000005" lon="34.995520000000006">
        <ele>209</ele>
        <time>2021-09-14T09:53:04Z</time>
      </trkpt>
      <trkpt lat="32.71548" lon="34.99535">
        <ele>209</ele>
        <time>2021-09-14T09:53:05Z</time>
      </trkpt>
      <trkpt lat="32.71538" lon="34.99532">
        <ele>209</ele>
        <time>2021-09-14T09:53:06Z</time>
      </trkpt>
      <trkpt lat="32.715180000000004" lon="34.99533">
        <ele>226</ele>
        <time>2021-09-14T09:53:07Z</time>
      </trkpt>
      <trkpt lat="32.71502" lon="34.995470000000005">
        <ele>226</ele>
        <time>2021-09-14T09:53:08Z</time>
      </trkpt>
      <trkpt lat="32.7149" lon="34.995540000000005">
        <ele>226</ele>
        <time>2021-09-14T09:53:09Z</time>
      </trkpt>
      <trkpt lat="32.71473" lon="34.995610000000006">
        <ele>226</ele>
        <time>2021-09-14T09:53:10Z</time>
      </trkpt>
      <trkpt lat="32.714650000000006" lon="34.99562">
        <ele>226</ele>
        <time>2021-09-14T09:53:11Z</time>
      </trkpt>
      <trkpt lat="32.714580000000005" lon="34.99566">
        <ele>226</ele>
        <time>2021-09-14T09:53:12Z</time>
      </trkpt>
      <trkpt lat="32.71435" lon="34.99569">
        <ele>224</ele>
        <time>2021-09-14T09:53:13Z</time>
      </trkpt>
      <trkpt lat="32.71435" lon="34.99569">
        <ele>224</ele>
        <time>2021-09-14T09:53:14Z</time>
      </trkpt>
      <trkpt lat="32.71416" lon="34.99566">
        <ele>224</ele>
        <time>2021-09-14T09:53:15Z</time>
      </trkpt>
      <trkpt lat="32.71405" lon="34.995670000000004">
        <ele>224</ele>
        <time>2021-09-14T09:53:16Z</time>
      </trkpt>
      <trkpt lat="32.71379" lon="34.995760000000004">
        <ele>224</ele>
        <time>2021-09-14T09:53:17Z</time>
      </trkpt>
      <trkpt lat="32.71356" lon="34.99579">
        <ele>217</ele>
        <time>2021-09-14T09:53:18Z</time>
      </trkpt>
      <trkpt lat="32.713350000000005" lon="34.99589">
        <ele>255</ele>
        <time>2021-09-14T09:53:19Z</time>
      </trkpt>
      <trkpt lat="32.71314" lon="34.996030000000005">
        <ele>255</ele>
        <time>2021-09-14T09:53:20Z</time>
      </trkpt>
      <trkpt lat="32.713" lon="34.996050000000004">
        <ele>255</ele>
        <time>2021-09-14T09:53:21Z</time>
      </trkpt>
      <trkpt lat="32.712700000000005" lon="34.996300000000005">
        <ele>237</ele>
        <time>2021-09-14T09:53:22Z</time>
      </trkpt>
      <trkpt lat="32.71257" lon="34.99631">
        <ele>237</ele>
        <time>2021-09-14T09:53:23Z</time>
      </trkpt>
      <trkpt lat="32.712430000000005" lon="34.99642">
        <ele>237</ele>
        <time>2021-09-14T09:53:24Z</time>
      </trkpt>
      <trkpt lat="32.71239" lon="34.996410000000004">
        <ele>237</ele>
        <time>2021-09-14T09:53:25Z</time>
      </trkpt>
      <trkpt lat="32.71228" lon="34.99644">
        <ele>237</ele>
        <time>2021-09-14T09:53:26Z</time>
      </trkpt>
      <trkpt lat="32.712160000000004" lon="34.99642">
        <ele>237</ele>
        <time>2021-09-14T09:53:27Z</time>
      </trkpt>
      <trkpt lat="32.71202" lon="34.99631">
        <ele>237</ele>
        <time>2021-09-14T09:53:28Z</time>
      </trkpt>
      <trkpt lat="32.71199" lon="34.9962">
        <ele>237</ele>
        <time>2021-09-14T09:53:29Z</time>
      </trkpt>
      <trkpt lat="32.711980000000004" lon="34.99611">
        <ele>237</ele>
        <time>2021-09-14T09:53:30Z</time>
      </trkpt>
      <trkpt lat="32.71201" lon="34.996030000000005">
        <ele>237</ele>
        <time>2021-09-14T09:53:31Z</time>
      </trkpt>
      <trkpt lat="32.712070000000004" lon="34.995870000000004">
        <ele>237</ele>
        <time>2021-09-14T09:53:32Z</time>
      </trkpt>
      <trkpt lat="32.712360000000004" lon="34.99537">
        <ele>222</ele>
        <time>2021-09-14T09:53:33Z</time>
      </trkpt>
      <trkpt lat="32.71244" lon="34.99517">
        <ele>222</ele>
        <time>2021-09-14T09:53:34Z</time>
      </trkpt>
      <trkpt lat="32.712610000000005" lon="34.99485">
        <ele>237</ele>
        <time>2021-09-14T09:53:35Z</time>
      </trkpt>
      <trkpt lat="32.71267" lon="34.99456">
        <ele>237</ele>
        <time>2021-09-14T09:53:36Z</time>
      </trkpt>
      <trkpt lat="32.712700000000005" lon="34.994350000000004">
        <ele>237</ele>
        <time>2021-09-14T09:53:37Z</time>
      </trkpt>
      <trkpt lat="32.712700000000005" lon="34.99421">
        <ele>237</ele>
        <time>2021-09-14T09:53:38Z</time>
      </trkpt>
      <trkpt lat="32.71266" lon="34.994080000000004">
        <ele>250</ele>
        <time>2021-09-14T09:53:39Z</time>
      </trkpt>
      <trkpt lat="32.71269" lon="34.993840000000006">
        <ele>250</ele>
        <time>2021-09-14T09:53:40Z</time>
      </trkpt>
      <trkpt lat="32.712700000000005" lon="34.993640000000006">
        <ele>250</ele>
        <time>2021-09-14T09:53:41Z</time>
      </trkpt>
      <trkpt lat="32.712720000000004" lon="34.993590000000005">
        <ele>250</ele>
        <time>2021-09-14T09:53:42Z</time>
      </trkpt>
      <trkpt lat="32.712700000000005" lon="34.993480000000005">
        <ele>250</ele>
        <time>2021-09-14T09:53:43Z</time>
      </trkpt>
      <trkpt lat="32.712680000000006" lon="34.9928">
        <ele>254</ele>
        <time>2021-09-14T09:53:44Z</time>
      </trkpt>
      <trkpt lat="32.712700000000005" lon="34.992450000000005">
        <ele>252</ele>
        <time>2021-09-14T09:53:45Z</time>
      </trkpt>
      <trkpt lat="32.71269" lon="34.99226">
        <ele>252</ele>
        <time>2021-09-14T09:53:46Z</time>
      </trkpt>
      <trkpt lat="32.712700000000005" lon="34.992180000000005">
        <ele>252</ele>
        <time>2021-09-14T09:53:47Z</time>
      </trkpt>
      <trkpt lat="32.712700000000005" lon="34.992180000000005">
        <ele>252</ele>
        <time>2021-09-14T09:53:48Z</time>
      </trkpt>
      <trkpt lat="32.712720000000004" lon="34.99199">
        <ele>252</ele>
        <time>2021-09-14T09:53:49Z</time>
      </trkpt>
      <trkpt lat="32.712680000000006" lon="34.991490000000006">
        <ele>254</ele>
        <time>2021-09-14T09:53:50Z</time>
      </trkpt>
      <trkpt lat="32.712680000000006" lon="34.99128">
        <ele>254</ele>
        <time>2021-09-14T09:53:51Z</time>
      </trkpt>
      <trkpt lat="32.712700000000005" lon="34.991200000000006">
        <ele>254</ele>
        <time>2021-09-14T09:53:52Z</time>
      </trkpt>
      <trkpt lat="32.712700000000005" lon="34.991020000000006">
        <ele>254</ele>
        <time>2021-09-14T09:53:53Z</time>
      </trkpt>
      <extensions>
        <RoutingType xmlns="">Hike</RoutingType>
      </extensions>
    </trkseg>
    <trkseg>
      <trkpt lat="32.712700000000005" lon="34.991020000000006">
        <ele>254</ele>
        <time>2021-09-14T09:53:53Z</time>
      </trkpt>
      <trkpt lat="32.712680000000006" lon="34.99083">
        <ele>249</ele>
        <time>2021-09-14T09:53:54Z</time>
      </trkpt>
      <trkpt lat="32.71271" lon="34.990610000000004">
        <ele>249</ele>
        <time>2021-09-14T09:53:55Z</time>
      </trkpt>
      <trkpt lat="32.712700000000005" lon="34.99043">
        <ele>249</ele>
        <time>2021-09-14T09:53:56Z</time>
      </trkpt>
      <trkpt lat="32.712500000000006" lon="34.989940000000004">
        <ele>239</ele>
        <time>2021-09-14T09:53:57Z</time>
      </trkpt>
      <trkpt lat="32.7124" lon="34.98962">
        <ele>239</ele>
        <time>2021-09-14T09:53:58Z</time>
      </trkpt>
      <trkpt lat="32.71237" lon="34.98935">
        <ele>239</ele>
        <time>2021-09-14T09:53:59Z</time>
      </trkpt>
      <trkpt lat="32.71233" lon="34.98922">
        <ele>239</ele>
        <time>2021-09-14T09:54:00Z</time>
      </trkpt>
      <trkpt lat="32.71228" lon="34.989020000000004">
        <ele>228</ele>
        <time>2021-09-14T09:54:01Z</time>
      </trkpt>
      <trkpt lat="32.712430000000005" lon="34.988730000000004">
        <ele>228</ele>
        <time>2021-09-14T09:54:02Z</time>
      </trkpt>
      <trkpt lat="32.71253" lon="34.988580000000006">
        <ele>228</ele>
        <time>2021-09-14T09:54:03Z</time>
      </trkpt>
      <trkpt lat="32.71267" lon="34.98827">
        <ele>224</ele>
        <time>2021-09-14T09:54:04Z</time>
      </trkpt>
      <trkpt lat="32.71282" lon="34.98785">
        <ele>199</ele>
        <time>2021-09-14T09:54:05Z</time>
      </trkpt>
      <trkpt lat="32.712810000000005" lon="34.98767">
        <ele>199</ele>
        <time>2021-09-14T09:54:06Z</time>
      </trkpt>
      <trkpt lat="32.71262" lon="34.98725">
        <ele>224</ele>
        <time>2021-09-14T09:54:07Z</time>
      </trkpt>
      <trkpt lat="32.71256" lon="34.987080000000006">
        <ele>224</ele>
        <time>2021-09-14T09:54:08Z</time>
      </trkpt>
      <trkpt lat="32.712160000000004" lon="34.986450000000005">
        <ele>222</ele>
        <time>2021-09-14T09:54:09Z</time>
      </trkpt>
      <trkpt lat="32.712360000000004" lon="34.98617">
        <ele>222</ele>
        <time>2021-09-14T09:54:10Z</time>
      </trkpt>
      <trkpt lat="32.712360000000004" lon="34.98599">
        <ele>222</ele>
        <time>2021-09-14T09:54:11Z</time>
      </trkpt>
      <trkpt lat="32.712300000000006" lon="34.9859">
        <ele>222</ele>
        <time>2021-09-14T09:54:12Z</time>
      </trkpt>
      <trkpt lat="32.712270000000004" lon="34.98579">
        <ele>215</ele>
        <time>2021-09-14T09:54:13Z</time>
      </trkpt>
      <trkpt lat="32.71226" lon="34.98563">
        <ele>215</ele>
        <time>2021-09-14T09:54:14Z</time>
      </trkpt>
      <trkpt lat="32.71229" lon="34.98547">
        <ele>215</ele>
        <time>2021-09-14T09:54:15Z</time>
      </trkpt>
      <trkpt lat="32.71222" lon="34.98519">
        <ele>215</ele>
        <time>2021-09-14T09:54:16Z</time>
      </trkpt>
      <trkpt lat="32.71217" lon="34.9851">
        <ele>215</ele>
        <time>2021-09-14T09:54:17Z</time>
      </trkpt>
      <trkpt lat="32.71215" lon="34.98501">
        <ele>215</ele>
        <time>2021-09-14T09:54:18Z</time>
      </trkpt>
      <trkpt lat="32.712160000000004" lon="34.984860000000005">
        <ele>206</ele>
        <time>2021-09-14T09:54:19Z</time>
      </trkpt>
      <trkpt lat="32.71222" lon="34.98467">
        <ele>206</ele>
        <time>2021-09-14T09:54:20Z</time>
      </trkpt>
      <trkpt lat="32.712210000000006" lon="34.98456">
        <ele>206</ele>
        <time>2021-09-14T09:54:21Z</time>
      </trkpt>
      <trkpt lat="32.71217" lon="34.98447">
        <ele>206</ele>
        <time>2021-09-14T09:54:22Z</time>
      </trkpt>
      <trkpt lat="32.71217" lon="34.98433">
        <ele>206</ele>
        <time>2021-09-14T09:54:23Z</time>
      </trkpt>
      <trkpt lat="32.712250000000004" lon="34.984">
        <ele>197</ele>
        <time>2021-09-14T09:54:24Z</time>
      </trkpt>
      <trkpt lat="32.712250000000004" lon="34.98389">
        <ele>197</ele>
        <time>2021-09-14T09:54:25Z</time>
      </trkpt>
      <trkpt lat="32.712270000000004" lon="34.9835">
        <ele>197</ele>
        <time>2021-09-14T09:54:26Z</time>
      </trkpt>
      <trkpt lat="32.712250000000004" lon="34.9834">
        <ele>197</ele>
        <time>2021-09-14T09:54:27Z</time>
      </trkpt>
      <trkpt lat="32.712300000000006" lon="34.98324">
        <ele>179</ele>
        <time>2021-09-14T09:54:28Z</time>
      </trkpt>
      <trkpt lat="32.71229" lon="34.98319">
        <ele>179</ele>
        <time>2021-09-14T09:54:29Z</time>
      </trkpt>
      <trkpt lat="32.71233" lon="34.98308">
        <ele>179</ele>
        <time>2021-09-14T09:54:30Z</time>
      </trkpt>
      <trkpt lat="32.712340000000005" lon="34.982710000000004">
        <ele>179</ele>
        <time>2021-09-14T09:54:31Z</time>
      </trkpt>
      <trkpt lat="32.712360000000004" lon="34.982600000000005">
        <ele>179</ele>
        <time>2021-09-14T09:54:32Z</time>
      </trkpt>
      <trkpt lat="32.712340000000005" lon="34.98257">
        <ele>179</ele>
        <time>2021-09-14T09:54:33Z</time>
      </trkpt>
      <trkpt lat="32.71235" lon="34.98248">
        <ele>151</ele>
        <time>2021-09-14T09:54:34Z</time>
      </trkpt>
      <trkpt lat="32.712360000000004" lon="34.982470000000006">
        <ele>151</ele>
        <time>2021-09-14T09:54:35Z</time>
      </trkpt>
      <trkpt lat="32.712360000000004" lon="34.98243">
        <ele>151</ele>
        <time>2021-09-14T09:54:36Z</time>
      </trkpt>
      <trkpt lat="32.71244" lon="34.98237">
        <ele>151</ele>
        <time>2021-09-14T09:54:37Z</time>
      </trkpt>
      <trkpt lat="32.712430000000005" lon="34.982380000000006">
        <ele>151</ele>
        <time>2021-09-14T09:54:38Z</time>
      </trkpt>
      <trkpt lat="32.712500000000006" lon="34.98236">
        <ele>151</ele>
        <time>2021-09-14T09:54:39Z</time>
      </trkpt>
      <trkpt lat="32.712590000000006" lon="34.982420000000005">
        <ele>151</ele>
        <time>2021-09-14T09:54:40Z</time>
      </trkpt>
      <trkpt lat="32.71266" lon="34.9825">
        <ele>151</ele>
        <time>2021-09-14T09:54:41Z</time>
      </trkpt>
      <trkpt lat="32.712680000000006" lon="34.9825">
        <ele>151</ele>
        <time>2021-09-14T09:54:42Z</time>
      </trkpt>
      <trkpt lat="32.71278" lon="34.982620000000004">
        <ele>117</ele>
        <time>2021-09-14T09:54:43Z</time>
      </trkpt>
      <trkpt lat="32.712830000000004" lon="34.98264">
        <ele>117</ele>
        <time>2021-09-14T09:54:44Z</time>
      </trkpt>
      <trkpt lat="32.71285" lon="34.982580000000006">
        <ele>117</ele>
        <time>2021-09-14T09:54:45Z</time>
      </trkpt>
      <trkpt lat="32.71284" lon="34.98255">
        <ele>117</ele>
        <time>2021-09-14T09:54:46Z</time>
      </trkpt>
      <trkpt lat="32.71286" lon="34.98254">
        <ele>117</ele>
        <time>2021-09-14T09:54:47Z</time>
      </trkpt>
      <trkpt lat="32.7128" lon="34.982400000000005">
        <ele>104</ele>
        <time>2021-09-14T09:54:48Z</time>
      </trkpt>
      <trkpt lat="32.712810000000005" lon="34.982350000000004">
        <ele>104</ele>
        <time>2021-09-14T09:54:49Z</time>
      </trkpt>
      <trkpt lat="32.712740000000004" lon="34.98221">
        <ele>104</ele>
        <time>2021-09-14T09:54:50Z</time>
      </trkpt>
      <trkpt lat="32.712700000000005" lon="34.98221">
        <ele>151</ele>
        <time>2021-09-14T09:54:51Z</time>
      </trkpt>
      <trkpt lat="32.712610000000005" lon="34.98208">
        <ele>151</ele>
        <time>2021-09-14T09:54:52Z</time>
      </trkpt>
      <trkpt lat="32.71258" lon="34.981910000000006">
        <ele>151</ele>
        <time>2021-09-14T09:54:53Z</time>
      </trkpt>
      <trkpt lat="32.71256" lon="34.98189">
        <ele>151</ele>
        <time>2021-09-14T09:54:54Z</time>
      </trkpt>
      <trkpt lat="32.71255" lon="34.981840000000005">
        <ele>151</ele>
        <time>2021-09-14T09:54:55Z</time>
      </trkpt>
      <trkpt lat="32.71247" lon="34.981790000000004">
        <ele>151</ele>
        <time>2021-09-14T09:54:56Z</time>
      </trkpt>
      <trkpt lat="32.7124" lon="34.9818">
        <ele>151</ele>
        <time>2021-09-14T09:54:57Z</time>
      </trkpt>
      <trkpt lat="32.71235" lon="34.98187">
        <ele>151</ele>
        <time>2021-09-14T09:54:58Z</time>
      </trkpt>
      <trkpt lat="32.71235" lon="34.98194">
        <ele>151</ele>
        <time>2021-09-14T09:54:59Z</time>
      </trkpt>
      <trkpt lat="32.71211" lon="34.982130000000005">
        <ele>151</ele>
        <time>2021-09-14T09:55:00Z</time>
      </trkpt>
      <trkpt lat="32.71206" lon="34.98219">
        <ele>151</ele>
        <time>2021-09-14T09:55:01Z</time>
      </trkpt>
      <trkpt lat="32.71206" lon="34.98223">
        <ele>151</ele>
        <time>2021-09-14T09:55:02Z</time>
      </trkpt>
      <trkpt lat="32.71195" lon="34.98232">
        <ele>151</ele>
        <time>2021-09-14T09:55:03Z</time>
      </trkpt>
      <trkpt lat="32.711890000000004" lon="34.982350000000004">
        <ele>131</ele>
        <time>2021-09-14T09:55:04Z</time>
      </trkpt>
      <trkpt lat="32.711740000000006" lon="34.98252">
        <ele>167</ele>
        <time>2021-09-14T09:55:05Z</time>
      </trkpt>
      <trkpt lat="32.71173" lon="34.98252">
        <ele>167</ele>
        <time>2021-09-14T09:55:06Z</time>
      </trkpt>
      <trkpt lat="32.711690000000004" lon="34.98245">
        <ele>131</ele>
        <time>2021-09-14T09:55:07Z</time>
      </trkpt>
      <trkpt lat="32.7117" lon="34.98236">
        <ele>131</ele>
        <time>2021-09-14T09:55:08Z</time>
      </trkpt>
      <trkpt lat="32.71168" lon="34.98227">
        <ele>131</ele>
        <time>2021-09-14T09:55:09Z</time>
      </trkpt>
      <trkpt lat="32.711710000000004" lon="34.982060000000004">
        <ele>131</ele>
        <time>2021-09-14T09:55:10Z</time>
      </trkpt>
      <trkpt lat="32.711690000000004" lon="34.981950000000005">
        <ele>131</ele>
        <time>2021-09-14T09:55:11Z</time>
      </trkpt>
      <trkpt lat="32.7117" lon="34.98192">
        <ele>131</ele>
        <time>2021-09-14T09:55:12Z</time>
      </trkpt>
      <trkpt lat="32.71173" lon="34.9819">
        <ele>131</ele>
        <time>2021-09-14T09:55:13Z</time>
      </trkpt>
      <trkpt lat="32.711780000000005" lon="34.98172">
        <ele>131</ele>
        <time>2021-09-14T09:55:14Z</time>
      </trkpt>
      <trkpt lat="32.711780000000005" lon="34.981660000000005">
        <ele>93</ele>
        <time>2021-09-14T09:55:15Z</time>
      </trkpt>
      <trkpt lat="32.711830000000006" lon="34.98149">
        <ele>93</ele>
        <time>2021-09-14T09:55:16Z</time>
      </trkpt>
      <trkpt lat="32.711830000000006" lon="34.98142">
        <ele>93</ele>
        <time>2021-09-14T09:55:17Z</time>
      </trkpt>
      <trkpt lat="32.71188" lon="34.981280000000005">
        <ele>93</ele>
        <time>2021-09-14T09:55:18Z</time>
      </trkpt>
      <trkpt lat="32.711890000000004" lon="34.98114">
        <ele>93</ele>
        <time>2021-09-14T09:55:19Z</time>
      </trkpt>
      <trkpt lat="32.71192" lon="34.981030000000004">
        <ele>120</ele>
        <time>2021-09-14T09:55:20Z</time>
      </trkpt>
      <trkpt lat="32.71201" lon="34.98089">
        <ele>103</ele>
        <time>2021-09-14T09:55:21Z</time>
      </trkpt>
      <trkpt lat="32.71201" lon="34.98089">
        <ele>103</ele>
        <time>2021-09-14T09:55:22Z</time>
      </trkpt>
      <extensions>
        <RoutingType xmlns="">Hike</RoutingType>
      </extensions>
    </trkseg>
    <trkseg>
      <trkpt lat="32.71201" lon="34.98089">
        <ele>103</ele>
        <time>2021-09-14T09:55:22Z</time>
      </trkpt>
      <trkpt lat="32.71206" lon="34.98082">
        <ele>86</ele>
        <time>2021-09-14T09:55:23Z</time>
      </trkpt>
      <trkpt lat="32.712210000000006" lon="34.980720000000005">
        <ele>86</ele>
        <time>2021-09-14T09:55:24Z</time>
      </trkpt>
      <trkpt lat="32.712250000000004" lon="34.980630000000005">
        <ele>86</ele>
        <time>2021-09-14T09:55:25Z</time>
      </trkpt>
      <trkpt lat="32.71233" lon="34.98055">
        <ele>86</ele>
        <time>2021-09-14T09:55:26Z</time>
      </trkpt>
      <trkpt lat="32.71238" lon="34.980470000000004">
        <ele>86</ele>
        <time>2021-09-14T09:55:27Z</time>
      </trkpt>
      <trkpt lat="32.712430000000005" lon="34.98046">
        <ele>86</ele>
        <time>2021-09-14T09:55:28Z</time>
      </trkpt>
      <trkpt lat="32.71247" lon="34.980290000000004">
        <ele>86</ele>
        <time>2021-09-14T09:55:29Z</time>
      </trkpt>
      <trkpt lat="32.7126" lon="34.980180000000004">
        <ele>86</ele>
        <time>2021-09-14T09:55:30Z</time>
      </trkpt>
      <trkpt lat="32.7126" lon="34.980090000000004">
        <ele>86</ele>
        <time>2021-09-14T09:55:31Z</time>
      </trkpt>
      <trkpt lat="32.71267" lon="34.97997">
        <ele>65</ele>
        <time>2021-09-14T09:55:32Z</time>
      </trkpt>
      <trkpt lat="32.71282" lon="34.979850000000006">
        <ele>61</ele>
        <time>2021-09-14T09:55:33Z</time>
      </trkpt>
      <trkpt lat="32.71284" lon="34.979870000000005">
        <ele>61</ele>
        <time>2021-09-14T09:55:34Z</time>
      </trkpt>
      <trkpt lat="32.71287" lon="34.97983">
        <ele>61</ele>
        <time>2021-09-14T09:55:35Z</time>
      </trkpt>
      <trkpt lat="32.71289" lon="34.97973">
        <ele>61</ele>
        <time>2021-09-14T09:55:36Z</time>
      </trkpt>
      <trkpt lat="32.71295" lon="34.97965">
        <ele>61</ele>
        <time>2021-09-14T09:55:37Z</time>
      </trkpt>
      <trkpt lat="32.712990000000005" lon="34.97954">
        <ele>61</ele>
        <time>2021-09-14T09:55:38Z</time>
      </trkpt>
      <trkpt lat="32.71296" lon="34.97948">
        <ele>61</ele>
        <time>2021-09-14T09:55:39Z</time>
      </trkpt>
      <trkpt lat="32.713080000000005" lon="34.97925">
        <ele>61</ele>
        <time>2021-09-14T09:55:40Z</time>
      </trkpt>
      <trkpt lat="32.71312" lon="34.97912">
        <ele>54</ele>
        <time>2021-09-14T09:55:41Z</time>
      </trkpt>
      <trkpt lat="32.71334" lon="34.97887">
        <ele>54</ele>
        <time>2021-09-14T09:55:42Z</time>
      </trkpt>
      <trkpt lat="32.71336" lon="34.97878">
        <ele>54</ele>
        <time>2021-09-14T09:55:43Z</time>
      </trkpt>
      <trkpt lat="32.71347" lon="34.978640000000006">
        <ele>54</ele>
        <time>2021-09-14T09:55:44Z</time>
      </trkpt>
      <trkpt lat="32.713390000000004" lon="34.97847">
        <ele>54</ele>
        <time>2021-09-14T09:55:45Z</time>
      </trkpt>
      <trkpt lat="32.713390000000004" lon="34.978440000000006">
        <ele>54</ele>
        <time>2021-09-14T09:55:46Z</time>
      </trkpt>
      <trkpt lat="32.71336" lon="34.97843">
        <ele>54</ele>
        <time>2021-09-14T09:55:47Z</time>
      </trkpt>
      <trkpt lat="32.71334" lon="34.978390000000005">
        <ele>54</ele>
        <time>2021-09-14T09:55:48Z</time>
      </trkpt>
      <trkpt lat="32.71332" lon="34.97818">
        <ele>54</ele>
        <time>2021-09-14T09:55:49Z</time>
      </trkpt>
      <trkpt lat="32.71334" lon="34.97809">
        <ele>54</ele>
        <time>2021-09-14T09:55:50Z</time>
      </trkpt>
      <trkpt lat="32.7134" lon="34.97805">
        <ele>54</ele>
        <time>2021-09-14T09:55:51Z</time>
      </trkpt>
      <trkpt lat="32.713440000000006" lon="34.97782">
        <ele>54</ele>
        <time>2021-09-14T09:55:52Z</time>
      </trkpt>
      <trkpt lat="32.713440000000006" lon="34.97782">
        <ele>54</ele>
        <time>2021-09-14T09:55:53Z</time>
      </trkpt>
      <trkpt lat="32.7135" lon="34.97753">
        <ele>54</ele>
        <time>2021-09-14T09:55:54Z</time>
      </trkpt>
      <trkpt lat="32.71354" lon="34.977430000000005">
        <ele>55</ele>
        <time>2021-09-14T09:55:55Z</time>
      </trkpt>
      <trkpt lat="32.71361" lon="34.977230000000006">
        <ele>53</ele>
        <time>2021-09-14T09:55:56Z</time>
      </trkpt>
      <trkpt lat="32.7139" lon="34.97744">
        <ele>53</ele>
        <time>2021-09-14T09:55:57Z</time>
      </trkpt>
      <trkpt lat="32.7139" lon="34.97744">
        <ele>53</ele>
        <time>2021-09-14T09:55:58Z</time>
      </trkpt>
      <trkpt lat="32.71361" lon="34.977230000000006">
        <ele>53</ele>
        <time>2021-09-14T09:55:59Z</time>
      </trkpt>
      <trkpt lat="32.7136" lon="34.97713">
        <ele>53</ele>
        <time>2021-09-14T09:56:00Z</time>
      </trkpt>
      <trkpt lat="32.713550000000005" lon="34.97697">
        <ele>55</ele>
        <time>2021-09-14T09:56:01Z</time>
      </trkpt>
      <trkpt lat="32.71358" lon="34.9769">
        <ele>53</ele>
        <time>2021-09-14T09:56:02Z</time>
      </trkpt>
      <trkpt lat="32.71359" lon="34.97674">
        <ele>53</ele>
        <time>2021-09-14T09:56:03Z</time>
      </trkpt>
      <trkpt lat="32.713530000000006" lon="34.976620000000004">
        <ele>62</ele>
        <time>2021-09-14T09:56:04Z</time>
      </trkpt>
      <trkpt lat="32.71342" lon="34.97655">
        <ele>62</ele>
        <time>2021-09-14T09:56:05Z</time>
      </trkpt>
      <trkpt lat="32.7134" lon="34.97648">
        <ele>62</ele>
        <time>2021-09-14T09:56:06Z</time>
      </trkpt>
      <trkpt lat="32.71325" lon="34.976330000000004">
        <ele>62</ele>
        <time>2021-09-14T09:56:07Z</time>
      </trkpt>
      <trkpt lat="32.713260000000005" lon="34.97627">
        <ele>62</ele>
        <time>2021-09-14T09:56:08Z</time>
      </trkpt>
      <trkpt lat="32.71314" lon="34.97608">
        <ele>62</ele>
        <time>2021-09-14T09:56:09Z</time>
      </trkpt>
      <trkpt lat="32.713100000000004" lon="34.97603">
        <ele>62</ele>
        <time>2021-09-14T09:56:10Z</time>
      </trkpt>
      <trkpt lat="32.71311" lon="34.975970000000004">
        <ele>62</ele>
        <time>2021-09-14T09:56:11Z</time>
      </trkpt>
      <trkpt lat="32.713010000000004" lon="34.97587">
        <ele>62</ele>
        <time>2021-09-14T09:56:12Z</time>
      </trkpt>
      <trkpt lat="32.712970000000006" lon="34.97581">
        <ele>64</ele>
        <time>2021-09-14T09:56:13Z</time>
      </trkpt>
      <trkpt lat="32.71291" lon="34.975820000000006">
        <ele>64</ele>
        <time>2021-09-14T09:56:14Z</time>
      </trkpt>
      <trkpt lat="32.71286" lon="34.975770000000004">
        <ele>64</ele>
        <time>2021-09-14T09:56:15Z</time>
      </trkpt>
      <trkpt lat="32.7128" lon="34.975750000000005">
        <ele>64</ele>
        <time>2021-09-14T09:56:16Z</time>
      </trkpt>
      <trkpt lat="32.71275" lon="34.9757">
        <ele>64</ele>
        <time>2021-09-14T09:56:17Z</time>
      </trkpt>
      <trkpt lat="32.71271" lon="34.97558">
        <ele>100</ele>
        <time>2021-09-14T09:56:18Z</time>
      </trkpt>
      <trkpt lat="32.71262" lon="34.97545">
        <ele>100</ele>
        <time>2021-09-14T09:56:19Z</time>
      </trkpt>
      <trkpt lat="32.71258" lon="34.975260000000006">
        <ele>100</ele>
        <time>2021-09-14T09:56:20Z</time>
      </trkpt>
      <trkpt lat="32.71255" lon="34.975210000000004">
        <ele>100</ele>
        <time>2021-09-14T09:56:21Z</time>
      </trkpt>
      <trkpt lat="32.71248" lon="34.9752">
        <ele>100</ele>
        <time>2021-09-14T09:56:22Z</time>
      </trkpt>
      <trkpt lat="32.712430000000005" lon="34.975150000000006">
        <ele>100</ele>
        <time>2021-09-14T09:56:23Z</time>
      </trkpt>
      <trkpt lat="32.71231" lon="34.97516">
        <ele>100</ele>
        <time>2021-09-14T09:56:24Z</time>
      </trkpt>
      <trkpt lat="32.712270000000004" lon="34.975010000000005">
        <ele>90</ele>
        <time>2021-09-14T09:56:25Z</time>
      </trkpt>
      <trkpt lat="32.712180000000004" lon="34.97493">
        <ele>90</ele>
        <time>2021-09-14T09:56:26Z</time>
      </trkpt>
      <trkpt lat="32.71206" lon="34.974880000000006">
        <ele>90</ele>
        <time>2021-09-14T09:56:27Z</time>
      </trkpt>
      <trkpt lat="32.71201" lon="34.974830000000004">
        <ele>90</ele>
        <time>2021-09-14T09:56:28Z</time>
      </trkpt>
      <trkpt lat="32.71197" lon="34.97487">
        <ele>90</ele>
        <time>2021-09-14T09:56:29Z</time>
      </trkpt>
      <trkpt lat="32.7119" lon="34.974810000000005">
        <ele>135</ele>
        <time>2021-09-14T09:56:30Z</time>
      </trkpt>
      <trkpt lat="32.711870000000005" lon="34.974810000000005">
        <ele>135</ele>
        <time>2021-09-14T09:56:31Z</time>
      </trkpt>
      <trkpt lat="32.711890000000004" lon="34.974740000000004">
        <ele>135</ele>
        <time>2021-09-14T09:56:32Z</time>
      </trkpt>
      <trkpt lat="32.711890000000004" lon="34.9746">
        <ele>135</ele>
        <time>2021-09-14T09:56:33Z</time>
      </trkpt>
      <trkpt lat="32.711870000000005" lon="34.974520000000005">
        <ele>135</ele>
        <time>2021-09-14T09:56:34Z</time>
      </trkpt>
      <trkpt lat="32.711890000000004" lon="34.974450000000004">
        <ele>135</ele>
        <time>2021-09-14T09:56:35Z</time>
      </trkpt>
      <trkpt lat="32.711870000000005" lon="34.97437">
        <ele>135</ele>
        <time>2021-09-14T09:56:36Z</time>
      </trkpt>
      <trkpt lat="32.71193" lon="34.97406">
        <ele>86</ele>
        <time>2021-09-14T09:56:37Z</time>
      </trkpt>
      <trkpt lat="32.711890000000004" lon="34.97401">
        <ele>125</ele>
        <time>2021-09-14T09:56:38Z</time>
      </trkpt>
      <trkpt lat="32.711940000000006" lon="34.97395">
        <ele>86</ele>
        <time>2021-09-14T09:56:39Z</time>
      </trkpt>
      <trkpt lat="32.71192" lon="34.973890000000004">
        <ele>86</ele>
        <time>2021-09-14T09:56:40Z</time>
      </trkpt>
      <trkpt lat="32.711870000000005" lon="34.97384">
        <ele>125</ele>
        <time>2021-09-14T09:56:41Z</time>
      </trkpt>
      <trkpt lat="32.71181" lon="34.97383">
        <ele>125</ele>
        <time>2021-09-14T09:56:42Z</time>
      </trkpt>
      <trkpt lat="32.7117" lon="34.9739">
        <ele>125</ele>
        <time>2021-09-14T09:56:43Z</time>
      </trkpt>
      <trkpt lat="32.711650000000006" lon="34.973850000000006">
        <ele>125</ele>
        <time>2021-09-14T09:56:44Z</time>
      </trkpt>
      <trkpt lat="32.711650000000006" lon="34.973850000000006">
        <ele>125</ele>
        <time>2021-09-14T09:56:45Z</time>
      </trkpt>
      <trkpt lat="32.71159" lon="34.97372">
        <ele>125</ele>
        <time>2021-09-14T09:56:46Z</time>
      </trkpt>
      <trkpt lat="32.71161" lon="34.97364">
        <ele>125</ele>
        <time>2021-09-14T09:56:47Z</time>
      </trkpt>
      <trkpt lat="32.711650000000006" lon="34.973560000000006">
        <ele>125</ele>
        <time>2021-09-14T09:56:48Z</time>
      </trkpt>
      <trkpt lat="32.71161" lon="34.973510000000005">
        <ele>125</ele>
        <time>2021-09-14T09:56:49Z</time>
      </trkpt>
      <trkpt lat="32.71159" lon="34.97337">
        <ele>125</ele>
        <time>2021-09-14T09:56:50Z</time>
      </trkpt>
      <trkpt lat="32.711490000000005" lon="34.97328">
        <ele>114</ele>
        <time>2021-09-14T09:56:51Z</time>
      </trkpt>
      <extensions>
        <RoutingType xmlns="">Hike</RoutingType>
      </extensions>
    </trkseg>
    <trkseg>
      <trkpt lat="32.711490000000005" lon="34.97328">
        <ele>114</ele>
        <time>2021-09-14T09:56:51Z</time>
      </trkpt>
      <trkpt lat="32.71144" lon="34.97327">
        <ele>114</ele>
        <time>2021-09-14T09:56:52Z</time>
      </trkpt>
      <trkpt lat="32.71139" lon="34.97323">
        <ele>114</ele>
        <time>2021-09-14T09:56:53Z</time>
      </trkpt>
      <trkpt lat="32.71132" lon="34.97323">
        <ele>114</ele>
        <time>2021-09-14T09:56:54Z</time>
      </trkpt>
      <trkpt lat="32.71125" lon="34.97326">
        <ele>114</ele>
        <time>2021-09-14T09:56:55Z</time>
      </trkpt>
      <trkpt lat="32.71112" lon="34.97325">
        <ele>114</ele>
        <time>2021-09-14T09:56:56Z</time>
      </trkpt>
      <trkpt lat="32.71101" lon="34.97326">
        <ele>121</ele>
        <time>2021-09-14T09:56:57Z</time>
      </trkpt>
      <trkpt lat="32.710930000000005" lon="34.97337">
        <ele>138</ele>
        <time>2021-09-14T09:56:58Z</time>
      </trkpt>
      <trkpt lat="32.71083" lon="34.97354">
        <ele>138</ele>
        <time>2021-09-14T09:56:59Z</time>
      </trkpt>
      <trkpt lat="32.71081" lon="34.973600000000005">
        <ele>138</ele>
        <time>2021-09-14T09:57:00Z</time>
      </trkpt>
      <trkpt lat="32.710770000000004" lon="34.97364">
        <ele>138</ele>
        <time>2021-09-14T09:57:01Z</time>
      </trkpt>
      <trkpt lat="32.710730000000005" lon="34.97381">
        <ele>138</ele>
        <time>2021-09-14T09:57:02Z</time>
      </trkpt>
      <trkpt lat="32.710640000000005" lon="34.97399">
        <ele>138</ele>
        <time>2021-09-14T09:57:03Z</time>
      </trkpt>
      <trkpt lat="32.71083" lon="34.974180000000004">
        <ele>138</ele>
        <time>2021-09-14T09:57:04Z</time>
      </trkpt>
      <trkpt lat="32.71092" lon="34.97429">
        <ele>156</ele>
        <time>2021-09-14T09:57:05Z</time>
      </trkpt>
      <trkpt lat="32.71114" lon="34.97462">
        <ele>135</ele>
        <time>2021-09-14T09:57:06Z</time>
      </trkpt>
      <trkpt lat="32.71097" lon="34.97475">
        <ele>156</ele>
        <time>2021-09-14T09:57:07Z</time>
      </trkpt>
      <trkpt lat="32.71094" lon="34.974810000000005">
        <ele>156</ele>
        <time>2021-09-14T09:57:08Z</time>
      </trkpt>
      <trkpt lat="32.71085" lon="34.97489">
        <ele>156</ele>
        <time>2021-09-14T09:57:09Z</time>
      </trkpt>
      <trkpt lat="32.71089" lon="34.97495">
        <ele>156</ele>
        <time>2021-09-14T09:57:10Z</time>
      </trkpt>
      <trkpt lat="32.71094" lon="34.97498">
        <ele>156</ele>
        <time>2021-09-14T09:57:11Z</time>
      </trkpt>
      <trkpt lat="32.71088" lon="34.97498">
        <ele>156</ele>
        <time>2021-09-14T09:57:12Z</time>
      </trkpt>
      <trkpt lat="32.7109" lon="34.97505">
        <ele>170</ele>
        <time>2021-09-14T09:57:13Z</time>
      </trkpt>
      <trkpt lat="32.71087" lon="34.97511">
        <ele>170</ele>
        <time>2021-09-14T09:57:14Z</time>
      </trkpt>
      <trkpt lat="32.71092" lon="34.97523">
        <ele>170</ele>
        <time>2021-09-14T09:57:15Z</time>
      </trkpt>
      <trkpt lat="32.71097" lon="34.97527">
        <ele>170</ele>
        <time>2021-09-14T09:57:16Z</time>
      </trkpt>
      <trkpt lat="32.71094" lon="34.975410000000004">
        <ele>170</ele>
        <time>2021-09-14T09:57:17Z</time>
      </trkpt>
      <trkpt lat="32.7109" lon="34.97545">
        <ele>170</ele>
        <time>2021-09-14T09:57:18Z</time>
      </trkpt>
      <trkpt lat="32.710840000000005" lon="34.975440000000006">
        <ele>170</ele>
        <time>2021-09-14T09:57:19Z</time>
      </trkpt>
      <trkpt lat="32.71067" lon="34.975620000000006">
        <ele>170</ele>
        <time>2021-09-14T09:57:20Z</time>
      </trkpt>
      <trkpt lat="32.71063" lon="34.97569">
        <ele>170</ele>
        <time>2021-09-14T09:57:21Z</time>
      </trkpt>
      <trkpt lat="32.7106" lon="34.97585">
        <ele>169</ele>
        <time>2021-09-14T09:57:22Z</time>
      </trkpt>
      <trkpt lat="32.710570000000004" lon="34.975910000000006">
        <ele>169</ele>
        <time>2021-09-14T09:57:23Z</time>
      </trkpt>
      <trkpt lat="32.71056" lon="34.97598">
        <ele>169</ele>
        <time>2021-09-14T09:57:24Z</time>
      </trkpt>
      <trkpt lat="32.71045" lon="34.976150000000004">
        <ele>169</ele>
        <time>2021-09-14T09:57:25Z</time>
      </trkpt>
      <trkpt lat="32.710460000000005" lon="34.976290000000006">
        <ele>169</ele>
        <time>2021-09-14T09:57:26Z</time>
      </trkpt>
      <trkpt lat="32.71036" lon="34.976380000000006">
        <ele>169</ele>
        <time>2021-09-14T09:57:27Z</time>
      </trkpt>
      <trkpt lat="32.71034" lon="34.976530000000004">
        <ele>169</ele>
        <time>2021-09-14T09:57:28Z</time>
      </trkpt>
      <trkpt lat="32.710300000000004" lon="34.976600000000005">
        <ele>169</ele>
        <time>2021-09-14T09:57:29Z</time>
      </trkpt>
      <trkpt lat="32.71034" lon="34.97666">
        <ele>169</ele>
        <time>2021-09-14T09:57:30Z</time>
      </trkpt>
      <trkpt lat="32.71031" lon="34.97675">
        <ele>156</ele>
        <time>2021-09-14T09:57:31Z</time>
      </trkpt>
      <trkpt lat="32.710260000000005" lon="34.976800000000004">
        <ele>156</ele>
        <time>2021-09-14T09:57:32Z</time>
      </trkpt>
      <trkpt lat="32.710190000000004" lon="34.976800000000004">
        <ele>172</ele>
        <time>2021-09-14T09:57:33Z</time>
      </trkpt>
      <trkpt lat="32.71007" lon="34.976870000000005">
        <ele>172</ele>
        <time>2021-09-14T09:57:34Z</time>
      </trkpt>
      <trkpt lat="32.70996" lon="34.976940000000006">
        <ele>172</ele>
        <time>2021-09-14T09:57:35Z</time>
      </trkpt>
      <trkpt lat="32.70987" lon="34.977320000000006">
        <ele>172</ele>
        <time>2021-09-14T09:57:36Z</time>
      </trkpt>
      <trkpt lat="32.70969" lon="34.977470000000004">
        <ele>172</ele>
        <time>2021-09-14T09:57:37Z</time>
      </trkpt>
      <trkpt lat="32.709500000000006" lon="34.977740000000004">
        <ele>166</ele>
        <time>2021-09-14T09:57:38Z</time>
      </trkpt>
      <trkpt lat="32.709430000000005" lon="34.97782">
        <ele>166</ele>
        <time>2021-09-14T09:57:39Z</time>
      </trkpt>
      <trkpt lat="32.709340000000005" lon="34.97786">
        <ele>181</ele>
        <time>2021-09-14T09:57:40Z</time>
      </trkpt>
      <trkpt lat="32.709050000000005" lon="34.977970000000006">
        <ele>181</ele>
        <time>2021-09-14T09:57:41Z</time>
      </trkpt>
      <trkpt lat="32.7089" lon="34.97809">
        <ele>181</ele>
        <time>2021-09-14T09:57:42Z</time>
      </trkpt>
      <trkpt lat="32.70884" lon="34.978170000000006">
        <ele>181</ele>
        <time>2021-09-14T09:57:43Z</time>
      </trkpt>
      <trkpt lat="32.70863" lon="34.97867">
        <ele>188</ele>
        <time>2021-09-14T09:57:44Z</time>
      </trkpt>
      <trkpt lat="32.70848" lon="34.978950000000005">
        <ele>188.5</ele>
        <time>2021-09-14T09:57:45Z</time>
      </trkpt>
      <trkpt lat="32.70848" lon="34.978950000000005">
        <ele>188.5</ele>
        <time>2021-09-14T09:57:46Z</time>
      </trkpt>
      <trkpt lat="32.70816" lon="34.97932">
        <ele>192</ele>
        <time>2021-09-14T09:57:47Z</time>
      </trkpt>
      <trkpt lat="32.70796" lon="34.97972">
        <ele>192</ele>
        <time>2021-09-14T09:57:48Z</time>
      </trkpt>
      <trkpt lat="32.70763" lon="34.9801">
        <ele>186</ele>
        <time>2021-09-14T09:57:49Z</time>
      </trkpt>
      <trkpt lat="32.707480000000004" lon="34.98058">
        <ele>186</ele>
        <time>2021-09-14T09:57:50Z</time>
      </trkpt>
      <trkpt lat="32.70738" lon="34.98073">
        <ele>186</ele>
        <time>2021-09-14T09:57:51Z</time>
      </trkpt>
      <trkpt lat="32.707300000000004" lon="34.980990000000006">
        <ele>183</ele>
        <time>2021-09-14T09:57:52Z</time>
      </trkpt>
      <trkpt lat="32.70725" lon="34.981280000000005">
        <ele>183</ele>
        <time>2021-09-14T09:57:53Z</time>
      </trkpt>
      <trkpt lat="32.70721" lon="34.981370000000005">
        <ele>183</ele>
        <time>2021-09-14T09:57:54Z</time>
      </trkpt>
      <trkpt lat="32.70703" lon="34.981550000000006">
        <ele>183</ele>
        <time>2021-09-14T09:57:55Z</time>
      </trkpt>
      <trkpt lat="32.706970000000005" lon="34.98165">
        <ele>183</ele>
        <time>2021-09-14T09:57:56Z</time>
      </trkpt>
      <trkpt lat="32.706920000000004" lon="34.98189">
        <ele>173</ele>
        <time>2021-09-14T09:57:57Z</time>
      </trkpt>
      <trkpt lat="32.706810000000004" lon="34.98221">
        <ele>177</ele>
        <time>2021-09-14T09:57:58Z</time>
      </trkpt>
      <trkpt lat="32.70671" lon="34.98234">
        <ele>177</ele>
        <time>2021-09-14T09:57:59Z</time>
      </trkpt>
      <trkpt lat="32.70656" lon="34.9825">
        <ele>177</ele>
        <time>2021-09-14T09:58:00Z</time>
      </trkpt>
      <trkpt lat="32.70644" lon="34.982620000000004">
        <ele>174</ele>
        <time>2021-09-14T09:58:01Z</time>
      </trkpt>
      <trkpt lat="32.70638" lon="34.98265">
        <ele>174</ele>
        <time>2021-09-14T09:58:02Z</time>
      </trkpt>
      <trkpt lat="32.70631" lon="34.982670000000006">
        <ele>174</ele>
        <time>2021-09-14T09:58:03Z</time>
      </trkpt>
      <trkpt lat="32.70584" lon="34.98263">
        <ele>175</ele>
        <time>2021-09-14T09:58:04Z</time>
      </trkpt>
      <trkpt lat="32.70553" lon="34.98255">
        <ele>175</ele>
        <time>2021-09-14T09:58:05Z</time>
      </trkpt>
      <trkpt lat="32.70541" lon="34.98254">
        <ele>175</ele>
        <time>2021-09-14T09:58:06Z</time>
      </trkpt>
      <trkpt lat="32.705310000000004" lon="34.982580000000006">
        <ele>175</ele>
        <time>2021-09-14T09:58:07Z</time>
      </trkpt>
      <trkpt lat="32.70525" lon="34.98263">
        <ele>175</ele>
        <time>2021-09-14T09:58:08Z</time>
      </trkpt>
      <trkpt lat="32.70508" lon="34.982910000000004">
        <ele>163</ele>
        <time>2021-09-14T09:58:09Z</time>
      </trkpt>
      <trkpt lat="32.70496" lon="34.98304">
        <ele>163</ele>
        <time>2021-09-14T09:58:10Z</time>
      </trkpt>
      <trkpt lat="32.70485" lon="34.98311">
        <ele>163</ele>
        <time>2021-09-14T09:58:11Z</time>
      </trkpt>
      <trkpt lat="32.704640000000005" lon="34.983070000000005">
        <ele>163</ele>
        <time>2021-09-14T09:58:12Z</time>
      </trkpt>
      <trkpt lat="32.70458" lon="34.98304">
        <ele>163</ele>
        <time>2021-09-14T09:58:13Z</time>
      </trkpt>
      <trkpt lat="32.704530000000005" lon="34.982940000000006">
        <ele>163</ele>
        <time>2021-09-14T09:58:14Z</time>
      </trkpt>
      <trkpt lat="32.704530000000005" lon="34.98284">
        <ele>163</ele>
        <time>2021-09-14T09:58:15Z</time>
      </trkpt>
      <trkpt lat="32.70459" lon="34.98263">
        <ele>163</ele>
        <time>2021-09-14T09:58:16Z</time>
      </trkpt>
      <trkpt lat="32.70459" lon="34.98256">
        <ele>163</ele>
        <time>2021-09-14T09:58:17Z</time>
      </trkpt>
      <trkpt lat="32.704550000000005" lon="34.982470000000006">
        <ele>151</ele>
        <time>2021-09-14T09:58:18Z</time>
      </trkpt>
      <trkpt lat="32.7045" lon="34.98241">
        <ele>151</ele>
        <time>2021-09-14T09:58:19Z</time>
      </trkpt>
      <trkpt lat="32.704420000000006" lon="34.98236">
        <ele>151</ele>
        <time>2021-09-14T09:58:20Z</time>
      </trkpt>
      <extensions>
        <RoutingType xmlns="">Hike</RoutingType>
      </extensions>
    </trkseg>
    <trkseg>
      <trkpt lat="32.704420000000006" lon="34.98236">
        <ele>151</ele>
        <time>2021-09-14T09:58:20Z</time>
      </trkpt>
      <trkpt lat="32.7042" lon="34.982290000000006">
        <ele>144</ele>
        <time>2021-09-14T09:58:21Z</time>
      </trkpt>
      <trkpt lat="32.70403" lon="34.98228">
        <ele>144</ele>
        <time>2021-09-14T09:58:22Z</time>
      </trkpt>
      <trkpt lat="32.70367" lon="34.98236">
        <ele>144</ele>
        <time>2021-09-14T09:58:23Z</time>
      </trkpt>
      <trkpt lat="32.703500000000005" lon="34.98236">
        <ele>138</ele>
        <time>2021-09-14T09:58:24Z</time>
      </trkpt>
      <trkpt lat="32.702780000000004" lon="34.98225">
        <ele>138</ele>
        <time>2021-09-14T09:58:25Z</time>
      </trkpt>
      <trkpt lat="32.702650000000006" lon="34.98219">
        <ele>135</ele>
        <time>2021-09-14T09:58:26Z</time>
      </trkpt>
      <trkpt lat="32.70234" lon="34.981950000000005">
        <ele>135</ele>
        <time>2021-09-14T09:58:27Z</time>
      </trkpt>
      <trkpt lat="32.70264" lon="34.98095">
        <ele>128</ele>
        <time>2021-09-14T09:58:28Z</time>
      </trkpt>
      <trkpt lat="32.702560000000005" lon="34.98091">
        <ele>128</ele>
        <time>2021-09-14T09:58:29Z</time>
      </trkpt>
      <trkpt lat="32.70255" lon="34.980760000000004">
        <ele>120</ele>
        <time>2021-09-14T09:58:30Z</time>
      </trkpt>
      <trkpt lat="32.702580000000005" lon="34.980700000000006">
        <ele>120</ele>
        <time>2021-09-14T09:58:31Z</time>
      </trkpt>
      <trkpt lat="32.702650000000006" lon="34.9802">
        <ele>120</ele>
        <time>2021-09-14T09:58:32Z</time>
      </trkpt>
      <trkpt lat="32.702580000000005" lon="34.97992">
        <ele>110</ele>
        <time>2021-09-14T09:58:33Z</time>
      </trkpt>
      <trkpt lat="32.70248" lon="34.979670000000006">
        <ele>110</ele>
        <time>2021-09-14T09:58:34Z</time>
      </trkpt>
      <trkpt lat="32.70226" lon="34.97934">
        <ele>110</ele>
        <time>2021-09-14T09:58:35Z</time>
      </trkpt>
      <trkpt lat="32.70219" lon="34.9791">
        <ele>102</ele>
        <time>2021-09-14T09:58:36Z</time>
      </trkpt>
      <trkpt lat="32.702130000000004" lon="34.97907">
        <ele>102</ele>
        <time>2021-09-14T09:58:37Z</time>
      </trkpt>
      <trkpt lat="32.702090000000005" lon="34.97901">
        <ele>102</ele>
        <time>2021-09-14T09:58:38Z</time>
      </trkpt>
      <trkpt lat="32.70197" lon="34.97899">
        <ele>102</ele>
        <time>2021-09-14T09:58:39Z</time>
      </trkpt>
      <trkpt lat="32.70192" lon="34.97896">
        <ele>102</ele>
        <time>2021-09-14T09:58:40Z</time>
      </trkpt>
      <trkpt lat="32.70178" lon="34.978640000000006">
        <ele>107</ele>
        <time>2021-09-14T09:58:41Z</time>
      </trkpt>
      <trkpt lat="32.701710000000006" lon="34.97845">
        <ele>107</ele>
        <time>2021-09-14T09:58:42Z</time>
      </trkpt>
      <trkpt lat="32.70167" lon="34.9784">
        <ele>107</ele>
        <time>2021-09-14T09:58:43Z</time>
      </trkpt>
      <trkpt lat="32.701600000000006" lon="34.9782">
        <ele>85</ele>
        <time>2021-09-14T09:58:44Z</time>
      </trkpt>
      <trkpt lat="32.70161" lon="34.97813">
        <ele>85</ele>
        <time>2021-09-14T09:58:45Z</time>
      </trkpt>
      <trkpt lat="32.70158" lon="34.97793">
        <ele>85</ele>
        <time>2021-09-14T09:58:46Z</time>
      </trkpt>
      <trkpt lat="32.70156" lon="34.97787">
        <ele>85</ele>
        <time>2021-09-14T09:58:47Z</time>
      </trkpt>
      <trkpt lat="32.7015" lon="34.97777">
        <ele>85</ele>
        <time>2021-09-14T09:58:48Z</time>
      </trkpt>
      <trkpt lat="32.7015" lon="34.97777">
        <ele>85</ele>
        <time>2021-09-14T09:58:49Z</time>
      </trkpt>
      <trkpt lat="32.70141" lon="34.977650000000004">
        <ele>85</ele>
        <time>2021-09-14T09:58:50Z</time>
      </trkpt>
      <trkpt lat="32.7013" lon="34.977650000000004">
        <ele>85</ele>
        <time>2021-09-14T09:58:51Z</time>
      </trkpt>
      <trkpt lat="32.701240000000006" lon="34.977630000000005">
        <ele>85</ele>
        <time>2021-09-14T09:58:52Z</time>
      </trkpt>
      <trkpt lat="32.70121" lon="34.97758">
        <ele>85</ele>
        <time>2021-09-14T09:58:53Z</time>
      </trkpt>
      <trkpt lat="32.70114" lon="34.977540000000005">
        <ele>85</ele>
        <time>2021-09-14T09:58:54Z</time>
      </trkpt>
      <trkpt lat="32.70114" lon="34.97748">
        <ele>73</ele>
        <time>2021-09-14T09:58:55Z</time>
      </trkpt>
      <trkpt lat="32.70112" lon="34.977410000000006">
        <ele>73</ele>
        <time>2021-09-14T09:58:56Z</time>
      </trkpt>
      <trkpt lat="32.701040000000006" lon="34.97731">
        <ele>67</ele>
        <time>2021-09-14T09:58:57Z</time>
      </trkpt>
      <trkpt lat="32.70098" lon="34.977270000000004">
        <ele>67</ele>
        <time>2021-09-14T09:58:58Z</time>
      </trkpt>
      <trkpt lat="32.700860000000006" lon="34.97726">
        <ele>67</ele>
        <time>2021-09-14T09:58:59Z</time>
      </trkpt>
      <trkpt lat="32.700630000000004" lon="34.977320000000006">
        <ele>67</ele>
        <time>2021-09-14T09:59:00Z</time>
      </trkpt>
      <trkpt lat="32.70053" lon="34.97722">
        <ele>67</ele>
        <time>2021-09-14T09:59:01Z</time>
      </trkpt>
      <trkpt lat="32.700450000000004" lon="34.977030000000006">
        <ele>67</ele>
        <time>2021-09-14T09:59:02Z</time>
      </trkpt>
      <trkpt lat="32.700450000000004" lon="34.97695">
        <ele>67</ele>
        <time>2021-09-14T09:59:03Z</time>
      </trkpt>
      <trkpt lat="32.700480000000006" lon="34.97675">
        <ele>67</ele>
        <time>2021-09-14T09:59:04Z</time>
      </trkpt>
      <trkpt lat="32.70049" lon="34.976620000000004">
        <ele>60</ele>
        <time>2021-09-14T09:59:05Z</time>
      </trkpt>
      <trkpt lat="32.70037" lon="34.97655">
        <ele>60</ele>
        <time>2021-09-14T09:59:06Z</time>
      </trkpt>
      <trkpt lat="32.700320000000005" lon="34.97654">
        <ele>60</ele>
        <time>2021-09-14T09:59:07Z</time>
      </trkpt>
      <trkpt lat="32.70027" lon="34.976490000000005">
        <ele>60</ele>
        <time>2021-09-14T09:59:08Z</time>
      </trkpt>
      <trkpt lat="32.700230000000005" lon="34.976420000000005">
        <ele>55</ele>
        <time>2021-09-14T09:59:09Z</time>
      </trkpt>
      <trkpt lat="32.7002" lon="34.976290000000006">
        <ele>55</ele>
        <time>2021-09-14T09:59:10Z</time>
      </trkpt>
      <trkpt lat="32.7" lon="34.976110000000006">
        <ele>55</ele>
        <time>2021-09-14T09:59:11Z</time>
      </trkpt>
      <trkpt lat="32.69997" lon="34.976040000000005">
        <ele>55</ele>
        <time>2021-09-14T09:59:12Z</time>
      </trkpt>
      <trkpt lat="32.699940000000005" lon="34.975910000000006">
        <ele>55</ele>
        <time>2021-09-14T09:59:13Z</time>
      </trkpt>
      <trkpt lat="32.69984" lon="34.97563">
        <ele>54</ele>
        <time>2021-09-14T09:59:14Z</time>
      </trkpt>
      <trkpt lat="32.699870000000004" lon="34.97551">
        <ele>54</ele>
        <time>2021-09-14T09:59:15Z</time>
      </trkpt>
      <trkpt lat="32.699760000000005" lon="34.975480000000005">
        <ele>54</ele>
        <time>2021-09-14T09:59:16Z</time>
      </trkpt>
      <trkpt lat="32.69971" lon="34.97549">
        <ele>54</ele>
        <time>2021-09-14T09:59:17Z</time>
      </trkpt>
      <trkpt lat="32.69964" lon="34.97552">
        <ele>54</ele>
        <time>2021-09-14T09:59:18Z</time>
      </trkpt>
      <trkpt lat="32.699540000000006" lon="34.975620000000006">
        <ele>54</ele>
        <time>2021-09-14T09:59:19Z</time>
      </trkpt>
      <trkpt lat="32.699380000000005" lon="34.97585">
        <ele>63</ele>
        <time>2021-09-14T09:59:20Z</time>
      </trkpt>
      <trkpt lat="32.69914" lon="34.97608">
        <ele>63</ele>
        <time>2021-09-14T09:59:21Z</time>
      </trkpt>
      <trkpt lat="32.699000000000005" lon="34.976310000000005">
        <ele>63</ele>
        <time>2021-09-14T09:59:22Z</time>
      </trkpt>
      <trkpt lat="32.69894" lon="34.97634">
        <ele>63</ele>
        <time>2021-09-14T09:59:23Z</time>
      </trkpt>
      <trkpt lat="32.698890000000006" lon="34.97632">
        <ele>63</ele>
        <time>2021-09-14T09:59:24Z</time>
      </trkpt>
      <trkpt lat="32.69886" lon="34.97625">
        <ele>63</ele>
        <time>2021-09-14T09:59:25Z</time>
      </trkpt>
      <trkpt lat="32.6989" lon="34.97587">
        <ele>63</ele>
        <time>2021-09-14T09:59:26Z</time>
      </trkpt>
      <trkpt lat="32.698890000000006" lon="34.97572">
        <ele>68</ele>
        <time>2021-09-14T09:59:27Z</time>
      </trkpt>
      <trkpt lat="32.69883" lon="34.97542">
        <ele>68</ele>
        <time>2021-09-14T09:59:28Z</time>
      </trkpt>
      <trkpt lat="32.69878" lon="34.975300000000004">
        <ele>68</ele>
        <time>2021-09-14T09:59:29Z</time>
      </trkpt>
      <trkpt lat="32.69867" lon="34.97511">
        <ele>68</ele>
        <time>2021-09-14T09:59:30Z</time>
      </trkpt>
      <trkpt lat="32.69859" lon="34.975010000000005">
        <ele>69</ele>
        <time>2021-09-14T09:59:31Z</time>
      </trkpt>
      <trkpt lat="32.69839" lon="34.974900000000005">
        <ele>78</ele>
        <time>2021-09-14T09:59:32Z</time>
      </trkpt>
      <trkpt lat="32.698330000000006" lon="34.97486">
        <ele>78</ele>
        <time>2021-09-14T09:59:33Z</time>
      </trkpt>
      <trkpt lat="32.698240000000006" lon="34.97476">
        <ele>78</ele>
        <time>2021-09-14T09:59:34Z</time>
      </trkpt>
      <trkpt lat="32.69816" lon="34.97449">
        <ele>78</ele>
        <time>2021-09-14T09:59:35Z</time>
      </trkpt>
      <trkpt lat="32.698060000000005" lon="34.974270000000004">
        <ele>78</ele>
        <time>2021-09-14T09:59:36Z</time>
      </trkpt>
      <trkpt lat="32.698010000000004" lon="34.97411">
        <ele>71</ele>
        <time>2021-09-14T09:59:37Z</time>
      </trkpt>
      <trkpt lat="32.698" lon="34.97393">
        <ele>71</ele>
        <time>2021-09-14T09:59:38Z</time>
      </trkpt>
      <trkpt lat="32.698010000000004" lon="34.973780000000005">
        <ele>71</ele>
        <time>2021-09-14T09:59:39Z</time>
      </trkpt>
      <trkpt lat="32.698" lon="34.97366">
        <ele>71</ele>
        <time>2021-09-14T09:59:40Z</time>
      </trkpt>
      <trkpt lat="32.697970000000005" lon="34.97357">
        <ele>71</ele>
        <time>2021-09-14T09:59:41Z</time>
      </trkpt>
      <trkpt lat="32.697860000000006" lon="34.97343">
        <ele>71</ele>
        <time>2021-09-14T09:59:42Z</time>
      </trkpt>
      <trkpt lat="32.69749" lon="34.973040000000005">
        <ele>66</ele>
        <time>2021-09-14T09:59:43Z</time>
      </trkpt>
      <trkpt lat="32.69731" lon="34.9729">
        <ele>66</ele>
        <time>2021-09-14T09:59:44Z</time>
      </trkpt>
      <trkpt lat="32.697140000000005" lon="34.972820000000006">
        <ele>66</ele>
        <time>2021-09-14T09:59:45Z</time>
      </trkpt>
      <trkpt lat="32.69706" lon="34.97274">
        <ele>66</ele>
        <time>2021-09-14T09:59:46Z</time>
      </trkpt>
      <trkpt lat="32.69698" lon="34.972620000000006">
        <ele>66</ele>
        <time>2021-09-14T09:59:47Z</time>
      </trkpt>
      <trkpt lat="32.69689" lon="34.97229">
        <ele>57</ele>
        <time>2021-09-14T09:59:48Z</time>
      </trkpt>
      <trkpt lat="32.696870000000004" lon="34.97205">
        <ele>57</ele>
        <time>2021-09-14T09:59:49Z</time>
      </trkpt>
      <extensions>
        <RoutingType xmlns="">Hike</RoutingType>
      </extensions>
    </trkseg>
    <trkseg>
      <trkpt lat="32.696870000000004" lon="34.97205">
        <ele>57</ele>
        <time>2021-09-14T09:59:49Z</time>
      </trkpt>
      <trkpt lat="32.696920000000006" lon="34.97177">
        <ele>59</ele>
        <time>2021-09-14T09:59:50Z</time>
      </trkpt>
      <trkpt lat="32.696670000000005" lon="34.971520000000005">
        <ele>50</ele>
        <time>2021-09-14T09:59:51Z</time>
      </trkpt>
      <trkpt lat="32.69643" lon="34.97137">
        <ele>50</ele>
        <time>2021-09-14T09:59:52Z</time>
      </trkpt>
      <trkpt lat="32.696290000000005" lon="34.971180000000004">
        <ele>50</ele>
        <time>2021-09-14T09:59:53Z</time>
      </trkpt>
      <trkpt lat="32.696180000000005" lon="34.97108">
        <ele>50</ele>
        <time>2021-09-14T09:59:54Z</time>
      </trkpt>
      <trkpt lat="32.695910000000005" lon="34.970960000000005">
        <ele>58</ele>
        <time>2021-09-14T09:59:55Z</time>
      </trkpt>
      <trkpt lat="32.69558" lon="34.97077">
        <ele>48</ele>
        <time>2021-09-14T09:59:56Z</time>
      </trkpt>
      <trkpt lat="32.695150000000005" lon="34.970670000000005">
        <ele>52</ele>
        <time>2021-09-14T09:59:57Z</time>
      </trkpt>
      <trkpt lat="32.69485" lon="34.97061">
        <ele>52</ele>
        <time>2021-09-14T09:59:58Z</time>
      </trkpt>
      <trkpt lat="32.69474" lon="34.97061">
        <ele>52</ele>
        <time>2021-09-14T09:59:59Z</time>
      </trkpt>
      <trkpt lat="32.69429" lon="34.970650000000006">
        <ele>54</ele>
        <time>2021-09-14T10:00:00Z</time>
      </trkpt>
      <trkpt lat="32.69364" lon="34.97084">
        <ele>54</ele>
        <time>2021-09-14T10:00:01Z</time>
      </trkpt>
      <trkpt lat="32.693490000000004" lon="34.9709">
        <ele>56</ele>
        <time>2021-09-14T10:00:02Z</time>
      </trkpt>
      <trkpt lat="32.69332" lon="34.97102">
        <ele>56</ele>
        <time>2021-09-14T10:00:03Z</time>
      </trkpt>
      <trkpt lat="32.69324" lon="34.971050000000005">
        <ele>56</ele>
        <time>2021-09-14T10:00:04Z</time>
      </trkpt>
      <trkpt lat="32.69312" lon="34.97104">
        <ele>56</ele>
        <time>2021-09-14T10:00:05Z</time>
      </trkpt>
      <trkpt lat="32.6929" lon="34.97092">
        <ele>56</ele>
        <time>2021-09-14T10:00:06Z</time>
      </trkpt>
      <trkpt lat="32.69286" lon="34.970890000000004">
        <ele>53.5</ele>
        <time>2021-09-14T10:00:07Z</time>
      </trkpt>
      <trkpt lat="32.69286" lon="34.970890000000004">
        <ele>53.5</ele>
        <time>2021-09-14T10:00:08Z</time>
      </trkpt>
      <trkpt lat="32.69279" lon="34.97083">
        <ele>51</ele>
        <time>2021-09-14T10:00:09Z</time>
      </trkpt>
      <trkpt lat="32.69261" lon="34.97052">
        <ele>60</ele>
        <time>2021-09-14T10:00:10Z</time>
      </trkpt>
      <trkpt lat="32.692350000000005" lon="34.970200000000006">
        <ele>60</ele>
        <time>2021-09-14T10:00:11Z</time>
      </trkpt>
      <trkpt lat="32.692240000000005" lon="34.96997">
        <ele>50</ele>
        <time>2021-09-14T10:00:12Z</time>
      </trkpt>
      <trkpt lat="32.69221" lon="34.969820000000006">
        <ele>50</ele>
        <time>2021-09-14T10:00:13Z</time>
      </trkpt>
      <trkpt lat="32.69218" lon="34.96974">
        <ele>50</ele>
        <time>2021-09-14T10:00:14Z</time>
      </trkpt>
      <trkpt lat="32.69205" lon="34.969550000000005">
        <ele>50</ele>
        <time>2021-09-14T10:00:15Z</time>
      </trkpt>
      <trkpt lat="32.69192" lon="34.96942">
        <ele>50</ele>
        <time>2021-09-14T10:00:16Z</time>
      </trkpt>
      <trkpt lat="32.69165" lon="34.969280000000005">
        <ele>69</ele>
        <time>2021-09-14T10:00:17Z</time>
      </trkpt>
      <trkpt lat="32.69151" lon="34.96918">
        <ele>54</ele>
        <time>2021-09-14T10:00:18Z</time>
      </trkpt>
      <trkpt lat="32.69133" lon="34.969120000000004">
        <ele>54</ele>
        <time>2021-09-14T10:00:19Z</time>
      </trkpt>
      <trkpt lat="32.69126" lon="34.96907">
        <ele>54</ele>
        <time>2021-09-14T10:00:20Z</time>
      </trkpt>
      <trkpt lat="32.690960000000004" lon="34.96884">
        <ele>62</ele>
        <time>2021-09-14T10:00:21Z</time>
      </trkpt>
      <trkpt lat="32.690810000000006" lon="34.96875">
        <ele>62</ele>
        <time>2021-09-14T10:00:22Z</time>
      </trkpt>
      <trkpt lat="32.69052" lon="34.96862">
        <ele>62</ele>
        <time>2021-09-14T10:00:23Z</time>
      </trkpt>
      <trkpt lat="32.69003" lon="34.96847">
        <ele>58</ele>
        <time>2021-09-14T10:00:24Z</time>
      </trkpt>
      <trkpt lat="32.689930000000004" lon="34.96846">
        <ele>58</ele>
        <time>2021-09-14T10:00:25Z</time>
      </trkpt>
      <trkpt lat="32.689750000000004" lon="34.96851">
        <ele>58</ele>
        <time>2021-09-14T10:00:26Z</time>
      </trkpt>
      <trkpt lat="32.68966" lon="34.968610000000005">
        <ele>58</ele>
        <time>2021-09-14T10:00:27Z</time>
      </trkpt>
      <trkpt lat="32.689550000000004" lon="34.96864">
        <ele>58</ele>
        <time>2021-09-14T10:00:28Z</time>
      </trkpt>
      <trkpt lat="32.68948" lon="34.96853">
        <ele>58</ele>
        <time>2021-09-14T10:00:29Z</time>
      </trkpt>
      <trkpt lat="32.68929" lon="34.96839">
        <ele>67</ele>
        <time>2021-09-14T10:00:30Z</time>
      </trkpt>
      <trkpt lat="32.689170000000004" lon="34.968250000000005">
        <ele>51</ele>
        <time>2021-09-14T10:00:31Z</time>
      </trkpt>
      <trkpt lat="32.68853" lon="34.96795">
        <ele>64</ele>
        <time>2021-09-14T10:00:32Z</time>
      </trkpt>
      <trkpt lat="32.688410000000005" lon="34.967940000000006">
        <ele>64</ele>
        <time>2021-09-14T10:00:33Z</time>
      </trkpt>
      <trkpt lat="32.688300000000005" lon="34.967980000000004">
        <ele>64</ele>
        <time>2021-09-14T10:00:34Z</time>
      </trkpt>
      <trkpt lat="32.688120000000005" lon="34.96793">
        <ele>64</ele>
        <time>2021-09-14T10:00:35Z</time>
      </trkpt>
      <trkpt lat="32.68775" lon="34.967980000000004">
        <ele>69</ele>
        <time>2021-09-14T10:00:36Z</time>
      </trkpt>
      <trkpt lat="32.687180000000005" lon="34.967800000000004">
        <ele>69</ele>
        <time>2021-09-14T10:00:37Z</time>
      </trkpt>
      <trkpt lat="32.68715" lon="34.96775">
        <ele>69</ele>
        <time>2021-09-14T10:00:38Z</time>
      </trkpt>
      <trkpt lat="32.68697" lon="34.967690000000005">
        <ele>69</ele>
        <time>2021-09-14T10:00:39Z</time>
      </trkpt>
      <trkpt lat="32.68674" lon="34.9677">
        <ele>72</ele>
        <time>2021-09-14T10:00:40Z</time>
      </trkpt>
      <trkpt lat="32.68656" lon="34.96766">
        <ele>72</ele>
        <time>2021-09-14T10:00:41Z</time>
      </trkpt>
      <trkpt lat="32.68634" lon="34.967780000000005">
        <ele>72</ele>
        <time>2021-09-14T10:00:42Z</time>
      </trkpt>
      <trkpt lat="32.68605" lon="34.96777">
        <ele>66</ele>
        <time>2021-09-14T10:00:43Z</time>
      </trkpt>
      <trkpt lat="32.685950000000005" lon="34.967870000000005">
        <ele>66</ele>
        <time>2021-09-14T10:00:44Z</time>
      </trkpt>
      <trkpt lat="32.685840000000006" lon="34.967870000000005">
        <ele>66</ele>
        <time>2021-09-14T10:00:45Z</time>
      </trkpt>
      <trkpt lat="32.68573" lon="34.96792">
        <ele>66</ele>
        <time>2021-09-14T10:00:46Z</time>
      </trkpt>
      <trkpt lat="32.68567" lon="34.96797">
        <ele>66</ele>
        <time>2021-09-14T10:00:47Z</time>
      </trkpt>
      <trkpt lat="32.68564" lon="34.96811">
        <ele>66</ele>
        <time>2021-09-14T10:00:48Z</time>
      </trkpt>
      <trkpt lat="32.685480000000005" lon="34.968340000000005">
        <ele>66</ele>
        <time>2021-09-14T10:00:49Z</time>
      </trkpt>
      <trkpt lat="32.685390000000005" lon="34.968430000000005">
        <ele>83</ele>
        <time>2021-09-14T10:00:50Z</time>
      </trkpt>
      <trkpt lat="32.68533" lon="34.968430000000005">
        <ele>83</ele>
        <time>2021-09-14T10:00:51Z</time>
      </trkpt>
      <trkpt lat="32.68524" lon="34.968520000000005">
        <ele>66</ele>
        <time>2021-09-14T10:00:52Z</time>
      </trkpt>
      <trkpt lat="32.68507" lon="34.968560000000004">
        <ele>66</ele>
        <time>2021-09-14T10:00:53Z</time>
      </trkpt>
      <trkpt lat="32.68506" lon="34.96849">
        <ele>66</ele>
        <time>2021-09-14T10:00:54Z</time>
      </trkpt>
      <trkpt lat="32.68497" lon="34.9684">
        <ele>66</ele>
        <time>2021-09-14T10:00:55Z</time>
      </trkpt>
      <trkpt lat="32.68495" lon="34.968340000000005">
        <ele>59</ele>
        <time>2021-09-14T10:00:56Z</time>
      </trkpt>
      <trkpt lat="32.68498" lon="34.96811">
        <ele>59</ele>
        <time>2021-09-14T10:00:57Z</time>
      </trkpt>
      <trkpt lat="32.68497" lon="34.96817">
        <ele>59</ele>
        <time>2021-09-14T10:00:58Z</time>
      </trkpt>
      <trkpt lat="32.68498" lon="34.96811">
        <ele>59</ele>
        <time>2021-09-14T10:00:59Z</time>
      </trkpt>
      <trkpt lat="32.68491" lon="34.96799">
        <ele>59</ele>
        <time>2021-09-14T10:01:00Z</time>
      </trkpt>
      <trkpt lat="32.68486" lon="34.96797">
        <ele>59</ele>
        <time>2021-09-14T10:01:01Z</time>
      </trkpt>
      <trkpt lat="32.684740000000005" lon="34.96782">
        <ele>59</ele>
        <time>2021-09-14T10:01:02Z</time>
      </trkpt>
      <trkpt lat="32.684760000000004" lon="34.96761">
        <ele>59</ele>
        <time>2021-09-14T10:01:03Z</time>
      </trkpt>
      <trkpt lat="32.68471" lon="34.967470000000006">
        <ele>50</ele>
        <time>2021-09-14T10:01:04Z</time>
      </trkpt>
      <trkpt lat="32.68478" lon="34.96737">
        <ele>50</ele>
        <time>2021-09-14T10:01:05Z</time>
      </trkpt>
      <trkpt lat="32.68482" lon="34.967240000000004">
        <ele>50</ele>
        <time>2021-09-14T10:01:06Z</time>
      </trkpt>
      <trkpt lat="32.68478" lon="34.96689">
        <ele>50</ele>
        <time>2021-09-14T10:01:07Z</time>
      </trkpt>
      <trkpt lat="32.68471" lon="34.966680000000004">
        <ele>46</ele>
        <time>2021-09-14T10:01:08Z</time>
      </trkpt>
      <trkpt lat="32.68451" lon="34.966530000000006">
        <ele>46</ele>
        <time>2021-09-14T10:01:09Z</time>
      </trkpt>
      <trkpt lat="32.68446" lon="34.96652">
        <ele>46</ele>
        <time>2021-09-14T10:01:10Z</time>
      </trkpt>
      <trkpt lat="32.6843" lon="34.966590000000004">
        <ele>51</ele>
        <time>2021-09-14T10:01:11Z</time>
      </trkpt>
      <trkpt lat="32.68419" lon="34.96661">
        <ele>51</ele>
        <time>2021-09-14T10:01:12Z</time>
      </trkpt>
      <trkpt lat="32.684090000000005" lon="34.96669">
        <ele>51</ele>
        <time>2021-09-14T10:01:13Z</time>
      </trkpt>
      <trkpt lat="32.68395" lon="34.966730000000005">
        <ele>64</ele>
        <time>2021-09-14T10:01:14Z</time>
      </trkpt>
      <trkpt lat="32.68395" lon="34.966730000000005">
        <ele>64</ele>
        <time>2021-09-14T10:01:15Z</time>
      </trkpt>
      <trkpt lat="32.683730000000004" lon="34.96674">
        <ele>64</ele>
        <time>2021-09-14T10:01:16Z</time>
      </trkpt>
      <trkpt lat="32.683490000000006" lon="34.96663">
        <ele>54</ele>
        <time>2021-09-14T10:01:17Z</time>
      </trkpt>
      <trkpt lat="32.68343" lon="34.96663">
        <ele>54</ele>
        <time>2021-09-14T10:01:18Z</time>
      </trkpt>
      <extensions>
        <RoutingType xmlns="">Hike</RoutingType>
      </extensions>
    </trkseg>
    <trkseg>
      <trkpt lat="32.68343" lon="34.96663">
        <ele>54</ele>
        <time>2021-09-14T10:01:18Z</time>
      </trkpt>
      <trkpt lat="32.683400000000006" lon="34.9667">
        <ele>73</ele>
        <time>2021-09-14T10:01:19Z</time>
      </trkpt>
      <trkpt lat="32.683350000000004" lon="34.96674">
        <ele>73</ele>
        <time>2021-09-14T10:01:20Z</time>
      </trkpt>
      <trkpt lat="32.683220000000006" lon="34.96678">
        <ele>73</ele>
        <time>2021-09-14T10:01:21Z</time>
      </trkpt>
      <trkpt lat="32.68294" lon="34.9667">
        <ele>73</ele>
        <time>2021-09-14T10:01:22Z</time>
      </trkpt>
      <trkpt lat="32.68273" lon="34.96679">
        <ele>67</ele>
        <time>2021-09-14T10:01:23Z</time>
      </trkpt>
      <trkpt lat="32.68267" lon="34.9669">
        <ele>67</ele>
        <time>2021-09-14T10:01:24Z</time>
      </trkpt>
      <trkpt lat="32.68245" lon="34.96683">
        <ele>67</ele>
        <time>2021-09-14T10:01:25Z</time>
      </trkpt>
      <trkpt lat="32.68238" lon="34.96683">
        <ele>67</ele>
        <time>2021-09-14T10:01:26Z</time>
      </trkpt>
      <trkpt lat="32.682280000000006" lon="34.966770000000004">
        <ele>67</ele>
        <time>2021-09-14T10:01:27Z</time>
      </trkpt>
      <trkpt lat="32.682120000000005" lon="34.96658">
        <ele>54</ele>
        <time>2021-09-14T10:01:28Z</time>
      </trkpt>
      <trkpt lat="32.68208" lon="34.96645">
        <ele>54</ele>
        <time>2021-09-14T10:01:29Z</time>
      </trkpt>
      <trkpt lat="32.682030000000005" lon="34.96641">
        <ele>54</ele>
        <time>2021-09-14T10:01:30Z</time>
      </trkpt>
      <trkpt lat="32.68198" lon="34.9664">
        <ele>54</ele>
        <time>2021-09-14T10:01:31Z</time>
      </trkpt>
      <trkpt lat="32.68195" lon="34.966060000000006">
        <ele>54</ele>
        <time>2021-09-14T10:01:32Z</time>
      </trkpt>
      <trkpt lat="32.682" lon="34.96587">
        <ele>54</ele>
        <time>2021-09-14T10:01:33Z</time>
      </trkpt>
      <trkpt lat="32.68198" lon="34.96557">
        <ele>51</ele>
        <time>2021-09-14T10:01:34Z</time>
      </trkpt>
      <trkpt lat="32.68179" lon="34.965090000000004">
        <ele>67</ele>
        <time>2021-09-14T10:01:35Z</time>
      </trkpt>
      <trkpt lat="32.681810000000006" lon="34.964960000000005">
        <ele>56</ele>
        <time>2021-09-14T10:01:36Z</time>
      </trkpt>
      <trkpt lat="32.68178" lon="34.9649">
        <ele>56</ele>
        <time>2021-09-14T10:01:37Z</time>
      </trkpt>
      <trkpt lat="32.68173" lon="34.96488">
        <ele>56</ele>
        <time>2021-09-14T10:01:38Z</time>
      </trkpt>
      <trkpt lat="32.68162" lon="34.964890000000004">
        <ele>56</ele>
        <time>2021-09-14T10:01:39Z</time>
      </trkpt>
      <trkpt lat="32.68159" lon="34.96475">
        <ele>56</ele>
        <time>2021-09-14T10:01:40Z</time>
      </trkpt>
      <trkpt lat="32.68155" lon="34.964710000000004">
        <ele>56</ele>
        <time>2021-09-14T10:01:41Z</time>
      </trkpt>
      <trkpt lat="32.68121" lon="34.96477">
        <ele>56</ele>
        <time>2021-09-14T10:01:42Z</time>
      </trkpt>
      <trkpt lat="32.681110000000004" lon="34.96473">
        <ele>56</ele>
        <time>2021-09-14T10:01:43Z</time>
      </trkpt>
      <trkpt lat="32.68094" lon="34.96479">
        <ele>59</ele>
        <time>2021-09-14T10:01:44Z</time>
      </trkpt>
      <trkpt lat="32.68076" lon="34.964800000000004">
        <ele>59</ele>
        <time>2021-09-14T10:01:45Z</time>
      </trkpt>
      <trkpt lat="32.68054" lon="34.964870000000005">
        <ele>59</ele>
        <time>2021-09-14T10:01:46Z</time>
      </trkpt>
      <trkpt lat="32.680420000000005" lon="34.96486">
        <ele>59</ele>
        <time>2021-09-14T10:01:47Z</time>
      </trkpt>
      <trkpt lat="32.68038" lon="34.96481">
        <ele>59</ele>
        <time>2021-09-14T10:01:48Z</time>
      </trkpt>
      <trkpt lat="32.68021" lon="34.96481">
        <ele>54</ele>
        <time>2021-09-14T10:01:49Z</time>
      </trkpt>
      <trkpt lat="32.680150000000005" lon="34.964830000000006">
        <ele>54</ele>
        <time>2021-09-14T10:01:50Z</time>
      </trkpt>
      <trkpt lat="32.680020000000006" lon="34.964980000000004">
        <ele>54</ele>
        <time>2021-09-14T10:01:51Z</time>
      </trkpt>
      <trkpt lat="32.679860000000005" lon="34.965030000000006">
        <ele>75</ele>
        <time>2021-09-14T10:01:52Z</time>
      </trkpt>
      <trkpt lat="32.6796" lon="34.965320000000006">
        <ele>75</ele>
        <time>2021-09-14T10:01:53Z</time>
      </trkpt>
      <trkpt lat="32.67949" lon="34.96538">
        <ele>75</ele>
        <time>2021-09-14T10:01:54Z</time>
      </trkpt>
      <trkpt lat="32.679460000000006" lon="34.96544">
        <ele>75</ele>
        <time>2021-09-14T10:01:55Z</time>
      </trkpt>
      <trkpt lat="32.679210000000005" lon="34.96564">
        <ele>63</ele>
        <time>2021-09-14T10:01:56Z</time>
      </trkpt>
      <trkpt lat="32.679100000000005" lon="34.96569">
        <ele>63</ele>
        <time>2021-09-14T10:01:57Z</time>
      </trkpt>
      <trkpt lat="32.67898" lon="34.96585">
        <ele>63</ele>
        <time>2021-09-14T10:01:58Z</time>
      </trkpt>
      <trkpt lat="32.67888" lon="34.96593">
        <ele>80</ele>
        <time>2021-09-14T10:01:59Z</time>
      </trkpt>
      <trkpt lat="32.67869" lon="34.96618">
        <ele>80</ele>
        <time>2021-09-14T10:02:00Z</time>
      </trkpt>
      <trkpt lat="32.678670000000004" lon="34.966260000000005">
        <ele>80</ele>
        <time>2021-09-14T10:02:01Z</time>
      </trkpt>
      <trkpt lat="32.67868" lon="34.966330000000006">
        <ele>80</ele>
        <time>2021-09-14T10:02:02Z</time>
      </trkpt>
      <trkpt lat="32.678650000000005" lon="34.96638">
        <ele>80</ele>
        <time>2021-09-14T10:02:03Z</time>
      </trkpt>
      <trkpt lat="32.67846" lon="34.96654">
        <ele>60</ele>
        <time>2021-09-14T10:02:04Z</time>
      </trkpt>
      <trkpt lat="32.67832" lon="34.96678">
        <ele>67</ele>
        <time>2021-09-14T10:02:05Z</time>
      </trkpt>
      <trkpt lat="32.67821" lon="34.967110000000005">
        <ele>67</ele>
        <time>2021-09-14T10:02:06Z</time>
      </trkpt>
      <trkpt lat="32.67815" lon="34.967150000000004">
        <ele>67</ele>
        <time>2021-09-14T10:02:07Z</time>
      </trkpt>
      <trkpt lat="32.6781" lon="34.96714">
        <ele>67</ele>
        <time>2021-09-14T10:02:08Z</time>
      </trkpt>
      <trkpt lat="32.677980000000005" lon="34.96719">
        <ele>67</ele>
        <time>2021-09-14T10:02:09Z</time>
      </trkpt>
      <trkpt lat="32.67793" lon="34.967240000000004">
        <ele>67</ele>
        <time>2021-09-14T10:02:10Z</time>
      </trkpt>
      <trkpt lat="32.67784" lon="34.96699">
        <ele>67</ele>
        <time>2021-09-14T10:02:11Z</time>
      </trkpt>
      <trkpt lat="32.67786" lon="34.966860000000004">
        <ele>67</ele>
        <time>2021-09-14T10:02:12Z</time>
      </trkpt>
      <trkpt lat="32.67783" lon="34.96658">
        <ele>60</ele>
        <time>2021-09-14T10:02:13Z</time>
      </trkpt>
      <trkpt lat="32.67786" lon="34.966390000000004">
        <ele>60</ele>
        <time>2021-09-14T10:02:14Z</time>
      </trkpt>
      <trkpt lat="32.67792" lon="34.96627">
        <ele>60</ele>
        <time>2021-09-14T10:02:15Z</time>
      </trkpt>
      <trkpt lat="32.67792" lon="34.9662">
        <ele>60</ele>
        <time>2021-09-14T10:02:16Z</time>
      </trkpt>
      <trkpt lat="32.6779" lon="34.96614">
        <ele>60</ele>
        <time>2021-09-14T10:02:17Z</time>
      </trkpt>
      <trkpt lat="32.67784" lon="34.96613">
        <ele>60</ele>
        <time>2021-09-14T10:02:18Z</time>
      </trkpt>
      <trkpt lat="32.67779" lon="34.966170000000005">
        <ele>60</ele>
        <time>2021-09-14T10:02:19Z</time>
      </trkpt>
      <trkpt lat="32.67774" lon="34.96614">
        <ele>67</ele>
        <time>2021-09-14T10:02:20Z</time>
      </trkpt>
      <trkpt lat="32.677710000000005" lon="34.966080000000005">
        <ele>67</ele>
        <time>2021-09-14T10:02:21Z</time>
      </trkpt>
      <trkpt lat="32.67766" lon="34.96607">
        <ele>67</ele>
        <time>2021-09-14T10:02:22Z</time>
      </trkpt>
      <trkpt lat="32.677690000000005" lon="34.96602">
        <ele>67</ele>
        <time>2021-09-14T10:02:23Z</time>
      </trkpt>
      <trkpt lat="32.677670000000006" lon="34.96596">
        <ele>67</ele>
        <time>2021-09-14T10:02:24Z</time>
      </trkpt>
      <trkpt lat="32.677550000000004" lon="34.965920000000004">
        <ele>67</ele>
        <time>2021-09-14T10:02:25Z</time>
      </trkpt>
      <trkpt lat="32.67737" lon="34.96567">
        <ele>57</ele>
        <time>2021-09-14T10:02:26Z</time>
      </trkpt>
      <trkpt lat="32.6772" lon="34.965630000000004">
        <ele>57</ele>
        <time>2021-09-14T10:02:27Z</time>
      </trkpt>
      <trkpt lat="32.67714" lon="34.965650000000004">
        <ele>57</ele>
        <time>2021-09-14T10:02:28Z</time>
      </trkpt>
      <trkpt lat="32.67696" lon="34.96558">
        <ele>57</ele>
        <time>2021-09-14T10:02:29Z</time>
      </trkpt>
      <trkpt lat="32.67685" lon="34.965590000000006">
        <ele>61</ele>
        <time>2021-09-14T10:02:30Z</time>
      </trkpt>
      <trkpt lat="32.67656" lon="34.965700000000005">
        <ele>61</ele>
        <time>2021-09-14T10:02:31Z</time>
      </trkpt>
      <trkpt lat="32.676390000000005" lon="34.96573">
        <ele>61</ele>
        <time>2021-09-14T10:02:32Z</time>
      </trkpt>
      <trkpt lat="32.67627" lon="34.96571">
        <ele>61</ele>
        <time>2021-09-14T10:02:33Z</time>
      </trkpt>
      <trkpt lat="32.676170000000006" lon="34.96576">
        <ele>61</ele>
        <time>2021-09-14T10:02:34Z</time>
      </trkpt>
      <trkpt lat="32.67607" lon="34.96567">
        <ele>57</ele>
        <time>2021-09-14T10:02:35Z</time>
      </trkpt>
      <trkpt lat="32.67591" lon="34.96546">
        <ele>57</ele>
        <time>2021-09-14T10:02:36Z</time>
      </trkpt>
      <trkpt lat="32.675720000000005" lon="34.9654">
        <ele>57</ele>
        <time>2021-09-14T10:02:37Z</time>
      </trkpt>
      <trkpt lat="32.675610000000006" lon="34.965340000000005">
        <ele>57</ele>
        <time>2021-09-14T10:02:38Z</time>
      </trkpt>
      <trkpt lat="32.67555" lon="34.96524">
        <ele>57</ele>
        <time>2021-09-14T10:02:39Z</time>
      </trkpt>
      <trkpt lat="32.67539" lon="34.965120000000006">
        <ele>57</ele>
        <time>2021-09-14T10:02:40Z</time>
      </trkpt>
      <trkpt lat="32.67517" lon="34.965050000000005">
        <ele>68</ele>
        <time>2021-09-14T10:02:41Z</time>
      </trkpt>
      <trkpt lat="32.67485" lon="34.96506">
        <ele>68</ele>
        <time>2021-09-14T10:02:42Z</time>
      </trkpt>
      <trkpt lat="32.674580000000006" lon="34.965210000000006">
        <ele>68</ele>
        <time>2021-09-14T10:02:43Z</time>
      </trkpt>
      <trkpt lat="32.67447" lon="34.9652">
        <ele>68</ele>
        <time>2021-09-14T10:02:44Z</time>
      </trkpt>
      <trkpt lat="32.67436" lon="34.965250000000005">
        <ele>66</ele>
        <time>2021-09-14T10:02:45Z</time>
      </trkpt>
      <trkpt lat="32.674310000000006" lon="34.965250000000005">
        <ele>66</ele>
        <time>2021-09-14T10:02:46Z</time>
      </trkpt>
      <trkpt lat="32.674310000000006" lon="34.965250000000005">
        <ele>66</ele>
        <time>2021-09-14T10:02:47Z</time>
      </trkpt>
      <extensions>
        <RoutingType xmlns="">Hike</RoutingType>
      </extensions>
    </trkseg>
    <trkseg>
      <trkpt lat="32.674310000000006" lon="34.965250000000005">
        <ele>66</ele>
        <time>2021-09-14T10:02:47Z</time>
      </trkpt>
      <trkpt lat="32.674130000000005" lon="34.965250000000005">
        <ele>66</ele>
        <time>2021-09-14T10:02:48Z</time>
      </trkpt>
      <trkpt lat="32.6741" lon="34.9652">
        <ele>66</ele>
        <time>2021-09-14T10:02:49Z</time>
      </trkpt>
      <trkpt lat="32.67381" lon="34.96515">
        <ele>66</ele>
        <time>2021-09-14T10:02:50Z</time>
      </trkpt>
      <trkpt lat="32.673750000000005" lon="34.965180000000004">
        <ele>66</ele>
        <time>2021-09-14T10:02:51Z</time>
      </trkpt>
      <trkpt lat="32.673570000000005" lon="34.96517">
        <ele>65</ele>
        <time>2021-09-14T10:02:52Z</time>
      </trkpt>
      <trkpt lat="32.67352" lon="34.9652">
        <ele>65</ele>
        <time>2021-09-14T10:02:53Z</time>
      </trkpt>
      <trkpt lat="32.67329" lon="34.96522">
        <ele>65</ele>
        <time>2021-09-14T10:02:54Z</time>
      </trkpt>
      <trkpt lat="32.67296" lon="34.965320000000006">
        <ele>65</ele>
        <time>2021-09-14T10:02:55Z</time>
      </trkpt>
      <trkpt lat="32.672850000000004" lon="34.96528">
        <ele>65</ele>
        <time>2021-09-14T10:02:56Z</time>
      </trkpt>
      <trkpt lat="32.67268" lon="34.96535">
        <ele>56</ele>
        <time>2021-09-14T10:02:57Z</time>
      </trkpt>
      <trkpt lat="32.67259" lon="34.965320000000006">
        <ele>56</ele>
        <time>2021-09-14T10:02:58Z</time>
      </trkpt>
      <trkpt lat="32.67239" lon="34.96546">
        <ele>56</ele>
        <time>2021-09-14T10:02:59Z</time>
      </trkpt>
      <trkpt lat="32.67219" lon="34.965430000000005">
        <ele>56</ele>
        <time>2021-09-14T10:03:00Z</time>
      </trkpt>
      <trkpt lat="32.67211" lon="34.96548">
        <ele>56</ele>
        <time>2021-09-14T10:03:01Z</time>
      </trkpt>
      <trkpt lat="32.67202" lon="34.96549">
        <ele>56</ele>
        <time>2021-09-14T10:03:02Z</time>
      </trkpt>
      <trkpt lat="32.671910000000004" lon="34.965610000000005">
        <ele>38</ele>
        <time>2021-09-14T10:03:03Z</time>
      </trkpt>
      <trkpt lat="32.671730000000004" lon="34.96567">
        <ele>38</ele>
        <time>2021-09-14T10:03:04Z</time>
      </trkpt>
      <trkpt lat="32.67166" lon="34.96553">
        <ele>38</ele>
        <time>2021-09-14T10:03:05Z</time>
      </trkpt>
      <trkpt lat="32.67152" lon="34.96562">
        <ele>38</ele>
        <time>2021-09-14T10:03:06Z</time>
      </trkpt>
      <trkpt lat="32.671420000000005" lon="34.9656">
        <ele>38</ele>
        <time>2021-09-14T10:03:07Z</time>
      </trkpt>
      <trkpt lat="32.67121" lon="34.965610000000005">
        <ele>38</ele>
        <time>2021-09-14T10:03:08Z</time>
      </trkpt>
      <trkpt lat="32.671170000000004" lon="34.96557">
        <ele>38</ele>
        <time>2021-09-14T10:03:09Z</time>
      </trkpt>
      <trkpt lat="32.671060000000004" lon="34.96557">
        <ele>37</ele>
        <time>2021-09-14T10:03:10Z</time>
      </trkpt>
      <trkpt lat="32.671060000000004" lon="34.96546">
        <ele>37</ele>
        <time>2021-09-14T10:03:11Z</time>
      </trkpt>
      <trkpt lat="32.671020000000006" lon="34.965210000000006">
        <ele>37</ele>
        <time>2021-09-14T10:03:12Z</time>
      </trkpt>
      <trkpt lat="32.670840000000005" lon="34.9652">
        <ele>37</ele>
        <time>2021-09-14T10:03:13Z</time>
      </trkpt>
      <trkpt lat="32.67063" lon="34.96513">
        <ele>37</ele>
        <time>2021-09-14T10:03:14Z</time>
      </trkpt>
      <trkpt lat="32.67015" lon="34.965070000000004">
        <ele>56</ele>
        <time>2021-09-14T10:03:15Z</time>
      </trkpt>
      <trkpt lat="32.669940000000004" lon="34.965090000000004">
        <ele>56</ele>
        <time>2021-09-14T10:03:16Z</time>
      </trkpt>
      <trkpt lat="32.66984" lon="34.96515">
        <ele>56</ele>
        <time>2021-09-14T10:03:17Z</time>
      </trkpt>
      <trkpt lat="32.66957" lon="34.96524">
        <ele>56</ele>
        <time>2021-09-14T10:03:18Z</time>
      </trkpt>
      <trkpt lat="32.66939" lon="34.965250000000005">
        <ele>55</ele>
        <time>2021-09-14T10:03:19Z</time>
      </trkpt>
      <trkpt lat="32.669290000000004" lon="34.96529">
        <ele>55</ele>
        <time>2021-09-14T10:03:20Z</time>
      </trkpt>
      <trkpt lat="32.669140000000006" lon="34.965300000000006">
        <ele>55</ele>
        <time>2021-09-14T10:03:21Z</time>
      </trkpt>
      <trkpt lat="32.66868" lon="34.96538">
        <ele>55</ele>
        <time>2021-09-14T10:03:22Z</time>
      </trkpt>
      <trkpt lat="32.668380000000006" lon="34.96551">
        <ele>40</ele>
        <time>2021-09-14T10:03:23Z</time>
      </trkpt>
      <trkpt lat="32.668060000000004" lon="34.965720000000005">
        <ele>40</ele>
        <time>2021-09-14T10:03:24Z</time>
      </trkpt>
      <trkpt lat="32.6679" lon="34.96578">
        <ele>40</ele>
        <time>2021-09-14T10:03:25Z</time>
      </trkpt>
      <trkpt lat="32.6678" lon="34.96582">
        <ele>40</ele>
        <time>2021-09-14T10:03:26Z</time>
      </trkpt>
      <trkpt lat="32.66774" lon="34.965920000000004">
        <ele>48</ele>
        <time>2021-09-14T10:03:27Z</time>
      </trkpt>
      <trkpt lat="32.66751" lon="34.96602">
        <ele>48</ele>
        <time>2021-09-14T10:03:28Z</time>
      </trkpt>
      <trkpt lat="32.66729" lon="34.96625">
        <ele>48</ele>
        <time>2021-09-14T10:03:29Z</time>
      </trkpt>
      <trkpt lat="32.66706" lon="34.966570000000004">
        <ele>48</ele>
        <time>2021-09-14T10:03:30Z</time>
      </trkpt>
      <trkpt lat="32.66696" lon="34.966620000000006">
        <ele>48</ele>
        <time>2021-09-14T10:03:31Z</time>
      </trkpt>
      <trkpt lat="32.66678" lon="34.96663">
        <ele>57</ele>
        <time>2021-09-14T10:03:32Z</time>
      </trkpt>
      <trkpt lat="32.66671" lon="34.966660000000005">
        <ele>57</ele>
        <time>2021-09-14T10:03:33Z</time>
      </trkpt>
      <trkpt lat="32.6665" lon="34.966710000000006">
        <ele>70</ele>
        <time>2021-09-14T10:03:34Z</time>
      </trkpt>
      <trkpt lat="32.666180000000004" lon="34.96687">
        <ele>70</ele>
        <time>2021-09-14T10:03:35Z</time>
      </trkpt>
      <trkpt lat="32.666000000000004" lon="34.96689">
        <ele>69</ele>
        <time>2021-09-14T10:03:36Z</time>
      </trkpt>
      <trkpt lat="32.66586" lon="34.966930000000005">
        <ele>69</ele>
        <time>2021-09-14T10:03:37Z</time>
      </trkpt>
      <trkpt lat="32.665490000000005" lon="34.9671">
        <ele>69</ele>
        <time>2021-09-14T10:03:38Z</time>
      </trkpt>
      <trkpt lat="32.665310000000005" lon="34.967090000000006">
        <ele>69</ele>
        <time>2021-09-14T10:03:39Z</time>
      </trkpt>
      <trkpt lat="32.66519" lon="34.96701">
        <ele>65</ele>
        <time>2021-09-14T10:03:40Z</time>
      </trkpt>
      <trkpt lat="32.66494" lon="34.967020000000005">
        <ele>65</ele>
        <time>2021-09-14T10:03:41Z</time>
      </trkpt>
      <trkpt lat="32.66481" lon="34.967090000000006">
        <ele>65</ele>
        <time>2021-09-14T10:03:42Z</time>
      </trkpt>
      <trkpt lat="32.66474" lon="34.9671">
        <ele>65</ele>
        <time>2021-09-14T10:03:43Z</time>
      </trkpt>
      <trkpt lat="32.66461" lon="34.96717">
        <ele>65</ele>
        <time>2021-09-14T10:03:44Z</time>
      </trkpt>
      <trkpt lat="32.66436" lon="34.967200000000005">
        <ele>56</ele>
        <time>2021-09-14T10:03:45Z</time>
      </trkpt>
      <trkpt lat="32.66429" lon="34.96723">
        <ele>56</ele>
        <time>2021-09-14T10:03:46Z</time>
      </trkpt>
      <trkpt lat="32.664210000000004" lon="34.967310000000005">
        <ele>56</ele>
        <time>2021-09-14T10:03:47Z</time>
      </trkpt>
      <trkpt lat="32.66415" lon="34.96735">
        <ele>56</ele>
        <time>2021-09-14T10:03:48Z</time>
      </trkpt>
      <trkpt lat="32.663970000000006" lon="34.96739">
        <ele>56</ele>
        <time>2021-09-14T10:03:49Z</time>
      </trkpt>
      <trkpt lat="32.663540000000005" lon="34.96741">
        <ele>52</ele>
        <time>2021-09-14T10:03:50Z</time>
      </trkpt>
      <trkpt lat="32.663360000000004" lon="34.96748">
        <ele>52</ele>
        <time>2021-09-14T10:03:51Z</time>
      </trkpt>
      <trkpt lat="32.663340000000005" lon="34.96744">
        <ele>52</ele>
        <time>2021-09-14T10:03:52Z</time>
      </trkpt>
      <trkpt lat="32.663380000000004" lon="34.96732">
        <ele>52</ele>
        <time>2021-09-14T10:03:53Z</time>
      </trkpt>
      <trkpt lat="32.6633" lon="34.967150000000004">
        <ele>52</ele>
        <time>2021-09-14T10:03:54Z</time>
      </trkpt>
      <trkpt lat="32.66317" lon="34.966930000000005">
        <ele>52</ele>
        <time>2021-09-14T10:03:55Z</time>
      </trkpt>
      <trkpt lat="32.663090000000004" lon="34.966730000000005">
        <ele>52</ele>
        <time>2021-09-14T10:03:56Z</time>
      </trkpt>
      <trkpt lat="32.663050000000005" lon="34.96634">
        <ele>48</ele>
        <time>2021-09-14T10:03:57Z</time>
      </trkpt>
      <trkpt lat="32.662940000000006" lon="34.96613">
        <ele>48</ele>
        <time>2021-09-14T10:03:58Z</time>
      </trkpt>
      <trkpt lat="32.662890000000004" lon="34.96595">
        <ele>48</ele>
        <time>2021-09-14T10:03:59Z</time>
      </trkpt>
      <trkpt lat="32.662670000000006" lon="34.965790000000005">
        <ele>56</ele>
        <time>2021-09-14T10:04:00Z</time>
      </trkpt>
      <trkpt lat="32.66257" lon="34.96569">
        <ele>56</ele>
        <time>2021-09-14T10:04:01Z</time>
      </trkpt>
      <trkpt lat="32.662310000000005" lon="34.96576">
        <ele>56</ele>
        <time>2021-09-14T10:04:02Z</time>
      </trkpt>
      <trkpt lat="32.66203" lon="34.965540000000004">
        <ele>56</ele>
        <time>2021-09-14T10:04:03Z</time>
      </trkpt>
      <trkpt lat="32.661910000000006" lon="34.965680000000006">
        <ele>61</ele>
        <time>2021-09-14T10:04:04Z</time>
      </trkpt>
      <trkpt lat="32.66178" lon="34.96576">
        <ele>61</ele>
        <time>2021-09-14T10:04:05Z</time>
      </trkpt>
      <trkpt lat="32.661730000000006" lon="34.96575">
        <ele>61</ele>
        <time>2021-09-14T10:04:06Z</time>
      </trkpt>
      <trkpt lat="32.66161" lon="34.9658">
        <ele>61</ele>
        <time>2021-09-14T10:04:07Z</time>
      </trkpt>
      <trkpt lat="32.66151" lon="34.96564">
        <ele>61</ele>
        <time>2021-09-14T10:04:08Z</time>
      </trkpt>
      <trkpt lat="32.66145" lon="34.965590000000006">
        <ele>61</ele>
        <time>2021-09-14T10:04:09Z</time>
      </trkpt>
      <trkpt lat="32.661390000000004" lon="34.96556">
        <ele>61</ele>
        <time>2021-09-14T10:04:10Z</time>
      </trkpt>
      <trkpt lat="32.661170000000006" lon="34.96556">
        <ele>61</ele>
        <time>2021-09-14T10:04:11Z</time>
      </trkpt>
      <trkpt lat="32.661060000000006" lon="34.965540000000004">
        <ele>62</ele>
        <time>2021-09-14T10:04:12Z</time>
      </trkpt>
      <trkpt lat="32.66078" lon="34.965540000000004">
        <ele>62</ele>
        <time>2021-09-14T10:04:13Z</time>
      </trkpt>
      <trkpt lat="32.66067" lon="34.96557">
        <ele>62</ele>
        <time>2021-09-14T10:04:14Z</time>
      </trkpt>
      <trkpt lat="32.66055" lon="34.96567">
        <ele>62</ele>
        <time>2021-09-14T10:04:15Z</time>
      </trkpt>
      <trkpt lat="32.66035" lon="34.965610000000005">
        <ele>62</ele>
        <time>2021-09-14T10:04:16Z</time>
      </trkpt>
      <extensions>
        <RoutingType xmlns="">Hike</RoutingType>
      </extensions>
    </trkseg>
    <trkseg>
      <trkpt lat="32.66035" lon="34.965610000000005">
        <ele>62</ele>
        <time>2021-09-14T10:04:16Z</time>
      </trkpt>
      <trkpt lat="32.660250000000005" lon="34.965650000000004">
        <ele>51</ele>
        <time>2021-09-14T10:04:17Z</time>
      </trkpt>
      <trkpt lat="32.660180000000004" lon="34.96575">
        <ele>51</ele>
        <time>2021-09-14T10:04:18Z</time>
      </trkpt>
      <trkpt lat="32.660090000000004" lon="34.96603">
        <ele>54</ele>
        <time>2021-09-14T10:04:19Z</time>
      </trkpt>
      <trkpt lat="32.660070000000005" lon="34.966240000000006">
        <ele>54</ele>
        <time>2021-09-14T10:04:20Z</time>
      </trkpt>
      <trkpt lat="32.66001" lon="34.96649">
        <ele>54</ele>
        <time>2021-09-14T10:04:21Z</time>
      </trkpt>
      <trkpt lat="32.660050000000005" lon="34.96661">
        <ele>54</ele>
        <time>2021-09-14T10:04:22Z</time>
      </trkpt>
      <trkpt lat="32.66004" lon="34.96669">
        <ele>54</ele>
        <time>2021-09-14T10:04:23Z</time>
      </trkpt>
      <trkpt lat="32.660000000000004" lon="34.966750000000005">
        <ele>58</ele>
        <time>2021-09-14T10:04:24Z</time>
      </trkpt>
      <trkpt lat="32.6599" lon="34.966820000000006">
        <ele>58</ele>
        <time>2021-09-14T10:04:25Z</time>
      </trkpt>
      <trkpt lat="32.659530000000004" lon="34.96692">
        <ele>58</ele>
        <time>2021-09-14T10:04:26Z</time>
      </trkpt>
      <trkpt lat="32.65939" lon="34.96678">
        <ele>72</ele>
        <time>2021-09-14T10:04:27Z</time>
      </trkpt>
      <trkpt lat="32.65932" lon="34.966640000000005">
        <ele>61</ele>
        <time>2021-09-14T10:04:28Z</time>
      </trkpt>
      <trkpt lat="32.65919" lon="34.96649">
        <ele>61</ele>
        <time>2021-09-14T10:04:29Z</time>
      </trkpt>
      <trkpt lat="32.65905" lon="34.96649">
        <ele>61</ele>
        <time>2021-09-14T10:04:30Z</time>
      </trkpt>
      <trkpt lat="32.65898" lon="34.96652">
        <ele>61</ele>
        <time>2021-09-14T10:04:31Z</time>
      </trkpt>
      <trkpt lat="32.658930000000005" lon="34.96676">
        <ele>72</ele>
        <time>2021-09-14T10:04:32Z</time>
      </trkpt>
      <trkpt lat="32.65887" lon="34.966820000000006">
        <ele>72</ele>
        <time>2021-09-14T10:04:33Z</time>
      </trkpt>
      <trkpt lat="32.6588" lon="34.966820000000006">
        <ele>72</ele>
        <time>2021-09-14T10:04:34Z</time>
      </trkpt>
      <trkpt lat="32.65865" lon="34.966640000000005">
        <ele>61</ele>
        <time>2021-09-14T10:04:35Z</time>
      </trkpt>
      <trkpt lat="32.65856" lon="34.96658">
        <ele>93</ele>
        <time>2021-09-14T10:04:36Z</time>
      </trkpt>
      <trkpt lat="32.65845" lon="34.96647">
        <ele>93</ele>
        <time>2021-09-14T10:04:37Z</time>
      </trkpt>
      <trkpt lat="32.65834" lon="34.966440000000006">
        <ele>93</ele>
        <time>2021-09-14T10:04:38Z</time>
      </trkpt>
      <trkpt lat="32.658210000000004" lon="34.966370000000005">
        <ele>93</ele>
        <time>2021-09-14T10:04:39Z</time>
      </trkpt>
      <trkpt lat="32.658080000000005" lon="34.96638">
        <ele>93</ele>
        <time>2021-09-14T10:04:40Z</time>
      </trkpt>
      <trkpt lat="32.65798" lon="34.96623">
        <ele>93</ele>
        <time>2021-09-14T10:04:41Z</time>
      </trkpt>
      <trkpt lat="32.65798" lon="34.96607">
        <ele>93</ele>
        <time>2021-09-14T10:04:42Z</time>
      </trkpt>
      <trkpt lat="32.65787" lon="34.96557">
        <ele>81</ele>
        <time>2021-09-14T10:04:43Z</time>
      </trkpt>
      <trkpt lat="32.65785" lon="34.96544">
        <ele>81</ele>
        <time>2021-09-14T10:04:44Z</time>
      </trkpt>
      <trkpt lat="32.657790000000006" lon="34.96544">
        <ele>81</ele>
        <time>2021-09-14T10:04:45Z</time>
      </trkpt>
      <trkpt lat="32.657700000000006" lon="34.965360000000004">
        <ele>89</ele>
        <time>2021-09-14T10:04:46Z</time>
      </trkpt>
      <trkpt lat="32.6576" lon="34.965320000000006">
        <ele>89</ele>
        <time>2021-09-14T10:04:47Z</time>
      </trkpt>
      <trkpt lat="32.65753" lon="34.965320000000006">
        <ele>89</ele>
        <time>2021-09-14T10:04:48Z</time>
      </trkpt>
      <trkpt lat="32.65742" lon="34.965360000000004">
        <ele>89</ele>
        <time>2021-09-14T10:04:49Z</time>
      </trkpt>
      <trkpt lat="32.65726" lon="34.96544">
        <ele>89</ele>
        <time>2021-09-14T10:04:50Z</time>
      </trkpt>
      <trkpt lat="32.65711" lon="34.96556">
        <ele>89</ele>
        <time>2021-09-14T10:04:51Z</time>
      </trkpt>
      <trkpt lat="32.657000000000004" lon="34.9656">
        <ele>89</ele>
        <time>2021-09-14T10:04:52Z</time>
      </trkpt>
      <trkpt lat="32.65682" lon="34.9656">
        <ele>81</ele>
        <time>2021-09-14T10:04:53Z</time>
      </trkpt>
      <trkpt lat="32.65682" lon="34.9656">
        <ele>81</ele>
        <time>2021-09-14T10:04:54Z</time>
      </trkpt>
      <trkpt lat="32.65668" lon="34.9656">
        <ele>73</ele>
        <time>2021-09-14T10:04:55Z</time>
      </trkpt>
      <trkpt lat="32.65654" lon="34.965540000000004">
        <ele>73</ele>
        <time>2021-09-14T10:04:56Z</time>
      </trkpt>
      <trkpt lat="32.656470000000006" lon="34.965540000000004">
        <ele>73</ele>
        <time>2021-09-14T10:04:57Z</time>
      </trkpt>
      <trkpt lat="32.65599" lon="34.965700000000005">
        <ele>57</ele>
        <time>2021-09-14T10:04:58Z</time>
      </trkpt>
      <trkpt lat="32.655860000000004" lon="34.96578">
        <ele>57</ele>
        <time>2021-09-14T10:04:59Z</time>
      </trkpt>
      <trkpt lat="32.655750000000005" lon="34.96578">
        <ele>57</ele>
        <time>2021-09-14T10:05:00Z</time>
      </trkpt>
      <trkpt lat="32.65561" lon="34.96575">
        <ele>57</ele>
        <time>2021-09-14T10:05:01Z</time>
      </trkpt>
      <trkpt lat="32.6556" lon="34.96567">
        <ele>57</ele>
        <time>2021-09-14T10:05:02Z</time>
      </trkpt>
      <trkpt lat="32.6556" lon="34.965590000000006">
        <ele>57</ele>
        <time>2021-09-14T10:05:03Z</time>
      </trkpt>
      <trkpt lat="32.655440000000006" lon="34.96549">
        <ele>57</ele>
        <time>2021-09-14T10:05:04Z</time>
      </trkpt>
      <trkpt lat="32.65533" lon="34.96538">
        <ele>57</ele>
        <time>2021-09-14T10:05:05Z</time>
      </trkpt>
      <trkpt lat="32.65523" lon="34.965210000000006">
        <ele>76</ele>
        <time>2021-09-14T10:05:06Z</time>
      </trkpt>
      <trkpt lat="32.65511" lon="34.96511">
        <ele>76</ele>
        <time>2021-09-14T10:05:07Z</time>
      </trkpt>
      <trkpt lat="32.654970000000006" lon="34.965120000000006">
        <ele>76</ele>
        <time>2021-09-14T10:05:08Z</time>
      </trkpt>
      <trkpt lat="32.65486" lon="34.965050000000005">
        <ele>76</ele>
        <time>2021-09-14T10:05:09Z</time>
      </trkpt>
      <trkpt lat="32.65469" lon="34.965030000000006">
        <ele>76</ele>
        <time>2021-09-14T10:05:10Z</time>
      </trkpt>
      <trkpt lat="32.654650000000004" lon="34.965140000000005">
        <ele>76</ele>
        <time>2021-09-14T10:05:11Z</time>
      </trkpt>
      <trkpt lat="32.65444" lon="34.96506">
        <ele>108</ele>
        <time>2021-09-14T10:05:12Z</time>
      </trkpt>
      <trkpt lat="32.654230000000005" lon="34.96502">
        <ele>85</ele>
        <time>2021-09-14T10:05:13Z</time>
      </trkpt>
      <trkpt lat="32.653850000000006" lon="34.96501">
        <ele>85</ele>
        <time>2021-09-14T10:05:14Z</time>
      </trkpt>
      <trkpt lat="32.653650000000006" lon="34.96493">
        <ele>85</ele>
        <time>2021-09-14T10:05:15Z</time>
      </trkpt>
      <trkpt lat="32.65352" lon="34.964780000000005">
        <ele>84</ele>
        <time>2021-09-14T10:05:16Z</time>
      </trkpt>
      <trkpt lat="32.65346" lon="34.964740000000006">
        <ele>84</ele>
        <time>2021-09-14T10:05:17Z</time>
      </trkpt>
      <trkpt lat="32.65317" lon="34.9647">
        <ele>84</ele>
        <time>2021-09-14T10:05:18Z</time>
      </trkpt>
      <trkpt lat="32.65303" lon="34.96473">
        <ele>84</ele>
        <time>2021-09-14T10:05:19Z</time>
      </trkpt>
      <trkpt lat="32.6529" lon="34.96481">
        <ele>84</ele>
        <time>2021-09-14T10:05:20Z</time>
      </trkpt>
      <trkpt lat="32.652660000000004" lon="34.96486">
        <ele>78</ele>
        <time>2021-09-14T10:05:21Z</time>
      </trkpt>
      <trkpt lat="32.652620000000006" lon="34.964980000000004">
        <ele>78</ele>
        <time>2021-09-14T10:05:22Z</time>
      </trkpt>
      <trkpt lat="32.652550000000005" lon="34.96502">
        <ele>78</ele>
        <time>2021-09-14T10:05:23Z</time>
      </trkpt>
      <trkpt lat="32.65254" lon="34.965180000000004">
        <ele>91</ele>
        <time>2021-09-14T10:05:24Z</time>
      </trkpt>
      <trkpt lat="32.65238" lon="34.965410000000006">
        <ele>91</ele>
        <time>2021-09-14T10:05:25Z</time>
      </trkpt>
      <trkpt lat="32.652390000000004" lon="34.965300000000006">
        <ele>91</ele>
        <time>2021-09-14T10:05:26Z</time>
      </trkpt>
      <trkpt lat="32.65234" lon="34.96519">
        <ele>91</ele>
        <time>2021-09-14T10:05:27Z</time>
      </trkpt>
      <trkpt lat="32.65231" lon="34.964980000000004">
        <ele>78</ele>
        <time>2021-09-14T10:05:28Z</time>
      </trkpt>
      <trkpt lat="32.65225" lon="34.96477">
        <ele>78</ele>
        <time>2021-09-14T10:05:29Z</time>
      </trkpt>
      <trkpt lat="32.65227" lon="34.964560000000006">
        <ele>78</ele>
        <time>2021-09-14T10:05:30Z</time>
      </trkpt>
      <trkpt lat="32.652240000000006" lon="34.96444">
        <ele>78</ele>
        <time>2021-09-14T10:05:31Z</time>
      </trkpt>
      <trkpt lat="32.652190000000004" lon="34.964380000000006">
        <ele>78</ele>
        <time>2021-09-14T10:05:32Z</time>
      </trkpt>
      <trkpt lat="32.652010000000004" lon="34.96435">
        <ele>78</ele>
        <time>2021-09-14T10:05:33Z</time>
      </trkpt>
      <trkpt lat="32.65198" lon="34.964330000000004">
        <ele>78</ele>
        <time>2021-09-14T10:05:34Z</time>
      </trkpt>
      <trkpt lat="32.651970000000006" lon="34.964290000000005">
        <ele>78</ele>
        <time>2021-09-14T10:05:35Z</time>
      </trkpt>
      <trkpt lat="32.65205" lon="34.96396">
        <ele>77</ele>
        <time>2021-09-14T10:05:36Z</time>
      </trkpt>
      <trkpt lat="32.65205" lon="34.96396">
        <ele>77</ele>
        <time>2021-09-14T10:05:37Z</time>
      </trkpt>
      <trkpt lat="32.65207" lon="34.96388">
        <ele>76</ele>
        <time>2021-09-14T10:05:38Z</time>
      </trkpt>
      <trkpt lat="32.65207" lon="34.963660000000004">
        <ele>76</ele>
        <time>2021-09-14T10:05:39Z</time>
      </trkpt>
      <trkpt lat="32.652060000000006" lon="34.963570000000004">
        <ele>76</ele>
        <time>2021-09-14T10:05:40Z</time>
      </trkpt>
      <trkpt lat="32.65187" lon="34.96359">
        <ele>109</ele>
        <time>2021-09-14T10:05:41Z</time>
      </trkpt>
      <trkpt lat="32.65178" lon="34.963640000000005">
        <ele>109</ele>
        <time>2021-09-14T10:05:42Z</time>
      </trkpt>
      <trkpt lat="32.651740000000004" lon="34.963640000000005">
        <ele>109</ele>
        <time>2021-09-14T10:05:43Z</time>
      </trkpt>
      <trkpt lat="32.65148" lon="34.96394">
        <ele>109</ele>
        <time>2021-09-14T10:05:44Z</time>
      </trkpt>
      <trkpt lat="32.65148" lon="34.96394">
        <ele>109</ele>
        <time>2021-09-14T10:05:45Z</time>
      </trkpt>
      <extensions>
        <RoutingType xmlns="">Hike</RoutingType>
      </extensions>
    </trkseg>
    <trkseg>
      <trkpt lat="32.651453" lon="34.963984">
        <ele>113.7</ele>
      </trkpt>
      <trkpt lat="32.651385" lon="34.964086">
        <ele>115.08046181663327</ele>
      </trkpt>
      <trkpt lat="32.651078" lon="34.964336">
        <ele>120.08563153580778</ele>
      </trkpt>
      <trkpt lat="32.651118" lon="34.964548">
        <ele>120.99274065567448</ele>
      </trkpt>
      <trkpt lat="32.651051" lon="34.964572">
        <ele>121.04461751265343</ele>
      </trkpt>
      <trkpt lat="32.650982" lon="34.964639">
        <ele>121.2282332060795</ele>
      </trkpt>
      <trkpt lat="32.650929" lon="34.96474">
        <ele>122.11959998934634</ele>
      </trkpt>
      <trkpt lat="32.650895" lon="34.964817">
        <ele>122.77081466667157</ele>
      </trkpt>
      <trkpt lat="32.650834" lon="34.964989">
        <ele>123.8900681588869</ele>
      </trkpt>
      <trkpt lat="32.650782" lon="34.965083">
        <ele>124.38147378343056</ele>
      </trkpt>
      <trkpt lat="32.650734" lon="34.965166">
        <ele>124.8214088167855</ele>
      </trkpt>
      <trkpt lat="32.650673" lon="34.965379">
        <ele>124.38320884994543</ele>
      </trkpt>
      <trkpt lat="32.650652" lon="34.965509">
        <ele>124.02318342167216</ele>
      </trkpt>
      <trkpt lat="32.650644" lon="34.96556">
        <ele>123.81271548443011</ele>
      </trkpt>
      <trkpt lat="32.650635" lon="34.965618">
        <ele>123.57344583875434</ele>
      </trkpt>
      <trkpt lat="32.650613" lon="34.965804">
        <ele>122.81143132753768</ele>
      </trkpt>
      <trkpt lat="32.650622" lon="34.965857">
        <ele>122.4481352852096</ele>
      </trkpt>
      <trkpt lat="32.650603" lon="34.96598">
        <ele>121.58955704119103</ele>
      </trkpt>
      <trkpt lat="32.650595" lon="34.966051">
        <ele>121.0977451694771</ele>
      </trkpt>
      <trkpt lat="32.650582" lon="34.966124">
        <ele>120.58017221866018</ele>
      </trkpt>
      <trkpt lat="32.65058" lon="34.966191">
        <ele>119.95250061474431</ele>
      </trkpt>
      <trkpt lat="32.650577" lon="34.96625">
        <ele>119.39911554732798</ele>
      </trkpt>
      <trkpt lat="32.650554" lon="34.966302">
        <ele>118.8491858597193</ele>
      </trkpt>
      <trkpt lat="32.650501" lon="34.966409">
        <ele>117.6869204274853</ele>
      </trkpt>
      <trkpt lat="32.650418" lon="34.966524">
        <ele>116.26882324489364</ele>
      </trkpt>
      <trkpt lat="32.650361" lon="34.966563">
        <ele>115.53736018745687</ele>
      </trkpt>
      <trkpt lat="32.650266" lon="34.966638">
        <ele>114.36824589087342</ele>
      </trkpt>
      <trkpt lat="32.650237" lon="34.966692">
        <ele>113.94848881358566</ele>
      </trkpt>
      <trkpt lat="32.650228" lon="34.966749">
        <ele>113.56841788351689</ele>
      </trkpt>
      <trkpt lat="32.650197" lon="34.966913">
        <ele>112.48737652922152</ele>
      </trkpt>
      <trkpt lat="32.650169" lon="34.967056">
        <ele>112.12083052264478</ele>
      </trkpt>
      <trkpt lat="32.650167" lon="34.967168">
        <ele>111.8411441390307</ele>
      </trkpt>
      <trkpt lat="32.650159" lon="34.967201">
        <ele>111.75540807405174</ele>
      </trkpt>
      <trkpt lat="32.650143" lon="34.967356">
        <ele>111.95085125971042</ele>
      </trkpt>
      <trkpt lat="32.650148" lon="34.967404">
        <ele>112.04141548444775</ele>
      </trkpt>
      <trkpt lat="32.650156" lon="34.967629">
        <ele>112.73493006306663</ele>
      </trkpt>
      <trkpt lat="32.650176" lon="34.967754">
        <ele>113.37025916649083</ele>
      </trkpt>
      <trkpt lat="32.650172" lon="34.967893">
        <ele>114.11620793852934</ele>
      </trkpt>
      <trkpt lat="32.650189" lon="34.968042">
        <ele>115.10162997949843</ele>
      </trkpt>
      <trkpt lat="32.650238" lon="34.968105">
        <ele>115.66371174910988</ele>
      </trkpt>
      <trkpt lat="32.650352" lon="34.968228">
        <ele>116.45180097324254</ele>
      </trkpt>
      <trkpt lat="32.650408" lon="34.968346">
        <ele>116.91679433613875</ele>
      </trkpt>
      <trkpt lat="32.650457" lon="34.96838">
        <ele>117.09562082799411</ele>
      </trkpt>
      <trkpt lat="32.650434" lon="34.968533">
        <ele>117.04711771400237</ele>
      </trkpt>
      <trkpt lat="32.650373" lon="34.968637">
        <ele>117.0075626710091</ele>
      </trkpt>
      <trkpt lat="32.650363" lon="34.968786">
        <ele>116.92183079172867</ele>
      </trkpt>
      <trkpt lat="32.650378" lon="34.968869">
        <ele>116.86884575039878</ele>
      </trkpt>
      <trkpt lat="32.650417" lon="34.968988">
        <ele>116.8542864217027</ele>
      </trkpt>
      <trkpt lat="32.650393" lon="34.969072">
        <ele>117.13111464063306</ele>
      </trkpt>
      <trkpt lat="32.650347" lon="34.969199">
        <ele>117.56257220083657</ele>
      </trkpt>
      <trkpt lat="32.650289" lon="34.969333">
        <ele>118.12589110915171</ele>
      </trkpt>
      <trkpt lat="32.650256" lon="34.969434">
        <ele>118.59923192424422</ele>
      </trkpt>
      <trkpt lat="32.650271" lon="34.969565">
        <ele>119.1768540536855</ele>
      </trkpt>
      <trkpt lat="32.650272" lon="34.969652">
        <ele>119.32750079685964</ele>
      </trkpt>
      <extensions>
        <RoutingType xmlns="">Hike</RoutingType>
      </extensions>
    </trkseg>
    <trkseg>
      <trkpt lat="32.650272" lon="34.969652">
        <ele>119.7</ele>
      </trkpt>
      <trkpt lat="32.650066" lon="34.969779">
        <ele>121.24849962565789</ele>
      </trkpt>
      <trkpt lat="32.649217" lon="34.970306">
        <ele>120.56987009587147</ele>
      </trkpt>
      <trkpt lat="32.648751" lon="34.970652">
        <ele>121.48959029201797</ele>
      </trkpt>
      <trkpt lat="32.648138" lon="34.971115">
        <ele>124.06710708550325</ele>
      </trkpt>
      <trkpt lat="32.647738" lon="34.971294">
        <ele>126.42493582837683</ele>
      </trkpt>
      <trkpt lat="32.647222" lon="34.971488">
        <ele>126.53448281832429</ele>
      </trkpt>
      <extensions>
        <RoutingType xmlns="">Hike</RoutingType>
      </extensions>
    </trkseg>
  </trk>
</gpx>
