<?xml version="1.0" encoding="UTF-8" standalone="yes"?>
<gpx xmlns="http://www.topografix.com/GPX/1/1" xmlns:xsi="http://www.w3.org/2001/XMLSchema-instance" version="1.1" creator="IsraelHikingMap" xsi:schemaLocation="http://www.topografix.com/GPX/1/1 http://www.topografix.com/GPX/1/1/gpx.xsd">
  <metadata>
    <bounds maxlat="32.65227" maxlon="34.979959" minlat="32.543476" minlon="34.935979"></bounds>
  </metadata>
  <wpt lat="32.54451173103244" lon="34.936400521625444">
    <name></name>
    <desc></desc>
    <type>star</type>
  </wpt>
  <wpt lat="32.54450100536987" lon="34.93639547659217">
    <name>חניון</name>
    <desc>שולחן וספסל מתחת לחרוב גדול</desc>
    <type>tree</type>
  </wpt>
  <wpt lat="32.543889818622475" lon="34.93811968923916">
    <name>חניון</name>
    <desc></desc>
    <type>tree</type>
  </wpt>
  <wpt lat="32.54948615168652" lon="34.95098951244617">
    <name>חניון</name>
    <desc>מקום מוצל שולחן אוכל 1 ועצי דולב</desc>
    <type>tree</type>
  </wpt>
  <trk>
    <name>16 - ים כרמל (כרם מהרל) לבנימינה</name>
    <desc>🏞️ קושי: בינוני | כרמל
🥾 יער הכרמל,מערת הפעמון, זכרון יעקוב
⛺ לילה: שטחים פתוחים מתחת לרמת הנדיב / סביב בנימינה שוני.
🛏️ מתקני לינה: שטחים פתוחים מתחת לרמת הנדיב / סביב בנימינה–שוני — למלא מים ברמת הנדיב. יש נקודות מסומנות במפה (ע"פ עמוד ענן), אולי גם שולחן.
🛒 קניות בקרבת המסלול:
• עופר — א׳-ה׳: 07:00-19:00 | ו׳: 07:00-15:00 | שבת: סגור | ☎ 04-8204449 | מרכז היישוב כ-1 ק&quot;מ מהשביל
• זכרון יעקב\בנימינה — א׳-ה׳: 07:00-21:00 | ו׳: 07:00-16:00 | שבת: סגור | ☎ 054-5567556 | חנות &#39;אייזיקס&#39; (10to10) על השביל</desc>
    <trkseg>
      <trkpt lat="32.647364" lon="34.971435">
        <ele>127.1</ele>
      </trkpt>
      <trkpt lat="32.647364" lon="34.971435">
        <ele>127.1</ele>
      </trkpt>
      <extensions>
        <RoutingType xmlns="">Hike</RoutingType>
      </extensions>
    </trkseg>
    <trkseg>
      <trkpt lat="32.647364" lon="34.971435">
        <ele>127.1</ele>
      </trkpt>
      <trkpt lat="32.647738" lon="34.971294">
        <ele>126.44560191013915</ele>
      </trkpt>
      <trkpt lat="32.648138" lon="34.971115">
        <ele>124.40699702002316</ele>
      </trkpt>
      <trkpt lat="32.648751" lon="34.970652">
        <ele>121.43430877092608</ele>
      </trkpt>
      <trkpt lat="32.649217" lon="34.970306">
        <ele>120.60846956945757</ele>
      </trkpt>
      <trkpt lat="32.650066" lon="34.969779">
        <ele>121.05332111220116</ele>
      </trkpt>
      <trkpt lat="32.650272" lon="34.969652">
        <ele>120.17173356729506</ele>
      </trkpt>
      <trkpt lat="32.650292" lon="34.969823">
        <ele>120.38724551356708</ele>
      </trkpt>
      <trkpt lat="32.650355" lon="34.96989">
        <ele>120.50631136527983</ele>
      </trkpt>
      <trkpt lat="32.650372" lon="34.969917">
        <ele>120.52735445924104</ele>
      </trkpt>
      <extensions>
        <RoutingType xmlns="">Hike</RoutingType>
      </extensions>
    </trkseg>
    <trkseg>
      <trkpt lat="32.650372" lon="34.969917">
        <ele>120.7</ele>
      </trkpt>
      <trkpt lat="32.650355" lon="34.96989">
        <ele>120.60530607717459</ele>
      </trkpt>
      <trkpt lat="32.650292" lon="34.969823">
        <ele>120.32320733894127</ele>
      </trkpt>
      <trkpt lat="32.650272" lon="34.969652">
        <ele>119.83830545982926</ele>
      </trkpt>
      <trkpt lat="32.650066" lon="34.969779">
        <ele>121.19011711122164</ele>
      </trkpt>
      <trkpt lat="32.65013" lon="34.969952">
        <ele>121.54074292057477</ele>
      </trkpt>
      <trkpt lat="32.650085" lon="34.97015">
        <ele>121.63797016666253</ele>
      </trkpt>
      <trkpt lat="32.650006" lon="34.970435">
        <ele>122.38708077206581</ele>
      </trkpt>
      <trkpt lat="32.649994" lon="34.970695">
        <ele>122.79823905418995</ele>
      </trkpt>
      <trkpt lat="32.650021" lon="34.970797">
        <ele>122.8088876177957</ele>
      </trkpt>
      <trkpt lat="32.6501" lon="34.970894">
        <ele>122.5140740081523</ele>
      </trkpt>
      <trkpt lat="32.650064" lon="34.970918">
        <ele>122.40696142096029</ele>
      </trkpt>
      <trkpt lat="32.649955" lon="34.971092">
        <ele>122.04753334517181</ele>
      </trkpt>
      <trkpt lat="32.64988" lon="34.97129">
        <ele>121.75301030720266</ele>
      </trkpt>
      <trkpt lat="32.649812" lon="34.971404">
        <ele>121.40420756933004</ele>
      </trkpt>
      <trkpt lat="32.649807" lon="34.971492">
        <ele>121.18400283676492</ele>
      </trkpt>
      <trkpt lat="32.649795" lon="34.971539">
        <ele>121.06138405810401</ele>
      </trkpt>
      <trkpt lat="32.649781" lon="34.971587">
        <ele>120.95909903583762</ele>
      </trkpt>
      <trkpt lat="32.649769" lon="34.971636">
        <ele>120.87947060562905</ele>
      </trkpt>
      <trkpt lat="32.649769" lon="34.971772">
        <ele>120.66725539281741</ele>
      </trkpt>
      <trkpt lat="32.649769" lon="34.971803">
        <ele>120.61888280754603</ele>
      </trkpt>
      <trkpt lat="32.64977" lon="34.971906">
        <ele>120.6925085808088</ele>
      </trkpt>
      <trkpt lat="32.649731" lon="34.971989">
        <ele>121.37476358030645</ele>
      </trkpt>
      <trkpt lat="32.649651" lon="34.972042">
        <ele>122.15568794780893</ele>
      </trkpt>
      <trkpt lat="32.649677" lon="34.972098">
        <ele>122.61470948145153</ele>
      </trkpt>
      <extensions>
        <RoutingType xmlns="">Hike</RoutingType>
      </extensions>
    </trkseg>
    <trkseg>
      <trkpt lat="32.649677" lon="34.972098">
        <ele>122.8</ele>
      </trkpt>
      <trkpt lat="32.649741" lon="34.972239">
        <ele>123.64983332344339</ele>
      </trkpt>
      <trkpt lat="32.649785" lon="34.972448">
        <ele>124.9133550949605</ele>
      </trkpt>
      <trkpt lat="32.649826" lon="34.97252">
        <ele>125.56438420901613</ele>
      </trkpt>
      <trkpt lat="32.64993" lon="34.972642">
        <ele>126.86471791348099</ele>
      </trkpt>
      <trkpt lat="32.650016" lon="34.97288">
        <ele>129.5187508550338</ele>
      </trkpt>
      <trkpt lat="32.650096" lon="34.972968">
        <ele>130.79316496701472</ele>
      </trkpt>
      <trkpt lat="32.650166" lon="34.97312">
        <ele>132.41520711747526</ele>
      </trkpt>
      <trkpt lat="32.650301" lon="34.973181">
        <ele>133.85704575110395</ele>
      </trkpt>
      <trkpt lat="32.650647" lon="34.973501">
        <ele>136.67902274530033</ele>
      </trkpt>
      <trkpt lat="32.650779" lon="34.973579">
        <ele>136.8891306267412</ele>
      </trkpt>
      <trkpt lat="32.650925" lon="34.973896">
        <ele>136.8853453195007</ele>
      </trkpt>
      <trkpt lat="32.651108" lon="34.974026">
        <ele>136.98181654719957</ele>
      </trkpt>
      <trkpt lat="32.651257" lon="34.974266">
        <ele>137.88842246493704</ele>
      </trkpt>
      <trkpt lat="32.651417" lon="34.974348">
        <ele>139.18021479902072</ele>
      </trkpt>
      <extensions>
        <RoutingType xmlns="">Hike</RoutingType>
      </extensions>
    </trkseg>
    <trkseg>
      <trkpt lat="32.65142" lon="34.974340000000005">
        <ele>145</ele>
        <time>2021-09-14T10:40:17Z</time>
      </trkpt>
      <trkpt lat="32.65148" lon="34.97451">
        <ele>145</ele>
        <time>2021-09-14T10:40:18Z</time>
      </trkpt>
      <trkpt lat="32.65153" lon="34.97458">
        <ele>145</ele>
        <time>2021-09-14T10:40:19Z</time>
      </trkpt>
      <trkpt lat="32.65153" lon="34.97458">
        <ele>145</ele>
        <time>2021-09-14T10:40:20Z</time>
      </trkpt>
      <trkpt lat="32.651700000000005" lon="34.97477">
        <ele>145</ele>
        <time>2021-09-14T10:40:21Z</time>
      </trkpt>
      <trkpt lat="32.651810000000005" lon="34.9746">
        <ele>145</ele>
        <time>2021-09-14T10:40:22Z</time>
      </trkpt>
      <trkpt lat="32.65214" lon="34.97502">
        <ele>144</ele>
        <time>2021-09-14T10:40:23Z</time>
      </trkpt>
      <trkpt lat="32.652260000000005" lon="34.975260000000006">
        <ele>140</ele>
        <time>2021-09-14T10:40:24Z</time>
      </trkpt>
      <trkpt lat="32.652240000000006" lon="34.97552">
        <ele>140</ele>
        <time>2021-09-14T10:40:25Z</time>
      </trkpt>
      <trkpt lat="32.65227" lon="34.975620000000006">
        <ele>140</ele>
        <time>2021-09-14T10:40:26Z</time>
      </trkpt>
      <trkpt lat="32.65227" lon="34.975620000000006">
        <ele>140</ele>
        <time>2021-09-14T10:40:27Z</time>
      </trkpt>
      <trkpt lat="32.652240000000006" lon="34.97552">
        <ele>140</ele>
        <time>2021-09-14T10:40:28Z</time>
      </trkpt>
      <trkpt lat="32.65202" lon="34.975680000000004">
        <ele>140</ele>
        <time>2021-09-14T10:40:29Z</time>
      </trkpt>
      <trkpt lat="32.6516" lon="34.97592">
        <ele>144</ele>
        <time>2021-09-14T10:40:30Z</time>
      </trkpt>
      <trkpt lat="32.65102" lon="34.9761">
        <ele>147.5</ele>
        <time>2021-09-14T10:40:31Z</time>
      </trkpt>
      <trkpt lat="32.65102" lon="34.9761">
        <ele>147.5</ele>
        <time>2021-09-14T10:40:32Z</time>
      </trkpt>
      <trkpt lat="32.65082" lon="34.97616">
        <ele>151</ele>
        <time>2021-09-14T10:40:33Z</time>
      </trkpt>
      <trkpt lat="32.65083" lon="34.97628">
        <ele>151</ele>
        <time>2021-09-14T10:40:34Z</time>
      </trkpt>
      <trkpt lat="32.650780000000005" lon="34.976490000000005">
        <ele>151</ele>
        <time>2021-09-14T10:40:35Z</time>
      </trkpt>
      <trkpt lat="32.650780000000005" lon="34.9767">
        <ele>144</ele>
        <time>2021-09-14T10:40:36Z</time>
      </trkpt>
      <trkpt lat="32.650760000000005" lon="34.976780000000005">
        <ele>144</ele>
        <time>2021-09-14T10:40:37Z</time>
      </trkpt>
      <trkpt lat="32.6507" lon="34.97683">
        <ele>144</ele>
        <time>2021-09-14T10:40:38Z</time>
      </trkpt>
      <trkpt lat="32.65053" lon="34.97693">
        <ele>144</ele>
        <time>2021-09-14T10:40:39Z</time>
      </trkpt>
      <trkpt lat="32.65045" lon="34.976940000000006">
        <ele>144</ele>
        <time>2021-09-14T10:40:40Z</time>
      </trkpt>
      <trkpt lat="32.65026" lon="34.976890000000004">
        <ele>148</ele>
        <time>2021-09-14T10:40:41Z</time>
      </trkpt>
      <trkpt lat="32.650040000000004" lon="34.976890000000004">
        <ele>148</ele>
        <time>2021-09-14T10:40:42Z</time>
      </trkpt>
      <trkpt lat="32.64988" lon="34.97697">
        <ele>148</ele>
        <time>2021-09-14T10:40:43Z</time>
      </trkpt>
      <trkpt lat="32.649710000000006" lon="34.97692">
        <ele>148</ele>
        <time>2021-09-14T10:40:44Z</time>
      </trkpt>
      <trkpt lat="32.6495" lon="34.977000000000004">
        <ele>148</ele>
        <time>2021-09-14T10:40:45Z</time>
      </trkpt>
      <trkpt lat="32.64925" lon="34.977030000000006">
        <ele>154</ele>
        <time>2021-09-14T10:40:46Z</time>
      </trkpt>
      <trkpt lat="32.649190000000004" lon="34.977000000000004">
        <ele>154</ele>
        <time>2021-09-14T10:40:47Z</time>
      </trkpt>
      <trkpt lat="32.649010000000004" lon="34.976850000000006">
        <ele>154</ele>
        <time>2021-09-14T10:40:48Z</time>
      </trkpt>
      <trkpt lat="32.64884" lon="34.97681">
        <ele>154</ele>
        <time>2021-09-14T10:40:49Z</time>
      </trkpt>
      <trkpt lat="32.648610000000005" lon="34.976670000000006">
        <ele>158</ele>
        <time>2021-09-14T10:40:50Z</time>
      </trkpt>
      <trkpt lat="32.648540000000004" lon="34.97668">
        <ele>158</ele>
        <time>2021-09-14T10:40:51Z</time>
      </trkpt>
      <trkpt lat="32.648430000000005" lon="34.97673">
        <ele>157</ele>
        <time>2021-09-14T10:40:52Z</time>
      </trkpt>
      <trkpt lat="32.648430000000005" lon="34.97673">
        <ele>157</ele>
        <time>2021-09-14T10:40:53Z</time>
      </trkpt>
      <trkpt lat="32.64826" lon="34.97673">
        <ele>156</ele>
        <time>2021-09-14T10:40:54Z</time>
      </trkpt>
      <trkpt lat="32.64813" lon="34.97666">
        <ele>158</ele>
        <time>2021-09-14T10:40:55Z</time>
      </trkpt>
      <trkpt lat="32.64799" lon="34.97668">
        <ele>158</ele>
        <time>2021-09-14T10:40:56Z</time>
      </trkpt>
      <trkpt lat="32.64788" lon="34.97666">
        <ele>158</ele>
        <time>2021-09-14T10:40:57Z</time>
      </trkpt>
      <trkpt lat="32.64781" lon="34.97668">
        <ele>158</ele>
        <time>2021-09-14T10:40:58Z</time>
      </trkpt>
      <trkpt lat="32.6477" lon="34.97679">
        <ele>153</ele>
        <time>2021-09-14T10:40:59Z</time>
      </trkpt>
      <trkpt lat="32.64757" lon="34.97684">
        <ele>153</ele>
        <time>2021-09-14T10:41:00Z</time>
      </trkpt>
      <trkpt lat="32.64748" lon="34.976910000000004">
        <ele>153</ele>
        <time>2021-09-14T10:41:01Z</time>
      </trkpt>
      <trkpt lat="32.64739" lon="34.977090000000004">
        <ele>153</ele>
        <time>2021-09-14T10:41:02Z</time>
      </trkpt>
      <trkpt lat="32.647200000000005" lon="34.97729">
        <ele>153</ele>
        <time>2021-09-14T10:41:03Z</time>
      </trkpt>
      <trkpt lat="32.64717" lon="34.97729">
        <ele>153</ele>
        <time>2021-09-14T10:41:04Z</time>
      </trkpt>
      <trkpt lat="32.64706" lon="34.977250000000005">
        <ele>153</ele>
        <time>2021-09-14T10:41:05Z</time>
      </trkpt>
      <trkpt lat="32.64699" lon="34.977250000000005">
        <ele>153</ele>
        <time>2021-09-14T10:41:06Z</time>
      </trkpt>
      <trkpt lat="32.646860000000004" lon="34.977320000000006">
        <ele>147</ele>
        <time>2021-09-14T10:41:07Z</time>
      </trkpt>
      <trkpt lat="32.64674" lon="34.97748">
        <ele>147</ele>
        <time>2021-09-14T10:41:08Z</time>
      </trkpt>
      <trkpt lat="32.64663" lon="34.977700000000006">
        <ele>136</ele>
        <time>2021-09-14T10:41:09Z</time>
      </trkpt>
      <trkpt lat="32.64659" lon="34.977700000000006">
        <ele>136</ele>
        <time>2021-09-14T10:41:10Z</time>
      </trkpt>
      <trkpt lat="32.6465" lon="34.977650000000004">
        <ele>136</ele>
        <time>2021-09-14T10:41:11Z</time>
      </trkpt>
      <trkpt lat="32.646460000000005" lon="34.97753">
        <ele>136</ele>
        <time>2021-09-14T10:41:12Z</time>
      </trkpt>
      <trkpt lat="32.646440000000005" lon="34.977500000000006">
        <ele>147</ele>
        <time>2021-09-14T10:41:13Z</time>
      </trkpt>
      <trkpt lat="32.64641" lon="34.97749">
        <ele>147</ele>
        <time>2021-09-14T10:41:14Z</time>
      </trkpt>
      <trkpt lat="32.64623" lon="34.97751">
        <ele>136</ele>
        <time>2021-09-14T10:41:15Z</time>
      </trkpt>
      <trkpt lat="32.646060000000006" lon="34.977450000000005">
        <ele>144</ele>
        <time>2021-09-14T10:41:16Z</time>
      </trkpt>
      <trkpt lat="32.645770000000006" lon="34.977470000000004">
        <ele>144</ele>
        <time>2021-09-14T10:41:17Z</time>
      </trkpt>
      <trkpt lat="32.64553" lon="34.97739">
        <ele>144</ele>
        <time>2021-09-14T10:41:18Z</time>
      </trkpt>
      <extensions>
        <RoutingType xmlns="">Hike</RoutingType>
      </extensions>
    </trkseg>
    <trkseg>
      <trkpt lat="32.64553" lon="34.977391">
        <ele>145.2</ele>
      </trkpt>
      <trkpt lat="32.645285" lon="34.977405">
        <ele>145.38182849307253</ele>
      </trkpt>
      <trkpt lat="32.644964" lon="34.977359">
        <ele>143.0418596908887</ele>
      </trkpt>
      <trkpt lat="32.64483" lon="34.977296">
        <ele>141.75984197374825</ele>
      </trkpt>
      <trkpt lat="32.644738" lon="34.977228">
        <ele>140.67876774724454</ele>
      </trkpt>
      <trkpt lat="32.644668" lon="34.977217">
        <ele>139.34401466040305</ele>
      </trkpt>
      <trkpt lat="32.644597" lon="34.977234">
        <ele>137.97488631363024</ele>
      </trkpt>
      <trkpt lat="32.644367" lon="34.977119">
        <ele>133.30739972691248</ele>
      </trkpt>
      <trkpt lat="32.644224" lon="34.977113">
        <ele>130.74512819293216</ele>
      </trkpt>
      <trkpt lat="32.644164" lon="34.97716">
        <ele>130.23894874909092</ele>
      </trkpt>
      <trkpt lat="32.644117" lon="34.977225">
        <ele>129.73089164340132</ele>
      </trkpt>
      <trkpt lat="32.644022" lon="34.977439">
        <ele>128.07392857430716</ele>
      </trkpt>
      <trkpt lat="32.643913" lon="34.977402">
        <ele>126.9814405227905</ele>
      </trkpt>
      <trkpt lat="32.643897" lon="34.977495">
        <ele>126.26584150088075</ele>
      </trkpt>
      <trkpt lat="32.643927" lon="34.977602">
        <ele>125.91386695779066</ele>
      </trkpt>
      <trkpt lat="32.644006" lon="34.977639">
        <ele>125.5991056297086</ele>
      </trkpt>
      <trkpt lat="32.644136" lon="34.977713">
        <ele>125.67636777822646</ele>
      </trkpt>
      <trkpt lat="32.644256" lon="34.977763">
        <ele>126.43054452630204</ele>
      </trkpt>
      <trkpt lat="32.644374" lon="34.977846">
        <ele>127.11491405896439</ele>
      </trkpt>
      <trkpt lat="32.64452" lon="34.977901">
        <ele>127.68263516045054</ele>
      </trkpt>
      <trkpt lat="32.644643" lon="34.977986">
        <ele>127.52787916063153</ele>
      </trkpt>
      <trkpt lat="32.644742" lon="34.978039">
        <ele>127.04487562140861</ele>
      </trkpt>
      <trkpt lat="32.644895" lon="34.978153">
        <ele>125.668413655894</ele>
      </trkpt>
      <trkpt lat="32.644965" lon="34.978251">
        <ele>124.58549897344406</ele>
      </trkpt>
      <trkpt lat="32.644993" lon="34.978331">
        <ele>123.80191288212141</ele>
      </trkpt>
      <trkpt lat="32.645005" lon="34.978545">
        <ele>121.3252485280298</ele>
      </trkpt>
      <trkpt lat="32.645029" lon="34.978575">
        <ele>120.84739511616833</ele>
      </trkpt>
      <trkpt lat="32.645014" lon="34.978653">
        <ele>119.50627374712683</ele>
      </trkpt>
      <trkpt lat="32.644978" lon="34.978785">
        <ele>116.12856570761363</ele>
      </trkpt>
      <trkpt lat="32.644887" lon="34.978853">
        <ele>113.02023317735825</ele>
      </trkpt>
      <trkpt lat="32.644817" lon="34.978952">
        <ele>109.73850065196721</ele>
      </trkpt>
      <trkpt lat="32.644721" lon="34.979103">
        <ele>104.89629839149414</ele>
      </trkpt>
      <trkpt lat="32.644648" lon="34.979226">
        <ele>101.52145169914229</ele>
      </trkpt>
      <trkpt lat="32.644542" lon="34.979337">
        <ele>97.85479166318629</ele>
      </trkpt>
      <trkpt lat="32.644519" lon="34.979417">
        <ele>96.67244119930886</ele>
      </trkpt>
      <trkpt lat="32.644443" lon="34.979488">
        <ele>95.45386551837157</ele>
      </trkpt>
      <trkpt lat="32.644439" lon="34.979492">
        <ele>95.38796688436102</ele>
      </trkpt>
      <extensions>
        <RoutingType xmlns="">Hike</RoutingType>
      </extensions>
    </trkseg>
    <trkseg>
      <trkpt lat="32.644439" lon="34.979492">
        <ele>93.9</ele>
      </trkpt>
      <trkpt lat="32.644358" lon="34.979562">
        <ele>91.85784063740513</ele>
      </trkpt>
      <trkpt lat="32.64435" lon="34.979636">
        <ele>90.57716682758847</ele>
      </trkpt>
      <trkpt lat="32.644358" lon="34.979688">
        <ele>89.6697843543997</ele>
      </trkpt>
      <trkpt lat="32.644314" lon="34.979701">
        <ele>88.74547047775773</ele>
      </trkpt>
      <trkpt lat="32.644285" lon="34.97967">
        <ele>88.0809574905942</ele>
      </trkpt>
      <trkpt lat="32.644111" lon="34.979633">
        <ele>85.52572690195362</ele>
      </trkpt>
      <trkpt lat="32.64401" lon="34.979596">
        <ele>84.0107297755034</ele>
      </trkpt>
      <trkpt lat="32.643917" lon="34.979577">
        <ele>82.68161253843533</ele>
      </trkpt>
      <trkpt lat="32.643873" lon="34.979538">
        <ele>81.90830848512772</ele>
      </trkpt>
      <trkpt lat="32.643792" lon="34.979429">
        <ele>80.5642515444379</ele>
      </trkpt>
      <trkpt lat="32.643676" lon="34.979325">
        <ele>80.02553409114975</ele>
      </trkpt>
      <trkpt lat="32.643478" lon="34.979309">
        <ele>78.7978913280898</ele>
      </trkpt>
      <trkpt lat="32.643302" lon="34.979306">
        <ele>77.36258765470032</ele>
      </trkpt>
      <trkpt lat="32.643149" lon="34.979282">
        <ele>76.10414438287197</ele>
      </trkpt>
      <trkpt lat="32.643022" lon="34.979285">
        <ele>74.96304599458125</ele>
      </trkpt>
      <trkpt lat="32.642832" lon="34.979263">
        <ele>72.69880933275947</ele>
      </trkpt>
      <trkpt lat="32.642551" lon="34.979294">
        <ele>67.89147730264847</ele>
      </trkpt>
      <trkpt lat="32.642354" lon="34.979586">
        <ele>64.71466107570959</ele>
      </trkpt>
      <trkpt lat="32.642306" lon="34.979614">
        <ele>64.0803693265318</ele>
      </trkpt>
      <trkpt lat="32.642174" lon="34.97978">
        <ele>61.80004872944529</ele>
      </trkpt>
      <trkpt lat="32.641992" lon="34.979937">
        <ele>59.054862011117926</ele>
      </trkpt>
      <trkpt lat="32.64184" lon="34.979733">
        <ele>56.43571858198032</ele>
      </trkpt>
      <trkpt lat="32.641769" lon="34.979746">
        <ele>55.6369061372503</ele>
      </trkpt>
      <trkpt lat="32.641275" lon="34.979959">
        <ele>49.76155245169547</ele>
      </trkpt>
      <trkpt lat="32.641103" lon="34.979636">
        <ele>48.56302605521472</ele>
      </trkpt>
      <trkpt lat="32.64078" lon="34.979585">
        <ele>46.945736325949454</ele>
      </trkpt>
      <trkpt lat="32.639462" lon="34.979332">
        <ele>39.53372623470933</ele>
      </trkpt>
      <trkpt lat="32.639504" lon="34.978808">
        <ele>39.46210740660979</ele>
      </trkpt>
      <extensions>
        <RoutingType xmlns="">Hike</RoutingType>
      </extensions>
    </trkseg>
    <trkseg>
      <trkpt lat="32.639504" lon="34.978808">
        <ele>39.6</ele>
      </trkpt>
      <trkpt lat="32.639539" lon="34.978362">
        <ele>39.38154132635287</ele>
      </trkpt>
      <trkpt lat="32.639434" lon="34.978097">
        <ele>38.71269751082789</ele>
      </trkpt>
      <trkpt lat="32.639589" lon="34.976208">
        <ele>39.059583692234504</ele>
      </trkpt>
      <trkpt lat="32.63908" lon="34.976234">
        <ele>42.19840863258479</ele>
      </trkpt>
      <trkpt lat="32.638927" lon="34.976223">
        <ele>43.5619265677858</ele>
      </trkpt>
      <trkpt lat="32.638799" lon="34.976211">
        <ele>44.367350888406655</ele>
      </trkpt>
      <extensions>
        <RoutingType xmlns="">Hike</RoutingType>
      </extensions>
    </trkseg>
    <trkseg>
      <trkpt lat="32.638799" lon="34.976211">
        <ele>44.7</ele>
      </trkpt>
      <trkpt lat="32.638532" lon="34.976187">
        <ele>47.37965778611512</ele>
      </trkpt>
      <trkpt lat="32.638053" lon="34.976162">
        <ele>53.324919633007276</ele>
      </trkpt>
      <trkpt lat="32.637736" lon="34.976132">
        <ele>60.00000678297276</ele>
      </trkpt>
      <trkpt lat="32.637745" lon="34.976097">
        <ele>60.293750018205884</ele>
      </trkpt>
      <trkpt lat="32.637547" lon="34.976259">
        <ele>60.20462867979392</ele>
      </trkpt>
      <trkpt lat="32.637198" lon="34.976504">
        <ele>67.14049490674051</ele>
      </trkpt>
      <trkpt lat="32.636833" lon="34.976793">
        <ele>79.2297141350275</ele>
      </trkpt>
      <trkpt lat="32.63676" lon="34.976851">
        <ele>80.53191864486095</ele>
      </trkpt>
      <trkpt lat="32.636668" lon="34.977091">
        <ele>83.80107557928983</ele>
      </trkpt>
      <trkpt lat="32.636642" lon="34.977244">
        <ele>85.70108027747999</ele>
      </trkpt>
      <trkpt lat="32.636595" lon="34.977282">
        <ele>86.523004172174</ele>
      </trkpt>
      <trkpt lat="32.636537" lon="34.977313">
        <ele>88.13426529990996</ele>
      </trkpt>
      <trkpt lat="32.636518" lon="34.977352">
        <ele>89.27339083294075</ele>
      </trkpt>
      <trkpt lat="32.636516" lon="34.977416">
        <ele>90.89257320125667</ele>
      </trkpt>
      <trkpt lat="32.636459" lon="34.977439">
        <ele>92.69996026809656</ele>
      </trkpt>
      <trkpt lat="32.636228" lon="34.977604">
        <ele>99.41079838792547</ele>
      </trkpt>
      <trkpt lat="32.636156" lon="34.977713">
        <ele>101.99569928648584</ele>
      </trkpt>
      <trkpt lat="32.636041" lon="34.977819">
        <ele>105.0173795923592</ele>
      </trkpt>
      <trkpt lat="32.635988" lon="34.977802">
        <ele>106.15689307826511</ele>
      </trkpt>
      <trkpt lat="32.635917" lon="34.977784">
        <ele>107.33680149717748</ele>
      </trkpt>
      <trkpt lat="32.635859" lon="34.977777">
        <ele>108.13631346611042</ele>
      </trkpt>
      <trkpt lat="32.635798" lon="34.977763">
        <ele>108.98835117075734</ele>
      </trkpt>
      <trkpt lat="32.635743" lon="34.977746">
        <ele>109.76775608459744</ele>
      </trkpt>
      <trkpt lat="32.635698" lon="34.977702">
        <ele>110.44969983723863</ele>
      </trkpt>
      <trkpt lat="32.635645" lon="34.977684">
        <ele>110.67445267314115</ele>
      </trkpt>
      <trkpt lat="32.635581" lon="34.97768">
        <ele>110.93575127058584</ele>
      </trkpt>
      <trkpt lat="32.635526" lon="34.977682">
        <ele>111.16009948840374</ele>
      </trkpt>
      <trkpt lat="32.635472" lon="34.977707">
        <ele>111.3964062176734</ele>
      </trkpt>
      <trkpt lat="32.635426" lon="34.977667">
        <ele>111.57028895008531</ele>
      </trkpt>
      <trkpt lat="32.635366" lon="34.977628">
        <ele>111.72240491160545</ele>
      </trkpt>
      <trkpt lat="32.635307" lon="34.977651">
        <ele>111.86050433387433</ele>
      </trkpt>
      <trkpt lat="32.63525" lon="34.977675">
        <ele>111.99499927763391</ele>
      </trkpt>
      <trkpt lat="32.635194" lon="34.977675">
        <ele>112.14884398869354</ele>
      </trkpt>
      <trkpt lat="32.635031" lon="34.97762">
        <ele>113.09095835094601</ele>
      </trkpt>
      <trkpt lat="32.634975" lon="34.977635">
        <ele>113.41012670356712</ele>
      </trkpt>
      <trkpt lat="32.634909" lon="34.977613">
        <ele>113.8932543936849</ele>
      </trkpt>
      <trkpt lat="32.634854" lon="34.977621">
        <ele>114.36563071469934</ele>
      </trkpt>
      <trkpt lat="32.634797" lon="34.97766">
        <ele>114.92644337791022</ele>
      </trkpt>
      <trkpt lat="32.634738" lon="34.977697">
        <ele>115.49524697467146</ele>
      </trkpt>
      <trkpt lat="32.634679" lon="34.977696">
        <ele>115.97690689773063</ele>
      </trkpt>
      <trkpt lat="32.634618" lon="34.977672">
        <ele>116.40563723673536</ele>
      </trkpt>
      <trkpt lat="32.634559" lon="34.977654">
        <ele>116.81205104405805</ele>
      </trkpt>
      <trkpt lat="32.634498" lon="34.977649">
        <ele>117.2199928777859</ele>
      </trkpt>
      <trkpt lat="32.634439" lon="34.977642">
        <ele>117.61558278608537</ele>
      </trkpt>
      <trkpt lat="32.634386" lon="34.977614">
        <ele>117.81767719665429</ele>
      </trkpt>
      <trkpt lat="32.634326" lon="34.97762">
        <ele>117.973901120476</ele>
      </trkpt>
      <trkpt lat="32.634267" lon="34.977629">
        <ele>118.12823735779534</ele>
      </trkpt>
      <trkpt lat="32.63421" lon="34.977659">
        <ele>118.29000208760787</ele>
      </trkpt>
      <trkpt lat="32.634154" lon="34.977643">
        <ele>118.4394433660257</ele>
      </trkpt>
      <trkpt lat="32.634103" lon="34.977575">
        <ele>118.63840093884585</ele>
      </trkpt>
      <trkpt lat="32.63405" lon="34.977553">
        <ele>118.78407150583352</ele>
      </trkpt>
      <trkpt lat="32.634018" lon="34.977496">
        <ele>118.93375125264049</ele>
      </trkpt>
      <trkpt lat="32.633967" lon="34.977468">
        <ele>119.07953168901663</ele>
      </trkpt>
      <trkpt lat="32.633913" lon="34.977445">
        <ele>119.1733585077183</ele>
      </trkpt>
      <trkpt lat="32.633854" lon="34.977431">
        <ele>119.26256121962156</ele>
      </trkpt>
      <trkpt lat="32.633794" lon="34.977416">
        <ele>119.3534672444094</ele>
      </trkpt>
      <trkpt lat="32.633731" lon="34.977411">
        <ele>119.44707937054322</ele>
      </trkpt>
      <trkpt lat="32.633666" lon="34.977406">
        <ele>119.53273772252061</ele>
      </trkpt>
      <trkpt lat="32.633612" lon="34.9774">
        <ele>119.59304527222807</ele>
      </trkpt>
      <trkpt lat="32.633549" lon="34.977398">
        <ele>119.66312310606615</ele>
      </trkpt>
      <trkpt lat="32.633488" lon="34.977424">
        <ele>119.73518922097894</ele>
      </trkpt>
      <trkpt lat="32.633455" lon="34.977475">
        <ele>119.79541559718581</ele>
      </trkpt>
      <trkpt lat="32.633406" lon="34.977507">
        <ele>120.18398330504425</ele>
      </trkpt>
      <trkpt lat="32.633355" lon="34.97753">
        <ele>120.5883936279202</ele>
      </trkpt>
      <trkpt lat="32.633294" lon="34.977557">
        <ele>121.07097934086721</ele>
      </trkpt>
      <trkpt lat="32.633243" lon="34.977587">
        <ele>121.49288746318516</ele>
      </trkpt>
      <trkpt lat="32.633194" lon="34.977632">
        <ele>121.8456246670591</ele>
      </trkpt>
      <trkpt lat="32.633139" lon="34.977626">
        <ele>121.9684541730158</ele>
      </trkpt>
      <trkpt lat="32.633081" lon="34.97761">
        <ele>122.10087524966708</ele>
      </trkpt>
      <trkpt lat="32.633024" lon="34.977582">
        <ele>122.23805598580327</ele>
      </trkpt>
      <trkpt lat="32.632969" lon="34.977532">
        <ele>122.39210021826504</ele>
      </trkpt>
      <trkpt lat="32.63295" lon="34.977532">
        <ele>122.40572571506566</ele>
      </trkpt>
      <extensions>
        <RoutingType xmlns="">Hike</RoutingType>
      </extensions>
    </trkseg>
    <trkseg>
      <trkpt lat="32.632920000000006" lon="34.97753">
        <ele>130</ele>
        <time>2021-09-14T10:43:20Z</time>
      </trkpt>
      <trkpt lat="32.632850000000005" lon="34.977560000000004">
        <ele>130</ele>
        <time>2021-09-14T10:43:21Z</time>
      </trkpt>
      <trkpt lat="32.63275" lon="34.97753">
        <ele>128</ele>
        <time>2021-09-14T10:43:22Z</time>
      </trkpt>
      <trkpt lat="32.63257" lon="34.977520000000005">
        <ele>128</ele>
        <time>2021-09-14T10:43:23Z</time>
      </trkpt>
      <trkpt lat="32.63246" lon="34.97753">
        <ele>128</ele>
        <time>2021-09-14T10:43:24Z</time>
      </trkpt>
      <trkpt lat="32.632360000000006" lon="34.97757">
        <ele>128</ele>
        <time>2021-09-14T10:43:25Z</time>
      </trkpt>
      <trkpt lat="32.63215" lon="34.977500000000006">
        <ele>124</ele>
        <time>2021-09-14T10:43:26Z</time>
      </trkpt>
      <trkpt lat="32.63204" lon="34.97742">
        <ele>124</ele>
        <time>2021-09-14T10:43:27Z</time>
      </trkpt>
      <trkpt lat="32.631910000000005" lon="34.977720000000005">
        <ele>130</ele>
        <time>2021-09-14T10:43:28Z</time>
      </trkpt>
      <trkpt lat="32.631930000000004" lon="34.978">
        <ele>130</ele>
        <time>2021-09-14T10:43:29Z</time>
      </trkpt>
      <trkpt lat="32.631980000000006" lon="34.978350000000006">
        <ele>133</ele>
        <time>2021-09-14T10:43:30Z</time>
      </trkpt>
      <trkpt lat="32.63192" lon="34.97863">
        <ele>135</ele>
        <time>2021-09-14T10:43:31Z</time>
      </trkpt>
      <trkpt lat="32.63188" lon="34.97869">
        <ele>135</ele>
        <time>2021-09-14T10:43:32Z</time>
      </trkpt>
      <trkpt lat="32.631820000000005" lon="34.97872">
        <ele>135</ele>
        <time>2021-09-14T10:43:33Z</time>
      </trkpt>
      <trkpt lat="32.63139" lon="34.97876">
        <ele>135</ele>
        <time>2021-09-14T10:43:34Z</time>
      </trkpt>
      <trkpt lat="32.63111" lon="34.978860000000005">
        <ele>145</ele>
        <time>2021-09-14T10:43:35Z</time>
      </trkpt>
      <trkpt lat="32.63105" lon="34.978860000000005">
        <ele>145</ele>
        <time>2021-09-14T10:43:36Z</time>
      </trkpt>
      <trkpt lat="32.63094" lon="34.978880000000004">
        <ele>145</ele>
        <time>2021-09-14T10:43:37Z</time>
      </trkpt>
      <trkpt lat="32.63065" lon="34.978880000000004">
        <ele>145</ele>
        <time>2021-09-14T10:43:38Z</time>
      </trkpt>
      <trkpt lat="32.630590000000005" lon="34.978860000000005">
        <ele>145</ele>
        <time>2021-09-14T10:43:39Z</time>
      </trkpt>
      <trkpt lat="32.630590000000005" lon="34.97862">
        <ele>145</ele>
        <time>2021-09-14T10:43:40Z</time>
      </trkpt>
      <trkpt lat="32.630520000000004" lon="34.978170000000006">
        <ele>140</ele>
        <time>2021-09-14T10:43:41Z</time>
      </trkpt>
      <trkpt lat="32.63047" lon="34.978030000000004">
        <ele>140</ele>
        <time>2021-09-14T10:43:42Z</time>
      </trkpt>
      <trkpt lat="32.630320000000005" lon="34.97776">
        <ele>140</ele>
        <time>2021-09-14T10:43:43Z</time>
      </trkpt>
      <trkpt lat="32.630300000000005" lon="34.97767">
        <ele>150</ele>
        <time>2021-09-14T10:43:44Z</time>
      </trkpt>
      <trkpt lat="32.63029" lon="34.97758">
        <ele>150</ele>
        <time>2021-09-14T10:43:45Z</time>
      </trkpt>
      <trkpt lat="32.63033" lon="34.97728">
        <ele>138</ele>
        <time>2021-09-14T10:43:46Z</time>
      </trkpt>
      <trkpt lat="32.63033" lon="34.97692">
        <ele>138</ele>
        <time>2021-09-14T10:43:47Z</time>
      </trkpt>
      <trkpt lat="32.630280000000006" lon="34.97661">
        <ele>137</ele>
        <time>2021-09-14T10:43:48Z</time>
      </trkpt>
      <trkpt lat="32.63027" lon="34.97607">
        <ele>137</ele>
        <time>2021-09-14T10:43:49Z</time>
      </trkpt>
      <trkpt lat="32.63024" lon="34.97592">
        <ele>137</ele>
        <time>2021-09-14T10:43:50Z</time>
      </trkpt>
      <trkpt lat="32.630160000000004" lon="34.97572">
        <ele>134</ele>
        <time>2021-09-14T10:43:51Z</time>
      </trkpt>
      <trkpt lat="32.629960000000004" lon="34.97545">
        <ele>134</ele>
        <time>2021-09-14T10:43:52Z</time>
      </trkpt>
      <trkpt lat="32.629960000000004" lon="34.97545">
        <ele>134</ele>
        <time>2021-09-14T10:43:53Z</time>
      </trkpt>
      <trkpt lat="32.6299" lon="34.975390000000004">
        <ele>134</ele>
        <time>2021-09-14T10:43:54Z</time>
      </trkpt>
      <trkpt lat="32.629830000000005" lon="34.975370000000005">
        <ele>134</ele>
        <time>2021-09-14T10:43:55Z</time>
      </trkpt>
      <trkpt lat="32.62977" lon="34.975370000000005">
        <ele>134</ele>
        <time>2021-09-14T10:43:56Z</time>
      </trkpt>
      <trkpt lat="32.62971" lon="34.97534">
        <ele>134</ele>
        <time>2021-09-14T10:43:57Z</time>
      </trkpt>
      <trkpt lat="32.6296" lon="34.97511">
        <ele>134</ele>
        <time>2021-09-14T10:43:58Z</time>
      </trkpt>
      <trkpt lat="32.62941" lon="34.97493">
        <ele>126</ele>
        <time>2021-09-14T10:43:59Z</time>
      </trkpt>
      <trkpt lat="32.62934" lon="34.97489">
        <ele>126</ele>
        <time>2021-09-14T10:44:00Z</time>
      </trkpt>
      <trkpt lat="32.629270000000005" lon="34.974920000000004">
        <ele>126</ele>
        <time>2021-09-14T10:44:01Z</time>
      </trkpt>
      <trkpt lat="32.62919" lon="34.97502">
        <ele>130</ele>
        <time>2021-09-14T10:44:02Z</time>
      </trkpt>
      <trkpt lat="32.629090000000005" lon="34.975">
        <ele>126</ele>
        <time>2021-09-14T10:44:03Z</time>
      </trkpt>
      <trkpt lat="32.62885" lon="34.975390000000004">
        <ele>130</ele>
        <time>2021-09-14T10:44:04Z</time>
      </trkpt>
      <trkpt lat="32.62866" lon="34.975590000000004">
        <ele>130</ele>
        <time>2021-09-14T10:44:05Z</time>
      </trkpt>
      <trkpt lat="32.62863" lon="34.975730000000006">
        <ele>126</ele>
        <time>2021-09-14T10:44:06Z</time>
      </trkpt>
      <trkpt lat="32.62852" lon="34.975970000000004">
        <ele>122</ele>
        <time>2021-09-14T10:44:07Z</time>
      </trkpt>
      <trkpt lat="32.62857" lon="34.976290000000006">
        <ele>122</ele>
        <time>2021-09-14T10:44:08Z</time>
      </trkpt>
      <trkpt lat="32.6285" lon="34.976580000000006">
        <ele>122</ele>
        <time>2021-09-14T10:44:09Z</time>
      </trkpt>
      <trkpt lat="32.62832" lon="34.97672">
        <ele>124</ele>
        <time>2021-09-14T10:44:10Z</time>
      </trkpt>
      <trkpt lat="32.62803" lon="34.97686">
        <ele>124</ele>
        <time>2021-09-14T10:44:11Z</time>
      </trkpt>
      <trkpt lat="32.6274" lon="34.97693">
        <ele>125</ele>
        <time>2021-09-14T10:44:12Z</time>
      </trkpt>
      <trkpt lat="32.62648" lon="34.97693">
        <ele>122</ele>
        <time>2021-09-14T10:44:13Z</time>
      </trkpt>
      <trkpt lat="32.62612" lon="34.97592">
        <ele>115</ele>
        <time>2021-09-14T10:44:14Z</time>
      </trkpt>
      <trkpt lat="32.625710000000005" lon="34.97576">
        <ele>105</ele>
        <time>2021-09-14T10:44:15Z</time>
      </trkpt>
      <trkpt lat="32.625640000000004" lon="34.97536">
        <ele>105</ele>
        <time>2021-09-14T10:44:16Z</time>
      </trkpt>
      <trkpt lat="32.625800000000005" lon="34.974830000000004">
        <ele>104</ele>
        <time>2021-09-14T10:44:17Z</time>
      </trkpt>
      <trkpt lat="32.62554" lon="34.97453">
        <ele>104</ele>
        <time>2021-09-14T10:44:18Z</time>
      </trkpt>
      <trkpt lat="32.62536" lon="34.973710000000004">
        <ele>98</ele>
        <time>2021-09-14T10:44:19Z</time>
      </trkpt>
      <trkpt lat="32.62487" lon="34.97288">
        <ele>92</ele>
        <time>2021-09-14T10:44:20Z</time>
      </trkpt>
      <trkpt lat="32.62487" lon="34.97288">
        <ele>92</ele>
        <time>2021-09-14T10:44:21Z</time>
      </trkpt>
      <extensions>
        <RoutingType xmlns="">Hike</RoutingType>
      </extensions>
    </trkseg>
    <trkseg>
      <trkpt lat="32.62487" lon="34.97288">
        <ele>92</ele>
        <time>2021-09-14T10:44:21Z</time>
      </trkpt>
      <trkpt lat="32.624700000000004" lon="34.972590000000004">
        <ele>86</ele>
        <time>2021-09-14T10:44:22Z</time>
      </trkpt>
      <trkpt lat="32.62445" lon="34.97265">
        <ele>99</ele>
        <time>2021-09-14T10:44:23Z</time>
      </trkpt>
      <trkpt lat="32.62404" lon="34.97283">
        <ele>99</ele>
        <time>2021-09-14T10:44:24Z</time>
      </trkpt>
      <trkpt lat="32.62389" lon="34.97298">
        <ele>99</ele>
        <time>2021-09-14T10:44:25Z</time>
      </trkpt>
      <trkpt lat="32.62348" lon="34.97319">
        <ele>100</ele>
        <time>2021-09-14T10:44:26Z</time>
      </trkpt>
      <trkpt lat="32.623110000000004" lon="34.973470000000006">
        <ele>114</ele>
        <time>2021-09-14T10:44:27Z</time>
      </trkpt>
      <trkpt lat="32.62292" lon="34.97354">
        <ele>114</ele>
        <time>2021-09-14T10:44:28Z</time>
      </trkpt>
      <trkpt lat="32.622620000000005" lon="34.973560000000006">
        <ele>110</ele>
        <time>2021-09-14T10:44:29Z</time>
      </trkpt>
      <trkpt lat="32.6221" lon="34.973760000000006">
        <ele>110</ele>
        <time>2021-09-14T10:44:30Z</time>
      </trkpt>
      <trkpt lat="32.621990000000004" lon="34.97384">
        <ele>110</ele>
        <time>2021-09-14T10:44:31Z</time>
      </trkpt>
      <trkpt lat="32.621860000000005" lon="34.973980000000005">
        <ele>113</ele>
        <time>2021-09-14T10:44:32Z</time>
      </trkpt>
      <trkpt lat="32.621770000000005" lon="34.974160000000005">
        <ele>113</ele>
        <time>2021-09-14T10:44:33Z</time>
      </trkpt>
      <trkpt lat="32.62171" lon="34.9742">
        <ele>120</ele>
        <time>2021-09-14T10:44:34Z</time>
      </trkpt>
      <trkpt lat="32.621280000000006" lon="34.97439">
        <ele>120</ele>
        <time>2021-09-14T10:44:35Z</time>
      </trkpt>
      <trkpt lat="32.620760000000004" lon="34.974540000000005">
        <ele>122</ele>
        <time>2021-09-14T10:44:36Z</time>
      </trkpt>
      <trkpt lat="32.620650000000005" lon="34.974540000000005">
        <ele>122</ele>
        <time>2021-09-14T10:44:37Z</time>
      </trkpt>
      <trkpt lat="32.620470000000005" lon="34.974450000000004">
        <ele>122</ele>
        <time>2021-09-14T10:44:38Z</time>
      </trkpt>
      <trkpt lat="32.620020000000004" lon="34.9744">
        <ele>123</ele>
        <time>2021-09-14T10:44:39Z</time>
      </trkpt>
      <trkpt lat="32.619930000000004" lon="34.97431">
        <ele>123</ele>
        <time>2021-09-14T10:44:40Z</time>
      </trkpt>
      <trkpt lat="32.61988" lon="34.974180000000004">
        <ele>117</ele>
        <time>2021-09-14T10:44:41Z</time>
      </trkpt>
      <trkpt lat="32.61947" lon="34.97395">
        <ele>122</ele>
        <time>2021-09-14T10:44:42Z</time>
      </trkpt>
      <trkpt lat="32.619150000000005" lon="34.97395">
        <ele>122</ele>
        <time>2021-09-14T10:44:43Z</time>
      </trkpt>
      <trkpt lat="32.61872" lon="34.973800000000004">
        <ele>122</ele>
        <time>2021-09-14T10:44:44Z</time>
      </trkpt>
      <trkpt lat="32.61829" lon="34.97374">
        <ele>126</ele>
        <time>2021-09-14T10:44:45Z</time>
      </trkpt>
      <trkpt lat="32.617670000000004" lon="34.97357">
        <ele>132</ele>
        <time>2021-09-14T10:44:46Z</time>
      </trkpt>
      <trkpt lat="32.61753" lon="34.973650000000006">
        <ele>132</ele>
        <time>2021-09-14T10:44:47Z</time>
      </trkpt>
      <trkpt lat="32.61735" lon="34.97361">
        <ele>132</ele>
        <time>2021-09-14T10:44:48Z</time>
      </trkpt>
      <trkpt lat="32.61719" lon="34.973760000000006">
        <ele>132</ele>
        <time>2021-09-14T10:44:49Z</time>
      </trkpt>
      <trkpt lat="32.61699" lon="34.974360000000004">
        <ele>135</ele>
        <time>2021-09-14T10:44:50Z</time>
      </trkpt>
      <trkpt lat="32.616870000000006" lon="34.974380000000004">
        <ele>139</ele>
        <time>2021-09-14T10:44:51Z</time>
      </trkpt>
      <trkpt lat="32.616710000000005" lon="34.97435">
        <ele>139</ele>
        <time>2021-09-14T10:44:52Z</time>
      </trkpt>
      <trkpt lat="32.616710000000005" lon="34.97435">
        <ele>139</ele>
        <time>2021-09-14T10:44:53Z</time>
      </trkpt>
      <trkpt lat="32.61629" lon="34.97428">
        <ele>139</ele>
        <time>2021-09-14T10:44:54Z</time>
      </trkpt>
      <trkpt lat="32.614830000000005" lon="34.97495">
        <ele>143</ele>
        <time>2021-09-14T10:44:55Z</time>
      </trkpt>
      <trkpt lat="32.61459" lon="34.97482">
        <ele>143</ele>
        <time>2021-09-14T10:44:56Z</time>
      </trkpt>
      <trkpt lat="32.61433" lon="34.97475">
        <ele>142</ele>
        <time>2021-09-14T10:44:57Z</time>
      </trkpt>
      <trkpt lat="32.61395" lon="34.974920000000004">
        <ele>142</ele>
        <time>2021-09-14T10:44:58Z</time>
      </trkpt>
      <trkpt lat="32.6137" lon="34.975120000000004">
        <ele>146</ele>
        <time>2021-09-14T10:44:59Z</time>
      </trkpt>
      <trkpt lat="32.61336" lon="34.975190000000005">
        <ele>146</ele>
        <time>2021-09-14T10:45:00Z</time>
      </trkpt>
      <trkpt lat="32.61299" lon="34.975010000000005">
        <ele>143</ele>
        <time>2021-09-14T10:45:01Z</time>
      </trkpt>
      <trkpt lat="32.61278" lon="34.97502">
        <ele>145</ele>
        <time>2021-09-14T10:45:02Z</time>
      </trkpt>
      <trkpt lat="32.61258" lon="34.975150000000006">
        <ele>145</ele>
        <time>2021-09-14T10:45:03Z</time>
      </trkpt>
      <trkpt lat="32.612170000000006" lon="34.97529">
        <ele>145</ele>
        <time>2021-09-14T10:45:04Z</time>
      </trkpt>
      <trkpt lat="32.61182" lon="34.97552">
        <ele>144</ele>
        <time>2021-09-14T10:45:05Z</time>
      </trkpt>
      <trkpt lat="32.61139" lon="34.97551">
        <ele>144</ele>
        <time>2021-09-14T10:45:06Z</time>
      </trkpt>
      <trkpt lat="32.611160000000005" lon="34.97598">
        <ele>144</ele>
        <time>2021-09-14T10:45:07Z</time>
      </trkpt>
      <trkpt lat="32.60909" lon="34.9765">
        <ele>126</ele>
        <time>2021-09-14T10:45:08Z</time>
      </trkpt>
      <trkpt lat="32.60862" lon="34.9765">
        <ele>116</ele>
        <time>2021-09-14T10:45:09Z</time>
      </trkpt>
      <trkpt lat="32.608250000000005" lon="34.97677">
        <ele>117</ele>
        <time>2021-09-14T10:45:10Z</time>
      </trkpt>
      <trkpt lat="32.6081" lon="34.976800000000004">
        <ele>117</ele>
        <time>2021-09-14T10:45:11Z</time>
      </trkpt>
      <trkpt lat="32.60774" lon="34.976600000000005">
        <ele>104</ele>
        <time>2021-09-14T10:45:12Z</time>
      </trkpt>
      <trkpt lat="32.607310000000005" lon="34.97646">
        <ele>104</ele>
        <time>2021-09-14T10:45:13Z</time>
      </trkpt>
      <trkpt lat="32.60696" lon="34.976420000000005">
        <ele>95</ele>
        <time>2021-09-14T10:45:14Z</time>
      </trkpt>
      <trkpt lat="32.60683" lon="34.976310000000005">
        <ele>95</ele>
        <time>2021-09-14T10:45:15Z</time>
      </trkpt>
      <trkpt lat="32.60656" lon="34.9757">
        <ele>94</ele>
        <time>2021-09-14T10:45:16Z</time>
      </trkpt>
      <trkpt lat="32.606500000000004" lon="34.9757">
        <ele>94</ele>
        <time>2021-09-14T10:45:17Z</time>
      </trkpt>
      <trkpt lat="32.60633" lon="34.97565">
        <ele>94</ele>
        <time>2021-09-14T10:45:18Z</time>
      </trkpt>
      <trkpt lat="32.60624" lon="34.97572">
        <ele>94</ele>
        <time>2021-09-14T10:45:19Z</time>
      </trkpt>
      <trkpt lat="32.606190000000005" lon="34.9757">
        <ele>94</ele>
        <time>2021-09-14T10:45:20Z</time>
      </trkpt>
      <trkpt lat="32.60605" lon="34.97558">
        <ele>97</ele>
        <time>2021-09-14T10:45:21Z</time>
      </trkpt>
      <trkpt lat="32.605920000000005" lon="34.975550000000005">
        <ele>97</ele>
        <time>2021-09-14T10:45:22Z</time>
      </trkpt>
      <extensions>
        <RoutingType xmlns="">Hike</RoutingType>
      </extensions>
    </trkseg>
    <trkseg>
      <trkpt lat="32.605920000000005" lon="34.975550000000005">
        <ele>97</ele>
        <time>2021-09-14T10:45:22Z</time>
      </trkpt>
      <trkpt lat="32.60587" lon="34.97552">
        <ele>97</ele>
        <time>2021-09-14T10:45:23Z</time>
      </trkpt>
      <trkpt lat="32.60578" lon="34.97542">
        <ele>97</ele>
        <time>2021-09-14T10:45:24Z</time>
      </trkpt>
      <trkpt lat="32.60573" lon="34.9754">
        <ele>97</ele>
        <time>2021-09-14T10:45:25Z</time>
      </trkpt>
      <trkpt lat="32.60549" lon="34.97543">
        <ele>97</ele>
        <time>2021-09-14T10:45:26Z</time>
      </trkpt>
      <trkpt lat="32.60537" lon="34.975410000000004">
        <ele>97</ele>
        <time>2021-09-14T10:45:27Z</time>
      </trkpt>
      <trkpt lat="32.605320000000006" lon="34.975370000000005">
        <ele>97</ele>
        <time>2021-09-14T10:45:28Z</time>
      </trkpt>
      <trkpt lat="32.60526" lon="34.975350000000006">
        <ele>96</ele>
        <time>2021-09-14T10:45:29Z</time>
      </trkpt>
      <trkpt lat="32.6052" lon="34.97536">
        <ele>96</ele>
        <time>2021-09-14T10:45:30Z</time>
      </trkpt>
      <trkpt lat="32.60504" lon="34.97529">
        <ele>96</ele>
        <time>2021-09-14T10:45:31Z</time>
      </trkpt>
      <trkpt lat="32.60494" lon="34.97522">
        <ele>96</ele>
        <time>2021-09-14T10:45:32Z</time>
      </trkpt>
      <trkpt lat="32.604690000000005" lon="34.975280000000005">
        <ele>96</ele>
        <time>2021-09-14T10:45:33Z</time>
      </trkpt>
      <trkpt lat="32.604530000000004" lon="34.975210000000004">
        <ele>96</ele>
        <time>2021-09-14T10:45:34Z</time>
      </trkpt>
      <trkpt lat="32.604350000000004" lon="34.97516">
        <ele>84</ele>
        <time>2021-09-14T10:45:35Z</time>
      </trkpt>
      <trkpt lat="32.604310000000005" lon="34.975120000000004">
        <ele>84</ele>
        <time>2021-09-14T10:45:36Z</time>
      </trkpt>
      <trkpt lat="32.60425" lon="34.975120000000004">
        <ele>84</ele>
        <time>2021-09-14T10:45:37Z</time>
      </trkpt>
      <trkpt lat="32.6041" lon="34.975010000000005">
        <ele>78</ele>
        <time>2021-09-14T10:45:38Z</time>
      </trkpt>
      <trkpt lat="32.603930000000005" lon="34.97502">
        <ele>84</ele>
        <time>2021-09-14T10:45:39Z</time>
      </trkpt>
      <trkpt lat="32.60376" lon="34.974990000000005">
        <ele>78</ele>
        <time>2021-09-14T10:45:40Z</time>
      </trkpt>
      <trkpt lat="32.60353" lon="34.97504">
        <ele>67</ele>
        <time>2021-09-14T10:45:41Z</time>
      </trkpt>
      <trkpt lat="32.60353" lon="34.97504">
        <ele>67</ele>
        <time>2021-09-14T10:45:42Z</time>
      </trkpt>
      <trkpt lat="32.603480000000005" lon="34.97507">
        <ele>67</ele>
        <time>2021-09-14T10:45:43Z</time>
      </trkpt>
      <trkpt lat="32.603350000000006" lon="34.975100000000005">
        <ele>67</ele>
        <time>2021-09-14T10:45:44Z</time>
      </trkpt>
      <trkpt lat="32.60324" lon="34.97505">
        <ele>67</ele>
        <time>2021-09-14T10:45:45Z</time>
      </trkpt>
      <trkpt lat="32.603210000000004" lon="34.974990000000005">
        <ele>60</ele>
        <time>2021-09-14T10:45:46Z</time>
      </trkpt>
      <trkpt lat="32.60315" lon="34.97496">
        <ele>60</ele>
        <time>2021-09-14T10:45:47Z</time>
      </trkpt>
      <trkpt lat="32.60302" lon="34.975120000000004">
        <ele>67</ele>
        <time>2021-09-14T10:45:48Z</time>
      </trkpt>
      <trkpt lat="32.60202" lon="34.97565">
        <ele>54</ele>
        <time>2021-09-14T10:45:49Z</time>
      </trkpt>
      <trkpt lat="32.601870000000005" lon="34.97543">
        <ele>54</ele>
        <time>2021-09-14T10:45:50Z</time>
      </trkpt>
      <trkpt lat="32.60181" lon="34.975370000000005">
        <ele>54</ele>
        <time>2021-09-14T10:45:51Z</time>
      </trkpt>
      <trkpt lat="32.6017" lon="34.975300000000004">
        <ele>54</ele>
        <time>2021-09-14T10:45:52Z</time>
      </trkpt>
      <trkpt lat="32.601580000000006" lon="34.975260000000006">
        <ele>54</ele>
        <time>2021-09-14T10:45:53Z</time>
      </trkpt>
      <trkpt lat="32.601040000000005" lon="34.97514">
        <ele>67</ele>
        <time>2021-09-14T10:45:54Z</time>
      </trkpt>
      <trkpt lat="32.600880000000004" lon="34.97507">
        <ele>67</ele>
        <time>2021-09-14T10:45:55Z</time>
      </trkpt>
      <trkpt lat="32.600820000000006" lon="34.974990000000005">
        <ele>61</ele>
        <time>2021-09-14T10:45:56Z</time>
      </trkpt>
      <trkpt lat="32.60076" lon="34.97485">
        <ele>61</ele>
        <time>2021-09-14T10:45:57Z</time>
      </trkpt>
      <trkpt lat="32.60071" lon="34.97458">
        <ele>61</ele>
        <time>2021-09-14T10:45:58Z</time>
      </trkpt>
      <trkpt lat="32.60061" lon="34.973890000000004">
        <ele>58</ele>
        <time>2021-09-14T10:45:59Z</time>
      </trkpt>
      <trkpt lat="32.600590000000004" lon="34.97379">
        <ele>58</ele>
        <time>2021-09-14T10:46:00Z</time>
      </trkpt>
      <trkpt lat="32.60054" lon="34.973690000000005">
        <ele>58</ele>
        <time>2021-09-14T10:46:01Z</time>
      </trkpt>
      <trkpt lat="32.600460000000005" lon="34.973580000000005">
        <ele>58</ele>
        <time>2021-09-14T10:46:02Z</time>
      </trkpt>
      <trkpt lat="32.60034" lon="34.97348">
        <ele>58</ele>
        <time>2021-09-14T10:46:03Z</time>
      </trkpt>
      <trkpt lat="32.600120000000004" lon="34.97334">
        <ele>68</ele>
        <time>2021-09-14T10:46:04Z</time>
      </trkpt>
      <trkpt lat="32.60002" lon="34.973220000000005">
        <ele>68</ele>
        <time>2021-09-14T10:46:05Z</time>
      </trkpt>
      <trkpt lat="32.59973" lon="34.972710000000006">
        <ele>68</ele>
        <time>2021-09-14T10:46:06Z</time>
      </trkpt>
      <trkpt lat="32.599450000000004" lon="34.97227">
        <ele>76</ele>
        <time>2021-09-14T10:46:07Z</time>
      </trkpt>
      <trkpt lat="32.599340000000005" lon="34.97205">
        <ele>76</ele>
        <time>2021-09-14T10:46:08Z</time>
      </trkpt>
      <trkpt lat="32.599340000000005" lon="34.97205">
        <ele>76</ele>
        <time>2021-09-14T10:46:09Z</time>
      </trkpt>
      <trkpt lat="32.5992" lon="34.97175">
        <ele>76</ele>
        <time>2021-09-14T10:46:10Z</time>
      </trkpt>
      <trkpt lat="32.599140000000006" lon="34.971700000000006">
        <ele>76</ele>
        <time>2021-09-14T10:46:11Z</time>
      </trkpt>
      <trkpt lat="32.599050000000005" lon="34.971680000000006">
        <ele>73</ele>
        <time>2021-09-14T10:46:12Z</time>
      </trkpt>
      <trkpt lat="32.59873" lon="34.97178">
        <ele>76</ele>
        <time>2021-09-14T10:46:13Z</time>
      </trkpt>
      <trkpt lat="32.598530000000004" lon="34.97178">
        <ele>90</ele>
        <time>2021-09-14T10:46:14Z</time>
      </trkpt>
      <trkpt lat="32.598440000000004" lon="34.97175">
        <ele>90</ele>
        <time>2021-09-14T10:46:15Z</time>
      </trkpt>
      <trkpt lat="32.59834" lon="34.97167">
        <ele>82</ele>
        <time>2021-09-14T10:46:16Z</time>
      </trkpt>
      <trkpt lat="32.598220000000005" lon="34.97153">
        <ele>82</ele>
        <time>2021-09-14T10:46:17Z</time>
      </trkpt>
      <trkpt lat="32.59816" lon="34.971410000000006">
        <ele>82</ele>
        <time>2021-09-14T10:46:18Z</time>
      </trkpt>
      <trkpt lat="32.5981" lon="34.9712">
        <ele>82</ele>
        <time>2021-09-14T10:46:19Z</time>
      </trkpt>
      <trkpt lat="32.59807" lon="34.97088">
        <ele>82</ele>
        <time>2021-09-14T10:46:20Z</time>
      </trkpt>
      <trkpt lat="32.59798" lon="34.970220000000005">
        <ele>81</ele>
        <time>2021-09-14T10:46:21Z</time>
      </trkpt>
      <trkpt lat="32.59792" lon="34.96988">
        <ele>82</ele>
        <time>2021-09-14T10:46:22Z</time>
      </trkpt>
      <trkpt lat="32.597840000000005" lon="34.96956">
        <ele>82</ele>
        <time>2021-09-14T10:46:23Z</time>
      </trkpt>
      <extensions>
        <RoutingType xmlns="">Hike</RoutingType>
      </extensions>
    </trkseg>
    <trkseg>
      <trkpt lat="32.59784" lon="34.96956">
        <ele>86</ele>
      </trkpt>
      <trkpt lat="32.597335" lon="34.968107">
        <ele>92.26217423486594</ele>
      </trkpt>
      <trkpt lat="32.596939" lon="34.966912">
        <ele>91.55742115568734</ele>
      </trkpt>
      <trkpt lat="32.596727" lon="34.966354">
        <ele>90.15354254748779</ele>
      </trkpt>
      <trkpt lat="32.596604" lon="34.965981">
        <ele>89.03207799220223</ele>
      </trkpt>
      <trkpt lat="32.596524" lon="34.965855">
        <ele>89.22914922844882</ele>
      </trkpt>
      <trkpt lat="32.596472" lon="34.965812">
        <ele>89.3231088878176</ele>
      </trkpt>
      <trkpt lat="32.596405" lon="34.966077">
        <ele>93.49761287274026</ele>
      </trkpt>
      <trkpt lat="32.596356" lon="34.966163">
        <ele>95.47522040125293</ele>
      </trkpt>
      <trkpt lat="32.596214" lon="34.966302">
        <ele>100.31488198510326</ele>
      </trkpt>
      <trkpt lat="32.596181" lon="34.966393">
        <ele>102.51141064977023</ele>
      </trkpt>
      <trkpt lat="32.596194" lon="34.966688">
        <ele>105.78490457230427</ele>
      </trkpt>
      <trkpt lat="32.596175" lon="34.966767">
        <ele>106.9325980179342</ele>
      </trkpt>
      <trkpt lat="32.596143" lon="34.966816">
        <ele>107.9005898485773</ele>
      </trkpt>
      <trkpt lat="32.596093" lon="34.966857">
        <ele>109.02683352138465</ele>
      </trkpt>
      <trkpt lat="32.595821" lon="34.966959">
        <ele>114.24899596203399</ele>
      </trkpt>
      <trkpt lat="32.595652" lon="34.967131">
        <ele>118.5260748197593</ele>
      </trkpt>
      <trkpt lat="32.595462" lon="34.96737">
        <ele>124.31415454854442</ele>
      </trkpt>
      <trkpt lat="32.595256" lon="34.967532">
        <ele>129.1033040024781</ele>
      </trkpt>
      <trkpt lat="32.595078" lon="34.96777">
        <ele>131.98254790490694</ele>
      </trkpt>
      <trkpt lat="32.59491" lon="34.967908">
        <ele>132.2069140973694</ele>
      </trkpt>
      <trkpt lat="32.594665" lon="34.968063">
        <ele>131.0480495457154</ele>
      </trkpt>
      <trkpt lat="32.59458" lon="34.968086">
        <ele>130.7895412377611</ele>
      </trkpt>
      <trkpt lat="32.594476" lon="34.968037">
        <ele>130.45775345875617</ele>
      </trkpt>
      <trkpt lat="32.594335" lon="34.967911">
        <ele>130.34180184437577</ele>
      </trkpt>
      <trkpt lat="32.593656" lon="34.968369">
        <ele>128.16165167400877</ele>
      </trkpt>
      <trkpt lat="32.593075" lon="34.967694">
        <ele>131.2</ele>
      </trkpt>
      <trkpt lat="32.593071" lon="34.967724">
        <ele>131.2</ele>
      </trkpt>
      <trkpt lat="32.59305" lon="34.967829">
        <ele>131.2</ele>
      </trkpt>
      <trkpt lat="32.592986" lon="34.968117">
        <ele>127.53607519208133</ele>
      </trkpt>
      <trkpt lat="32.592982" lon="34.968201">
        <ele>126.3948415704889</ele>
      </trkpt>
      <trkpt lat="32.593034" lon="34.968575">
        <ele>121.87308850613259</ele>
      </trkpt>
      <trkpt lat="32.593026" lon="34.968616">
        <ele>121.59709983136666</ele>
      </trkpt>
      <trkpt lat="32.593001" lon="34.968667">
        <ele>121.21015909123278</ele>
      </trkpt>
      <trkpt lat="32.592952" lon="34.968719">
        <ele>120.6985420566098</ele>
      </trkpt>
      <trkpt lat="32.592688" lon="34.968883">
        <ele>119.63018163752704</ele>
      </trkpt>
      <trkpt lat="32.592627" lon="34.968923">
        <ele>119.26912978672708</ele>
      </trkpt>
      <trkpt lat="32.592604" lon="34.968973">
        <ele>119.00228469035126</ele>
      </trkpt>
      <trkpt lat="32.592541" lon="34.969177">
        <ele>117.8921618243445</ele>
      </trkpt>
      <trkpt lat="32.592449" lon="34.969334">
        <ele>116.27970563869518</ele>
      </trkpt>
      <trkpt lat="32.59231" lon="34.969481">
        <ele>114.52584845732792</ele>
      </trkpt>
      <trkpt lat="32.592272" lon="34.969463">
        <ele>114.16189026940015</ele>
      </trkpt>
      <trkpt lat="32.592263" lon="34.969482">
        <ele>113.99852701846382</ele>
      </trkpt>
      <trkpt lat="32.592233" lon="34.969516">
        <ele>113.62953832339736</ele>
      </trkpt>
      <trkpt lat="32.592196" lon="34.969536">
        <ele>113.26787583007358</ele>
      </trkpt>
      <trkpt lat="32.592155" lon="34.969541">
        <ele>112.94650302892894</ele>
      </trkpt>
      <trkpt lat="32.592115" lon="34.96953">
        <ele>112.74865946084321</ele>
      </trkpt>
      <trkpt lat="32.592072" lon="34.969527">
        <ele>112.54110860937743</ele>
      </trkpt>
      <trkpt lat="32.592028" lon="34.96953">
        <ele>112.32874742533625</ele>
      </trkpt>
      <trkpt lat="32.592006" lon="34.969539">
        <ele>112.2166216342343</ele>
      </trkpt>
      <trkpt lat="32.59195" lon="34.969561">
        <ele>111.93239171510868</ele>
      </trkpt>
      <trkpt lat="32.591885" lon="34.969598">
        <ele>111.7088433978808</ele>
      </trkpt>
      <trkpt lat="32.591862" lon="34.96961">
        <ele>111.71815562972839</ele>
      </trkpt>
      <trkpt lat="32.591745" lon="34.969663">
        <ele>111.7645727383671</ele>
      </trkpt>
      <trkpt lat="32.591698" lon="34.969685">
        <ele>111.7832990662553</ele>
      </trkpt>
      <trkpt lat="32.591532" lon="34.969748">
        <ele>111.99158324613614</ele>
      </trkpt>
      <trkpt lat="32.591426" lon="34.969781">
        <ele>112.15405498587609</ele>
      </trkpt>
      <trkpt lat="32.591275" lon="34.969829">
        <ele>111.36382068537007</ele>
      </trkpt>
      <trkpt lat="32.591007" lon="34.969922">
        <ele>108.90158653152014</ele>
      </trkpt>
      <trkpt lat="32.590236" lon="34.97019">
        <ele>101.77506381097295</ele>
      </trkpt>
      <trkpt lat="32.590219" lon="34.970171">
        <ele>101.67985853705866</ele>
      </trkpt>
      <trkpt lat="32.590208" lon="34.970158">
        <ele>101.61656814227332</ele>
      </trkpt>
      <trkpt lat="32.590173" lon="34.970137">
        <ele>101.45667025708309</ele>
      </trkpt>
      <trkpt lat="32.590134" lon="34.970132">
        <ele>101.29673654407348</ele>
      </trkpt>
      <trkpt lat="32.590095" lon="34.970143">
        <ele>101.24850938941097</ele>
      </trkpt>
      <trkpt lat="32.590059" lon="34.970135">
        <ele>101.35711146400287</ele>
      </trkpt>
      <trkpt lat="32.590008" lon="34.970119">
        <ele>101.51353037659827</ele>
      </trkpt>
      <trkpt lat="32.589914" lon="34.970086">
        <ele>101.80419639876565</ele>
      </trkpt>
      <trkpt lat="32.589904" lon="34.97008">
        <ele>101.83742195460229</ele>
      </trkpt>
      <trkpt lat="32.589895" lon="34.970075">
        <ele>101.86688760237753</ele>
      </trkpt>
      <trkpt lat="32.589851" lon="34.970062">
        <ele>102.00016725335355</ele>
      </trkpt>
      <trkpt lat="32.589796" lon="34.970052">
        <ele>102.02079080237161</ele>
      </trkpt>
      <trkpt lat="32.589731" lon="34.970054">
        <ele>102.04489113111448</ele>
      </trkpt>
      <trkpt lat="32.589644" lon="34.970064">
        <ele>102.07728852551382</ele>
      </trkpt>
      <trkpt lat="32.589536" lon="34.970099">
        <ele>101.49890838363369</ele>
      </trkpt>
      <trkpt lat="32.589442" lon="34.970142">
        <ele>100.30404960468358</ele>
      </trkpt>
      <trkpt lat="32.58936" lon="34.970188">
        <ele>99.22829892651826</ele>
      </trkpt>
      <trkpt lat="32.589255" lon="34.970268">
        <ele>97.60443977807682</ele>
      </trkpt>
      <trkpt lat="32.588752" lon="34.970676">
        <ele>88.86043454669127</ele>
      </trkpt>
      <trkpt lat="32.588567" lon="34.970794">
        <ele>85.61749770190859</ele>
      </trkpt>
      <trkpt lat="32.588472" lon="34.970839">
        <ele>83.72187117968325</ele>
      </trkpt>
      <trkpt lat="32.588378" lon="34.970859">
        <ele>81.88725100735411</ele>
      </trkpt>
      <trkpt lat="32.588293" lon="34.970863">
        <ele>80.15310185963493</ele>
      </trkpt>
      <trkpt lat="32.588207" lon="34.970849">
        <ele>78.38351391618161</ele>
      </trkpt>
      <trkpt lat="32.588135" lon="34.970825">
        <ele>76.94222252648186</ele>
      </trkpt>
      <trkpt lat="32.588056" lon="34.970786">
        <ele>75.80054119040163</ele>
      </trkpt>
      <trkpt lat="32.587741" lon="34.970607">
        <ele>71.27152657465544</ele>
      </trkpt>
      <trkpt lat="32.587459" lon="34.970452">
        <ele>67.1936735430278</ele>
      </trkpt>
      <trkpt lat="32.586689" lon="34.970077">
        <ele>57.16633397355827</ele>
      </trkpt>
      <trkpt lat="32.586092" lon="34.969804">
        <ele>49.461911849380115</ele>
      </trkpt>
      <trkpt lat="32.585362" lon="34.969238">
        <ele>41.9150626583866</ele>
      </trkpt>
      <trkpt lat="32.585111" lon="34.968996">
        <ele>38.18681247861639</ele>
      </trkpt>
      <trkpt lat="32.584823" lon="34.96851">
        <ele>35.1203161581908</ele>
      </trkpt>
      <trkpt lat="32.584459" lon="34.968014">
        <ele>29.708750951870144</ele>
      </trkpt>
      <trkpt lat="32.583963" lon="34.96764">
        <ele>26.11788409729207</ele>
      </trkpt>
      <trkpt lat="32.583441" lon="34.967405">
        <ele>23.733709819207725</ele>
      </trkpt>
      <trkpt lat="32.583305" lon="34.96734">
        <ele>23.639485847718063</ele>
      </trkpt>
      <trkpt lat="32.583177" lon="34.967281">
        <ele>23.690381715109808</ele>
      </trkpt>
      <trkpt lat="32.583056" lon="34.967221">
        <ele>23.583036893066375</ele>
      </trkpt>
      <trkpt lat="32.582953" lon="34.967181">
        <ele>23.462530151516297</ele>
      </trkpt>
      <trkpt lat="32.582853" lon="34.967136">
        <ele>23.287220164909886</ele>
      </trkpt>
      <trkpt lat="32.582662" lon="34.96707">
        <ele>22.844816611339986</ele>
      </trkpt>
      <trkpt lat="32.58249" lon="34.966995">
        <ele>22.25595630178885</ele>
      </trkpt>
      <trkpt lat="32.582114" lon="34.966833">
        <ele>22.94356780395656</ele>
      </trkpt>
      <trkpt lat="32.579421" lon="34.965622">
        <ele>23.06579874523355</ele>
      </trkpt>
      <trkpt lat="32.578543" lon="34.965352">
        <ele>30.63538208980862</ele>
      </trkpt>
      <trkpt lat="32.578536" lon="34.965406">
        <ele>30.82308823311542</ele>
      </trkpt>
      <trkpt lat="32.578527" lon="34.965438">
        <ele>30.93899025926635</ele>
      </trkpt>
      <trkpt lat="32.578498" lon="34.965473">
        <ele>31.107630030922333</ele>
      </trkpt>
      <trkpt lat="32.57844" lon="34.965498">
        <ele>31.35921981856802</ele>
      </trkpt>
      <trkpt lat="32.578267" lon="34.965517">
        <ele>31.387463442235983</ele>
      </trkpt>
      <trkpt lat="32.578214" lon="34.965547">
        <ele>31.27864027544453</ele>
      </trkpt>
      <trkpt lat="32.578191" lon="34.965601">
        <ele>31.18415060937231</ele>
      </trkpt>
      <trkpt lat="32.578184" lon="34.965675">
        <ele>31.080717414916354</ele>
      </trkpt>
      <trkpt lat="32.578197" lon="34.965763">
        <ele>30.997004590179884</ele>
      </trkpt>
      <trkpt lat="32.578388" lon="34.966717">
        <ele>32.65351363650144</ele>
      </trkpt>
      <trkpt lat="32.578488" lon="34.967117">
        <ele>30.29830559692516</ele>
      </trkpt>
      <extensions>
        <RoutingType xmlns="">Hike</RoutingType>
      </extensions>
    </trkseg>
    <trkseg>
      <trkpt lat="32.578488" lon="34.967117">
        <ele>29.6</ele>
      </trkpt>
      <trkpt lat="32.578651" lon="34.967774">
        <ele>28.936462730660832</ele>
      </trkpt>
      <trkpt lat="32.578734" lon="34.96811">
        <ele>30.446536845283706</ele>
      </trkpt>
      <trkpt lat="32.578859" lon="34.968587">
        <ele>29.252118015926982</ele>
      </trkpt>
      <trkpt lat="32.578917" lon="34.968808">
        <ele>28.02310611131444</ele>
      </trkpt>
      <trkpt lat="32.579202" lon="34.969892">
        <ele>26.28739112116601</ele>
      </trkpt>
      <trkpt lat="32.579418" lon="34.970777">
        <ele>25.97184968618691</ele>
      </trkpt>
      <trkpt lat="32.579594" lon="34.971337">
        <ele>23.915892406097896</ele>
      </trkpt>
      <trkpt lat="32.579836" lon="34.971818">
        <ele>24.088692461902717</ele>
      </trkpt>
      <trkpt lat="32.58038" lon="34.972544">
        <ele>26.645356708703094</ele>
      </trkpt>
      <trkpt lat="32.580628" lon="34.972837">
        <ele>27.566372738682507</ele>
      </trkpt>
      <trkpt lat="32.581234" lon="34.973554">
        <ele>26.541738592814735</ele>
      </trkpt>
      <trkpt lat="32.581513" lon="34.973698">
        <ele>27.12507852696115</ele>
      </trkpt>
      <trkpt lat="32.582114" lon="34.974499">
        <ele>24.468507706469694</ele>
      </trkpt>
      <trkpt lat="32.582441" lon="34.974992">
        <ele>24.349654164517002</ele>
      </trkpt>
      <trkpt lat="32.58247" lon="34.975043">
        <ele>24.368869844444927</ele>
      </trkpt>
      <trkpt lat="32.582289" lon="34.975244">
        <ele>25.311213564819678</ele>
      </trkpt>
      <trkpt lat="32.582168" lon="34.975196">
        <ele>25.99642430582769</ele>
      </trkpt>
      <trkpt lat="32.582079" lon="34.975171">
        <ele>26.403215550023262</ele>
      </trkpt>
      <trkpt lat="32.582043" lon="34.975195">
        <ele>26.586870573076457</ele>
      </trkpt>
      <trkpt lat="32.582009" lon="34.975398">
        <ele>27.20939986420799</ele>
      </trkpt>
      <trkpt lat="32.58199" lon="34.975672">
        <ele>27.569022995716765</ele>
      </trkpt>
      <trkpt lat="32.58192" lon="34.976078">
        <ele>27.051310283340385</ele>
      </trkpt>
      <trkpt lat="32.581903" lon="34.97615">
        <ele>26.957898246807062</ele>
      </trkpt>
      <trkpt lat="32.581872" lon="34.976286">
        <ele>26.80452735605957</ele>
      </trkpt>
      <trkpt lat="32.581724" lon="34.976929">
        <ele>26.887294563997465</ele>
      </trkpt>
      <trkpt lat="32.581634" lon="34.977323">
        <ele>26.759799621926604</ele>
      </trkpt>
      <trkpt lat="32.581596" lon="34.977501">
        <ele>26.70245040489671</ele>
      </trkpt>
      <trkpt lat="32.58151" lon="34.977903">
        <ele>27.608340314021685</ele>
      </trkpt>
      <extensions>
        <RoutingType xmlns="">Hike</RoutingType>
      </extensions>
    </trkseg>
    <trkseg>
      <trkpt lat="32.58151" lon="34.977903">
        <ele>27.9</ele>
      </trkpt>
      <trkpt lat="32.58142" lon="34.978327">
        <ele>32.023691640138374</ele>
      </trkpt>
      <trkpt lat="32.581343" lon="34.97862">
        <ele>34.54559892410053</ele>
      </trkpt>
      <trkpt lat="32.581143" lon="34.979319">
        <ele>38.20377306143165</ele>
      </trkpt>
      <trkpt lat="32.581059" lon="34.97956">
        <ele>39.47737352197436</ele>
      </trkpt>
      <trkpt lat="32.580987" lon="34.979555">
        <ele>40.06548704350688</ele>
      </trkpt>
      <trkpt lat="32.580914" lon="34.979511">
        <ele>40.740653171410294</ele>
      </trkpt>
      <trkpt lat="32.580885" lon="34.979443">
        <ele>41.3833347976877</ele>
      </trkpt>
      <trkpt lat="32.580837" lon="34.979208">
        <ele>43.41078698070963</ele>
      </trkpt>
      <trkpt lat="32.580722" lon="34.978868">
        <ele>44.71525465286892</ele>
      </trkpt>
      <trkpt lat="32.580651" lon="34.978676">
        <ele>44.78074083864399</ele>
      </trkpt>
      <trkpt lat="32.580571" lon="34.978538">
        <ele>44.766943852846154</ele>
      </trkpt>
      <trkpt lat="32.580455" lon="34.978441">
        <ele>44.71434720697794</ele>
      </trkpt>
      <trkpt lat="32.580032" lon="34.978177">
        <ele>43.38601518539377</ele>
      </trkpt>
      <trkpt lat="32.579458" lon="34.977919">
        <ele>44.54179099057874</ele>
      </trkpt>
      <trkpt lat="32.579036" lon="34.977699">
        <ele>44.377720494047</ele>
      </trkpt>
      <trkpt lat="32.578902" lon="34.977558">
        <ele>44.98797143922901</ele>
      </trkpt>
      <trkpt lat="32.578792" lon="34.977442">
        <ele>46.351545195885926</ele>
      </trkpt>
      <trkpt lat="32.578668" lon="34.977339">
        <ele>48.78444405954286</ele>
      </trkpt>
      <trkpt lat="32.578415" lon="34.977182">
        <ele>54.41910062902013</ele>
      </trkpt>
      <trkpt lat="32.578193" lon="34.977085">
        <ele>58.76672042699279</ele>
      </trkpt>
      <trkpt lat="32.577945" lon="34.97695">
        <ele>61.66399207489329</ele>
      </trkpt>
      <trkpt lat="32.577819" lon="34.976916">
        <ele>61.90346199724058</ele>
      </trkpt>
      <trkpt lat="32.577583" lon="34.976853">
        <ele>62</ele>
      </trkpt>
      <trkpt lat="32.57758" lon="34.976853">
        <ele>62</ele>
      </trkpt>
      <extensions>
        <RoutingType xmlns="">Hike</RoutingType>
      </extensions>
    </trkseg>
    <trkseg>
      <trkpt lat="32.57758" lon="34.976853">
        <ele>62</ele>
      </trkpt>
      <trkpt lat="32.577452" lon="34.976833">
        <ele>62.76564222183186</ele>
      </trkpt>
      <trkpt lat="32.577278" lon="34.976844">
        <ele>64.08504861144836</ele>
      </trkpt>
      <trkpt lat="32.577154" lon="34.97685">
        <ele>65.87900022530474</ele>
      </trkpt>
      <trkpt lat="32.576974" lon="34.976764">
        <ele>69.53392353361988</ele>
      </trkpt>
      <trkpt lat="32.576904" lon="34.976748">
        <ele>71.3042224157297</ele>
      </trkpt>
      <trkpt lat="32.576636" lon="34.9768">
        <ele>76.66960102860381</ele>
      </trkpt>
      <trkpt lat="32.576562" lon="34.97678">
        <ele>77.87920965086344</ele>
      </trkpt>
      <trkpt lat="32.576373" lon="34.976664">
        <ele>79.46645799659252</ele>
      </trkpt>
      <trkpt lat="32.576242" lon="34.97664">
        <ele>80.40682638380522</ele>
      </trkpt>
      <trkpt lat="32.575983" lon="34.976631">
        <ele>83.4416144473826</ele>
      </trkpt>
      <trkpt lat="32.575436" lon="34.976514">
        <ele>91.24051524897513</ele>
      </trkpt>
      <trkpt lat="32.575319" lon="34.97647">
        <ele>91.64993923078411</ele>
      </trkpt>
      <trkpt lat="32.575047" lon="34.976269">
        <ele>92.07987058385072</ele>
      </trkpt>
      <trkpt lat="32.574547" lon="34.975944">
        <ele>96.52644746453139</ele>
      </trkpt>
      <trkpt lat="32.574302" lon="34.975734">
        <ele>99.87991178886746</ele>
      </trkpt>
      <trkpt lat="32.574209" lon="34.975673">
        <ele>100.86455247567633</ele>
      </trkpt>
      <trkpt lat="32.573917" lon="34.975539">
        <ele>103.82419370015992</ele>
      </trkpt>
      <trkpt lat="32.573687" lon="34.975408">
        <ele>107.66553549483415</ele>
      </trkpt>
      <trkpt lat="32.573162" lon="34.97523">
        <ele>114.23347113340137</ele>
      </trkpt>
      <trkpt lat="32.573081" lon="34.975161">
        <ele>115.12044853317734</ele>
      </trkpt>
      <trkpt lat="32.572984" lon="34.97508">
        <ele>116.24851718070778</ele>
      </trkpt>
      <trkpt lat="32.572937" lon="34.975059">
        <ele>116.73249442063423</ele>
      </trkpt>
      <trkpt lat="32.572756" lon="34.974977">
        <ele>118.94935295772059</ele>
      </trkpt>
      <trkpt lat="32.572655" lon="34.974893">
        <ele>120.73222320019894</ele>
      </trkpt>
      <trkpt lat="32.57259" lon="34.974771">
        <ele>122.4904952008103</ele>
      </trkpt>
      <trkpt lat="32.572531" lon="34.974564">
        <ele>125.15242467146084</ele>
      </trkpt>
      <trkpt lat="32.572487" lon="34.974504">
        <ele>125.84043958430142</ele>
      </trkpt>
      <trkpt lat="32.571817" lon="34.974129">
        <ele>125.77311982511901</ele>
      </trkpt>
      <trkpt lat="32.571644" lon="34.974008">
        <ele>125.46076777124456</ele>
      </trkpt>
      <trkpt lat="32.571575" lon="34.974004">
        <ele>125.35834643544544</ele>
      </trkpt>
      <trkpt lat="32.571516" lon="34.974018">
        <ele>125.20742401513543</ele>
      </trkpt>
      <trkpt lat="32.570704" lon="34.974211">
        <ele>121.52407430440466</ele>
      </trkpt>
      <trkpt lat="32.570544" lon="34.974201">
        <ele>120.81144033659557</ele>
      </trkpt>
      <trkpt lat="32.570231" lon="34.974149">
        <ele>119.40570165415085</ele>
      </trkpt>
      <trkpt lat="32.569863" lon="34.974147">
        <ele>116.42742205512893</ele>
      </trkpt>
      <trkpt lat="32.569548" lon="34.974192">
        <ele>113.36063415071241</ele>
      </trkpt>
      <trkpt lat="32.568358" lon="34.974171">
        <ele>109.60532295404013</ele>
      </trkpt>
      <trkpt lat="32.568086" lon="34.974129">
        <ele>107.55245007070594</ele>
      </trkpt>
      <trkpt lat="32.567937" lon="34.974065">
        <ele>105.80520442272308</ele>
      </trkpt>
      <trkpt lat="32.567779" lon="34.973949">
        <ele>103.69496231591104</ele>
      </trkpt>
      <trkpt lat="32.56772" lon="34.973906">
        <ele>103.02770029393324</ele>
      </trkpt>
      <trkpt lat="32.567536" lon="34.973691">
        <ele>101.24129334683526</ele>
      </trkpt>
      <trkpt lat="32.567414" lon="34.973587">
        <ele>100.85154098810786</ele>
      </trkpt>
      <trkpt lat="32.567338" lon="34.9735">
        <ele>100.86355687326375</ele>
      </trkpt>
      <trkpt lat="32.567173" lon="34.973152">
        <ele>100.77397797160619</ele>
      </trkpt>
      <trkpt lat="32.567076" lon="34.972809">
        <ele>99.55720685962963</ele>
      </trkpt>
      <trkpt lat="32.566903" lon="34.972324">
        <ele>95.58745764606708</ele>
      </trkpt>
      <trkpt lat="32.566896" lon="34.972055">
        <ele>94.72575916972299</ele>
      </trkpt>
      <trkpt lat="32.566919" lon="34.971948">
        <ele>95.3466447639127</ele>
      </trkpt>
      <trkpt lat="32.567184" lon="34.971246">
        <ele>104.52184913438897</ele>
      </trkpt>
      <trkpt lat="32.567186" lon="34.971032">
        <ele>105.9346614385316</ele>
      </trkpt>
      <trkpt lat="32.567167" lon="34.970972">
        <ele>106.31507101001995</ele>
      </trkpt>
      <trkpt lat="32.567096" lon="34.970907">
        <ele>106.76489490883438</ele>
      </trkpt>
      <trkpt lat="32.566847" lon="34.970783">
        <ele>107.3176243493645</ele>
      </trkpt>
      <trkpt lat="32.566669" lon="34.970756">
        <ele>107.91623732592345</ele>
      </trkpt>
      <trkpt lat="32.566277" lon="34.970607">
        <ele>109.88934464261844</ele>
      </trkpt>
      <trkpt lat="32.566137" lon="34.970579">
        <ele>110.36295097881187</ele>
      </trkpt>
      <trkpt lat="32.566072" lon="34.970543">
        <ele>110.5567991665196</ele>
      </trkpt>
      <trkpt lat="32.565829" lon="34.970328">
        <ele>111.45050421606143</ele>
      </trkpt>
      <trkpt lat="32.565754" lon="34.970182">
        <ele>112.46531253854107</ele>
      </trkpt>
      <trkpt lat="32.565635" lon="34.969995">
        <ele>113.35285915028581</ele>
      </trkpt>
      <trkpt lat="32.565629" lon="34.969888">
        <ele>113.65434092154909</ele>
      </trkpt>
      <trkpt lat="32.565642" lon="34.969848">
        <ele>113.77486767211052</ele>
      </trkpt>
      <trkpt lat="32.565673" lon="34.969797">
        <ele>113.90109940581532</ele>
      </trkpt>
      <trkpt lat="32.565784" lon="34.969688">
        <ele>114.22152378570276</ele>
      </trkpt>
      <trkpt lat="32.5659" lon="34.969591">
        <ele>114.74280197660293</ele>
      </trkpt>
      <trkpt lat="32.566048" lon="34.969467">
        <ele>115.75009905113862</ele>
      </trkpt>
      <trkpt lat="32.566306" lon="34.969293">
        <ele>117.40000596642658</ele>
      </trkpt>
      <trkpt lat="32.566358" lon="34.969258">
        <ele>117.48864093494427</ele>
      </trkpt>
      <extensions>
        <RoutingType xmlns="">Hike</RoutingType>
      </extensions>
    </trkseg>
    <trkseg>
      <trkpt lat="32.566358" lon="34.969258">
        <ele>117.8</ele>
      </trkpt>
      <trkpt lat="32.566564" lon="34.969119">
        <ele>120.78642668406142</ele>
      </trkpt>
      <trkpt lat="32.566877" lon="34.968953">
        <ele>124.76401479753204</ele>
      </trkpt>
      <trkpt lat="32.567046" lon="34.968881">
        <ele>125.49612030027546</ele>
      </trkpt>
      <trkpt lat="32.567404" lon="34.968679">
        <ele>127.73953541892935</ele>
      </trkpt>
      <trkpt lat="32.567693" lon="34.968566">
        <ele>129.470621661147</ele>
      </trkpt>
      <trkpt lat="32.567973" lon="34.968418">
        <ele>130.16437975775287</ele>
      </trkpt>
      <trkpt lat="32.568031" lon="34.968367">
        <ele>130.24465075619113</ele>
      </trkpt>
      <trkpt lat="32.568313" lon="34.968226">
        <ele>130.8698438470314</ele>
      </trkpt>
      <trkpt lat="32.5684" lon="34.968199">
        <ele>131.06983101450848</ele>
      </trkpt>
      <trkpt lat="32.568443" lon="34.968176">
        <ele>131.1747252544453</ele>
      </trkpt>
      <trkpt lat="32.568646" lon="34.968065">
        <ele>131.41409824601584</ele>
      </trkpt>
      <trkpt lat="32.568702" lon="34.968012">
        <ele>131.3344480986784</ele>
      </trkpt>
      <trkpt lat="32.568741" lon="34.967915">
        <ele>131.23373548333456</ele>
      </trkpt>
      <trkpt lat="32.568727" lon="34.967706">
        <ele>131.03726573423808</ele>
      </trkpt>
      <trkpt lat="32.568859" lon="34.967806">
        <ele>130.93687490585845</ele>
      </trkpt>
      <trkpt lat="32.56893" lon="34.96786">
        <ele>131.03064854735413</ele>
      </trkpt>
      <extensions>
        <RoutingType xmlns="">Hike</RoutingType>
      </extensions>
    </trkseg>
    <trkseg>
      <trkpt lat="32.56893" lon="34.96786">
        <ele>131.2</ele>
      </trkpt>
      <trkpt lat="32.568859" lon="34.967806">
        <ele>131.01245271700859</ele>
      </trkpt>
      <trkpt lat="32.568727" lon="34.967706">
        <ele>130.66417143681556</ele>
      </trkpt>
      <trkpt lat="32.568665" lon="34.967605">
        <ele>130.373314122904</ele>
      </trkpt>
      <trkpt lat="32.568579" lon="34.967507">
        <ele>130.01975877100577</ele>
      </trkpt>
      <trkpt lat="32.568588" lon="34.967251">
        <ele>129.95769483353422</ele>
      </trkpt>
      <trkpt lat="32.568594" lon="34.966721">
        <ele>130.50933546837936</ele>
      </trkpt>
      <trkpt lat="32.568597" lon="34.966489">
        <ele>130.1469503640564</ele>
      </trkpt>
      <trkpt lat="32.568582" lon="34.966307">
        <ele>130.1</ele>
      </trkpt>
      <trkpt lat="32.568561" lon="34.966153">
        <ele>130.1</ele>
      </trkpt>
      <trkpt lat="32.568521" lon="34.965884">
        <ele>129.20036320115227</ele>
      </trkpt>
      <trkpt lat="32.568497" lon="34.964992">
        <ele>125.35221250971138</ele>
      </trkpt>
      <trkpt lat="32.56847" lon="34.964481">
        <ele>124.68195183478265</ele>
      </trkpt>
      <trkpt lat="32.568443" lon="34.964274">
        <ele>124.94366924193118</ele>
      </trkpt>
      <trkpt lat="32.568421" lon="34.964143">
        <ele>125.16584994470058</ele>
      </trkpt>
      <trkpt lat="32.568386" lon="34.964107">
        <ele>125.26885879226782</ele>
      </trkpt>
      <trkpt lat="32.568362" lon="34.964062">
        <ele>125.36866724066861</ele>
      </trkpt>
      <trkpt lat="32.568349" lon="34.964011">
        <ele>125.46852749495721</ele>
      </trkpt>
      <trkpt lat="32.568335" lon="34.963891">
        <ele>125.87079635353714</ele>
      </trkpt>
      <trkpt lat="32.568334" lon="34.96381">
        <ele>126.30096923599845</ele>
      </trkpt>
      <trkpt lat="32.568345" lon="34.963663">
        <ele>127.08464068983832</ele>
      </trkpt>
      <trkpt lat="32.56836" lon="34.963569">
        <ele>127.71318042515236</ele>
      </trkpt>
      <trkpt lat="32.568383" lon="34.963523">
        <ele>128.11415769444665</ele>
      </trkpt>
      <trkpt lat="32.568417" lon="34.963486">
        <ele>128.52454262086292</ele>
      </trkpt>
      <trkpt lat="32.568447" lon="34.963375">
        <ele>129.39842757787682</ele>
      </trkpt>
      <trkpt lat="32.568459" lon="34.963118">
        <ele>130.85320054255638</ele>
      </trkpt>
      <trkpt lat="32.568418" lon="34.96224">
        <ele>134.3400980971827</ele>
      </trkpt>
      <trkpt lat="32.568456" lon="34.962222">
        <ele>134.46142192888297</ele>
      </trkpt>
      <trkpt lat="32.568487" lon="34.96219">
        <ele>134.58325768595057</ele>
      </trkpt>
      <trkpt lat="32.568507" lon="34.962147">
        <ele>134.70598988351705</ele>
      </trkpt>
      <trkpt lat="32.568514" lon="34.962099">
        <ele>134.8069301226515</ele>
      </trkpt>
      <trkpt lat="32.568507" lon="34.96205">
        <ele>134.8379785374652</ele>
      </trkpt>
      <trkpt lat="32.568631" lon="34.961934">
        <ele>134.95503058181865</ele>
      </trkpt>
      <trkpt lat="32.568766" lon="34.961786">
        <ele>135.36511975334966</ele>
      </trkpt>
      <trkpt lat="32.568862" lon="34.961609">
        <ele>135.76583369738427</ele>
      </trkpt>
      <trkpt lat="32.568967" lon="34.961318">
        <ele>135.4281272177692</ele>
      </trkpt>
      <trkpt lat="32.569027" lon="34.960999">
        <ele>134.63928340609147</ele>
      </trkpt>
      <trkpt lat="32.569058" lon="34.960728">
        <ele>133.52873852596005</ele>
      </trkpt>
      <trkpt lat="32.569116" lon="34.960146">
        <ele>130.67234130417972</ele>
      </trkpt>
      <trkpt lat="32.569177" lon="34.959856">
        <ele>129.5352046313198</ele>
      </trkpt>
      <trkpt lat="32.569271" lon="34.959607">
        <ele>127.65455337943494</ele>
      </trkpt>
      <trkpt lat="32.569385" lon="34.959392">
        <ele>125.97944186393296</ele>
      </trkpt>
      <trkpt lat="32.569441" lon="34.959323">
        <ele>125.50068174263878</ele>
      </trkpt>
      <extensions>
        <RoutingType xmlns="">Hike</RoutingType>
      </extensions>
    </trkseg>
    <trkseg>
      <trkpt lat="32.569441" lon="34.959323">
        <ele>125</ele>
      </trkpt>
      <trkpt lat="32.569569" lon="34.959168">
        <ele>123.98320807464026</ele>
      </trkpt>
      <trkpt lat="32.56965" lon="34.959084">
        <ele>123.43107345295782</ele>
      </trkpt>
      <trkpt lat="32.569903" lon="34.958901">
        <ele>122.4077021131295</ele>
      </trkpt>
      <trkpt lat="32.570119" lon="34.958818">
        <ele>121.47710859486772</ele>
      </trkpt>
      <trkpt lat="32.570358" lon="34.958772">
        <ele>120.22070649230581</ele>
      </trkpt>
      <trkpt lat="32.570684" lon="34.958806">
        <ele>119.39859405141335</ele>
      </trkpt>
      <trkpt lat="32.570804" lon="34.958849">
        <ele>119.02690035225844</ele>
      </trkpt>
      <trkpt lat="32.571076" lon="34.958995">
        <ele>116.46675598633892</ele>
      </trkpt>
      <trkpt lat="32.571369" lon="34.959278">
        <ele>111.16438314925932</ele>
      </trkpt>
      <trkpt lat="32.571846" lon="34.959829">
        <ele>107.26067561972539</ele>
      </trkpt>
      <trkpt lat="32.572337" lon="34.960453">
        <ele>105.90713291073136</ele>
      </trkpt>
      <trkpt lat="32.57236" lon="34.960425">
        <ele>105.85827978561053</ele>
      </trkpt>
      <trkpt lat="32.57239" lon="34.960406">
        <ele>105.807863372728</ele>
      </trkpt>
      <trkpt lat="32.572424" lon="34.960401">
        <ele>105.75706939007047</ele>
      </trkpt>
      <trkpt lat="32.572457" lon="34.960409">
        <ele>105.70713307785176</ele>
      </trkpt>
      <trkpt lat="32.572486" lon="34.960428">
        <ele>105.65801968269446</ele>
      </trkpt>
      <trkpt lat="32.572608" lon="34.960297">
        <ele>107.18029123745492</ele>
      </trkpt>
      <trkpt lat="32.572842" lon="34.959679">
        <ele>114.67543907795684</ele>
      </trkpt>
      <trkpt lat="32.573208" lon="34.958711">
        <ele>126.5322645361786</ele>
      </trkpt>
      <trkpt lat="32.573298" lon="34.958633">
        <ele>127.85483938486448</ele>
      </trkpt>
      <trkpt lat="32.573484" lon="34.958517">
        <ele>130.10420045066942</ele>
      </trkpt>
      <trkpt lat="32.57381" lon="34.958383">
        <ele>131.41935274932038</ele>
      </trkpt>
      <trkpt lat="32.574184" lon="34.958226">
        <ele>132.30159936495136</ele>
      </trkpt>
      <trkpt lat="32.574177" lon="34.95758">
        <ele>133.41008653802132</ele>
      </trkpt>
      <trkpt lat="32.57418" lon="34.955871">
        <ele>150.0383791817182</ele>
      </trkpt>
      <trkpt lat="32.574239" lon="34.955871">
        <ele>150.08211585286526</ele>
      </trkpt>
      <trkpt lat="32.57424" lon="34.955924">
        <ele>150.1152326705852</ele>
      </trkpt>
      <extensions>
        <RoutingType xmlns="">Hike</RoutingType>
      </extensions>
    </trkseg>
    <trkseg>
      <trkpt lat="32.57424" lon="34.955924">
        <ele>150.2</ele>
      </trkpt>
      <trkpt lat="32.574239" lon="34.955871">
        <ele>150.51460976833945</ele>
      </trkpt>
      <trkpt lat="32.57418" lon="34.955871">
        <ele>150.9301081442364</ele>
      </trkpt>
      <trkpt lat="32.574173" lon="34.955257">
        <ele>157.6742554070282</ele>
      </trkpt>
      <trkpt lat="32.57379" lon="34.955254">
        <ele>159</ele>
      </trkpt>
      <trkpt lat="32.573552" lon="34.955305">
        <ele>158.7526907988528</ele>
      </trkpt>
      <trkpt lat="32.573319" lon="34.955346">
        <ele>159.09133027474482</ele>
      </trkpt>
      <trkpt lat="32.572932" lon="34.955436">
        <ele>161.12485011392292</ele>
      </trkpt>
      <trkpt lat="32.572663" lon="34.955495">
        <ele>162.1669671258335</ele>
      </trkpt>
      <trkpt lat="32.572486" lon="34.955535">
        <ele>162.39044246596472</ele>
      </trkpt>
      <trkpt lat="32.572314" lon="34.955558">
        <ele>162.74872474758916</ele>
      </trkpt>
      <trkpt lat="32.572111" lon="34.955567">
        <ele>163.44981816057006</ele>
      </trkpt>
      <trkpt lat="32.570224" lon="34.955643">
        <ele>168.74501365431172</ele>
      </trkpt>
      <trkpt lat="32.569996" lon="34.955644">
        <ele>167.05483922394814</ele>
      </trkpt>
      <trkpt lat="32.569914" lon="34.955648">
        <ele>167.02980086339332</ele>
      </trkpt>
      <trkpt lat="32.569918" lon="34.955549">
        <ele>167.43226941451726</ele>
      </trkpt>
      <trkpt lat="32.569879" lon="34.955521">
        <ele>167.65190810205024</ele>
      </trkpt>
      <trkpt lat="32.569776" lon="34.955457">
        <ele>168.03099443220003</ele>
      </trkpt>
      <trkpt lat="32.569742" lon="34.955442">
        <ele>167.9234351219632</ele>
      </trkpt>
      <trkpt lat="32.569688" lon="34.95542">
        <ele>167.7541397218978</ele>
      </trkpt>
      <trkpt lat="32.569659" lon="34.955401">
        <ele>167.65591221568798</ele>
      </trkpt>
      <trkpt lat="32.569578" lon="34.955421">
        <ele>167.41058650738387</ele>
      </trkpt>
      <trkpt lat="32.569284" lon="34.955021">
        <ele>168</ele>
      </trkpt>
      <trkpt lat="32.569012" lon="34.954653">
        <ele>167.05138287842357</ele>
      </trkpt>
      <trkpt lat="32.56893" lon="34.954561">
        <ele>166.63310202324698</ele>
      </trkpt>
      <trkpt lat="32.568763" lon="34.954452">
        <ele>165.96132453308974</ele>
      </trkpt>
      <trkpt lat="32.568661" lon="34.954384">
        <ele>165.61440821236687</ele>
      </trkpt>
      <trkpt lat="32.568625" lon="34.95436">
        <ele>165.49196713539843</ele>
      </trkpt>
      <trkpt lat="32.568583" lon="34.954363">
        <ele>165.36720338378254</ele>
      </trkpt>
      <trkpt lat="32.568542" lon="34.95435">
        <ele>165.21937656097882</ele>
      </trkpt>
      <trkpt lat="32.568506" lon="34.954323">
        <ele>165.04573824557772</ele>
      </trkpt>
      <trkpt lat="32.568479" lon="34.954285">
        <ele>164.87495662070157</ele>
      </trkpt>
      <trkpt lat="32.568466" lon="34.954248">
        <ele>164.73721789933953</ele>
      </trkpt>
      <trkpt lat="32.56846" lon="34.954208">
        <ele>164.5976173683444</ele>
      </trkpt>
      <trkpt lat="32.568463" lon="34.954168">
        <ele>164.45963373028934</ele>
      </trkpt>
      <trkpt lat="32.568428" lon="34.954061">
        <ele>164.16325216921308</ele>
      </trkpt>
      <trkpt lat="32.568352" lon="34.953848">
        <ele>163.94649826797973</ele>
      </trkpt>
      <trkpt lat="32.568281" lon="34.953835">
        <ele>163.63292400449234</ele>
      </trkpt>
      <trkpt lat="32.568202" lon="34.953822">
        <ele>162.92344648703764</ele>
      </trkpt>
      <trkpt lat="32.568024" lon="34.953779">
        <ele>161.33962474722856</ele>
      </trkpt>
      <trkpt lat="32.567537" lon="34.953451">
        <ele>157.62866730574788</ele>
      </trkpt>
      <trkpt lat="32.567384" lon="34.953337">
        <ele>156.8920756288198</ele>
      </trkpt>
      <trkpt lat="32.567343" lon="34.953305">
        <ele>156.68398479937744</ele>
      </trkpt>
      <trkpt lat="32.567295" lon="34.953267">
        <ele>156.2134606681831</ele>
      </trkpt>
      <trkpt lat="32.566993" lon="34.953052">
        <ele>152.44652655082348</ele>
      </trkpt>
      <trkpt lat="32.565658" lon="34.952106">
        <ele>146.23906855198607</ele>
      </trkpt>
      <trkpt lat="32.565585" lon="34.952054">
        <ele>145.95503973819783</ele>
      </trkpt>
      <trkpt lat="32.565566" lon="34.952066">
        <ele>145.88323922204015</ele>
      </trkpt>
      <trkpt lat="32.565545" lon="34.952071">
        <ele>145.81179000399518</ele>
      </trkpt>
      <trkpt lat="32.565523" lon="34.952067">
        <ele>145.73754476626203</ele>
      </trkpt>
      <trkpt lat="32.565504" lon="34.952055">
        <ele>145.66574423915844</ele>
      </trkpt>
      <trkpt lat="32.565489" lon="34.952037">
        <ele>145.5987951425951</ele>
      </trkpt>
      <trkpt lat="32.565479" lon="34.952013">
        <ele>145.5820687395541</ele>
      </trkpt>
      <trkpt lat="32.565477" lon="34.951988">
        <ele>145.56637977806457</ele>
      </trkpt>
      <trkpt lat="32.565482" lon="34.951962">
        <ele>145.54971876147812</ele>
      </trkpt>
      <trkpt lat="32.564888" lon="34.951762">
        <ele>145.44600090977244</ele>
      </trkpt>
      <trkpt lat="32.56476" lon="34.951743">
        <ele>145.39818793571948</ele>
      </trkpt>
      <extensions>
        <RoutingType xmlns="">Hike</RoutingType>
      </extensions>
    </trkseg>
    <trkseg>
      <trkpt lat="32.56476" lon="34.951743">
        <ele>145.3</ele>
      </trkpt>
      <trkpt lat="32.564077" lon="34.951639">
        <ele>139.14017348420245</ele>
      </trkpt>
      <trkpt lat="32.563587" lon="34.951573">
        <ele>135.67360347677962</ele>
      </trkpt>
      <trkpt lat="32.563214" lon="34.951523">
        <ele>132.61136236809446</ele>
      </trkpt>
      <trkpt lat="32.562854" lon="34.951474">
        <ele>130.21051189206452</ele>
      </trkpt>
      <trkpt lat="32.562823" lon="34.95147">
        <ele>129.81754378784774</ele>
      </trkpt>
      <trkpt lat="32.561965" lon="34.951349">
        <ele>123.15384517207238</ele>
      </trkpt>
      <trkpt lat="32.561485" lon="34.951351">
        <ele>122.15172366802902</ele>
      </trkpt>
      <trkpt lat="32.560995" lon="34.951361">
        <ele>119.76606907129947</ele>
      </trkpt>
      <trkpt lat="32.560954" lon="34.951361">
        <ele>119.58370939162036</ele>
      </trkpt>
      <trkpt lat="32.560913" lon="34.951368">
        <ele>119.39947140945576</ele>
      </trkpt>
      <trkpt lat="32.56079" lon="34.951399">
        <ele>118.84018603995024</ele>
      </trkpt>
      <trkpt lat="32.56074" lon="34.951028">
        <ele>116.84762645447636</ele>
      </trkpt>
      <trkpt lat="32.560487" lon="34.950543">
        <ele>116.85321859880385</ele>
      </trkpt>
      <trkpt lat="32.560278" lon="34.950195">
        <ele>117.9353862920595</ele>
      </trkpt>
      <trkpt lat="32.560176" lon="34.95012">
        <ele>118.60255011718846</ele>
      </trkpt>
      <trkpt lat="32.560008" lon="34.950143">
        <ele>119.59134189476089</ele>
      </trkpt>
      <trkpt lat="32.559789" lon="34.950186">
        <ele>121.07231492704219</ele>
      </trkpt>
      <trkpt lat="32.559483" lon="34.950192">
        <ele>122.68327376789004</ele>
      </trkpt>
      <trkpt lat="32.558992" lon="34.950043">
        <ele>123.79871820360111</ele>
      </trkpt>
      <trkpt lat="32.557792" lon="34.949119">
        <ele>127.53966454966711</ele>
      </trkpt>
      <trkpt lat="32.556776" lon="34.948324">
        <ele>129.48651814757505</ele>
      </trkpt>
      <trkpt lat="32.556429" lon="34.948032">
        <ele>130.63260778022493</ele>
      </trkpt>
      <trkpt lat="32.555679" lon="34.947506">
        <ele>132</ele>
      </trkpt>
      <trkpt lat="32.55564" lon="34.947605">
        <ele>132</ele>
      </trkpt>
      <trkpt lat="32.555511" lon="34.947757">
        <ele>131.7471203135109</ele>
      </trkpt>
      <trkpt lat="32.55549" lon="34.94778">
        <ele>131.70474759438906</ele>
      </trkpt>
      <trkpt lat="32.55541" lon="34.947875">
        <ele>131.48963515948867</ele>
      </trkpt>
      <trkpt lat="32.555334" lon="34.947952">
        <ele>131.2303340198343</ele>
      </trkpt>
      <trkpt lat="32.555202" lon="34.94809">
        <ele>130.84593969455494</ele>
      </trkpt>
      <trkpt lat="32.554963" lon="34.948318">
        <ele>130.7901449341677</ele>
      </trkpt>
      <trkpt lat="32.554881" lon="34.948314">
        <ele>130.97265868988873</ele>
      </trkpt>
      <trkpt lat="32.55488" lon="34.948229">
        <ele>131.13200429631974</ele>
      </trkpt>
      <trkpt lat="32.554855" lon="34.948222">
        <ele>131.18912912912427</ele>
      </trkpt>
      <trkpt lat="32.554745" lon="34.948159">
        <ele>131.4173086144648</ele>
      </trkpt>
      <trkpt lat="32.55468" lon="34.947955">
        <ele>131.61883090320535</ele>
      </trkpt>
      <trkpt lat="32.554541" lon="34.947976">
        <ele>131.25527639213348</ele>
      </trkpt>
      <trkpt lat="32.554449" lon="34.947988">
        <ele>131.01513970902639</ele>
      </trkpt>
      <trkpt lat="32.553544" lon="34.9481">
        <ele>126.87885696273837</ele>
      </trkpt>
      <trkpt lat="32.55346" lon="34.94811">
        <ele>126.50336577215818</ele>
      </trkpt>
      <trkpt lat="32.553361" lon="34.948073">
        <ele>126.06599277278927</ele>
      </trkpt>
      <trkpt lat="32.553291" lon="34.948034">
        <ele>125.86534479967003</ele>
      </trkpt>
      <trkpt lat="32.553218" lon="34.948002">
        <ele>125.66342763048435</ele>
      </trkpt>
      <trkpt lat="32.553164" lon="34.94799">
        <ele>125.52088542133558</ele>
      </trkpt>
      <trkpt lat="32.553104" lon="34.947968">
        <ele>125.39399246260584</ele>
      </trkpt>
      <extensions>
        <RoutingType xmlns="">Hike</RoutingType>
      </extensions>
    </trkseg>
    <trkseg>
      <trkpt lat="32.553104" lon="34.947968">
        <ele>125.3</ele>
      </trkpt>
      <trkpt lat="32.553092" lon="34.947964">
        <ele>125.28613994148068</ele>
      </trkpt>
      <trkpt lat="32.553005" lon="34.947904">
        <ele>125.17424286346224</ele>
      </trkpt>
      <trkpt lat="32.552891" lon="34.947827">
        <ele>125.0283765468188</ele>
      </trkpt>
      <trkpt lat="32.552779" lon="34.947689">
        <ele>124.79843238510651</ele>
      </trkpt>
      <trkpt lat="32.552737" lon="34.947644">
        <ele>124.71452840928386</ele>
      </trkpt>
      <trkpt lat="32.552626" lon="34.947656">
        <ele>124.81556817633556</ele>
      </trkpt>
      <trkpt lat="32.552606" lon="34.947635">
        <ele>124.98385684716239</ele>
      </trkpt>
      <trkpt lat="32.55254" lon="34.947518">
        <ele>125.731579473526</ele>
      </trkpt>
      <trkpt lat="32.552499" lon="34.947117">
        <ele>128.34077054770827</ele>
      </trkpt>
      <trkpt lat="32.552394" lon="34.947074">
        <ele>128.97507490283473</ele>
      </trkpt>
      <trkpt lat="32.552385" lon="34.946776">
        <ele>130.2522350677846</ele>
      </trkpt>
      <trkpt lat="32.552362" lon="34.946475">
        <ele>131.37215393912527</ele>
      </trkpt>
      <trkpt lat="32.55235" lon="34.946151">
        <ele>132.04568245495793</ele>
      </trkpt>
      <trkpt lat="32.552398" lon="34.945831">
        <ele>131.80981545767628</ele>
      </trkpt>
      <trkpt lat="32.552153" lon="34.94577">
        <ele>130.23934709195157</ele>
      </trkpt>
      <trkpt lat="32.551749" lon="34.945669">
        <ele>127.02569439575775</ele>
      </trkpt>
      <trkpt lat="32.55169" lon="34.945657">
        <ele>126.55975949394619</ele>
      </trkpt>
      <trkpt lat="32.551443" lon="34.945608">
        <ele>125.20700388792528</ele>
      </trkpt>
      <trkpt lat="32.551387" lon="34.945591">
        <ele>124.96680427414401</ele>
      </trkpt>
      <trkpt lat="32.551314" lon="34.945568">
        <ele>124.82682751358293</ele>
      </trkpt>
      <trkpt lat="32.551182" lon="34.945528">
        <ele>124.57434457675143</ele>
      </trkpt>
      <trkpt lat="32.551078" lon="34.945518">
        <ele>124.11911902483915</ele>
      </trkpt>
      <trkpt lat="32.551004" lon="34.945508">
        <ele>123.67743189321027</ele>
      </trkpt>
      <trkpt lat="32.550942" lon="34.945446">
        <ele>123.19655130395326</ele>
      </trkpt>
      <trkpt lat="32.550752" lon="34.945479">
        <ele>122.05776485233581</ele>
      </trkpt>
      <trkpt lat="32.550656" lon="34.945515">
        <ele>121.46068213767917</ele>
      </trkpt>
      <trkpt lat="32.550503" lon="34.945517">
        <ele>120.78662756503408</ele>
      </trkpt>
      <trkpt lat="32.55034" lon="34.945495">
        <ele>120.18504827685682</ele>
      </trkpt>
      <trkpt lat="32.550292" lon="34.945514">
        <ele>120.1475375315672</ele>
      </trkpt>
      <trkpt lat="32.55025" lon="34.945624">
        <ele>120.07208061553125</ele>
      </trkpt>
      <trkpt lat="32.550215" lon="34.945664">
        <ele>120.03605450596993</ele>
      </trkpt>
      <trkpt lat="32.550113" lon="34.945708">
        <ele>120.0666021763861</ele>
      </trkpt>
      <trkpt lat="32.549957" lon="34.945645">
        <ele>120.24984130570306</ele>
      </trkpt>
      <trkpt lat="32.549745" lon="34.945598">
        <ele>120.17356308055939</ele>
      </trkpt>
      <trkpt lat="32.549653" lon="34.945556">
        <ele>120.10048823530693</ele>
      </trkpt>
      <trkpt lat="32.549484" lon="34.945563">
        <ele>119.97513228360542</ele>
      </trkpt>
      <trkpt lat="32.549426" lon="34.945534">
        <ele>119.92847424922509</ele>
      </trkpt>
      <trkpt lat="32.549384" lon="34.94548">
        <ele>119.89128107127527</ele>
      </trkpt>
      <trkpt lat="32.549262" lon="34.945195">
        <ele>119.79141404449213</ele>
      </trkpt>
      <trkpt lat="32.549215" lon="34.945156">
        <ele>119.77015503987468</ele>
      </trkpt>
      <trkpt lat="32.549151" lon="34.945058">
        <ele>119.73142269340799</ele>
      </trkpt>
      <trkpt lat="32.549015" lon="34.944987">
        <ele>119.7</ele>
      </trkpt>
      <trkpt lat="32.548959" lon="34.944975">
        <ele>119.7</ele>
      </trkpt>
      <trkpt lat="32.548913" lon="34.944934">
        <ele>119.7</ele>
      </trkpt>
      <trkpt lat="32.548899" lon="34.944882">
        <ele>119.7</ele>
      </trkpt>
      <trkpt lat="32.54885" lon="34.944846">
        <ele>119.7</ele>
      </trkpt>
      <trkpt lat="32.548818" lon="34.944799">
        <ele>119.7</ele>
      </trkpt>
      <extensions>
        <RoutingType xmlns="">Hike</RoutingType>
      </extensions>
    </trkseg>
    <trkseg>
      <trkpt lat="32.548818" lon="34.944799">
        <ele>119.7</ele>
      </trkpt>
      <trkpt lat="32.548814" lon="34.944793">
        <ele>119.7</ele>
      </trkpt>
      <trkpt lat="32.548728" lon="34.94473">
        <ele>119.7</ele>
      </trkpt>
      <trkpt lat="32.548712" lon="34.944598">
        <ele>119.7</ele>
      </trkpt>
      <trkpt lat="32.548735" lon="34.944473">
        <ele>119.7</ele>
      </trkpt>
      <trkpt lat="32.548645" lon="34.944345">
        <ele>119.7</ele>
      </trkpt>
      <trkpt lat="32.548529" lon="34.944237">
        <ele>119.55887202895643</ele>
      </trkpt>
      <trkpt lat="32.548433" lon="34.944089">
        <ele>119.26714152626889</ele>
      </trkpt>
      <trkpt lat="32.548411" lon="34.944042">
        <ele>119.16631738981181</ele>
      </trkpt>
      <trkpt lat="32.548392" lon="34.943916">
        <ele>118.76640049035521</ele>
      </trkpt>
      <trkpt lat="32.548317" lon="34.94383">
        <ele>118.37978271280451</ele>
      </trkpt>
      <trkpt lat="32.548285" lon="34.943721">
        <ele>118.07341577958012</ele>
      </trkpt>
      <trkpt lat="32.548195" lon="34.943653">
        <ele>117.79656928718812</ele>
      </trkpt>
      <trkpt lat="32.548168" lon="34.94361">
        <ele>117.67930256886612</ele>
      </trkpt>
      <trkpt lat="32.548013" lon="34.94359">
        <ele>117.2426009167031</ele>
      </trkpt>
      <trkpt lat="32.54797" lon="34.943553">
        <ele>117.0850893693521</ele>
      </trkpt>
      <trkpt lat="32.54792" lon="34.943452">
        <ele>116.79232467290913</ele>
      </trkpt>
      <trkpt lat="32.547886" lon="34.943336">
        <ele>116.56584757836998</ele>
      </trkpt>
      <trkpt lat="32.547845" lon="34.943305">
        <ele>116.47574384674549</ele>
      </trkpt>
      <trkpt lat="32.547822" lon="34.94325">
        <ele>116.37983181394682</ele>
      </trkpt>
      <trkpt lat="32.547835" lon="34.943133">
        <ele>116.19819018845276</ele>
      </trkpt>
      <trkpt lat="32.547744" lon="34.943006">
        <ele>116.0940342892294</ele>
      </trkpt>
      <trkpt lat="32.547734" lon="34.942824">
        <ele>115.96013190916581</ele>
      </trkpt>
      <trkpt lat="32.547718" lon="34.942761">
        <ele>115.87790193042775</ele>
      </trkpt>
      <trkpt lat="32.547668" lon="34.942732">
        <ele>115.79538658656053</ele>
      </trkpt>
      <trkpt lat="32.54745" lon="34.942474">
        <ele>115.0124089502564</ele>
      </trkpt>
      <trkpt lat="32.54736" lon="34.942405">
        <ele>114.6599502935606</ele>
      </trkpt>
      <trkpt lat="32.547326" lon="34.942282">
        <ele>114.33640300061161</ele>
      </trkpt>
      <trkpt lat="32.547292" lon="34.942229">
        <ele>114.16992978780895</ele>
      </trkpt>
      <trkpt lat="32.547178" lon="34.942169">
        <ele>113.9</ele>
      </trkpt>
      <trkpt lat="32.547052" lon="34.942034">
        <ele>113.9</ele>
      </trkpt>
      <trkpt lat="32.546968" lon="34.941975">
        <ele>113.94638751148801</ele>
      </trkpt>
      <trkpt lat="32.546895" lon="34.941763">
        <ele>114.23258941894528</ele>
      </trkpt>
      <trkpt lat="32.546859" lon="34.941726">
        <ele>114.30561389797519</ele>
      </trkpt>
      <trkpt lat="32.546811" lon="34.941705">
        <ele>114.43835136604187</ele>
      </trkpt>
      <trkpt lat="32.546715" lon="34.941718">
        <ele>114.68904550701916</ele>
      </trkpt>
      <trkpt lat="32.546669" lon="34.941719">
        <ele>114.80841476582285</ele>
      </trkpt>
      <trkpt lat="32.546266" lon="34.941499">
        <ele>116.81882865489726</ele>
      </trkpt>
      <trkpt lat="32.546164" lon="34.941484">
        <ele>117.35216782828121</ele>
      </trkpt>
      <trkpt lat="32.54607" lon="34.941409">
        <ele>117.87143113524013</ele>
      </trkpt>
      <trkpt lat="32.546014" lon="34.941392">
        <ele>118.08568329500449</ele>
      </trkpt>
      <trkpt lat="32.545822" lon="34.941392">
        <ele>118.7875977429714</ele>
      </trkpt>
      <trkpt lat="32.545795" lon="34.941378">
        <ele>118.88589349608283</ele>
      </trkpt>
      <trkpt lat="32.545685" lon="34.941346">
        <ele>119.26370884617974</ele>
      </trkpt>
      <trkpt lat="32.545401" lon="34.941323">
        <ele>119.32742457220431</ele>
      </trkpt>
      <trkpt lat="32.545151" lon="34.941214">
        <ele>118.86566710588052</ele>
      </trkpt>
      <trkpt lat="32.545029" lon="34.941105">
        <ele>118.7704282350703</ele>
      </trkpt>
      <trkpt lat="32.544959" lon="34.940997">
        <ele>118.89812535828449</ele>
      </trkpt>
      <trkpt lat="32.544915" lon="34.940833">
        <ele>119.05944710691433</ele>
      </trkpt>
      <trkpt lat="32.544858" lon="34.94075">
        <ele>119.15979592636012</ele>
      </trkpt>
      <trkpt lat="32.544799" lon="34.940459">
        <ele>119.53390124485111</ele>
      </trkpt>
      <trkpt lat="32.54475" lon="34.94029">
        <ele>119.81309958241783</ele>
      </trkpt>
      <trkpt lat="32.544736" lon="34.940175">
        <ele>119.99462054535181</ele>
      </trkpt>
      <trkpt lat="32.544576" lon="34.939791">
        <ele>120.51828087531806</ele>
      </trkpt>
      <trkpt lat="32.544478" lon="34.939455">
        <ele>120.68384916865928</ele>
      </trkpt>
      <trkpt lat="32.544264" lon="34.939214">
        <ele>121.72540171536072</ele>
      </trkpt>
      <trkpt lat="32.544207" lon="34.939104">
        <ele>122.63904858321699</ele>
      </trkpt>
      <trkpt lat="32.544187" lon="34.939056">
        <ele>123.05728837251431</ele>
      </trkpt>
      <trkpt lat="32.544092" lon="34.938911">
        <ele>124.43808104634508</ele>
      </trkpt>
      <trkpt lat="32.544059" lon="34.938809">
        <ele>125.05253675136431</ele>
      </trkpt>
      <trkpt lat="32.544028" lon="34.938766">
        <ele>125.37075089159855</ele>
      </trkpt>
      <trkpt lat="32.54393" lon="34.938726">
        <ele>126.06219678284437</ele>
      </trkpt>
      <trkpt lat="32.543904" lon="34.938683">
        <ele>126.34537768675743</ele>
      </trkpt>
      <trkpt lat="32.543866" lon="34.93857">
        <ele>126.99159100266516</ele>
      </trkpt>
      <trkpt lat="32.543854" lon="34.938452">
        <ele>127.62291066542419</ele>
      </trkpt>
      <trkpt lat="32.543812" lon="34.938355">
        <ele>128.32040803136377</ele>
      </trkpt>
      <trkpt lat="32.543839" lon="34.938245">
        <ele>129.1079393769518</ele>
      </trkpt>
      <trkpt lat="32.543912" lon="34.938097">
        <ele>130.1954305907174</ele>
      </trkpt>
      <trkpt lat="32.543849" lon="34.937952">
        <ele>130.9599649671229</ele>
      </trkpt>
      <trkpt lat="32.543852" lon="34.937898">
        <ele>131.2135987472947</ele>
      </trkpt>
      <trkpt lat="32.543936" lon="34.937668">
        <ele>132.03302247153468</ele>
      </trkpt>
      <trkpt lat="32.543985" lon="34.937376">
        <ele>132.97475263710825</ele>
      </trkpt>
      <trkpt lat="32.543985" lon="34.937317">
        <ele>133.17753259430685</ele>
      </trkpt>
      <trkpt lat="32.543912" lon="34.9371">
        <ele>133.58737186268252</ele>
      </trkpt>
      <trkpt lat="32.543772" lon="34.937007">
        <ele>133.69684110932633</ele>
      </trkpt>
      <trkpt lat="32.543725" lon="34.936936">
        <ele>133.66863463947308</ele>
      </trkpt>
      <trkpt lat="32.543615" lon="34.936774">
        <ele>133.60363926104387</ele>
      </trkpt>
      <trkpt lat="32.543594" lon="34.936685">
        <ele>133.7766638684391</ele>
      </trkpt>
      <trkpt lat="32.543576" lon="34.936614">
        <ele>133.93882277697688</ele>
      </trkpt>
      <trkpt lat="32.543566" lon="34.936515">
        <ele>134.15690044058405</ele>
      </trkpt>
      <trkpt lat="32.54356" lon="34.936415">
        <ele>134.39793244065166</ele>
      </trkpt>
      <trkpt lat="32.54353" lon="34.936196">
        <ele>135.02185236729636</ele>
      </trkpt>
      <trkpt lat="32.543555" lon="34.935991">
        <ele>135.42462570489215</ele>
      </trkpt>
      <trkpt lat="32.543514" lon="34.93599">
        <ele>135.5006249635021</ele>
      </trkpt>
      <trkpt lat="32.543476" lon="34.935979">
        <ele>135.5731148344837</ele>
      </trkpt>
      <extensions>
        <RoutingType xmlns="">Hike</RoutingType>
      </extensions>
    </trkseg>
  </trk>
</gpx>
