<?xml version="1.0" encoding="UTF-8" standalone="yes"?>
<gpx xmlns="http://www.topografix.com/GPX/1/1" xmlns:xsi="http://www.w3.org/2001/XMLSchema-instance" version="1.1" creator="IsraelHikingMap" xsi:schemaLocation="http://www.topografix.com/GPX/1/1 http://www.topografix.com/GPX/1/1/gpx.xsd">
  <metadata>
    <bounds maxlat="31.809579" maxlon="35.13008" minlat="31.774433" minlon="35.022421"></bounds>
  </metadata>
  <trk>
    <name>24 - אנדרטת מחל לצובה</name>
    <desc>🏞️ קושי: בינוני | הרי ירושלים
🥾 שלוחת השיירות, נחל כסלון, עין לימון,צובה.
💦 טבילה: עין לימון
⛺ לילה: חניון היובל - צובה
🛏️ מתקני לינה: חניון היובל (צובה) — מי שתיה.
🛒 קניות בקרבת המסלול:
• לטרון (צומת חטיבה 7), תחנת דלק | שתי מסעדות וחנות נוחות.
• מסילת ציון | תחנת דלק על כביש 38
• מסילת ציון — א׳-ה׳: 06:00-14:00; 16:00-19:00 | ו׳: 06:00-14:00 | שבת: סגור | מכולת ביישוב
• Beit Meir — א׳-ה׳: 08:00-14:00; 16:00-20:00 | ו׳: 08:00-15:00 | שבת: סגור | ☎ 02-6516990</desc>
    <trkseg>
      <trkpt lat="31.809442" lon="35.022421">
        <ele>330.8</ele>
      </trkpt>
      <trkpt lat="31.809442" lon="35.022421">
        <ele>330.8</ele>
      </trkpt>
      <extensions>
        <RoutingType xmlns="">Hike</RoutingType>
      </extensions>
    </trkseg>
    <trkseg>
      <trkpt lat="31.809442" lon="35.022421">
        <ele>330.8</ele>
      </trkpt>
      <trkpt lat="31.809439" lon="35.022614">
        <ele>331.8944247115445</ele>
      </trkpt>
      <trkpt lat="31.809452" lon="35.022655">
        <ele>332.14253354689924</ele>
      </trkpt>
      <trkpt lat="31.809463" lon="35.022692">
        <ele>332.3647771664652</ele>
      </trkpt>
      <trkpt lat="31.809456" lon="35.022818">
        <ele>333.2409031207291</ele>
      </trkpt>
      <trkpt lat="31.809497" lon="35.023111">
        <ele>335.40472588715727</ele>
      </trkpt>
      <trkpt lat="31.809517" lon="35.023541">
        <ele>338.6764135795709</ele>
      </trkpt>
      <trkpt lat="31.809516" lon="35.023705">
        <ele>340.2864635495014</ele>
      </trkpt>
      <trkpt lat="31.809491" lon="35.023882">
        <ele>342.43408252258587</ele>
      </trkpt>
      <trkpt lat="31.809511" lon="35.024105">
        <ele>344.80587838962606</ele>
      </trkpt>
      <trkpt lat="31.809486" lon="35.024299">
        <ele>346.5982154957274</ele>
      </trkpt>
      <trkpt lat="31.809384" lon="35.024526">
        <ele>348.8663769425686</ele>
      </trkpt>
      <trkpt lat="31.809307" lon="35.024613">
        <ele>350.025037426928</ele>
      </trkpt>
      <trkpt lat="31.809127" lon="35.024725">
        <ele>352.3645992771398</ele>
      </trkpt>
      <trkpt lat="31.809085" lon="35.024751">
        <ele>353.27975832183887</ele>
      </trkpt>
      <trkpt lat="31.809061" lon="35.024829">
        <ele>355.05655800678977</ele>
      </trkpt>
      <trkpt lat="31.809069" lon="35.02487">
        <ele>355.95757764396916</ele>
      </trkpt>
      <trkpt lat="31.809084" lon="35.024896">
        <ele>356.6306712814984</ele>
      </trkpt>
      <trkpt lat="31.809074" lon="35.025561">
        <ele>371.1700571383261</ele>
      </trkpt>
      <trkpt lat="31.809158" lon="35.025682">
        <ele>374.4228685309899</ele>
      </trkpt>
      <trkpt lat="31.809222" lon="35.026296">
        <ele>386.5490913794695</ele>
      </trkpt>
      <trkpt lat="31.809117" lon="35.026327">
        <ele>387.95344738001126</ele>
      </trkpt>
      <trkpt lat="31.809019" lon="35.026381">
        <ele>389.3572553396586</ele>
      </trkpt>
      <trkpt lat="31.80897" lon="35.026442">
        <ele>390.2826238649329</ele>
      </trkpt>
      <trkpt lat="31.808935" lon="35.026516">
        <ele>391.2162688007283</ele>
      </trkpt>
      <trkpt lat="31.808914" lon="35.026641">
        <ele>392.6209856263184</ele>
      </trkpt>
      <trkpt lat="31.808929" lon="35.026766">
        <ele>393.5693903284307</ele>
      </trkpt>
      <trkpt lat="31.809113" lon="35.027238">
        <ele>396.8721866515604</ele>
      </trkpt>
      <trkpt lat="31.809333" lon="35.027438">
        <ele>398.2122492425857</ele>
      </trkpt>
      <trkpt lat="31.809404" lon="35.027577">
        <ele>397.86229995995166</ele>
      </trkpt>
      <trkpt lat="31.809558" lon="35.027746">
        <ele>397.54001580806107</ele>
      </trkpt>
      <trkpt lat="31.809579" lon="35.027821">
        <ele>397.8136162393167</ele>
      </trkpt>
      <trkpt lat="31.80955" lon="35.027896">
        <ele>398.0991095910646</ele>
      </trkpt>
      <trkpt lat="31.809453" lon="35.027926">
        <ele>398.8419177496707</ele>
      </trkpt>
      <trkpt lat="31.809339" lon="35.028011">
        <ele>401.09291581245685</ele>
      </trkpt>
      <trkpt lat="31.809252" lon="35.028149">
        <ele>403.570325522425</ele>
      </trkpt>
      <trkpt lat="31.809027" lon="35.028264">
        <ele>407.85642473682526</ele>
      </trkpt>
      <trkpt lat="31.808728" lon="35.028244">
        <ele>411.13837178902025</ele>
      </trkpt>
      <trkpt lat="31.808605" lon="35.028236">
        <ele>411.8232643829521</ele>
      </trkpt>
      <trkpt lat="31.808461" lon="35.028181">
        <ele>412.61198810997905</ele>
      </trkpt>
      <trkpt lat="31.808347" lon="35.028082">
        <ele>413.24216651023977</ele>
      </trkpt>
      <trkpt lat="31.808215" lon="35.027988">
        <ele>414.03788661281374</ele>
      </trkpt>
      <trkpt lat="31.808091" lon="35.027926">
        <ele>414.8368872476677</ele>
      </trkpt>
      <trkpt lat="31.807975" lon="35.0279">
        <ele>415.89543673806673</ele>
      </trkpt>
      <trkpt lat="31.807879" lon="35.027932">
        <ele>417.1158580132293</ele>
      </trkpt>
      <trkpt lat="31.807598" lon="35.028166">
        <ele>422.35430195760046</ele>
      </trkpt>
      <trkpt lat="31.807573" lon="35.028273">
        <ele>423.84481834839306</ele>
      </trkpt>
      <trkpt lat="31.807638" lon="35.028363">
        <ele>425.37015600766915</ele>
      </trkpt>
      <trkpt lat="31.807762" lon="35.028437">
        <ele>427.4736799771747</ele>
      </trkpt>
      <trkpt lat="31.807817" lon="35.028523">
        <ele>428.82978082746627</ele>
      </trkpt>
      <trkpt lat="31.807779" lon="35.02859">
        <ele>429.8446776746617</ele>
      </trkpt>
      <trkpt lat="31.807671" lon="35.028601">
        <ele>431.2671389564467</ele>
      </trkpt>
      <trkpt lat="31.807603" lon="35.028637">
        <ele>431.7922528370467</ele>
      </trkpt>
      <trkpt lat="31.80759" lon="35.028637">
        <ele>431.88380332664474</ele>
      </trkpt>
      <extensions>
        <RoutingType xmlns="">Hike</RoutingType>
      </extensions>
    </trkseg>
    <trkseg>
      <trkpt lat="31.80759" lon="35.02861">
        <ele>428</ele>
        <time>2023-06-14T06:57:20Z</time>
      </trkpt>
      <trkpt lat="31.807520000000004" lon="35.028600000000004">
        <ele>428</ele>
        <time>2023-06-14T06:57:21Z</time>
      </trkpt>
      <trkpt lat="31.807420000000004" lon="35.028560000000006">
        <ele>428</ele>
        <time>2023-06-14T06:57:22Z</time>
      </trkpt>
      <trkpt lat="31.807000000000002" lon="35.028690000000005">
        <ele>428</ele>
        <time>2023-06-14T06:57:23Z</time>
      </trkpt>
      <trkpt lat="31.806760000000004" lon="35.02872">
        <ele>440</ele>
        <time>2023-06-14T06:57:24Z</time>
      </trkpt>
      <trkpt lat="31.806570000000004" lon="35.028850000000006">
        <ele>440</ele>
        <time>2023-06-14T06:57:25Z</time>
      </trkpt>
      <trkpt lat="31.806570000000004" lon="35.028850000000006">
        <ele>451.44208857828954</ele>
        <time>2023-06-14T06:57:26Z</time>
      </trkpt>
      <trkpt lat="31.806570000000004" lon="35.028850000000006">
        <ele>451.44208857828954</ele>
        <time>2023-06-14T06:57:27Z</time>
      </trkpt>
      <trkpt lat="31.806480000000004" lon="35.029030000000006">
        <ele>440</ele>
        <time>2023-06-14T06:57:28Z</time>
      </trkpt>
      <trkpt lat="31.80636" lon="35.02913">
        <ele>440</ele>
        <time>2023-06-14T06:57:29Z</time>
      </trkpt>
      <trkpt lat="31.80626" lon="35.02917">
        <ele>456</ele>
        <time>2023-06-14T06:57:30Z</time>
      </trkpt>
      <trkpt lat="31.806030000000003" lon="35.02929">
        <ele>456</ele>
        <time>2023-06-14T06:57:31Z</time>
      </trkpt>
      <trkpt lat="31.80598" lon="35.029360000000004">
        <ele>455</ele>
        <time>2023-06-14T06:57:32Z</time>
      </trkpt>
      <trkpt lat="31.805840000000003" lon="35.0296">
        <ele>455</ele>
        <time>2023-06-14T06:57:33Z</time>
      </trkpt>
      <trkpt lat="31.805790000000002" lon="35.02966">
        <ele>455</ele>
        <time>2023-06-14T06:57:34Z</time>
      </trkpt>
      <trkpt lat="31.805580000000003" lon="35.02969">
        <ele>455</ele>
        <time>2023-06-14T06:57:35Z</time>
      </trkpt>
      <trkpt lat="31.805580000000003" lon="35.02969">
        <ele>455.50105822344324</ele>
        <time>2023-06-14T06:57:36Z</time>
      </trkpt>
      <trkpt lat="31.805440000000004" lon="35.02973">
        <ele>455</ele>
        <time>2023-06-14T06:57:37Z</time>
      </trkpt>
      <trkpt lat="31.805440000000004" lon="35.02973">
        <ele>455.189617197615</ele>
        <time>2023-06-14T06:57:38Z</time>
      </trkpt>
      <trkpt lat="31.80487" lon="35.029990000000005">
        <ele>457</ele>
        <time>2023-06-14T06:57:39Z</time>
      </trkpt>
      <trkpt lat="31.804690000000004" lon="35.030030000000004">
        <ele>457</ele>
        <time>2023-06-14T06:57:40Z</time>
      </trkpt>
      <trkpt lat="31.804450000000003" lon="35.030100000000004">
        <ele>457</ele>
        <time>2023-06-14T06:57:41Z</time>
      </trkpt>
      <trkpt lat="31.804320000000004" lon="35.030190000000005">
        <ele>453</ele>
        <time>2023-06-14T06:57:42Z</time>
      </trkpt>
      <trkpt lat="31.80412" lon="35.03027">
        <ele>453</ele>
        <time>2023-06-14T06:57:43Z</time>
      </trkpt>
      <trkpt lat="31.804000000000002" lon="35.030370000000005">
        <ele>453</ele>
        <time>2023-06-14T06:57:44Z</time>
      </trkpt>
      <trkpt lat="31.80393" lon="35.030460000000005">
        <ele>453</ele>
        <time>2023-06-14T06:57:45Z</time>
      </trkpt>
      <trkpt lat="31.80393" lon="35.030460000000005">
        <ele>456.94404476269307</ele>
        <time>2023-06-14T06:57:46Z</time>
      </trkpt>
      <trkpt lat="31.803810000000002" lon="35.030860000000004">
        <ele>469</ele>
        <time>2023-06-14T06:57:47Z</time>
      </trkpt>
      <trkpt lat="31.803630000000002" lon="35.031180000000006">
        <ele>469</ele>
        <time>2023-06-14T06:57:48Z</time>
      </trkpt>
      <trkpt lat="31.803630000000002" lon="35.031180000000006">
        <ele>465.27942310020734</ele>
        <time>2023-06-14T06:57:49Z</time>
      </trkpt>
      <trkpt lat="31.80354" lon="35.03125">
        <ele>469</ele>
        <time>2023-06-14T06:57:50Z</time>
      </trkpt>
      <trkpt lat="31.803470000000004" lon="35.03125">
        <ele>454</ele>
        <time>2023-06-14T06:57:51Z</time>
      </trkpt>
      <trkpt lat="31.80337" lon="35.0313">
        <ele>454</ele>
        <time>2023-06-14T06:57:52Z</time>
      </trkpt>
      <trkpt lat="31.803230000000003" lon="35.03143">
        <ele>454</ele>
        <time>2023-06-14T06:57:53Z</time>
      </trkpt>
      <trkpt lat="31.80299" lon="35.031510000000004">
        <ele>454</ele>
        <time>2023-06-14T06:57:54Z</time>
      </trkpt>
      <trkpt lat="31.802910000000004" lon="35.031650000000006">
        <ele>474</ele>
        <time>2023-06-14T06:57:55Z</time>
      </trkpt>
      <trkpt lat="31.802910000000004" lon="35.031650000000006">
        <ele>467.6095644449815</ele>
        <time>2023-06-14T06:57:56Z</time>
      </trkpt>
      <trkpt lat="31.802910000000004" lon="35.03184">
        <ele>474</ele>
        <time>2023-06-14T06:57:57Z</time>
      </trkpt>
      <trkpt lat="31.80298" lon="35.032030000000006">
        <ele>474</ele>
        <time>2023-06-14T06:57:58Z</time>
      </trkpt>
      <trkpt lat="31.803030000000003" lon="35.032090000000004">
        <ele>474</ele>
        <time>2023-06-14T06:57:59Z</time>
      </trkpt>
      <trkpt lat="31.803030000000003" lon="35.032090000000004">
        <ele>476.14673066698015</ele>
        <time>2023-06-14T06:58:00Z</time>
      </trkpt>
      <trkpt lat="31.803030000000003" lon="35.032090000000004">
        <ele>474</ele>
        <time>2023-06-14T06:58:01Z</time>
      </trkpt>
      <trkpt lat="31.803060000000002" lon="35.032120000000006">
        <ele>474</ele>
        <time>2023-06-14T06:58:02Z</time>
      </trkpt>
      <trkpt lat="31.803150000000002" lon="35.03239">
        <ele>474</ele>
        <time>2023-06-14T06:58:03Z</time>
      </trkpt>
      <trkpt lat="31.803130000000003" lon="35.032560000000004">
        <ele>489</ele>
        <time>2023-06-14T06:58:04Z</time>
      </trkpt>
      <trkpt lat="31.803060000000002" lon="35.03271">
        <ele>489</ele>
        <time>2023-06-14T06:58:05Z</time>
      </trkpt>
      <trkpt lat="31.803060000000002" lon="35.03271">
        <ele>488.0393422744803</ele>
        <time>2023-06-14T06:58:06Z</time>
      </trkpt>
      <trkpt lat="31.803050000000002" lon="35.0328">
        <ele>489</ele>
        <time>2023-06-14T06:58:07Z</time>
      </trkpt>
      <trkpt lat="31.803060000000002" lon="35.032970000000006">
        <ele>489</ele>
        <time>2023-06-14T06:58:08Z</time>
      </trkpt>
      <trkpt lat="31.803130000000003" lon="35.033060000000006">
        <ele>489</ele>
        <time>2023-06-14T06:58:09Z</time>
      </trkpt>
      <trkpt lat="31.803140000000003" lon="35.033100000000005">
        <ele>489</ele>
        <time>2023-06-14T06:58:10Z</time>
      </trkpt>
      <trkpt lat="31.803140000000003" lon="35.033100000000005">
        <ele>496.2592821911611</ele>
        <time>2023-06-14T06:58:11Z</time>
      </trkpt>
      <trkpt lat="31.803140000000003" lon="35.03332">
        <ele>504</ele>
        <time>2023-06-14T06:58:12Z</time>
      </trkpt>
      <trkpt lat="31.803190000000004" lon="35.033370000000005">
        <ele>504</ele>
        <time>2023-06-14T06:58:13Z</time>
      </trkpt>
      <trkpt lat="31.80326" lon="35.03338">
        <ele>504</ele>
        <time>2023-06-14T06:58:14Z</time>
      </trkpt>
      <trkpt lat="31.80328" lon="35.03342">
        <ele>504</ele>
        <time>2023-06-14T06:58:15Z</time>
      </trkpt>
      <trkpt lat="31.80328" lon="35.03342">
        <ele>503.82725992672704</ele>
        <time>2023-06-14T06:58:16Z</time>
      </trkpt>
      <trkpt lat="31.803350000000002" lon="35.03356">
        <ele>504</ele>
        <time>2023-06-14T06:58:17Z</time>
      </trkpt>
      <trkpt lat="31.803340000000002" lon="35.03369">
        <ele>504</ele>
        <time>2023-06-14T06:58:18Z</time>
      </trkpt>
      <trkpt lat="31.80336" lon="35.033770000000004">
        <ele>504</ele>
        <time>2023-06-14T06:58:19Z</time>
      </trkpt>
      <trkpt lat="31.803510000000003" lon="35.033950000000004">
        <ele>508</ele>
        <time>2023-06-14T06:58:20Z</time>
      </trkpt>
      <trkpt lat="31.80355" lon="35.034150000000004">
        <ele>518</ele>
        <time>2023-06-14T06:58:21Z</time>
      </trkpt>
      <trkpt lat="31.80355" lon="35.034150000000004">
        <ele>523.5467970074121</ele>
        <time>2023-06-14T06:58:22Z</time>
      </trkpt>
      <trkpt lat="31.80364" lon="35.03423">
        <ele>518</ele>
        <time>2023-06-14T06:58:23Z</time>
      </trkpt>
      <trkpt lat="31.803670000000004" lon="35.0343">
        <ele>518</ele>
        <time>2023-06-14T06:58:24Z</time>
      </trkpt>
      <trkpt lat="31.80355" lon="35.034560000000006">
        <ele>518</ele>
        <time>2023-06-14T06:58:25Z</time>
      </trkpt>
      <trkpt lat="31.80355" lon="35.034560000000006">
        <ele>532.8461443801237</ele>
        <time>2023-06-14T06:58:26Z</time>
      </trkpt>
      <trkpt lat="31.803390000000004" lon="35.034650000000006">
        <ele>523</ele>
        <time>2023-06-14T06:58:27Z</time>
      </trkpt>
      <trkpt lat="31.803330000000003" lon="35.034760000000006">
        <ele>523</ele>
        <time>2023-06-14T06:58:28Z</time>
      </trkpt>
      <trkpt lat="31.802860000000003" lon="35.03542">
        <ele>540</ele>
        <time>2023-06-14T06:58:29Z</time>
      </trkpt>
      <trkpt lat="31.802830000000004" lon="35.035500000000006">
        <ele>540</ele>
        <time>2023-06-14T06:58:30Z</time>
      </trkpt>
      <trkpt lat="31.80271" lon="35.035590000000006">
        <ele>540</ele>
        <time>2023-06-14T06:58:31Z</time>
      </trkpt>
      <trkpt lat="31.802640000000004" lon="35.03569">
        <ele>539</ele>
        <time>2023-06-14T06:58:32Z</time>
      </trkpt>
      <trkpt lat="31.802640000000004" lon="35.03569">
        <ele>546.1603993781791</ele>
        <time>2023-06-14T06:58:33Z</time>
      </trkpt>
      <trkpt lat="31.802400000000002" lon="35.036260000000006">
        <ele>544</ele>
        <time>2023-06-14T06:58:34Z</time>
      </trkpt>
      <trkpt lat="31.802250000000004" lon="35.036550000000005">
        <ele>544</ele>
        <time>2023-06-14T06:58:35Z</time>
      </trkpt>
      <trkpt lat="31.802250000000004" lon="35.036550000000005">
        <ele>539.7749961698307</ele>
        <time>2023-06-14T06:58:36Z</time>
      </trkpt>
      <trkpt lat="31.802110000000003" lon="35.03694">
        <ele>546</ele>
        <time>2023-06-14T06:58:37Z</time>
      </trkpt>
      <trkpt lat="31.802080000000004" lon="35.037060000000004">
        <ele>546</ele>
        <time>2023-06-14T06:58:38Z</time>
      </trkpt>
      <trkpt lat="31.80204" lon="35.037440000000004">
        <ele>546</ele>
        <time>2023-06-14T06:58:39Z</time>
      </trkpt>
      <trkpt lat="31.802000000000003" lon="35.037560000000006">
        <ele>537</ele>
        <time>2023-06-14T06:58:40Z</time>
      </trkpt>
      <trkpt lat="31.801910000000003" lon="35.03774">
        <ele>537</ele>
        <time>2023-06-14T06:58:41Z</time>
      </trkpt>
      <trkpt lat="31.80185" lon="35.037940000000006">
        <ele>537</ele>
        <time>2023-06-14T06:58:42Z</time>
      </trkpt>
      <trkpt lat="31.80185" lon="35.038070000000005">
        <ele>537</ele>
        <time>2023-06-14T06:58:43Z</time>
      </trkpt>
      <trkpt lat="31.80185" lon="35.038070000000005">
        <ele>534.0605612461766</ele>
        <time>2023-06-14T06:58:44Z</time>
      </trkpt>
      <trkpt lat="31.801930000000002" lon="35.03839">
        <ele>529</ele>
        <time>2023-06-14T06:58:45Z</time>
      </trkpt>
      <trkpt lat="31.801930000000002" lon="35.03839">
        <ele>534.0894192802797</ele>
        <time>2023-06-14T06:58:46Z</time>
      </trkpt>
      <trkpt lat="31.801930000000002" lon="35.03848">
        <ele>529</ele>
        <time>2023-06-14T06:58:47Z</time>
      </trkpt>
      <trkpt lat="31.801920000000003" lon="35.038560000000004">
        <ele>529</ele>
        <time>2023-06-14T06:58:48Z</time>
      </trkpt>
      <trkpt lat="31.801900000000003" lon="35.038590000000006">
        <ele>529</ele>
        <time>2023-06-14T06:58:49Z</time>
      </trkpt>
      <trkpt lat="31.80187" lon="35.038590000000006">
        <ele>529</ele>
        <time>2023-06-14T06:58:50Z</time>
      </trkpt>
      <trkpt lat="31.801330000000004" lon="35.03828">
        <ele>534</ele>
        <time>2023-06-14T06:58:51Z</time>
      </trkpt>
      <trkpt lat="31.801220000000004" lon="35.03826">
        <ele>534</ele>
        <time>2023-06-14T06:58:52Z</time>
      </trkpt>
      <trkpt lat="31.80111" lon="35.03829">
        <ele>534</ele>
        <time>2023-06-14T06:58:53Z</time>
      </trkpt>
      <trkpt lat="31.801050000000004" lon="35.03833">
        <ele>536</ele>
        <time>2023-06-14T06:58:54Z</time>
      </trkpt>
      <trkpt lat="31.801050000000004" lon="35.03833">
        <ele>538.1594029534072</ele>
        <time>2023-06-14T06:58:55Z</time>
      </trkpt>
      <trkpt lat="31.801050000000004" lon="35.03833">
        <ele>538.1594029534072</ele>
        <time>2023-06-14T06:58:56Z</time>
      </trkpt>
      <trkpt lat="31.801000000000002" lon="35.03844">
        <ele>536</ele>
        <time>2023-06-14T06:58:57Z</time>
      </trkpt>
      <trkpt lat="31.800910000000002" lon="35.038700000000006">
        <ele>533</ele>
        <time>2023-06-14T06:58:58Z</time>
      </trkpt>
      <trkpt lat="31.800960000000003" lon="35.03877">
        <ele>533</ele>
        <time>2023-06-14T06:58:59Z</time>
      </trkpt>
      <trkpt lat="31.800940000000004" lon="35.038880000000006">
        <ele>533</ele>
        <time>2023-06-14T06:59:00Z</time>
      </trkpt>
      <trkpt lat="31.800890000000003" lon="35.038940000000004">
        <ele>533</ele>
        <time>2023-06-14T06:59:01Z</time>
      </trkpt>
      <extensions>
        <RoutingType xmlns="">Hike</RoutingType>
      </extensions>
    </trkseg>
    <trkseg>
      <trkpt lat="31.800890000000003" lon="35.038940000000004">
        <ele>533</ele>
        <time>2023-06-14T06:59:01Z</time>
      </trkpt>
      <trkpt lat="31.800720000000002" lon="35.039010000000005">
        <ele>533</ele>
        <time>2023-06-14T06:59:02Z</time>
      </trkpt>
      <trkpt lat="31.800600000000003" lon="35.039100000000005">
        <ele>533</ele>
        <time>2023-06-14T06:59:03Z</time>
      </trkpt>
      <trkpt lat="31.800500000000003" lon="35.03923">
        <ele>547</ele>
        <time>2023-06-14T06:59:04Z</time>
      </trkpt>
      <trkpt lat="31.800410000000003" lon="35.039410000000004">
        <ele>547</ele>
        <time>2023-06-14T06:59:05Z</time>
      </trkpt>
      <trkpt lat="31.800410000000003" lon="35.039410000000004">
        <ele>552.1978463650597</ele>
        <time>2023-06-14T06:59:06Z</time>
      </trkpt>
      <trkpt lat="31.800410000000003" lon="35.039410000000004">
        <ele>552.1978463650597</ele>
        <time>2023-06-14T06:59:07Z</time>
      </trkpt>
      <trkpt lat="31.800400000000003" lon="35.039500000000004">
        <ele>547</ele>
        <time>2023-06-14T06:59:08Z</time>
      </trkpt>
      <trkpt lat="31.800420000000003" lon="35.039530000000006">
        <ele>547</ele>
        <time>2023-06-14T06:59:09Z</time>
      </trkpt>
      <trkpt lat="31.80063" lon="35.03958">
        <ele>547</ele>
        <time>2023-06-14T06:59:10Z</time>
      </trkpt>
      <trkpt lat="31.80065" lon="35.03965">
        <ele>547</ele>
        <time>2023-06-14T06:59:11Z</time>
      </trkpt>
      <trkpt lat="31.80065" lon="35.03969">
        <ele>547</ele>
        <time>2023-06-14T06:59:12Z</time>
      </trkpt>
      <trkpt lat="31.800600000000003" lon="35.03976">
        <ele>547</ele>
        <time>2023-06-14T06:59:13Z</time>
      </trkpt>
      <trkpt lat="31.80045" lon="35.03983">
        <ele>547</ele>
        <time>2023-06-14T06:59:14Z</time>
      </trkpt>
      <trkpt lat="31.80045" lon="35.03983">
        <ele>547</ele>
        <time>2023-06-14T06:59:15Z</time>
      </trkpt>
      <trkpt lat="31.80045" lon="35.03983">
        <ele>560.2577153118468</ele>
        <time>2023-06-14T06:59:16Z</time>
      </trkpt>
      <trkpt lat="31.80035" lon="35.039910000000006">
        <ele>547</ele>
        <time>2023-06-14T06:59:17Z</time>
      </trkpt>
      <trkpt lat="31.80035" lon="35.039910000000006">
        <ele>561.2270433953645</ele>
        <time>2023-06-14T06:59:18Z</time>
      </trkpt>
      <trkpt lat="31.800310000000003" lon="35.03998">
        <ele>560</ele>
        <time>2023-06-14T06:59:19Z</time>
      </trkpt>
      <trkpt lat="31.800310000000003" lon="35.040060000000004">
        <ele>560</ele>
        <time>2023-06-14T06:59:20Z</time>
      </trkpt>
      <trkpt lat="31.800410000000003" lon="35.04018">
        <ele>560</ele>
        <time>2023-06-14T06:59:21Z</time>
      </trkpt>
      <trkpt lat="31.800420000000003" lon="35.040310000000005">
        <ele>560</ele>
        <time>2023-06-14T06:59:22Z</time>
      </trkpt>
      <trkpt lat="31.80036" lon="35.04086">
        <ele>568</ele>
        <time>2023-06-14T06:59:23Z</time>
      </trkpt>
      <trkpt lat="31.800380000000004" lon="35.04119">
        <ele>568</ele>
        <time>2023-06-14T06:59:24Z</time>
      </trkpt>
      <trkpt lat="31.800310000000003" lon="35.041430000000005">
        <ele>568</ele>
        <time>2023-06-14T06:59:25Z</time>
      </trkpt>
      <trkpt lat="31.800310000000003" lon="35.041430000000005">
        <ele>579.2407393757021</ele>
        <time>2023-06-14T06:59:26Z</time>
      </trkpt>
      <trkpt lat="31.800310000000003" lon="35.041520000000006">
        <ele>568</ele>
        <time>2023-06-14T06:59:27Z</time>
      </trkpt>
      <trkpt lat="31.80035" lon="35.041630000000005">
        <ele>574</ele>
        <time>2023-06-14T06:59:28Z</time>
      </trkpt>
      <trkpt lat="31.80035" lon="35.041630000000005">
        <ele>580.5771063804859</ele>
        <time>2023-06-14T06:59:29Z</time>
      </trkpt>
      <trkpt lat="31.800440000000002" lon="35.04171">
        <ele>574</ele>
        <time>2023-06-14T06:59:30Z</time>
      </trkpt>
      <trkpt lat="31.800610000000002" lon="35.04178">
        <ele>574</ele>
        <time>2023-06-14T06:59:31Z</time>
      </trkpt>
      <trkpt lat="31.800700000000003" lon="35.04184">
        <ele>574</ele>
        <time>2023-06-14T06:59:32Z</time>
      </trkpt>
      <trkpt lat="31.800720000000002" lon="35.04187">
        <ele>574</ele>
        <time>2023-06-14T06:59:33Z</time>
      </trkpt>
      <trkpt lat="31.80074" lon="35.04195">
        <ele>574</ele>
        <time>2023-06-14T06:59:34Z</time>
      </trkpt>
      <trkpt lat="31.80073" lon="35.04204">
        <ele>574</ele>
        <time>2023-06-14T06:59:35Z</time>
      </trkpt>
      <trkpt lat="31.80073" lon="35.04204">
        <ele>578.7795112335195</ele>
        <time>2023-06-14T06:59:36Z</time>
      </trkpt>
      <trkpt lat="31.80065" lon="35.04223">
        <ele>574</ele>
        <time>2023-06-14T06:59:37Z</time>
      </trkpt>
      <trkpt lat="31.800490000000003" lon="35.04245">
        <ele>574</ele>
        <time>2023-06-14T06:59:38Z</time>
      </trkpt>
      <trkpt lat="31.800310000000003" lon="35.04261">
        <ele>576</ele>
        <time>2023-06-14T06:59:39Z</time>
      </trkpt>
      <trkpt lat="31.800310000000003" lon="35.04261">
        <ele>586.5802776226424</ele>
        <time>2023-06-14T06:59:40Z</time>
      </trkpt>
      <trkpt lat="31.80027" lon="35.042680000000004">
        <ele>576</ele>
        <time>2023-06-14T06:59:41Z</time>
      </trkpt>
      <trkpt lat="31.800250000000002" lon="35.04276">
        <ele>576</ele>
        <time>2023-06-14T06:59:42Z</time>
      </trkpt>
      <trkpt lat="31.800250000000002" lon="35.04289">
        <ele>576</ele>
        <time>2023-06-14T06:59:43Z</time>
      </trkpt>
      <trkpt lat="31.80027" lon="35.043350000000004">
        <ele>578</ele>
        <time>2023-06-14T06:59:44Z</time>
      </trkpt>
      <trkpt lat="31.800330000000002" lon="35.04355">
        <ele>578</ele>
        <time>2023-06-14T06:59:45Z</time>
      </trkpt>
      <trkpt lat="31.800330000000002" lon="35.04355">
        <ele>586.7313513763052</ele>
        <time>2023-06-14T06:59:46Z</time>
      </trkpt>
      <trkpt lat="31.800470000000004" lon="35.04393">
        <ele>578</ele>
        <time>2023-06-14T06:59:47Z</time>
      </trkpt>
      <trkpt lat="31.800470000000004" lon="35.04406">
        <ele>578</ele>
        <time>2023-06-14T06:59:48Z</time>
      </trkpt>
      <trkpt lat="31.800040000000003" lon="35.044250000000005">
        <ele>592</ele>
        <time>2023-06-14T06:59:49Z</time>
      </trkpt>
      <trkpt lat="31.799870000000002" lon="35.04448">
        <ele>592</ele>
        <time>2023-06-14T06:59:50Z</time>
      </trkpt>
      <trkpt lat="31.799870000000002" lon="35.04448">
        <ele>590.2280077829491</ele>
        <time>2023-06-14T06:59:51Z</time>
      </trkpt>
      <trkpt lat="31.799810000000004" lon="35.04453">
        <ele>592</ele>
        <time>2023-06-14T06:59:52Z</time>
      </trkpt>
      <trkpt lat="31.799580000000002" lon="35.04464">
        <ele>592</ele>
        <time>2023-06-14T06:59:53Z</time>
      </trkpt>
      <trkpt lat="31.799460000000003" lon="35.044740000000004">
        <ele>592</ele>
        <time>2023-06-14T06:59:54Z</time>
      </trkpt>
      <trkpt lat="31.799460000000003" lon="35.044740000000004">
        <ele>592</ele>
        <time>2023-06-14T06:59:55Z</time>
      </trkpt>
      <trkpt lat="31.799460000000003" lon="35.044740000000004">
        <ele>597.5846848138877</ele>
        <time>2023-06-14T06:59:56Z</time>
      </trkpt>
      <trkpt lat="31.799300000000002" lon="35.044830000000005">
        <ele>609</ele>
        <time>2023-06-14T06:59:57Z</time>
      </trkpt>
      <trkpt lat="31.799200000000003" lon="35.044850000000004">
        <ele>609</ele>
        <time>2023-06-14T06:59:58Z</time>
      </trkpt>
      <trkpt lat="31.79896" lon="35.044940000000004">
        <ele>609</ele>
        <time>2023-06-14T06:59:59Z</time>
      </trkpt>
      <trkpt lat="31.798820000000003" lon="35.045">
        <ele>601</ele>
        <time>2023-06-14T07:00:00Z</time>
      </trkpt>
      <trkpt lat="31.798600000000004" lon="35.04515">
        <ele>601</ele>
        <time>2023-06-14T07:00:01Z</time>
      </trkpt>
      <trkpt lat="31.798600000000004" lon="35.04515">
        <ele>607.4386826164392</ele>
        <time>2023-06-14T07:00:02Z</time>
      </trkpt>
      <trkpt lat="31.798530000000003" lon="35.045170000000006">
        <ele>601</ele>
        <time>2023-06-14T07:00:03Z</time>
      </trkpt>
      <trkpt lat="31.798450000000003" lon="35.04524">
        <ele>605</ele>
        <time>2023-06-14T07:00:04Z</time>
      </trkpt>
      <trkpt lat="31.798320000000004" lon="35.0454">
        <ele>605</ele>
        <time>2023-06-14T07:00:05Z</time>
      </trkpt>
      <trkpt lat="31.798320000000004" lon="35.0454">
        <ele>609.2141463788626</ele>
        <time>2023-06-14T07:00:06Z</time>
      </trkpt>
      <trkpt lat="31.797560000000004" lon="35.045950000000005">
        <ele>613</ele>
        <time>2023-06-14T07:00:07Z</time>
      </trkpt>
      <trkpt lat="31.797340000000002" lon="35.04618">
        <ele>613</ele>
        <time>2023-06-14T07:00:08Z</time>
      </trkpt>
      <trkpt lat="31.797290000000004" lon="35.046290000000006">
        <ele>613</ele>
        <time>2023-06-14T07:00:09Z</time>
      </trkpt>
      <trkpt lat="31.797220000000003" lon="35.04674">
        <ele>613</ele>
        <time>2023-06-14T07:00:10Z</time>
      </trkpt>
      <trkpt lat="31.797190000000004" lon="35.046820000000004">
        <ele>613</ele>
        <time>2023-06-14T07:00:11Z</time>
      </trkpt>
      <trkpt lat="31.797100000000004" lon="35.04686">
        <ele>613</ele>
        <time>2023-06-14T07:00:12Z</time>
      </trkpt>
      <trkpt lat="31.797100000000004" lon="35.04686">
        <ele>615.7951802072375</ele>
        <time>2023-06-14T07:00:13Z</time>
      </trkpt>
      <trkpt lat="31.796850000000003" lon="35.046800000000005">
        <ele>613</ele>
        <time>2023-06-14T07:00:14Z</time>
      </trkpt>
      <trkpt lat="31.796820000000004" lon="35.046800000000005">
        <ele>611</ele>
        <time>2023-06-14T07:00:15Z</time>
      </trkpt>
      <trkpt lat="31.796820000000004" lon="35.046800000000005">
        <ele>615.5498031455738</ele>
        <time>2023-06-14T07:00:16Z</time>
      </trkpt>
      <trkpt lat="31.796760000000003" lon="35.04684">
        <ele>611</ele>
        <time>2023-06-14T07:00:17Z</time>
      </trkpt>
      <trkpt lat="31.796730000000004" lon="35.046960000000006">
        <ele>611</ele>
        <time>2023-06-14T07:00:18Z</time>
      </trkpt>
      <trkpt lat="31.796760000000003" lon="35.04713">
        <ele>611</ele>
        <time>2023-06-14T07:00:19Z</time>
      </trkpt>
      <trkpt lat="31.796530000000004" lon="35.047450000000005">
        <ele>611</ele>
        <time>2023-06-14T07:00:20Z</time>
      </trkpt>
      <trkpt lat="31.79651" lon="35.04757">
        <ele>604</ele>
        <time>2023-06-14T07:00:21Z</time>
      </trkpt>
      <trkpt lat="31.796620000000004" lon="35.047790000000006">
        <ele>604</ele>
        <time>2023-06-14T07:00:22Z</time>
      </trkpt>
      <trkpt lat="31.79669" lon="35.047830000000005">
        <ele>604</ele>
        <time>2023-06-14T07:00:23Z</time>
      </trkpt>
      <trkpt lat="31.79669" lon="35.047830000000005">
        <ele>601.138837776106</ele>
        <time>2023-06-14T07:00:24Z</time>
      </trkpt>
      <trkpt lat="31.796830000000003" lon="35.047850000000004">
        <ele>604</ele>
        <time>2023-06-14T07:00:25Z</time>
      </trkpt>
      <trkpt lat="31.796830000000003" lon="35.047850000000004">
        <ele>600.0879710922519</ele>
        <time>2023-06-14T07:00:26Z</time>
      </trkpt>
      <trkpt lat="31.796840000000003" lon="35.04789">
        <ele>597</ele>
        <time>2023-06-14T07:00:27Z</time>
      </trkpt>
      <trkpt lat="31.796830000000003" lon="35.04793">
        <ele>597</ele>
        <time>2023-06-14T07:00:28Z</time>
      </trkpt>
      <trkpt lat="31.796780000000002" lon="35.047990000000006">
        <ele>604</ele>
        <time>2023-06-14T07:00:29Z</time>
      </trkpt>
      <trkpt lat="31.79661" lon="35.04807">
        <ele>604</ele>
        <time>2023-06-14T07:00:30Z</time>
      </trkpt>
      <trkpt lat="31.796530000000004" lon="35.04815">
        <ele>604</ele>
        <time>2023-06-14T07:00:31Z</time>
      </trkpt>
      <trkpt lat="31.79632" lon="35.04849">
        <ele>592</ele>
        <time>2023-06-14T07:00:32Z</time>
      </trkpt>
      <trkpt lat="31.796210000000002" lon="35.04881">
        <ele>592</ele>
        <time>2023-06-14T07:00:33Z</time>
      </trkpt>
      <trkpt lat="31.795900000000003" lon="35.04916">
        <ele>588</ele>
        <time>2023-06-14T07:00:34Z</time>
      </trkpt>
      <trkpt lat="31.795900000000003" lon="35.04916">
        <ele>588.1432488602246</ele>
        <time>2023-06-14T07:00:35Z</time>
      </trkpt>
      <trkpt lat="31.795900000000003" lon="35.04916">
        <ele>588.1432488602246</ele>
        <time>2023-06-14T07:00:36Z</time>
      </trkpt>
      <trkpt lat="31.79577" lon="35.04912">
        <ele>588</ele>
        <time>2023-06-14T07:00:37Z</time>
      </trkpt>
      <trkpt lat="31.79567" lon="35.049">
        <ele>588</ele>
        <time>2023-06-14T07:00:38Z</time>
      </trkpt>
      <trkpt lat="31.795600000000004" lon="35.0488">
        <ele>588</ele>
        <time>2023-06-14T07:00:39Z</time>
      </trkpt>
      <trkpt lat="31.795600000000004" lon="35.0488">
        <ele>588</ele>
        <time>2023-06-14T07:00:40Z</time>
      </trkpt>
      <trkpt lat="31.795550000000002" lon="35.0486">
        <ele>588</ele>
        <time>2023-06-14T07:00:41Z</time>
      </trkpt>
      <trkpt lat="31.795450000000002" lon="35.04833">
        <ele>588</ele>
        <time>2023-06-14T07:00:42Z</time>
      </trkpt>
      <extensions>
        <RoutingType xmlns="">Hike</RoutingType>
      </extensions>
    </trkseg>
    <trkseg>
      <trkpt lat="31.795450000000002" lon="35.04833">
        <ele>588</ele>
        <time>2023-06-14T07:00:42Z</time>
      </trkpt>
      <trkpt lat="31.795360000000002" lon="35.04815">
        <ele>589</ele>
        <time>2023-06-14T07:00:43Z</time>
      </trkpt>
      <trkpt lat="31.79529" lon="35.04805">
        <ele>589</ele>
        <time>2023-06-14T07:00:44Z</time>
      </trkpt>
      <trkpt lat="31.79521" lon="35.04796">
        <ele>589</ele>
        <time>2023-06-14T07:00:45Z</time>
      </trkpt>
      <trkpt lat="31.79521" lon="35.04796">
        <ele>573.2446264797728</ele>
        <time>2023-06-14T07:00:46Z</time>
      </trkpt>
      <trkpt lat="31.79521" lon="35.04796">
        <ele>573.2446264797728</ele>
        <time>2023-06-14T07:00:47Z</time>
      </trkpt>
      <trkpt lat="31.795140000000004" lon="35.047940000000004">
        <ele>569</ele>
        <time>2023-06-14T07:00:48Z</time>
      </trkpt>
      <trkpt lat="31.794710000000002" lon="35.047940000000004">
        <ele>569</ele>
        <time>2023-06-14T07:00:49Z</time>
      </trkpt>
      <trkpt lat="31.794420000000002" lon="35.04787">
        <ele>569</ele>
        <time>2023-06-14T07:00:50Z</time>
      </trkpt>
      <trkpt lat="31.79436" lon="35.04784">
        <ele>569</ele>
        <time>2023-06-14T07:00:51Z</time>
      </trkpt>
      <trkpt lat="31.794310000000003" lon="35.04778">
        <ele>577</ele>
        <time>2023-06-14T07:00:52Z</time>
      </trkpt>
      <trkpt lat="31.794220000000003" lon="35.0476">
        <ele>577</ele>
        <time>2023-06-14T07:00:53Z</time>
      </trkpt>
      <trkpt lat="31.794050000000002" lon="35.04737">
        <ele>567</ele>
        <time>2023-06-14T07:00:54Z</time>
      </trkpt>
      <trkpt lat="31.793830000000003" lon="35.046980000000005">
        <ele>567</ele>
        <time>2023-06-14T07:00:55Z</time>
      </trkpt>
      <trkpt lat="31.793830000000003" lon="35.046980000000005">
        <ele>580.277960058204</ele>
        <time>2023-06-14T07:00:56Z</time>
      </trkpt>
      <trkpt lat="31.793560000000003" lon="35.04659">
        <ele>557</ele>
        <time>2023-06-14T07:00:57Z</time>
      </trkpt>
      <trkpt lat="31.793560000000003" lon="35.04659">
        <ele>580.4540517579298</ele>
        <time>2023-06-14T07:00:58Z</time>
      </trkpt>
      <trkpt lat="31.79333" lon="35.04632">
        <ele>573</ele>
        <time>2023-06-14T07:00:59Z</time>
      </trkpt>
      <trkpt lat="31.793250000000004" lon="35.04618">
        <ele>573</ele>
        <time>2023-06-14T07:01:00Z</time>
      </trkpt>
      <trkpt lat="31.793110000000002" lon="35.04614">
        <ele>573</ele>
        <time>2023-06-14T07:01:01Z</time>
      </trkpt>
      <trkpt lat="31.792740000000002" lon="35.045970000000004">
        <ele>573</ele>
        <time>2023-06-14T07:01:02Z</time>
      </trkpt>
      <trkpt lat="31.792550000000002" lon="35.0459">
        <ele>584</ele>
        <time>2023-06-14T07:01:03Z</time>
      </trkpt>
      <trkpt lat="31.792490000000004" lon="35.045860000000005">
        <ele>584</ele>
        <time>2023-06-14T07:01:04Z</time>
      </trkpt>
      <trkpt lat="31.792450000000002" lon="35.0458">
        <ele>584</ele>
        <time>2023-06-14T07:01:05Z</time>
      </trkpt>
      <trkpt lat="31.792450000000002" lon="35.0458">
        <ele>582.1569677860243</ele>
        <time>2023-06-14T07:01:06Z</time>
      </trkpt>
      <trkpt lat="31.792400000000004" lon="35.04569">
        <ele>584</ele>
        <time>2023-06-14T07:01:07Z</time>
      </trkpt>
      <trkpt lat="31.792370000000002" lon="35.04514">
        <ele>584</ele>
        <time>2023-06-14T07:01:08Z</time>
      </trkpt>
      <trkpt lat="31.792370000000002" lon="35.04514">
        <ele>580.5009724523794</ele>
        <time>2023-06-14T07:01:09Z</time>
      </trkpt>
      <trkpt lat="31.792340000000003" lon="35.04505">
        <ele>584</ele>
        <time>2023-06-14T07:01:10Z</time>
      </trkpt>
      <trkpt lat="31.792220000000004" lon="35.04496">
        <ele>595</ele>
        <time>2023-06-14T07:01:11Z</time>
      </trkpt>
      <trkpt lat="31.791850000000004" lon="35.04504">
        <ele>584</ele>
        <time>2023-06-14T07:01:12Z</time>
      </trkpt>
      <trkpt lat="31.791770000000003" lon="35.045010000000005">
        <ele>580</ele>
        <time>2023-06-14T07:01:13Z</time>
      </trkpt>
      <trkpt lat="31.791660000000004" lon="35.04489">
        <ele>579</ele>
        <time>2023-06-14T07:01:14Z</time>
      </trkpt>
      <trkpt lat="31.79155" lon="35.04466">
        <ele>579</ele>
        <time>2023-06-14T07:01:15Z</time>
      </trkpt>
      <trkpt lat="31.79155" lon="35.04466">
        <ele>575.9841847439529</ele>
        <time>2023-06-14T07:01:16Z</time>
      </trkpt>
      <trkpt lat="31.791480000000004" lon="35.04458">
        <ele>579</ele>
        <time>2023-06-14T07:01:17Z</time>
      </trkpt>
      <trkpt lat="31.79116" lon="35.04448">
        <ele>579</ele>
        <time>2023-06-14T07:01:18Z</time>
      </trkpt>
      <trkpt lat="31.79107" lon="35.044430000000006">
        <ele>579</ele>
        <time>2023-06-14T07:01:19Z</time>
      </trkpt>
      <trkpt lat="31.79107" lon="35.044430000000006">
        <ele>569.5551501466574</ele>
        <time>2023-06-14T07:01:20Z</time>
      </trkpt>
      <trkpt lat="31.790460000000003" lon="35.043850000000006">
        <ele>566</ele>
        <time>2023-06-14T07:01:21Z</time>
      </trkpt>
      <trkpt lat="31.79032" lon="35.04388">
        <ele>566</ele>
        <time>2023-06-14T07:01:22Z</time>
      </trkpt>
      <trkpt lat="31.79014" lon="35.04399">
        <ele>557</ele>
        <time>2023-06-14T07:01:23Z</time>
      </trkpt>
      <trkpt lat="31.789970000000004" lon="35.04401">
        <ele>557</ele>
        <time>2023-06-14T07:01:24Z</time>
      </trkpt>
      <trkpt lat="31.78986" lon="35.044050000000006">
        <ele>557</ele>
        <time>2023-06-14T07:01:25Z</time>
      </trkpt>
      <trkpt lat="31.78986" lon="35.044050000000006">
        <ele>556.7360292023513</ele>
        <time>2023-06-14T07:01:26Z</time>
      </trkpt>
      <trkpt lat="31.789790000000004" lon="35.04402">
        <ele>557</ele>
        <time>2023-06-14T07:01:27Z</time>
      </trkpt>
      <trkpt lat="31.78975" lon="35.043960000000006">
        <ele>557</ele>
        <time>2023-06-14T07:01:28Z</time>
      </trkpt>
      <trkpt lat="31.789710000000003" lon="35.043800000000005">
        <ele>557</ele>
        <time>2023-06-14T07:01:29Z</time>
      </trkpt>
      <trkpt lat="31.78965" lon="35.04374">
        <ele>557</ele>
        <time>2023-06-14T07:01:30Z</time>
      </trkpt>
      <trkpt lat="31.78965" lon="35.04374">
        <ele>552.23621920023</ele>
        <time>2023-06-14T07:01:31Z</time>
      </trkpt>
      <trkpt lat="31.789630000000002" lon="35.04356">
        <ele>557</ele>
        <time>2023-06-14T07:01:32Z</time>
      </trkpt>
      <trkpt lat="31.789500000000004" lon="35.04325">
        <ele>555</ele>
        <time>2023-06-14T07:01:33Z</time>
      </trkpt>
      <trkpt lat="31.78938" lon="35.04312">
        <ele>555</ele>
        <time>2023-06-14T07:01:34Z</time>
      </trkpt>
      <trkpt lat="31.788980000000002" lon="35.0429">
        <ele>560</ele>
        <time>2023-06-14T07:01:35Z</time>
      </trkpt>
      <trkpt lat="31.788980000000002" lon="35.0429">
        <ele>546.3483826448823</ele>
        <time>2023-06-14T07:01:36Z</time>
      </trkpt>
      <trkpt lat="31.78864" lon="35.04276">
        <ele>560</ele>
        <time>2023-06-14T07:01:37Z</time>
      </trkpt>
      <trkpt lat="31.788480000000003" lon="35.04267">
        <ele>548</ele>
        <time>2023-06-14T07:01:38Z</time>
      </trkpt>
      <trkpt lat="31.788120000000003" lon="35.04238">
        <ele>556</ele>
        <time>2023-06-14T07:01:39Z</time>
      </trkpt>
      <trkpt lat="31.78798" lon="35.0422">
        <ele>556</ele>
        <time>2023-06-14T07:01:40Z</time>
      </trkpt>
      <trkpt lat="31.78798" lon="35.0422">
        <ele>556</ele>
        <time>2023-06-14T07:01:41Z</time>
      </trkpt>
      <trkpt lat="31.78798" lon="35.0422">
        <ele>542.6011246044361</ele>
        <time>2023-06-14T07:01:42Z</time>
      </trkpt>
      <trkpt lat="31.78788" lon="35.04202">
        <ele>556</ele>
        <time>2023-06-14T07:01:43Z</time>
      </trkpt>
      <trkpt lat="31.787810000000004" lon="35.04177">
        <ele>556</ele>
        <time>2023-06-14T07:01:44Z</time>
      </trkpt>
      <trkpt lat="31.787750000000003" lon="35.041050000000006">
        <ele>559</ele>
        <time>2023-06-14T07:01:45Z</time>
      </trkpt>
      <trkpt lat="31.787750000000003" lon="35.041050000000006">
        <ele>539.4936115429737</ele>
        <time>2023-06-14T07:01:46Z</time>
      </trkpt>
      <trkpt lat="31.787570000000002" lon="35.039930000000005">
        <ele>540</ele>
        <time>2023-06-14T07:01:47Z</time>
      </trkpt>
      <trkpt lat="31.78751" lon="35.039680000000004">
        <ele>540</ele>
        <time>2023-06-14T07:01:48Z</time>
      </trkpt>
      <trkpt lat="31.787390000000002" lon="35.039370000000005">
        <ele>540</ele>
        <time>2023-06-14T07:01:49Z</time>
      </trkpt>
      <trkpt lat="31.787270000000003" lon="35.03916">
        <ele>540</ele>
        <time>2023-06-14T07:01:50Z</time>
      </trkpt>
      <trkpt lat="31.786720000000003" lon="35.03848">
        <ele>537</ele>
        <time>2023-06-14T07:01:51Z</time>
      </trkpt>
      <trkpt lat="31.786550000000002" lon="35.03833">
        <ele>537</ele>
        <time>2023-06-14T07:01:52Z</time>
      </trkpt>
      <trkpt lat="31.786550000000002" lon="35.03833">
        <ele>531.5928943858349</ele>
        <time>2023-06-14T07:01:53Z</time>
      </trkpt>
      <trkpt lat="31.786040000000003" lon="35.03799">
        <ele>561</ele>
        <time>2023-06-14T07:01:54Z</time>
      </trkpt>
      <trkpt lat="31.78543" lon="35.03763">
        <ele>549</ele>
        <time>2023-06-14T07:01:55Z</time>
      </trkpt>
      <trkpt lat="31.78543" lon="35.03763">
        <ele>529.0415409509721</ele>
        <time>2023-06-14T07:01:56Z</time>
      </trkpt>
      <trkpt lat="31.785090000000004" lon="35.03748">
        <ele>531</ele>
        <time>2023-06-14T07:01:57Z</time>
      </trkpt>
      <trkpt lat="31.784810000000004" lon="35.037420000000004">
        <ele>573</ele>
        <time>2023-06-14T07:01:58Z</time>
      </trkpt>
      <trkpt lat="31.78459" lon="35.037400000000005">
        <ele>573</ele>
        <time>2023-06-14T07:01:59Z</time>
      </trkpt>
      <trkpt lat="31.783830000000002" lon="35.03739">
        <ele>564</ele>
        <time>2023-06-14T07:02:00Z</time>
      </trkpt>
      <trkpt lat="31.783730000000002" lon="35.03737">
        <ele>564</ele>
        <time>2023-06-14T07:02:01Z</time>
      </trkpt>
      <trkpt lat="31.783430000000003" lon="35.03721">
        <ele>541</ele>
        <time>2023-06-14T07:02:02Z</time>
      </trkpt>
      <trkpt lat="31.78328" lon="35.03708">
        <ele>541</ele>
        <time>2023-06-14T07:02:03Z</time>
      </trkpt>
      <trkpt lat="31.78328" lon="35.03708">
        <ele>521.809508332169</ele>
        <time>2023-06-14T07:02:04Z</time>
      </trkpt>
      <trkpt lat="31.78328" lon="35.03708">
        <ele>541</ele>
        <time>2023-06-14T07:02:05Z</time>
      </trkpt>
      <trkpt lat="31.78328" lon="35.03708">
        <ele>521.809508332169</ele>
        <time>2023-06-14T07:02:06Z</time>
      </trkpt>
      <trkpt lat="31.78291" lon="35.03676">
        <ele>541</ele>
        <time>2023-06-14T07:02:07Z</time>
      </trkpt>
      <trkpt lat="31.782850000000003" lon="35.03665">
        <ele>541</ele>
        <time>2023-06-14T07:02:08Z</time>
      </trkpt>
      <trkpt lat="31.782830000000004" lon="35.036570000000005">
        <ele>542</ele>
        <time>2023-06-14T07:02:09Z</time>
      </trkpt>
      <trkpt lat="31.782880000000002" lon="35.036390000000004">
        <ele>542</ele>
        <time>2023-06-14T07:02:10Z</time>
      </trkpt>
      <trkpt lat="31.782840000000004" lon="35.03629">
        <ele>542</ele>
        <time>2023-06-14T07:02:11Z</time>
      </trkpt>
      <trkpt lat="31.782790000000002" lon="35.036300000000004">
        <ele>542</ele>
        <time>2023-06-14T07:02:12Z</time>
      </trkpt>
      <trkpt lat="31.782730000000004" lon="35.03611">
        <ele>542</ele>
        <time>2023-06-14T07:02:13Z</time>
      </trkpt>
      <trkpt lat="31.782690000000002" lon="35.036060000000006">
        <ele>542</ele>
        <time>2023-06-14T07:02:14Z</time>
      </trkpt>
      <trkpt lat="31.782690000000002" lon="35.036060000000006">
        <ele>508.28051696822513</ele>
        <time>2023-06-14T07:02:15Z</time>
      </trkpt>
      <trkpt lat="31.782690000000002" lon="35.036060000000006">
        <ele>508.28051696822513</ele>
        <time>2023-06-14T07:02:16Z</time>
      </trkpt>
      <trkpt lat="31.782670000000003" lon="35.03613">
        <ele>495</ele>
        <time>2023-06-14T07:02:17Z</time>
      </trkpt>
      <trkpt lat="31.782610000000002" lon="35.03618">
        <ele>495</ele>
        <time>2023-06-14T07:02:18Z</time>
      </trkpt>
      <trkpt lat="31.782560000000004" lon="35.0362">
        <ele>495</ele>
        <time>2023-06-14T07:02:19Z</time>
      </trkpt>
      <trkpt lat="31.78253" lon="35.03613">
        <ele>495</ele>
        <time>2023-06-14T07:02:20Z</time>
      </trkpt>
      <trkpt lat="31.782470000000004" lon="35.036100000000005">
        <ele>495</ele>
        <time>2023-06-14T07:02:21Z</time>
      </trkpt>
      <trkpt lat="31.782360000000004" lon="35.036150000000006">
        <ele>495</ele>
        <time>2023-06-14T07:02:22Z</time>
      </trkpt>
      <trkpt lat="31.782300000000003" lon="35.036150000000006">
        <ele>495</ele>
        <time>2023-06-14T07:02:23Z</time>
      </trkpt>
      <extensions>
        <RoutingType xmlns="">Hike</RoutingType>
      </extensions>
    </trkseg>
    <trkseg>
      <trkpt lat="31.782300000000003" lon="35.036150000000006">
        <ele>495</ele>
        <time>2023-06-14T07:02:23Z</time>
      </trkpt>
      <trkpt lat="31.782320000000002" lon="35.03609">
        <ele>495</ele>
        <time>2023-06-14T07:02:24Z</time>
      </trkpt>
      <trkpt lat="31.782320000000002" lon="35.03567">
        <ele>489</ele>
        <time>2023-06-14T07:02:25Z</time>
      </trkpt>
      <trkpt lat="31.782320000000002" lon="35.03567">
        <ele>474.1470629635421</ele>
        <time>2023-06-14T07:02:26Z</time>
      </trkpt>
      <trkpt lat="31.782320000000002" lon="35.03567">
        <ele>474.1470629635421</ele>
        <time>2023-06-14T07:02:27Z</time>
      </trkpt>
      <trkpt lat="31.782380000000003" lon="35.035560000000004">
        <ele>489</ele>
        <time>2023-06-14T07:02:28Z</time>
      </trkpt>
      <trkpt lat="31.782360000000004" lon="35.035500000000006">
        <ele>489</ele>
        <time>2023-06-14T07:02:29Z</time>
      </trkpt>
      <trkpt lat="31.782280000000004" lon="35.035470000000004">
        <ele>489</ele>
        <time>2023-06-14T07:02:30Z</time>
      </trkpt>
      <trkpt lat="31.782220000000002" lon="35.035470000000004">
        <ele>489</ele>
        <time>2023-06-14T07:02:31Z</time>
      </trkpt>
      <trkpt lat="31.782140000000002" lon="35.03557">
        <ele>489</ele>
        <time>2023-06-14T07:02:32Z</time>
      </trkpt>
      <trkpt lat="31.782140000000002" lon="35.035630000000005">
        <ele>489</ele>
        <time>2023-06-14T07:02:33Z</time>
      </trkpt>
      <trkpt lat="31.782100000000003" lon="35.035680000000006">
        <ele>489</ele>
        <time>2023-06-14T07:02:34Z</time>
      </trkpt>
      <trkpt lat="31.782110000000003" lon="35.03548">
        <ele>489</ele>
        <time>2023-06-14T07:02:35Z</time>
      </trkpt>
      <trkpt lat="31.782110000000003" lon="35.03548">
        <ele>457.12331682239073</ele>
        <time>2023-06-14T07:02:36Z</time>
      </trkpt>
      <trkpt lat="31.782030000000002" lon="35.03551">
        <ele>489</ele>
        <time>2023-06-14T07:02:37Z</time>
      </trkpt>
      <trkpt lat="31.782030000000002" lon="35.03551">
        <ele>451.4200549250899</ele>
        <time>2023-06-14T07:02:38Z</time>
      </trkpt>
      <trkpt lat="31.78197" lon="35.035630000000005">
        <ele>489</ele>
        <time>2023-06-14T07:02:39Z</time>
      </trkpt>
      <trkpt lat="31.781890000000004" lon="35.035740000000004">
        <ele>489</ele>
        <time>2023-06-14T07:02:40Z</time>
      </trkpt>
      <trkpt lat="31.781910000000003" lon="35.0358">
        <ele>489</ele>
        <time>2023-06-14T07:02:41Z</time>
      </trkpt>
      <trkpt lat="31.781890000000004" lon="35.03586">
        <ele>495</ele>
        <time>2023-06-14T07:02:42Z</time>
      </trkpt>
      <trkpt lat="31.781850000000002" lon="35.035900000000005">
        <ele>495</ele>
        <time>2023-06-14T07:02:43Z</time>
      </trkpt>
      <trkpt lat="31.781820000000003" lon="35.036030000000004">
        <ele>445</ele>
        <time>2023-06-14T07:02:44Z</time>
      </trkpt>
      <trkpt lat="31.781730000000003" lon="35.03622">
        <ele>445</ele>
        <time>2023-06-14T07:02:45Z</time>
      </trkpt>
      <trkpt lat="31.781730000000003" lon="35.03622">
        <ele>452.4290988021514</ele>
        <time>2023-06-14T07:02:46Z</time>
      </trkpt>
      <trkpt lat="31.781710000000004" lon="35.03629">
        <ele>445</ele>
        <time>2023-06-14T07:02:47Z</time>
      </trkpt>
      <trkpt lat="31.781710000000004" lon="35.03636">
        <ele>445</ele>
        <time>2023-06-14T07:02:48Z</time>
      </trkpt>
      <trkpt lat="31.781710000000004" lon="35.03636">
        <ele>454.4197835027986</ele>
        <time>2023-06-14T07:02:49Z</time>
      </trkpt>
      <trkpt lat="31.781710000000004" lon="35.03642">
        <ele>445</ele>
        <time>2023-06-14T07:02:50Z</time>
      </trkpt>
      <trkpt lat="31.78168" lon="35.03649">
        <ele>445</ele>
        <time>2023-06-14T07:02:51Z</time>
      </trkpt>
      <trkpt lat="31.78158" lon="35.036660000000005">
        <ele>461</ele>
        <time>2023-06-14T07:02:52Z</time>
      </trkpt>
      <trkpt lat="31.781530000000004" lon="35.03669">
        <ele>461</ele>
        <time>2023-06-14T07:02:53Z</time>
      </trkpt>
      <trkpt lat="31.78149" lon="35.03676">
        <ele>461</ele>
        <time>2023-06-14T07:02:54Z</time>
      </trkpt>
      <trkpt lat="31.78132" lon="35.03658">
        <ele>445</ele>
        <time>2023-06-14T07:02:55Z</time>
      </trkpt>
      <trkpt lat="31.78132" lon="35.03658">
        <ele>429.69205618380835</ele>
        <time>2023-06-14T07:02:56Z</time>
      </trkpt>
      <trkpt lat="31.78132" lon="35.03651">
        <ele>445</ele>
        <time>2023-06-14T07:02:57Z</time>
      </trkpt>
      <trkpt lat="31.781290000000002" lon="35.03645">
        <ele>445</ele>
        <time>2023-06-14T07:02:58Z</time>
      </trkpt>
      <trkpt lat="31.781290000000002" lon="35.03632">
        <ele>445</ele>
        <time>2023-06-14T07:02:59Z</time>
      </trkpt>
      <trkpt lat="31.781290000000002" lon="35.03632">
        <ele>423.3967695110621</ele>
        <time>2023-06-14T07:03:00Z</time>
      </trkpt>
      <trkpt lat="31.78132" lon="35.03618">
        <ele>445</ele>
        <time>2023-06-14T07:03:01Z</time>
      </trkpt>
      <trkpt lat="31.78131" lon="35.036120000000004">
        <ele>445</ele>
        <time>2023-06-14T07:03:02Z</time>
      </trkpt>
      <trkpt lat="31.781350000000003" lon="35.03598">
        <ele>445</ele>
        <time>2023-06-14T07:03:03Z</time>
      </trkpt>
      <trkpt lat="31.781370000000003" lon="35.03585">
        <ele>445</ele>
        <time>2023-06-14T07:03:04Z</time>
      </trkpt>
      <trkpt lat="31.78141" lon="35.035720000000005">
        <ele>430</ele>
        <time>2023-06-14T07:03:05Z</time>
      </trkpt>
      <trkpt lat="31.78141" lon="35.035720000000005">
        <ele>418.023777300391</ele>
        <time>2023-06-14T07:03:06Z</time>
      </trkpt>
      <trkpt lat="31.781440000000003" lon="35.03566">
        <ele>430</ele>
        <time>2023-06-14T07:03:07Z</time>
      </trkpt>
      <trkpt lat="31.781450000000003" lon="35.035590000000006">
        <ele>430</ele>
        <time>2023-06-14T07:03:08Z</time>
      </trkpt>
      <trkpt lat="31.781440000000003" lon="35.03546">
        <ele>430</ele>
        <time>2023-06-14T07:03:09Z</time>
      </trkpt>
      <trkpt lat="31.781380000000002" lon="35.035450000000004">
        <ele>430</ele>
        <time>2023-06-14T07:03:10Z</time>
      </trkpt>
      <trkpt lat="31.781380000000002" lon="35.035450000000004">
        <ele>410.2338781194412</ele>
        <time>2023-06-14T07:03:11Z</time>
      </trkpt>
      <trkpt lat="31.781330000000004" lon="35.03551">
        <ele>430</ele>
        <time>2023-06-14T07:03:12Z</time>
      </trkpt>
      <trkpt lat="31.781200000000002" lon="35.03558">
        <ele>430</ele>
        <time>2023-06-14T07:03:13Z</time>
      </trkpt>
      <trkpt lat="31.781160000000003" lon="35.035630000000005">
        <ele>430</ele>
        <time>2023-06-14T07:03:14Z</time>
      </trkpt>
      <trkpt lat="31.781090000000003" lon="35.03562">
        <ele>430</ele>
        <time>2023-06-14T07:03:15Z</time>
      </trkpt>
      <trkpt lat="31.781090000000003" lon="35.03562">
        <ele>393.7383996280413</ele>
        <time>2023-06-14T07:03:16Z</time>
      </trkpt>
      <trkpt lat="31.78094" lon="35.03582">
        <ele>388</ele>
        <time>2023-06-14T07:03:17Z</time>
      </trkpt>
      <trkpt lat="31.780880000000003" lon="35.03587">
        <ele>388</ele>
        <time>2023-06-14T07:03:18Z</time>
      </trkpt>
      <trkpt lat="31.780820000000002" lon="35.03589">
        <ele>388</ele>
        <time>2023-06-14T07:03:19Z</time>
      </trkpt>
      <trkpt lat="31.780810000000002" lon="35.035830000000004">
        <ele>388</ele>
        <time>2023-06-14T07:03:20Z</time>
      </trkpt>
      <trkpt lat="31.780760000000004" lon="35.0358">
        <ele>383</ele>
        <time>2023-06-14T07:03:21Z</time>
      </trkpt>
      <trkpt lat="31.780760000000004" lon="35.0358">
        <ele>379.4983791084378</ele>
        <time>2023-06-14T07:03:22Z</time>
      </trkpt>
      <trkpt lat="31.780700000000003" lon="35.03569">
        <ele>383</ele>
        <time>2023-06-14T07:03:23Z</time>
      </trkpt>
      <trkpt lat="31.78074" lon="35.035560000000004">
        <ele>383</ele>
        <time>2023-06-14T07:03:24Z</time>
      </trkpt>
      <trkpt lat="31.780720000000002" lon="35.03549">
        <ele>383</ele>
        <time>2023-06-14T07:03:25Z</time>
      </trkpt>
      <trkpt lat="31.780720000000002" lon="35.03549">
        <ele>372.2989888599841</ele>
        <time>2023-06-14T07:03:26Z</time>
      </trkpt>
      <trkpt lat="31.780720000000002" lon="35.035430000000005">
        <ele>383</ele>
        <time>2023-06-14T07:03:27Z</time>
      </trkpt>
      <trkpt lat="31.78075" lon="35.03515">
        <ele>383</ele>
        <time>2023-06-14T07:03:28Z</time>
      </trkpt>
      <trkpt lat="31.780620000000003" lon="35.03502">
        <ele>383</ele>
        <time>2023-06-14T07:03:29Z</time>
      </trkpt>
      <trkpt lat="31.780580000000004" lon="35.034960000000005">
        <ele>412</ele>
        <time>2023-06-14T07:03:30Z</time>
      </trkpt>
      <trkpt lat="31.780480000000004" lon="35.034690000000005">
        <ele>412</ele>
        <time>2023-06-14T07:03:31Z</time>
      </trkpt>
      <trkpt lat="31.780390000000004" lon="35.03459">
        <ele>412</ele>
        <time>2023-06-14T07:03:32Z</time>
      </trkpt>
      <trkpt lat="31.780390000000004" lon="35.03459">
        <ele>361.1521008339972</ele>
        <time>2023-06-14T07:03:33Z</time>
      </trkpt>
      <trkpt lat="31.780220000000003" lon="35.03427">
        <ele>412</ele>
        <time>2023-06-14T07:03:34Z</time>
      </trkpt>
      <trkpt lat="31.780160000000002" lon="35.03428">
        <ele>377</ele>
        <time>2023-06-14T07:03:35Z</time>
      </trkpt>
      <trkpt lat="31.780160000000002" lon="35.03428">
        <ele>364.41597478748884</ele>
        <time>2023-06-14T07:03:36Z</time>
      </trkpt>
      <trkpt lat="31.780040000000003" lon="35.03421">
        <ele>377</ele>
        <time>2023-06-14T07:03:37Z</time>
      </trkpt>
      <trkpt lat="31.779930000000004" lon="35.034150000000004">
        <ele>377</ele>
        <time>2023-06-14T07:03:38Z</time>
      </trkpt>
      <trkpt lat="31.779870000000003" lon="35.03408">
        <ele>413</ele>
        <time>2023-06-14T07:03:39Z</time>
      </trkpt>
      <trkpt lat="31.779740000000004" lon="35.034000000000006">
        <ele>413</ele>
        <time>2023-06-14T07:03:40Z</time>
      </trkpt>
      <trkpt lat="31.779690000000002" lon="35.03401">
        <ele>413</ele>
        <time>2023-06-14T07:03:41Z</time>
      </trkpt>
      <trkpt lat="31.77944" lon="35.03398">
        <ele>413</ele>
        <time>2023-06-14T07:03:42Z</time>
      </trkpt>
      <trkpt lat="31.779360000000004" lon="35.03388">
        <ele>413</ele>
        <time>2023-06-14T07:03:43Z</time>
      </trkpt>
      <trkpt lat="31.779360000000004" lon="35.03388">
        <ele>348.8539928542126</ele>
        <time>2023-06-14T07:03:44Z</time>
      </trkpt>
      <trkpt lat="31.779260000000004" lon="35.03381">
        <ele>367</ele>
        <time>2023-06-14T07:03:45Z</time>
      </trkpt>
      <trkpt lat="31.779260000000004" lon="35.03381">
        <ele>348.0909587830519</ele>
        <time>2023-06-14T07:03:46Z</time>
      </trkpt>
      <trkpt lat="31.779220000000002" lon="35.033770000000004">
        <ele>367</ele>
        <time>2023-06-14T07:03:47Z</time>
      </trkpt>
      <trkpt lat="31.77916" lon="35.03374">
        <ele>367</ele>
        <time>2023-06-14T07:03:48Z</time>
      </trkpt>
      <trkpt lat="31.779100000000003" lon="35.033640000000005">
        <ele>367</ele>
        <time>2023-06-14T07:03:49Z</time>
      </trkpt>
      <trkpt lat="31.779080000000004" lon="35.033570000000005">
        <ele>367</ele>
        <time>2023-06-14T07:03:50Z</time>
      </trkpt>
      <trkpt lat="31.778990000000004" lon="35.0334">
        <ele>367</ele>
        <time>2023-06-14T07:03:51Z</time>
      </trkpt>
      <trkpt lat="31.778920000000003" lon="35.03329">
        <ele>384</ele>
        <time>2023-06-14T07:03:52Z</time>
      </trkpt>
      <trkpt lat="31.77887" lon="35.033260000000006">
        <ele>384</ele>
        <time>2023-06-14T07:03:53Z</time>
      </trkpt>
      <trkpt lat="31.778820000000003" lon="35.033120000000004">
        <ele>384</ele>
        <time>2023-06-14T07:03:54Z</time>
      </trkpt>
      <trkpt lat="31.778820000000003" lon="35.033120000000004">
        <ele>345.2499872404757</ele>
        <time>2023-06-14T07:03:55Z</time>
      </trkpt>
      <trkpt lat="31.778820000000003" lon="35.033120000000004">
        <ele>345.2499872404757</ele>
        <time>2023-06-14T07:03:56Z</time>
      </trkpt>
      <trkpt lat="31.778740000000003" lon="35.033030000000004">
        <ele>384</ele>
        <time>2023-06-14T07:03:57Z</time>
      </trkpt>
      <trkpt lat="31.77868" lon="35.032920000000004">
        <ele>384</ele>
        <time>2023-06-14T07:03:58Z</time>
      </trkpt>
      <trkpt lat="31.7786" lon="35.032830000000004">
        <ele>384</ele>
        <time>2023-06-14T07:03:59Z</time>
      </trkpt>
      <trkpt lat="31.778560000000002" lon="35.032770000000006">
        <ele>384</ele>
        <time>2023-06-14T07:04:00Z</time>
      </trkpt>
      <trkpt lat="31.778540000000003" lon="35.032700000000006">
        <ele>384</ele>
        <time>2023-06-14T07:04:01Z</time>
      </trkpt>
      <trkpt lat="31.778320000000004" lon="35.03251">
        <ele>352</ele>
        <time>2023-06-14T07:04:02Z</time>
      </trkpt>
      <trkpt lat="31.778290000000002" lon="35.032450000000004">
        <ele>363</ele>
        <time>2023-06-14T07:04:03Z</time>
      </trkpt>
      <trkpt lat="31.77822" lon="35.03242">
        <ele>363</ele>
        <time>2023-06-14T07:04:04Z</time>
      </trkpt>
      <extensions>
        <RoutingType xmlns="">Hike</RoutingType>
      </extensions>
    </trkseg>
    <trkseg>
      <trkpt lat="31.778227" lon="35.032417">
        <ele>349.3</ele>
      </trkpt>
      <trkpt lat="31.778208" lon="35.032363">
        <ele>348.8028082744443</ele>
      </trkpt>
      <trkpt lat="31.778136" lon="35.032343">
        <ele>348.0624486510588</ele>
      </trkpt>
      <trkpt lat="31.778101" lon="35.032293">
        <ele>347.5114291855435</ele>
      </trkpt>
      <trkpt lat="31.77805" lon="35.032255">
        <ele>346.90727507250756</ele>
      </trkpt>
      <trkpt lat="31.77802" lon="35.032196">
        <ele>346.31212303357137</ele>
      </trkpt>
      <trkpt lat="31.777966" lon="35.032188">
        <ele>345.74727369009815</ele>
      </trkpt>
      <trkpt lat="31.777905" lon="35.032153">
        <ele>345.0429114845446</ele>
      </trkpt>
      <trkpt lat="31.77788" lon="35.03205">
        <ele>344.0978840675836</ele>
      </trkpt>
      <trkpt lat="31.777838" lon="35.03201">
        <ele>343.4619243175989</ele>
      </trkpt>
      <trkpt lat="31.777668" lon="35.031931">
        <ele>341.02295993099165</ele>
      </trkpt>
      <trkpt lat="31.777458" lon="35.031741">
        <ele>337.6385577935275</ele>
      </trkpt>
      <trkpt lat="31.777533" lon="35.031341">
        <ele>336.7088029851929</ele>
      </trkpt>
      <trkpt lat="31.77764" lon="35.030926">
        <ele>336.94104537520514</ele>
      </trkpt>
      <trkpt lat="31.777603" lon="35.030849">
        <ele>336.96891492152713</ele>
      </trkpt>
      <trkpt lat="31.777462" lon="35.030972">
        <ele>337.67957483286574</ele>
      </trkpt>
      <trkpt lat="31.777321" lon="35.03116">
        <ele>338.92215491356166</ele>
      </trkpt>
      <trkpt lat="31.777241" lon="35.031349">
        <ele>338.52300018362257</ele>
      </trkpt>
      <trkpt lat="31.77718" lon="35.031549">
        <ele>337.84258549142845</ele>
      </trkpt>
      <trkpt lat="31.777025" lon="35.031884">
        <ele>338.26605144598574</ele>
      </trkpt>
      <trkpt lat="31.776836" lon="35.032043">
        <ele>340.96284342220576</ele>
      </trkpt>
      <trkpt lat="31.77654" lon="35.032187">
        <ele>345.4016900600159</ele>
      </trkpt>
      <trkpt lat="31.776423" lon="35.032265">
        <ele>347.27424882070454</ele>
      </trkpt>
      <trkpt lat="31.776324" lon="35.032302">
        <ele>348.8528248659539</ele>
      </trkpt>
      <trkpt lat="31.776275" lon="35.032284">
        <ele>349.63292494388196</ele>
      </trkpt>
      <trkpt lat="31.776253" lon="35.032214">
        <ele>350.56155310508893</ele>
      </trkpt>
      <trkpt lat="31.776263" lon="35.032173">
        <ele>350.910993786861</ele>
      </trkpt>
      <trkpt lat="31.77628" lon="35.032101">
        <ele>351.52317680101595</ele>
      </trkpt>
      <trkpt lat="31.776277" lon="35.032033">
        <ele>352.0810115298417</ele>
      </trkpt>
      <trkpt lat="31.776225" lon="35.032007">
        <ele>352.62552054880166</ele>
      </trkpt>
      <trkpt lat="31.77616" lon="35.03204">
        <ele>353.1</ele>
      </trkpt>
      <trkpt lat="31.776029" lon="35.032174">
        <ele>353.1</ele>
      </trkpt>
      <trkpt lat="31.775811" lon="35.03232">
        <ele>352.3162015157612</ele>
      </trkpt>
      <trkpt lat="31.775628" lon="35.032404">
        <ele>352.58628012582017</ele>
      </trkpt>
      <trkpt lat="31.775355" lon="35.032499">
        <ele>355.92609342341484</ele>
      </trkpt>
      <trkpt lat="31.775291" lon="35.032501">
        <ele>357.1363210675315</ele>
      </trkpt>
      <trkpt lat="31.775264" lon="35.032466">
        <ele>357.8958209043099</ele>
      </trkpt>
      <trkpt lat="31.775306" lon="35.032399">
        <ele>358.5194530555705</ele>
      </trkpt>
      <trkpt lat="31.775472" lon="35.032299">
        <ele>356.2382638023617</ele>
      </trkpt>
      <trkpt lat="31.775619" lon="35.032165">
        <ele>357.3623623276346</ele>
      </trkpt>
      <trkpt lat="31.775652" lon="35.03209">
        <ele>358.42675882647353</ele>
      </trkpt>
      <trkpt lat="31.775644" lon="35.032055">
        <ele>358.88355942348176</ele>
      </trkpt>
      <trkpt lat="31.775596" lon="35.032034">
        <ele>359.5714169961235</ele>
      </trkpt>
      <trkpt lat="31.775283" lon="35.032176">
        <ele>363.2585513851887</ele>
      </trkpt>
      <trkpt lat="31.774918" lon="35.03231">
        <ele>372.81382720130506</ele>
      </trkpt>
      <trkpt lat="31.774783" lon="35.032388">
        <ele>375.86307111298606</ele>
      </trkpt>
      <trkpt lat="31.774724" lon="35.032462">
        <ele>376.94996568104233</ele>
      </trkpt>
      <trkpt lat="31.774698" lon="35.032495">
        <ele>377.4319910412444</ele>
      </trkpt>
      <trkpt lat="31.774597" lon="35.032752">
        <ele>381.8016529439993</ele>
      </trkpt>
      <trkpt lat="31.774474" lon="35.033287">
        <ele>390.2028443268673</ele>
      </trkpt>
      <trkpt lat="31.774437" lon="35.033534">
        <ele>392.76015948954387</ele>
      </trkpt>
      <trkpt lat="31.774433" lon="35.03372">
        <ele>394.2258415326441</ele>
      </trkpt>
      <trkpt lat="31.774459" lon="35.033819">
        <ele>394.68972349835053</ele>
      </trkpt>
      <trkpt lat="31.774498" lon="35.033888">
        <ele>393.72370065473797</ele>
      </trkpt>
      <trkpt lat="31.774553" lon="35.033935">
        <ele>392.7914001098365</ele>
      </trkpt>
      <trkpt lat="31.774608" lon="35.033937">
        <ele>392.03676753108</ele>
      </trkpt>
      <trkpt lat="31.774689" lon="35.033854">
        <ele>390.21953737238147</ele>
      </trkpt>
      <trkpt lat="31.774821" lon="35.033589">
        <ele>384.7590569395048</ele>
      </trkpt>
      <trkpt lat="31.774891" lon="35.03351">
        <ele>382.85340106694656</ele>
      </trkpt>
      <trkpt lat="31.775084" lon="35.033357">
        <ele>379.2225989768314</ele>
      </trkpt>
      <trkpt lat="31.775309" lon="35.033224">
        <ele>380.54198516620966</ele>
      </trkpt>
      <trkpt lat="31.775748" lon="35.033349">
        <ele>395.65280807139675</ele>
      </trkpt>
      <trkpt lat="31.776048" lon="35.033529">
        <ele>399.36608917723873</ele>
      </trkpt>
      <trkpt lat="31.77658" lon="35.033722">
        <ele>402.5062798262247</ele>
      </trkpt>
      <trkpt lat="31.776811" lon="35.033857">
        <ele>401.14408856589444</ele>
      </trkpt>
      <trkpt lat="31.776924" lon="35.03396">
        <ele>400.34929948050325</ele>
      </trkpt>
      <trkpt lat="31.77697" lon="35.034023">
        <ele>400.17574745501304</ele>
      </trkpt>
      <trkpt lat="31.77701" lon="35.034137">
        <ele>402.54619419133104</ele>
      </trkpt>
      <trkpt lat="31.77714" lon="35.034996">
        <ele>420.0663273735681</ele>
      </trkpt>
      <trkpt lat="31.777177" lon="35.035238">
        <ele>423.63019117017046</ele>
      </trkpt>
      <trkpt lat="31.777277" lon="35.035625">
        <ele>431.57699496395526</ele>
      </trkpt>
      <trkpt lat="31.777344" lon="35.035795">
        <ele>433.70250241777376</ele>
      </trkpt>
      <trkpt lat="31.777399" lon="35.035891">
        <ele>434.19477769187756</ele>
      </trkpt>
      <trkpt lat="31.777703" lon="35.03626">
        <ele>431.6197881819505</ele>
      </trkpt>
      <trkpt lat="31.777779" lon="35.036376">
        <ele>431.4767203079747</ele>
      </trkpt>
      <trkpt lat="31.777929" lon="35.036685">
        <ele>433.4182354645923</ele>
      </trkpt>
      <trkpt lat="31.778013" lon="35.036904">
        <ele>435.61145957965556</ele>
      </trkpt>
      <trkpt lat="31.778155" lon="35.037361">
        <ele>439.15837605213125</ele>
      </trkpt>
      <trkpt lat="31.778387" lon="35.0379">
        <ele>444.20296225525203</ele>
      </trkpt>
      <extensions>
        <RoutingType xmlns="">Hike</RoutingType>
      </extensions>
    </trkseg>
    <trkseg>
      <trkpt lat="31.778387" lon="35.0379">
        <ele>445.2</ele>
      </trkpt>
      <trkpt lat="31.778469" lon="35.038091">
        <ele>446.75067703517675</ele>
      </trkpt>
      <trkpt lat="31.778606" lon="35.038639">
        <ele>448.14799152978065</ele>
      </trkpt>
      <trkpt lat="31.778882" lon="35.039563">
        <ele>458.1718553116169</ele>
      </trkpt>
      <trkpt lat="31.778939" lon="35.039727">
        <ele>458.41646642847803</ele>
      </trkpt>
      <trkpt lat="31.779016" lon="35.039864">
        <ele>457.1745081216455</ele>
      </trkpt>
      <trkpt lat="31.779082" lon="35.039918">
        <ele>456.4593536380902</ele>
      </trkpt>
      <trkpt lat="31.77933" lon="35.04003">
        <ele>454.8308382454226</ele>
      </trkpt>
      <trkpt lat="31.779419" lon="35.040099">
        <ele>455.4832568206666</ele>
      </trkpt>
      <trkpt lat="31.779665" lon="35.040417">
        <ele>459.33771633903035</ele>
      </trkpt>
      <trkpt lat="31.779747" lon="35.040497">
        <ele>460.46289339848283</ele>
      </trkpt>
      <trkpt lat="31.779827" lon="35.040543">
        <ele>460.7929401490058</ele>
      </trkpt>
      <trkpt lat="31.780129" lon="35.040617">
        <ele>462.4190228402986</ele>
      </trkpt>
      <trkpt lat="31.780255" lon="35.040693">
        <ele>463.5874480373151</ele>
      </trkpt>
      <trkpt lat="31.780455" lon="35.04087">
        <ele>467.94742663100266</ele>
      </trkpt>
      <trkpt lat="31.780693" lon="35.041034">
        <ele>470.7854918168934</ele>
      </trkpt>
      <trkpt lat="31.781011" lon="35.041197">
        <ele>467.77823221427906</ele>
      </trkpt>
      <trkpt lat="31.781354" lon="35.041327">
        <ele>461.992143960315</ele>
      </trkpt>
      <trkpt lat="31.781404" lon="35.041368">
        <ele>461.3822003933608</ele>
      </trkpt>
      <trkpt lat="31.781485" lon="35.04148">
        <ele>464.21762275607415</ele>
      </trkpt>
      <trkpt lat="31.781656" lon="35.041856">
        <ele>473.39521025521856</ele>
      </trkpt>
      <trkpt lat="31.781749" lon="35.041933">
        <ele>474.26125904136</ele>
      </trkpt>
      <trkpt lat="31.782168" lon="35.042091">
        <ele>468.5468535605362</ele>
      </trkpt>
      <trkpt lat="31.782243" lon="35.042162">
        <ele>468.02794992385816</ele>
      </trkpt>
      <trkpt lat="31.782279" lon="35.042221">
        <ele>469.03477950167024</ele>
      </trkpt>
      <trkpt lat="31.782317" lon="35.042337">
        <ele>470.75819144987787</ele>
      </trkpt>
      <trkpt lat="31.782341" lon="35.042478">
        <ele>473.21086025768346</ele>
      </trkpt>
      <trkpt lat="31.782372" lon="35.043287">
        <ele>487.9388508458162</ele>
      </trkpt>
      <trkpt lat="31.782442" lon="35.043864">
        <ele>492.5792661129714</ele>
      </trkpt>
      <trkpt lat="31.782471" lon="35.043983">
        <ele>493.4373529848461</ele>
      </trkpt>
      <trkpt lat="31.782686" lon="35.044589">
        <ele>495.9925486588859</ele>
      </trkpt>
      <trkpt lat="31.782856" lon="35.045169">
        <ele>495.2791695263399</ele>
      </trkpt>
      <trkpt lat="31.782893" lon="35.04535">
        <ele>496.28058440742365</ele>
      </trkpt>
      <trkpt lat="31.782884" lon="35.045547">
        <ele>497.85821220160466</ele>
      </trkpt>
      <trkpt lat="31.782788" lon="35.045956">
        <ele>502.4879301246877</ele>
      </trkpt>
      <trkpt lat="31.782687" lon="35.046512">
        <ele>504.4287259144554</ele>
      </trkpt>
      <trkpt lat="31.782605" lon="35.047362">
        <ele>511.5910907754174</ele>
      </trkpt>
      <trkpt lat="31.782587" lon="35.047887">
        <ele>515.2536217654535</ele>
      </trkpt>
      <trkpt lat="31.782649" lon="35.048349">
        <ele>516.2420717558757</ele>
      </trkpt>
      <trkpt lat="31.78276" lon="35.048869">
        <ele>519.5672816296084</ele>
      </trkpt>
      <trkpt lat="31.783032" lon="35.049737">
        <ele>521.9307242591484</ele>
      </trkpt>
      <trkpt lat="31.783108" lon="35.050068">
        <ele>521.5134928041996</ele>
      </trkpt>
      <trkpt lat="31.783117" lon="35.050848">
        <ele>529.4154643553921</ele>
      </trkpt>
      <trkpt lat="31.783079" lon="35.05137">
        <ele>538.7940187251975</ele>
      </trkpt>
      <trkpt lat="31.78308" lon="35.051793">
        <ele>545.3068592897743</ele>
      </trkpt>
      <trkpt lat="31.783043" lon="35.052624">
        <ele>553.2868628022247</ele>
      </trkpt>
      <trkpt lat="31.783044" lon="35.052973">
        <ele>552.470785074935</ele>
      </trkpt>
      <trkpt lat="31.783033" lon="35.053098">
        <ele>552.4663185233329</ele>
      </trkpt>
      <trkpt lat="31.782985" lon="35.053311">
        <ele>552.6543372419222</ele>
      </trkpt>
      <trkpt lat="31.78291" lon="35.053547">
        <ele>554.3213833047504</ele>
      </trkpt>
      <trkpt lat="31.782678" lon="35.054091">
        <ele>560.1492282792185</ele>
      </trkpt>
      <trkpt lat="31.782635" lon="35.054227">
        <ele>561.939043682076</ele>
      </trkpt>
      <trkpt lat="31.782492" lon="35.054844">
        <ele>566.5486719328278</ele>
      </trkpt>
      <trkpt lat="31.782381" lon="35.055069">
        <ele>565.6349071370048</ele>
      </trkpt>
      <trkpt lat="31.782304" lon="35.055157">
        <ele>566.1123935285573</ele>
      </trkpt>
      <trkpt lat="31.782206" lon="35.05523">
        <ele>566.6283132280145</ele>
      </trkpt>
      <trkpt lat="31.782031" lon="35.055311">
        <ele>568.6280867013289</ele>
      </trkpt>
      <trkpt lat="31.781875" lon="35.05536">
        <ele>570.9383951058246</ele>
      </trkpt>
      <trkpt lat="31.781751" lon="35.055372">
        <ele>573.4747653671338</ele>
      </trkpt>
      <trkpt lat="31.781095" lon="35.055277">
        <ele>581.544387453886</ele>
      </trkpt>
      <trkpt lat="31.780785" lon="35.055275">
        <ele>582.2212442170091</ele>
      </trkpt>
      <extensions>
        <RoutingType xmlns="">Hike</RoutingType>
      </extensions>
    </trkseg>
    <trkseg>
      <trkpt lat="31.780785" lon="35.055275">
        <ele>582.3</ele>
      </trkpt>
      <trkpt lat="31.780683" lon="35.055275">
        <ele>583.5098008019144</ele>
      </trkpt>
      <trkpt lat="31.780371" lon="35.055251">
        <ele>586.5739194329897</ele>
      </trkpt>
      <trkpt lat="31.780279" lon="35.055282">
        <ele>587.2833412345382</ele>
      </trkpt>
      <trkpt lat="31.780208" lon="35.055352">
        <ele>587.0769378213307</ele>
      </trkpt>
      <trkpt lat="31.780057" lon="35.055652">
        <ele>585.4331648422059</ele>
      </trkpt>
      <trkpt lat="31.779617" lon="35.05665">
        <ele>581.0738660737698</ele>
      </trkpt>
      <trkpt lat="31.779274" lon="35.057337">
        <ele>582.5950833221751</ele>
      </trkpt>
      <trkpt lat="31.779064" lon="35.057801">
        <ele>586.7018463084288</ele>
      </trkpt>
      <trkpt lat="31.779038" lon="35.057932">
        <ele>587.7191115164295</ele>
      </trkpt>
      <trkpt lat="31.779039" lon="35.058045">
        <ele>588.5736654997291</ele>
      </trkpt>
      <trkpt lat="31.779085" lon="35.058164">
        <ele>588.8828723458197</ele>
      </trkpt>
      <trkpt lat="31.77915" lon="35.058214">
        <ele>588.7389426698667</ele>
      </trkpt>
      <trkpt lat="31.77922" lon="35.05823">
        <ele>588.6067890524979</ele>
      </trkpt>
      <trkpt lat="31.779354" lon="35.058212">
        <ele>587.9559915667029</ele>
      </trkpt>
      <trkpt lat="31.779578" lon="35.058144">
        <ele>586.3987140973851</ele>
      </trkpt>
      <trkpt lat="31.779782" lon="35.05812">
        <ele>585.3348576981476</ele>
      </trkpt>
      <trkpt lat="31.779934" lon="35.058132">
        <ele>585.0126687967115</ele>
      </trkpt>
      <trkpt lat="31.780028" lon="35.05816">
        <ele>584.8689060514359</ele>
      </trkpt>
      <trkpt lat="31.7802" lon="35.058271">
        <ele>585.3548841800109</ele>
      </trkpt>
      <trkpt lat="31.78022" lon="35.05829">
        <ele>585.4501684440006</ele>
      </trkpt>
      <trkpt lat="31.780301" lon="35.058415">
        <ele>585.989018890033</ele>
      </trkpt>
      <trkpt lat="31.780359" lon="35.058578">
        <ele>586.7128038915553</ele>
      </trkpt>
      <trkpt lat="31.780405" lon="35.058833">
        <ele>587.7282007730083</ele>
      </trkpt>
      <trkpt lat="31.780424" lon="35.059041">
        <ele>588.7018044761618</ele>
      </trkpt>
      <trkpt lat="31.780426" lon="35.059387">
        <ele>590.8819728313947</ele>
      </trkpt>
      <trkpt lat="31.780406" lon="35.05967">
        <ele>592.1011057918344</ele>
      </trkpt>
      <trkpt lat="31.780255" lon="35.060862">
        <ele>595.2964809241221</ele>
      </trkpt>
      <trkpt lat="31.780177" lon="35.061213">
        <ele>593.7705154084231</ele>
      </trkpt>
      <trkpt lat="31.780101" lon="35.061459">
        <ele>592.7808774868985</ele>
      </trkpt>
      <trkpt lat="31.779897" lon="35.061949">
        <ele>597.6416764824119</ele>
      </trkpt>
      <trkpt lat="31.779672" lon="35.062415">
        <ele>601.3020906362699</ele>
      </trkpt>
      <trkpt lat="31.779402" lon="35.062914">
        <ele>604.1222101148143</ele>
      </trkpt>
      <trkpt lat="31.778917" lon="35.063326">
        <ele>618.1020253018029</ele>
      </trkpt>
      <trkpt lat="31.778726" lon="35.063533">
        <ele>622.3599933870178</ele>
      </trkpt>
      <trkpt lat="31.77838" lon="35.064432">
        <ele>628.3841686164193</ele>
      </trkpt>
      <trkpt lat="31.778308" lon="35.064737">
        <ele>631.0723478914836</ele>
      </trkpt>
      <trkpt lat="31.778286" lon="35.065052">
        <ele>633.5246332555345</ele>
      </trkpt>
      <trkpt lat="31.7783" lon="35.065163">
        <ele>634.1964248462464</ele>
      </trkpt>
      <trkpt lat="31.778331" lon="35.065229">
        <ele>634.3521563224771</ele>
      </trkpt>
      <trkpt lat="31.778367" lon="35.065266">
        <ele>634.0154971474057</ele>
      </trkpt>
      <trkpt lat="31.778421" lon="35.065284">
        <ele>633.6202376916173</ele>
      </trkpt>
      <trkpt lat="31.778728" lon="35.065233">
        <ele>631.7428946398516</ele>
      </trkpt>
      <trkpt lat="31.779347" lon="35.065172">
        <ele>633.1633225904927</ele>
      </trkpt>
      <trkpt lat="31.779966" lon="35.066762">
        <ele>634.3337691672343</ele>
      </trkpt>
      <trkpt lat="31.779984" lon="35.067416">
        <ele>624.967704509567</ele>
      </trkpt>
      <trkpt lat="31.78003" lon="35.067642">
        <ele>621.0005197078626</ele>
      </trkpt>
      <trkpt lat="31.780177" lon="35.067901">
        <ele>615.2003935263725</ele>
      </trkpt>
      <trkpt lat="31.780308" lon="35.068327">
        <ele>609.80456956589</ele>
      </trkpt>
      <trkpt lat="31.780348" lon="35.068518">
        <ele>607.9317586694006</ele>
      </trkpt>
      <trkpt lat="31.780355" lon="35.068727">
        <ele>606.4159964762325</ele>
      </trkpt>
      <trkpt lat="31.780281" lon="35.069331">
        <ele>605.9486498885105</ele>
      </trkpt>
      <trkpt lat="31.78019" lon="35.069797">
        <ele>603.8963729092666</ele>
      </trkpt>
      <trkpt lat="31.780135" lon="35.069971">
        <ele>602.8435278702142</ele>
      </trkpt>
      <trkpt lat="31.780059" lon="35.070134">
        <ele>602.5987951935309</ele>
      </trkpt>
      <trkpt lat="31.779525" lon="35.071082">
        <ele>603.5643000452365</ele>
      </trkpt>
      <trkpt lat="31.779441" lon="35.071309">
        <ele>603.2522743114323</ele>
      </trkpt>
      <trkpt lat="31.779438" lon="35.071365">
        <ele>603.1031679632677</ele>
      </trkpt>
      <trkpt lat="31.779427" lon="35.071568">
        <ele>601.7572446955058</ele>
      </trkpt>
      <trkpt lat="31.779462" lon="35.072175">
        <ele>598.0356306214678</ele>
      </trkpt>
      <trkpt lat="31.779432" lon="35.072496">
        <ele>597.9728887258359</ele>
      </trkpt>
      <trkpt lat="31.779385" lon="35.072788">
        <ele>598.5905089418571</ele>
      </trkpt>
      <extensions>
        <RoutingType xmlns="">Hike</RoutingType>
      </extensions>
    </trkseg>
    <trkseg>
      <trkpt lat="31.779385" lon="35.072788">
        <ele>598.9</ele>
      </trkpt>
      <trkpt lat="31.779343" lon="35.073045">
        <ele>598.9</ele>
      </trkpt>
      <trkpt lat="31.779336" lon="35.07325">
        <ele>599.3710317062978</ele>
      </trkpt>
      <trkpt lat="31.779334" lon="35.073318">
        <ele>599.5854163095079</ele>
      </trkpt>
      <trkpt lat="31.779363" lon="35.073479">
        <ele>599.8592074760004</ele>
      </trkpt>
      <trkpt lat="31.77972" lon="35.074199">
        <ele>596.9206663328738</ele>
      </trkpt>
      <trkpt lat="31.779796" lon="35.074506">
        <ele>596.9513217675784</ele>
      </trkpt>
      <trkpt lat="31.779809" lon="35.074746">
        <ele>595.9281574926437</ele>
      </trkpt>
      <trkpt lat="31.779793" lon="35.074901">
        <ele>594.8415302265166</ele>
      </trkpt>
      <trkpt lat="31.779728" lon="35.075245">
        <ele>590.1309514573443</ele>
      </trkpt>
      <trkpt lat="31.779823" lon="35.075269">
        <ele>588.3662377942453</ele>
      </trkpt>
      <trkpt lat="31.779814" lon="35.075526">
        <ele>584.210875413831</ele>
      </trkpt>
      <trkpt lat="31.779887" lon="35.07588">
        <ele>577.3421762308815</ele>
      </trkpt>
      <trkpt lat="31.779933" lon="35.076309">
        <ele>567.5112411009172</ele>
      </trkpt>
      <trkpt lat="31.779897" lon="35.076577">
        <ele>562.492983958264</ele>
      </trkpt>
      <trkpt lat="31.779943" lon="35.076891">
        <ele>558.3455984860736</ele>
      </trkpt>
      <trkpt lat="31.780042" lon="35.076985">
        <ele>557.1702184316952</ele>
      </trkpt>
      <trkpt lat="31.780152" lon="35.077103">
        <ele>556.5632589224537</ele>
      </trkpt>
      <trkpt lat="31.780453" lon="35.077189">
        <ele>558.7536632570367</ele>
      </trkpt>
      <trkpt lat="31.780846" lon="35.077413">
        <ele>566.6677894572043</ele>
      </trkpt>
      <trkpt lat="31.781324" lon="35.077696">
        <ele>570.5086620594403</ele>
      </trkpt>
      <trkpt lat="31.781657" lon="35.077951">
        <ele>573.9490216309267</ele>
      </trkpt>
      <trkpt lat="31.781673" lon="35.078044">
        <ele>574.9605548266007</ele>
      </trkpt>
      <trkpt lat="31.781804" lon="35.078168">
        <ele>577.0794961767695</ele>
      </trkpt>
      <trkpt lat="31.781952" lon="35.078375">
        <ele>578.4611446136228</ele>
      </trkpt>
      <trkpt lat="31.782308" lon="35.07896">
        <ele>575.7554139920063</ele>
      </trkpt>
      <trkpt lat="31.782487" lon="35.079186">
        <ele>574.0035615609951</ele>
      </trkpt>
      <trkpt lat="31.78258" lon="35.079265">
        <ele>573.1536028027231</ele>
      </trkpt>
      <trkpt lat="31.782723" lon="35.079351">
        <ele>571.9685966376555</ele>
      </trkpt>
      <trkpt lat="31.783023" lon="35.079483">
        <ele>570.135477177796</ele>
      </trkpt>
      <trkpt lat="31.783268" lon="35.079629">
        <ele>568.8291736952324</ele>
      </trkpt>
      <trkpt lat="31.783398" lon="35.079766">
        <ele>566.8884457114816</ele>
      </trkpt>
      <trkpt lat="31.783475" lon="35.079904">
        <ele>565.1328495362055</ele>
      </trkpt>
      <trkpt lat="31.783524" lon="35.080113">
        <ele>563.0810645834</ele>
      </trkpt>
      <trkpt lat="31.783535" lon="35.080438">
        <ele>564.2674152719679</ele>
      </trkpt>
      <trkpt lat="31.783467" lon="35.081056">
        <ele>564.0206372816154</ele>
      </trkpt>
      <trkpt lat="31.783435" lon="35.081217">
        <ele>562.5099028260848</ele>
      </trkpt>
      <trkpt lat="31.783007" lon="35.082538">
        <ele>565.110821503747</ele>
      </trkpt>
      <trkpt lat="31.782334" lon="35.08446">
        <ele>572.9311488402593</ele>
      </trkpt>
      <trkpt lat="31.782273" lon="35.084677">
        <ele>574.2595756006564</ele>
      </trkpt>
      <trkpt lat="31.782255" lon="35.084852">
        <ele>575.0926747177803</ele>
      </trkpt>
      <trkpt lat="31.782261" lon="35.084957">
        <ele>575.5320276995611</ele>
      </trkpt>
      <trkpt lat="31.782273" lon="35.085023">
        <ele>575.7872096754373</ele>
      </trkpt>
      <trkpt lat="31.78231" lon="35.085235">
        <ele>576.8427930490204</ele>
      </trkpt>
      <trkpt lat="31.782529" lon="35.085985">
        <ele>584.4421125500319</ele>
      </trkpt>
      <trkpt lat="31.782578" lon="35.086236">
        <ele>586.5947156944236</ele>
      </trkpt>
      <trkpt lat="31.782637" lon="35.086953">
        <ele>590.4340087340534</ele>
      </trkpt>
      <trkpt lat="31.782703" lon="35.087319">
        <ele>590.7846334837434</ele>
      </trkpt>
      <trkpt lat="31.783095" lon="35.088771">
        <ele>600.212192437979</ele>
      </trkpt>
      <trkpt lat="31.783165" lon="35.089103">
        <ele>601.1585205564938</ele>
      </trkpt>
      <trkpt lat="31.78319" lon="35.089607">
        <ele>606.492403112783</ele>
      </trkpt>
      <trkpt lat="31.78328" lon="35.090549">
        <ele>611.6219218026453</ele>
      </trkpt>
      <trkpt lat="31.783247" lon="35.091632">
        <ele>621.2062238510947</ele>
      </trkpt>
      <trkpt lat="31.783258" lon="35.091893">
        <ele>623.9634170873592</ele>
      </trkpt>
      <trkpt lat="31.783217" lon="35.092254">
        <ele>627.5658389219253</ele>
      </trkpt>
      <trkpt lat="31.782968" lon="35.093129">
        <ele>634.5563178783437</ele>
      </trkpt>
      <trkpt lat="31.782731" lon="35.09403">
        <ele>639.0785508252062</ele>
      </trkpt>
      <trkpt lat="31.782721" lon="35.093943">
        <ele>639.4104788530174</ele>
      </trkpt>
      <extensions>
        <RoutingType xmlns="">Hike</RoutingType>
      </extensions>
    </trkseg>
    <trkseg>
      <trkpt lat="31.782721" lon="35.093943">
        <ele>639.6</ele>
      </trkpt>
      <trkpt lat="31.782731" lon="35.09403">
        <ele>639.7936246828898</ele>
      </trkpt>
      <trkpt lat="31.782579" lon="35.095008">
        <ele>642.5227262023849</ele>
      </trkpt>
      <trkpt lat="31.782543" lon="35.095162">
        <ele>642.673693325278</ele>
      </trkpt>
      <trkpt lat="31.782406" lon="35.095747">
        <ele>645.7197020849783</ele>
      </trkpt>
      <trkpt lat="31.78232" lon="35.096009">
        <ele>647.5053822737809</ele>
      </trkpt>
      <trkpt lat="31.782098" lon="35.096807">
        <ele>646.7836420783913</ele>
      </trkpt>
      <trkpt lat="31.782036" lon="35.097077">
        <ele>647.6536156057481</ele>
      </trkpt>
      <trkpt lat="31.781993" lon="35.097373">
        <ele>649.218330334756</ele>
      </trkpt>
      <trkpt lat="31.781964" lon="35.097716">
        <ele>651.6894211051774</ele>
      </trkpt>
      <trkpt lat="31.78197" lon="35.098137">
        <ele>653.954023189439</ele>
      </trkpt>
      <trkpt lat="31.782035" lon="35.098823">
        <ele>654.7769359000511</ele>
      </trkpt>
      <trkpt lat="31.782214" lon="35.100036">
        <ele>651.6022123807678</ele>
      </trkpt>
      <trkpt lat="31.782239" lon="35.10096">
        <ele>658.4711076853313</ele>
      </trkpt>
      <trkpt lat="31.782273" lon="35.101482">
        <ele>660.1895507165447</ele>
      </trkpt>
      <trkpt lat="31.782262" lon="35.10187">
        <ele>662.6350986598165</ele>
      </trkpt>
      <trkpt lat="31.782233" lon="35.102032">
        <ele>664.7215524789245</ele>
      </trkpt>
      <trkpt lat="31.782084" lon="35.102451">
        <ele>669.281939755582</ele>
      </trkpt>
      <trkpt lat="31.781765" lon="35.102987">
        <ele>674.9407368750753</ele>
      </trkpt>
      <trkpt lat="31.781669" lon="35.103148">
        <ele>676.1067593926941</ele>
      </trkpt>
      <extensions>
        <RoutingType xmlns="">Hike</RoutingType>
      </extensions>
    </trkseg>
    <trkseg>
      <trkpt lat="31.781669" lon="35.103148">
        <ele>676.2</ele>
      </trkpt>
      <trkpt lat="31.781542" lon="35.103361">
        <ele>677.4296076458286</ele>
      </trkpt>
      <trkpt lat="31.781462" lon="35.103536">
        <ele>678.9928044127736</ele>
      </trkpt>
      <trkpt lat="31.781433" lon="35.103719">
        <ele>680.6452434389372</ele>
      </trkpt>
      <trkpt lat="31.781452" lon="35.103863">
        <ele>681.2880422893522</ele>
      </trkpt>
      <trkpt lat="31.781476" lon="35.104001">
        <ele>681.90937748001</ele>
      </trkpt>
      <trkpt lat="31.78156" lon="35.104207">
        <ele>682.0655137186261</ele>
      </trkpt>
      <trkpt lat="31.781752" lon="35.104763">
        <ele>683.8005835726918</ele>
      </trkpt>
      <trkpt lat="31.781923" lon="35.105321">
        <ele>686.5297158242848</ele>
      </trkpt>
      <trkpt lat="31.782157" lon="35.105991">
        <ele>691.3729933782851</ele>
      </trkpt>
      <trkpt lat="31.782529" lon="35.107198">
        <ele>695.1711248708554</ele>
      </trkpt>
      <trkpt lat="31.782633" lon="35.107497">
        <ele>695.7560773129572</ele>
      </trkpt>
      <trkpt lat="31.78269" lon="35.107729">
        <ele>696.6815214448333</ele>
      </trkpt>
      <trkpt lat="31.782722" lon="35.108069">
        <ele>698.2982050735644</ele>
      </trkpt>
      <trkpt lat="31.782736" lon="35.108544">
        <ele>700.4733251845914</ele>
      </trkpt>
      <trkpt lat="31.782907" lon="35.109091">
        <ele>704.2449359127786</ele>
      </trkpt>
      <trkpt lat="31.783104" lon="35.109819">
        <ele>707.6057409389324</ele>
      </trkpt>
      <trkpt lat="31.783325" lon="35.110592">
        <ele>708.9546313770408</ele>
      </trkpt>
      <trkpt lat="31.783581" lon="35.111513">
        <ele>712.2584686863048</ele>
      </trkpt>
      <trkpt lat="31.783834" lon="35.112455">
        <ele>712.8850389051099</ele>
      </trkpt>
      <trkpt lat="31.784098" lon="35.113603">
        <ele>711.5356398952267</ele>
      </trkpt>
      <trkpt lat="31.784143" lon="35.113779">
        <ele>711.7405156075231</ele>
      </trkpt>
      <trkpt lat="31.784157" lon="35.113952">
        <ele>712.0690333589454</ele>
      </trkpt>
      <trkpt lat="31.784161" lon="35.114082">
        <ele>712.4582436348676</ele>
      </trkpt>
      <trkpt lat="31.78416" lon="35.114228">
        <ele>712.9182556606559</ele>
      </trkpt>
      <trkpt lat="31.784145" lon="35.114338">
        <ele>713.2523340031426</ele>
      </trkpt>
      <trkpt lat="31.784078" lon="35.114531">
        <ele>713.8434840594131</ele>
      </trkpt>
      <trkpt lat="31.78418" lon="35.114609">
        <ele>714.4709164085464</ele>
      </trkpt>
      <trkpt lat="31.784265" lon="35.114724">
        <ele>715.2871611843525</ele>
      </trkpt>
      <trkpt lat="31.784306" lon="35.114843">
        <ele>716.0395894807976</ele>
      </trkpt>
      <trkpt lat="31.784313" lon="35.115033">
        <ele>717.2978829940911</ele>
      </trkpt>
      <trkpt lat="31.784311" lon="35.115497">
        <ele>721.0124897570279</ele>
      </trkpt>
      <trkpt lat="31.784289" lon="35.115665">
        <ele>722.2442665781117</ele>
      </trkpt>
      <trkpt lat="31.784267" lon="35.115881">
        <ele>723.3769236199585</ele>
      </trkpt>
      <trkpt lat="31.784236" lon="35.116022">
        <ele>723.9734444172637</ele>
      </trkpt>
      <trkpt lat="31.784172" lon="35.116264">
        <ele>725.08162273006</ele>
      </trkpt>
      <trkpt lat="31.784078" lon="35.11684">
        <ele>728.3236274853042</ele>
      </trkpt>
      <trkpt lat="31.784082" lon="35.117056">
        <ele>729.0689372111982</ele>
      </trkpt>
      <trkpt lat="31.784095" lon="35.117266">
        <ele>729.2679549268853</ele>
      </trkpt>
      <trkpt lat="31.784121" lon="35.117394">
        <ele>729.1460886256593</ele>
      </trkpt>
      <trkpt lat="31.78418" lon="35.117694">
        <ele>728.8277990110846</ele>
      </trkpt>
      <trkpt lat="31.784235" lon="35.117929">
        <ele>728.8862157155608</ele>
      </trkpt>
      <trkpt lat="31.784218" lon="35.117942">
        <ele>728.863669909984</ele>
      </trkpt>
      <trkpt lat="31.784202" lon="35.117964">
        <ele>728.8363032781713</ele>
      </trkpt>
      <trkpt lat="31.784193" lon="35.117991">
        <ele>728.8088908623706</ele>
      </trkpt>
      <trkpt lat="31.784191" lon="35.11802">
        <ele>728.7813900190223</ele>
      </trkpt>
      <trkpt lat="31.784196" lon="35.118045">
        <ele>728.7571147909529</ele>
      </trkpt>
      <trkpt lat="31.784207" lon="35.118067">
        <ele>728.7329898161728</ele>
      </trkpt>
      <trkpt lat="31.784223" lon="35.118085">
        <ele>728.7083729861301</ele>
      </trkpt>
      <trkpt lat="31.784242" lon="35.118098">
        <ele>728.6839325202229</ele>
      </trkpt>
      <trkpt lat="31.784282" lon="35.118104">
        <ele>728.639094452922</ele>
      </trkpt>
      <trkpt lat="31.78431" lon="35.118369">
        <ele>728.244482232954</ele>
      </trkpt>
      <trkpt lat="31.784265" lon="35.118667">
        <ele>727.4353675564316</ele>
      </trkpt>
      <trkpt lat="31.784203" lon="35.118882">
        <ele>726.6820621798591</ele>
      </trkpt>
      <trkpt lat="31.784169" lon="35.119006">
        <ele>726.2305071903793</ele>
      </trkpt>
      <trkpt lat="31.784095" lon="35.11923">
        <ele>726.1095243238242</ele>
      </trkpt>
      <trkpt lat="31.784092" lon="35.119277">
        <ele>726.1392239758619</ele>
      </trkpt>
      <trkpt lat="31.784063" lon="35.119539">
        <ele>725.8828617853948</ele>
      </trkpt>
      <trkpt lat="31.784066" lon="35.119837">
        <ele>724.6649426305034</ele>
      </trkpt>
      <trkpt lat="31.784203" lon="35.120494">
        <ele>719.1027761424851</ele>
      </trkpt>
      <trkpt lat="31.784253" lon="35.120825">
        <ele>717.1786632896783</ele>
      </trkpt>
      <trkpt lat="31.784248" lon="35.121917">
        <ele>715.4506647909911</ele>
      </trkpt>
      <trkpt lat="31.784173" lon="35.122088">
        <ele>715.1475381759768</ele>
      </trkpt>
      <trkpt lat="31.784099" lon="35.122199">
        <ele>714.8506252511486</ele>
      </trkpt>
      <trkpt lat="31.784065" lon="35.122317">
        <ele>714.4580685815286</ele>
      </trkpt>
      <trkpt lat="31.784072" lon="35.122493">
        <ele>713.932061032728</ele>
      </trkpt>
      <trkpt lat="31.784015" lon="35.122836">
        <ele>713.4387350545867</ele>
      </trkpt>
      <trkpt lat="31.784012" lon="35.12306">
        <ele>713.9328214294942</ele>
      </trkpt>
      <trkpt lat="31.784005" lon="35.123254">
        <ele>714.5673921566622</ele>
      </trkpt>
      <trkpt lat="31.784071" lon="35.123596">
        <ele>717.3968112380359</ele>
      </trkpt>
      <trkpt lat="31.784113" lon="35.1238">
        <ele>720.182189712972</ele>
      </trkpt>
      <trkpt lat="31.784104" lon="35.123892">
        <ele>721.6118850026196</ele>
      </trkpt>
      <trkpt lat="31.784057" lon="35.124075">
        <ele>724.475142706204</ele>
      </trkpt>
      <trkpt lat="31.784046" lon="35.124237">
        <ele>726.7280930132321</ele>
      </trkpt>
      <trkpt lat="31.784038" lon="35.124325">
        <ele>727.95498885038</ele>
      </trkpt>
      <trkpt lat="31.784102" lon="35.124491">
        <ele>730.7525430835972</ele>
      </trkpt>
      <trkpt lat="31.784189" lon="35.124697">
        <ele>734.5697831498317</ele>
      </trkpt>
      <trkpt lat="31.784242" lon="35.124869">
        <ele>737.9706674152867</ele>
      </trkpt>
      <trkpt lat="31.784234" lon="35.124972">
        <ele>739.3377258524085</ele>
      </trkpt>
      <trkpt lat="31.784177" lon="35.125121">
        <ele>740.6762017040737</ele>
      </trkpt>
      <trkpt lat="31.78401" lon="35.125368">
        <ele>741.0934885696023</ele>
      </trkpt>
      <trkpt lat="31.783955" lon="35.125571">
        <ele>740.8302384717344</ele>
      </trkpt>
      <trkpt lat="31.783936" lon="35.125795">
        <ele>740.7464505222368</ele>
      </trkpt>
      <trkpt lat="31.78398" lon="35.126015">
        <ele>741.3161105823393</ele>
      </trkpt>
      <trkpt lat="31.784071" lon="35.126337">
        <ele>742.0874774109077</ele>
      </trkpt>
      <trkpt lat="31.784144" lon="35.126432">
        <ele>742.5641054336465</ele>
      </trkpt>
      <trkpt lat="31.784367" lon="35.126577">
        <ele>743.4754356247305</ele>
      </trkpt>
      <trkpt lat="31.784481" lon="35.126719">
        <ele>742.7369710888751</ele>
      </trkpt>
      <trkpt lat="31.784599" lon="35.126869">
        <ele>740.9374310889358</ele>
      </trkpt>
      <trkpt lat="31.784672" lon="35.126986">
        <ele>739.3369873328576</ele>
      </trkpt>
      <trkpt lat="31.784962" lon="35.127164">
        <ele>734.9542937984944</ele>
      </trkpt>
      <trkpt lat="31.785124" lon="35.127333">
        <ele>731.1824036413606</ele>
      </trkpt>
      <trkpt lat="31.785226" lon="35.127529">
        <ele>726.8152585823852</ele>
      </trkpt>
      <trkpt lat="31.785288" lon="35.127702">
        <ele>723.3117780501815</ele>
      </trkpt>
      <trkpt lat="31.785371" lon="35.128064">
        <ele>717.5210599265034</ele>
      </trkpt>
      <trkpt lat="31.785386" lon="35.128322">
        <ele>715.0236753371131</ele>
      </trkpt>
      <trkpt lat="31.785392" lon="35.128426">
        <ele>714.6295729758825</ele>
      </trkpt>
      <trkpt lat="31.785392" lon="35.128978">
        <ele>715.9467496732344</ele>
      </trkpt>
      <trkpt lat="31.785357" lon="35.129542">
        <ele>717.9795139776656</ele>
      </trkpt>
      <trkpt lat="31.785358" lon="35.129942">
        <ele>719.4436305954555</ele>
      </trkpt>
      <trkpt lat="31.785369" lon="35.13008">
        <ele>720.1423403180426</ele>
      </trkpt>
      <extensions>
        <RoutingType xmlns="">Hike</RoutingType>
      </extensions>
    </trkseg>
  </trk>
</gpx>
