<?xml version="1.0" encoding="UTF-8" standalone="yes"?>
<gpx xmlns="http://www.topografix.com/GPX/1/1" xmlns:xsi="http://www.w3.org/2001/XMLSchema-instance" version="1.1" creator="IsraelHikingMap" xsi:schemaLocation="http://www.topografix.com/GPX/1/1 http://www.topografix.com/GPX/1/1/gpx.xsd">
  <metadata>
    <bounds maxlat="31.78540246602031" maxlon="35.167680000000004" minlat="31.735200000000003" minlon="35.12628972530366"></bounds>
  </metadata>
  <trk>
    <name>25 - צובה לחורבת סעדים</name>
    <desc>🏞️ קושי: בינוני | הרי ירושלים
🥾 סטף, עין סטף, נחל שורק, עין איתמר, יער עמינדב
💦 טבילה: סטף, עין לבן
⛺ לילה: חורבת סעדים.
🛏️ מתקני לינה: חניון לילה סעדים — מי שתיה.
🛒 קניות בקרבת המסלול:
• צובה — א׳-ה׳: 08:00-19:00 | ו׳: 08:00-17:00 | שבת: 08:00-13:00
• עין כרם — א׳-ה׳: 07:00-17:00 | ו׳: 07:00-15:00
• בית חולים הדסה עין כרם | מרכז קניות קטן, מסעדה (כשרה).
• ירושלים, צומת אורה\ תחנת דלק — א׳-ה׳: Sun-Wed 08:00-21:00; Thu to 23:00 | ו׳: 08:00-16:00 | שבת: סגור | ☎ 02-6411675
• צור הדסה — א׳-ה׳: 07:00-21:00 | ו׳: 07:00-15:00 | שבת: סגור | ☎ Village center</desc>
    <trkseg>
      <trkpt lat="31.78540246602031" lon="35.1298999786377">
        <ele>724</ele>
        <time>2022-05-29T07:47:27Z</time>
      </trkpt>
      <trkpt lat="31.78540246602031" lon="35.1298999786377">
        <ele>724</ele>
        <time>2022-05-29T07:47:27Z</time>
      </trkpt>
      <extensions>
        <RoutingType xmlns="">Hike</RoutingType>
      </extensions>
    </trkseg>
    <trkseg>
      <trkpt lat="31.78540246602031" lon="35.1298999786377">
        <ele>724</ele>
        <time>2022-05-29T07:47:27Z</time>
      </trkpt>
      <trkpt lat="31.785220000000002" lon="35.130750000000006">
        <ele>717.5</ele>
        <time>2022-05-29T07:47:28Z</time>
      </trkpt>
      <trkpt lat="31.785220000000002" lon="35.130750000000006">
        <ele>715.422787964344</ele>
        <time>2022-05-29T07:47:29Z</time>
      </trkpt>
      <trkpt lat="31.784800000000004" lon="35.130900000000004">
        <ele>713</ele>
        <time>2022-05-29T07:47:30Z</time>
      </trkpt>
      <trkpt lat="31.784660000000002" lon="35.130970000000005">
        <ele>713</ele>
        <time>2022-05-29T07:47:31Z</time>
      </trkpt>
      <trkpt lat="31.784530000000004" lon="35.130990000000004">
        <ele>713</ele>
        <time>2022-05-29T07:47:32Z</time>
      </trkpt>
      <trkpt lat="31.784420000000004" lon="35.13092">
        <ele>713</ele>
        <time>2022-05-29T07:47:33Z</time>
      </trkpt>
      <trkpt lat="31.78403" lon="35.13044">
        <ele>704</ele>
        <time>2022-05-29T07:47:34Z</time>
      </trkpt>
      <trkpt lat="31.783900000000003" lon="35.1304">
        <ele>704</ele>
        <time>2022-05-29T07:47:35Z</time>
      </trkpt>
      <trkpt lat="31.783820000000002" lon="35.13049">
        <ele>704</ele>
        <time>2022-05-29T07:47:36Z</time>
      </trkpt>
      <trkpt lat="31.783670000000004" lon="35.130370000000006">
        <ele>704</ele>
        <time>2022-05-29T07:47:37Z</time>
      </trkpt>
      <trkpt lat="31.783670000000004" lon="35.130370000000006">
        <ele>704</ele>
        <time>2022-05-29T07:47:38Z</time>
      </trkpt>
      <trkpt lat="31.783670000000004" lon="35.130370000000006">
        <ele>692.2662050381768</ele>
        <time>2022-05-29T07:47:39Z</time>
      </trkpt>
      <trkpt lat="31.78318" lon="35.13042">
        <ele>687</ele>
        <time>2022-05-29T07:47:40Z</time>
      </trkpt>
      <trkpt lat="31.783" lon="35.130500000000005">
        <ele>687</ele>
        <time>2022-05-29T07:47:41Z</time>
      </trkpt>
      <trkpt lat="31.782870000000003" lon="35.13064">
        <ele>687</ele>
        <time>2022-05-29T07:47:42Z</time>
      </trkpt>
      <trkpt lat="31.782780000000002" lon="35.130770000000005">
        <ele>678</ele>
        <time>2022-05-29T07:47:43Z</time>
      </trkpt>
      <trkpt lat="31.782780000000002" lon="35.130770000000005">
        <ele>678</ele>
        <time>2022-05-29T07:47:44Z</time>
      </trkpt>
      <trkpt lat="31.78263" lon="35.13094">
        <ele>671</ele>
        <time>2022-05-29T07:47:45Z</time>
      </trkpt>
      <trkpt lat="31.782590000000003" lon="35.13096">
        <ele>671</ele>
        <time>2022-05-29T07:47:46Z</time>
      </trkpt>
      <trkpt lat="31.782560000000004" lon="35.13101">
        <ele>671</ele>
        <time>2022-05-29T07:47:47Z</time>
      </trkpt>
      <trkpt lat="31.782580000000003" lon="35.13143">
        <ele>671</ele>
        <time>2022-05-29T07:47:48Z</time>
      </trkpt>
      <trkpt lat="31.782580000000003" lon="35.13143">
        <ele>668.1137352132099</ele>
        <time>2022-05-29T07:47:49Z</time>
      </trkpt>
      <trkpt lat="31.782580000000003" lon="35.13143">
        <ele>668.1137352132099</ele>
        <time>2022-05-29T07:47:50Z</time>
      </trkpt>
      <trkpt lat="31.782560000000004" lon="35.13163">
        <ele>672</ele>
        <time>2022-05-29T07:47:51Z</time>
      </trkpt>
      <trkpt lat="31.782500000000002" lon="35.131660000000004">
        <ele>672</ele>
        <time>2022-05-29T07:47:52Z</time>
      </trkpt>
      <trkpt lat="31.78244" lon="35.131660000000004">
        <ele>672</ele>
        <time>2022-05-29T07:47:53Z</time>
      </trkpt>
      <trkpt lat="31.782400000000003" lon="35.131640000000004">
        <ele>672</ele>
        <time>2022-05-29T07:47:54Z</time>
      </trkpt>
      <trkpt lat="31.782370000000004" lon="35.13168">
        <ele>672</ele>
        <time>2022-05-29T07:47:55Z</time>
      </trkpt>
      <trkpt lat="31.782310000000003" lon="35.131690000000006">
        <ele>672</ele>
        <time>2022-05-29T07:47:56Z</time>
      </trkpt>
      <trkpt lat="31.78206" lon="35.131510000000006">
        <ele>671</ele>
        <time>2022-05-29T07:47:57Z</time>
      </trkpt>
      <trkpt lat="31.782030000000002" lon="35.13147">
        <ele>671</ele>
        <time>2022-05-29T07:47:58Z</time>
      </trkpt>
      <trkpt lat="31.782030000000002" lon="35.13147">
        <ele>667.1843565080068</ele>
        <time>2022-05-29T07:47:59Z</time>
      </trkpt>
      <trkpt lat="31.781930000000003" lon="35.131440000000005">
        <ele>671</ele>
        <time>2022-05-29T07:48:00Z</time>
      </trkpt>
      <trkpt lat="31.781930000000003" lon="35.131440000000005">
        <ele>671</ele>
        <time>2022-05-29T07:48:01Z</time>
      </trkpt>
      <trkpt lat="31.781890000000004" lon="35.131400000000006">
        <ele>671</ele>
        <time>2022-05-29T07:48:02Z</time>
      </trkpt>
      <trkpt lat="31.781840000000003" lon="35.13139">
        <ele>671</ele>
        <time>2022-05-29T07:48:03Z</time>
      </trkpt>
      <trkpt lat="31.781740000000003" lon="35.13127">
        <ele>661</ele>
        <time>2022-05-29T07:48:04Z</time>
      </trkpt>
      <trkpt lat="31.781630000000003" lon="35.131240000000005">
        <ele>661</ele>
        <time>2022-05-29T07:48:05Z</time>
      </trkpt>
      <trkpt lat="31.781440000000003" lon="35.131080000000004">
        <ele>661</ele>
        <time>2022-05-29T07:48:06Z</time>
      </trkpt>
      <trkpt lat="31.781200000000002" lon="35.13092">
        <ele>661</ele>
        <time>2022-05-29T07:48:07Z</time>
      </trkpt>
      <trkpt lat="31.781070000000003" lon="35.130900000000004">
        <ele>661</ele>
        <time>2022-05-29T07:48:08Z</time>
      </trkpt>
      <trkpt lat="31.781070000000003" lon="35.130900000000004">
        <ele>668.1440325756221</ele>
        <time>2022-05-29T07:48:09Z</time>
      </trkpt>
      <trkpt lat="31.780780000000004" lon="35.13092">
        <ele>668</ele>
        <time>2022-05-29T07:48:10Z</time>
      </trkpt>
      <trkpt lat="31.780690000000003" lon="35.13087">
        <ele>668</ele>
        <time>2022-05-29T07:48:11Z</time>
      </trkpt>
      <trkpt lat="31.780690000000003" lon="35.13087">
        <ele>668</ele>
        <time>2022-05-29T07:48:12Z</time>
      </trkpt>
      <trkpt lat="31.780510000000003" lon="35.130880000000005">
        <ele>668</ele>
        <time>2022-05-29T07:48:13Z</time>
      </trkpt>
      <trkpt lat="31.780330000000003" lon="35.13092">
        <ele>668</ele>
        <time>2022-05-29T07:48:14Z</time>
      </trkpt>
      <trkpt lat="31.780170000000002" lon="35.13087">
        <ele>672</ele>
        <time>2022-05-29T07:48:15Z</time>
      </trkpt>
      <trkpt lat="31.78008" lon="35.13078">
        <ele>672</ele>
        <time>2022-05-29T07:48:16Z</time>
      </trkpt>
      <trkpt lat="31.780030000000004" lon="35.130660000000006">
        <ele>657</ele>
        <time>2022-05-29T07:48:17Z</time>
      </trkpt>
      <trkpt lat="31.7798" lon="35.13035">
        <ele>657</ele>
        <time>2022-05-29T07:48:18Z</time>
      </trkpt>
      <trkpt lat="31.7798" lon="35.13035">
        <ele>668.5321021264269</ele>
        <time>2022-05-29T07:48:19Z</time>
      </trkpt>
      <trkpt lat="31.779570000000003" lon="35.12991">
        <ele>657</ele>
        <time>2022-05-29T07:48:20Z</time>
      </trkpt>
      <trkpt lat="31.779510000000002" lon="35.129870000000004">
        <ele>646</ele>
        <time>2022-05-29T07:48:21Z</time>
      </trkpt>
      <trkpt lat="31.779400000000003" lon="35.12982">
        <ele>646</ele>
        <time>2022-05-29T07:48:22Z</time>
      </trkpt>
      <trkpt lat="31.779400000000003" lon="35.12982">
        <ele>646</ele>
        <time>2022-05-29T07:48:23Z</time>
      </trkpt>
      <trkpt lat="31.779280000000004" lon="35.12973">
        <ele>662</ele>
        <time>2022-05-29T07:48:24Z</time>
      </trkpt>
      <trkpt lat="31.779120000000002" lon="35.12953">
        <ele>662</ele>
        <time>2022-05-29T07:48:25Z</time>
      </trkpt>
      <trkpt lat="31.779110000000003" lon="35.12948">
        <ele>662</ele>
        <time>2022-05-29T07:48:26Z</time>
      </trkpt>
      <trkpt lat="31.77906" lon="35.12941">
        <ele>662</ele>
        <time>2022-05-29T07:48:27Z</time>
      </trkpt>
      <trkpt lat="31.77897" lon="35.12935">
        <ele>662</ele>
        <time>2022-05-29T07:48:28Z</time>
      </trkpt>
      <trkpt lat="31.77897" lon="35.12935">
        <ele>674.1251207447606</ele>
        <time>2022-05-29T07:48:29Z</time>
      </trkpt>
      <trkpt lat="31.77878" lon="35.129310000000004">
        <ele>662</ele>
        <time>2022-05-29T07:48:30Z</time>
      </trkpt>
      <trkpt lat="31.778140000000004" lon="35.12932">
        <ele>668</ele>
        <time>2022-05-29T07:48:31Z</time>
      </trkpt>
      <trkpt lat="31.778140000000004" lon="35.12932">
        <ele>668</ele>
        <time>2022-05-29T07:48:32Z</time>
      </trkpt>
      <trkpt lat="31.778000000000002" lon="35.12932">
        <ele>674</ele>
        <time>2022-05-29T07:48:33Z</time>
      </trkpt>
      <trkpt lat="31.778000000000002" lon="35.12932">
        <ele>674</ele>
        <time>2022-05-29T07:48:34Z</time>
      </trkpt>
      <trkpt lat="31.77794" lon="35.1293">
        <ele>674</ele>
        <time>2022-05-29T07:48:35Z</time>
      </trkpt>
      <trkpt lat="31.777900000000002" lon="35.12926">
        <ele>674</ele>
        <time>2022-05-29T07:48:36Z</time>
      </trkpt>
      <trkpt lat="31.777900000000002" lon="35.12919">
        <ele>674</ele>
        <time>2022-05-29T07:48:37Z</time>
      </trkpt>
      <trkpt lat="31.77793" lon="35.12908">
        <ele>674</ele>
        <time>2022-05-29T07:48:38Z</time>
      </trkpt>
      <trkpt lat="31.77793" lon="35.12908">
        <ele>676.8463503409226</ele>
        <time>2022-05-29T07:48:39Z</time>
      </trkpt>
      <trkpt lat="31.777900000000002" lon="35.12905">
        <ele>665</ele>
        <time>2022-05-29T07:48:40Z</time>
      </trkpt>
      <trkpt lat="31.777800000000003" lon="35.12914">
        <ele>674</ele>
        <time>2022-05-29T07:48:41Z</time>
      </trkpt>
      <trkpt lat="31.77775" lon="35.12915">
        <ele>674</ele>
        <time>2022-05-29T07:48:42Z</time>
      </trkpt>
      <trkpt lat="31.777710000000003" lon="35.12921">
        <ele>674</ele>
        <time>2022-05-29T07:48:43Z</time>
      </trkpt>
      <trkpt lat="31.777600000000003" lon="35.12928">
        <ele>679</ele>
        <time>2022-05-29T07:48:44Z</time>
      </trkpt>
      <trkpt lat="31.777600000000003" lon="35.12928">
        <ele>679</ele>
        <time>2022-05-29T07:48:45Z</time>
      </trkpt>
      <trkpt lat="31.777480000000004" lon="35.129270000000005">
        <ele>679</ele>
        <time>2022-05-29T07:48:46Z</time>
      </trkpt>
      <trkpt lat="31.777310000000003" lon="35.12914">
        <ele>679</ele>
        <time>2022-05-29T07:48:47Z</time>
      </trkpt>
      <trkpt lat="31.777240000000003" lon="35.12913">
        <ele>679</ele>
        <time>2022-05-29T07:48:48Z</time>
      </trkpt>
      <trkpt lat="31.777240000000003" lon="35.12913">
        <ele>677.5909777126944</ele>
        <time>2022-05-29T07:48:49Z</time>
      </trkpt>
      <trkpt lat="31.777130000000003" lon="35.12915">
        <ele>679</ele>
        <time>2022-05-29T07:48:50Z</time>
      </trkpt>
      <trkpt lat="31.777030000000003" lon="35.129200000000004">
        <ele>679</ele>
        <time>2022-05-29T07:48:51Z</time>
      </trkpt>
      <trkpt lat="31.776980000000002" lon="35.12926">
        <ele>679</ele>
        <time>2022-05-29T07:48:52Z</time>
      </trkpt>
      <trkpt lat="31.776780000000002" lon="35.129110000000004">
        <ele>677</ele>
        <time>2022-05-29T07:48:53Z</time>
      </trkpt>
      <extensions>
        <RoutingType xmlns="">Hike</RoutingType>
      </extensions>
    </trkseg>
    <trkseg>
      <trkpt lat="31.776780000000002" lon="35.129110000000004">
        <ele>677</ele>
        <time>2022-05-29T07:48:53Z</time>
      </trkpt>
      <trkpt lat="31.776680000000002" lon="35.129110000000004">
        <ele>677</ele>
        <time>2022-05-29T07:48:54Z</time>
      </trkpt>
      <trkpt lat="31.776640000000004" lon="35.12928">
        <ele>677</ele>
        <time>2022-05-29T07:48:55Z</time>
      </trkpt>
      <trkpt lat="31.776640000000004" lon="35.12928">
        <ele>677</ele>
        <time>2022-05-29T07:48:56Z</time>
      </trkpt>
      <trkpt lat="31.776660000000003" lon="35.12933">
        <ele>677</ele>
        <time>2022-05-29T07:48:57Z</time>
      </trkpt>
      <trkpt lat="31.776650000000004" lon="35.129400000000004">
        <ele>677</ele>
        <time>2022-05-29T07:48:58Z</time>
      </trkpt>
      <trkpt lat="31.776650000000004" lon="35.129400000000004">
        <ele>671.605453688535</ele>
        <time>2022-05-29T07:48:59Z</time>
      </trkpt>
      <trkpt lat="31.776560000000003" lon="35.12952">
        <ele>677</ele>
        <time>2022-05-29T07:49:00Z</time>
      </trkpt>
      <trkpt lat="31.776500000000002" lon="35.129580000000004">
        <ele>677</ele>
        <time>2022-05-29T07:49:01Z</time>
      </trkpt>
      <trkpt lat="31.776300000000003" lon="35.12962">
        <ele>677</ele>
        <time>2022-05-29T07:49:02Z</time>
      </trkpt>
      <trkpt lat="31.776180000000004" lon="35.12968">
        <ele>677</ele>
        <time>2022-05-29T07:49:03Z</time>
      </trkpt>
      <trkpt lat="31.775980000000004" lon="35.12968">
        <ele>666</ele>
        <time>2022-05-29T07:49:04Z</time>
      </trkpt>
      <trkpt lat="31.775750000000002" lon="35.129740000000005">
        <ele>666</ele>
        <time>2022-05-29T07:49:05Z</time>
      </trkpt>
      <trkpt lat="31.775560000000002" lon="35.1298">
        <ele>666</ele>
        <time>2022-05-29T07:49:06Z</time>
      </trkpt>
      <trkpt lat="31.775560000000002" lon="35.1298">
        <ele>666</ele>
        <time>2022-05-29T07:49:07Z</time>
      </trkpt>
      <trkpt lat="31.774810000000002" lon="35.1297">
        <ele>654</ele>
        <time>2022-05-29T07:49:08Z</time>
      </trkpt>
      <trkpt lat="31.774810000000002" lon="35.1297">
        <ele>628.7005091883475</ele>
        <time>2022-05-29T07:49:09Z</time>
      </trkpt>
      <trkpt lat="31.774420000000003" lon="35.12959">
        <ele>654</ele>
        <time>2022-05-29T07:49:10Z</time>
      </trkpt>
      <trkpt lat="31.7739" lon="35.129250000000006">
        <ele>632</ele>
        <time>2022-05-29T07:49:11Z</time>
      </trkpt>
      <trkpt lat="31.773600000000002" lon="35.129020000000004">
        <ele>628.5</ele>
        <time>2022-05-29T07:49:12Z</time>
      </trkpt>
      <trkpt lat="31.773600000000002" lon="35.129020000000004">
        <ele>628.5</ele>
        <time>2022-05-29T07:49:13Z</time>
      </trkpt>
      <trkpt lat="31.773390000000003" lon="35.12885">
        <ele>625</ele>
        <time>2022-05-29T07:49:14Z</time>
      </trkpt>
      <trkpt lat="31.773110000000003" lon="35.1283">
        <ele>625</ele>
        <time>2022-05-29T07:49:15Z</time>
      </trkpt>
      <trkpt lat="31.773030000000002" lon="35.128080000000004">
        <ele>636</ele>
        <time>2022-05-29T07:49:16Z</time>
      </trkpt>
      <trkpt lat="31.772900000000003" lon="35.12762">
        <ele>636</ele>
        <time>2022-05-29T07:49:17Z</time>
      </trkpt>
      <trkpt lat="31.772900000000003" lon="35.12762">
        <ele>636</ele>
        <time>2022-05-29T07:49:18Z</time>
      </trkpt>
      <trkpt lat="31.772900000000003" lon="35.12762">
        <ele>610.9863344889955</ele>
        <time>2022-05-29T07:49:19Z</time>
      </trkpt>
      <trkpt lat="31.772820000000003" lon="35.12753">
        <ele>636</ele>
        <time>2022-05-29T07:49:20Z</time>
      </trkpt>
      <trkpt lat="31.772750000000002" lon="35.12755">
        <ele>636</ele>
        <time>2022-05-29T07:49:21Z</time>
      </trkpt>
      <trkpt lat="31.772440000000003" lon="35.12769">
        <ele>605</ele>
        <time>2022-05-29T07:49:22Z</time>
      </trkpt>
      <trkpt lat="31.77231" lon="35.12767">
        <ele>605</ele>
        <time>2022-05-29T07:49:23Z</time>
      </trkpt>
      <trkpt lat="31.77192" lon="35.12753">
        <ele>605</ele>
        <time>2022-05-29T07:49:24Z</time>
      </trkpt>
      <trkpt lat="31.770940000000003" lon="35.127460000000006">
        <ele>591</ele>
        <time>2022-05-29T07:49:25Z</time>
      </trkpt>
      <trkpt lat="31.770850000000003" lon="35.12754">
        <ele>591</ele>
        <time>2022-05-29T07:49:26Z</time>
      </trkpt>
      <trkpt lat="31.770740000000004" lon="35.12765">
        <ele>591</ele>
        <time>2022-05-29T07:49:27Z</time>
      </trkpt>
      <trkpt lat="31.770470000000003" lon="35.12794">
        <ele>591</ele>
        <time>2022-05-29T07:49:28Z</time>
      </trkpt>
      <trkpt lat="31.770470000000003" lon="35.12794">
        <ele>569.8886920564444</ele>
        <time>2022-05-29T07:49:29Z</time>
      </trkpt>
      <trkpt lat="31.770470000000003" lon="35.12794">
        <ele>569.8886920564444</ele>
        <time>2022-05-29T07:49:30Z</time>
      </trkpt>
      <trkpt lat="31.770310000000002" lon="35.12809">
        <ele>591</ele>
        <time>2022-05-29T07:49:31Z</time>
      </trkpt>
      <trkpt lat="31.770120000000002" lon="35.12823">
        <ele>553</ele>
        <time>2022-05-29T07:49:32Z</time>
      </trkpt>
      <trkpt lat="31.769980000000004" lon="35.128310000000006">
        <ele>553</ele>
        <time>2022-05-29T07:49:33Z</time>
      </trkpt>
      <trkpt lat="31.769890000000004" lon="35.12841">
        <ele>553</ele>
        <time>2022-05-29T07:49:34Z</time>
      </trkpt>
      <trkpt lat="31.769640000000003" lon="35.12904">
        <ele>540.5</ele>
        <time>2022-05-29T07:49:35Z</time>
      </trkpt>
      <trkpt lat="31.769640000000003" lon="35.12904">
        <ele>540.5</ele>
        <time>2022-05-29T07:49:36Z</time>
      </trkpt>
      <trkpt lat="31.769560000000002" lon="35.12924">
        <ele>528</ele>
        <time>2022-05-29T07:49:37Z</time>
      </trkpt>
      <trkpt lat="31.769500000000004" lon="35.12966">
        <ele>528</ele>
        <time>2022-05-29T07:49:38Z</time>
      </trkpt>
      <trkpt lat="31.769500000000004" lon="35.12966">
        <ele>512.5331801072078</ele>
        <time>2022-05-29T07:49:39Z</time>
      </trkpt>
      <trkpt lat="31.769500000000004" lon="35.12986">
        <ele>528</ele>
        <time>2022-05-29T07:49:40Z</time>
      </trkpt>
      <trkpt lat="31.769500000000004" lon="35.12986">
        <ele>528</ele>
        <time>2022-05-29T07:49:41Z</time>
      </trkpt>
      <trkpt lat="31.769510000000004" lon="35.12997">
        <ele>501</ele>
        <time>2022-05-29T07:49:42Z</time>
      </trkpt>
      <trkpt lat="31.769610000000004" lon="35.130190000000006">
        <ele>501</ele>
        <time>2022-05-29T07:49:43Z</time>
      </trkpt>
      <trkpt lat="31.769820000000003" lon="35.130570000000006">
        <ele>501</ele>
        <time>2022-05-29T07:49:44Z</time>
      </trkpt>
      <trkpt lat="31.76986" lon="35.130630000000004">
        <ele>501</ele>
        <time>2022-05-29T07:49:45Z</time>
      </trkpt>
      <trkpt lat="31.769910000000003" lon="35.130630000000004">
        <ele>501</ele>
        <time>2022-05-29T07:49:46Z</time>
      </trkpt>
      <trkpt lat="31.77034" lon="35.13045">
        <ele>495</ele>
        <time>2022-05-29T07:49:47Z</time>
      </trkpt>
      <trkpt lat="31.7708" lon="35.130300000000005">
        <ele>495</ele>
        <time>2022-05-29T07:49:48Z</time>
      </trkpt>
      <trkpt lat="31.7708" lon="35.130300000000005">
        <ele>493.27492787258234</ele>
        <time>2022-05-29T07:49:49Z</time>
      </trkpt>
      <trkpt lat="31.771110000000004" lon="35.13022">
        <ele>499</ele>
        <time>2022-05-29T07:49:50Z</time>
      </trkpt>
      <trkpt lat="31.771240000000002" lon="35.13022">
        <ele>499</ele>
        <time>2022-05-29T07:49:51Z</time>
      </trkpt>
      <trkpt lat="31.771240000000002" lon="35.13022">
        <ele>499</ele>
        <time>2022-05-29T07:49:52Z</time>
      </trkpt>
      <trkpt lat="31.771430000000002" lon="35.130280000000006">
        <ele>499</ele>
        <time>2022-05-29T07:49:53Z</time>
      </trkpt>
      <trkpt lat="31.771610000000003" lon="35.130410000000005">
        <ele>499</ele>
        <time>2022-05-29T07:49:54Z</time>
      </trkpt>
      <trkpt lat="31.771760000000004" lon="35.13058">
        <ele>499</ele>
        <time>2022-05-29T07:49:55Z</time>
      </trkpt>
      <trkpt lat="31.77184" lon="35.13073">
        <ele>498</ele>
        <time>2022-05-29T07:49:56Z</time>
      </trkpt>
      <trkpt lat="31.771900000000002" lon="35.13089">
        <ele>507</ele>
        <time>2022-05-29T07:49:57Z</time>
      </trkpt>
      <trkpt lat="31.771980000000003" lon="35.13132">
        <ele>507</ele>
        <time>2022-05-29T07:49:58Z</time>
      </trkpt>
      <trkpt lat="31.771980000000003" lon="35.13132">
        <ele>496.16176904207305</ele>
        <time>2022-05-29T07:49:59Z</time>
      </trkpt>
      <trkpt lat="31.771990000000002" lon="35.131640000000004">
        <ele>505</ele>
        <time>2022-05-29T07:50:00Z</time>
      </trkpt>
      <trkpt lat="31.771960000000004" lon="35.13192">
        <ele>505</ele>
        <time>2022-05-29T07:50:01Z</time>
      </trkpt>
      <trkpt lat="31.771960000000004" lon="35.13192">
        <ele>505</ele>
        <time>2022-05-29T07:50:02Z</time>
      </trkpt>
      <trkpt lat="31.771960000000004" lon="35.13192">
        <ele>505</ele>
        <time>2022-05-29T07:50:03Z</time>
      </trkpt>
      <trkpt lat="31.771950000000004" lon="35.132090000000005">
        <ele>505</ele>
        <time>2022-05-29T07:50:04Z</time>
      </trkpt>
      <trkpt lat="31.772080000000003" lon="35.133230000000005">
        <ele>503</ele>
        <time>2022-05-29T07:50:05Z</time>
      </trkpt>
      <trkpt lat="31.772240000000004" lon="35.13411">
        <ele>504</ele>
        <time>2022-05-29T07:50:06Z</time>
      </trkpt>
      <trkpt lat="31.772260000000003" lon="35.134600000000006">
        <ele>504</ele>
        <time>2022-05-29T07:50:07Z</time>
      </trkpt>
      <trkpt lat="31.772230000000004" lon="35.134800000000006">
        <ele>504</ele>
        <time>2022-05-29T07:50:08Z</time>
      </trkpt>
      <trkpt lat="31.772230000000004" lon="35.134800000000006">
        <ele>508.39845907130825</ele>
        <time>2022-05-29T07:50:09Z</time>
      </trkpt>
      <trkpt lat="31.7722" lon="35.13492">
        <ele>502</ele>
        <time>2022-05-29T07:50:10Z</time>
      </trkpt>
      <trkpt lat="31.77212" lon="35.135040000000004">
        <ele>502</ele>
        <time>2022-05-29T07:50:11Z</time>
      </trkpt>
      <trkpt lat="31.772000000000002" lon="35.13512">
        <ele>502</ele>
        <time>2022-05-29T07:50:12Z</time>
      </trkpt>
      <trkpt lat="31.771860000000004" lon="35.13514">
        <ele>502</ele>
        <time>2022-05-29T07:50:13Z</time>
      </trkpt>
      <trkpt lat="31.771860000000004" lon="35.13514">
        <ele>502</ele>
        <time>2022-05-29T07:50:14Z</time>
      </trkpt>
      <trkpt lat="31.771710000000002" lon="35.135110000000005">
        <ele>512</ele>
        <time>2022-05-29T07:50:15Z</time>
      </trkpt>
      <trkpt lat="31.771470000000004" lon="35.135000000000005">
        <ele>512</ele>
        <time>2022-05-29T07:50:16Z</time>
      </trkpt>
      <trkpt lat="31.77127" lon="35.13494">
        <ele>512</ele>
        <time>2022-05-29T07:50:17Z</time>
      </trkpt>
      <trkpt lat="31.77118" lon="35.13494">
        <ele>512</ele>
        <time>2022-05-29T07:50:18Z</time>
      </trkpt>
      <trkpt lat="31.77118" lon="35.13494">
        <ele>510.50973521206765</ele>
        <time>2022-05-29T07:50:19Z</time>
      </trkpt>
      <extensions>
        <RoutingType xmlns="">Hike</RoutingType>
      </extensions>
    </trkseg>
    <trkseg>
      <trkpt lat="31.77118" lon="35.13494">
        <ele>510.50973521206765</ele>
        <time>2022-05-29T07:50:19Z</time>
      </trkpt>
      <trkpt lat="31.771100000000004" lon="35.13495">
        <ele>512</ele>
        <time>2022-05-29T07:50:20Z</time>
      </trkpt>
      <trkpt lat="31.77098" lon="35.13501">
        <ele>517</ele>
        <time>2022-05-29T07:50:21Z</time>
      </trkpt>
      <trkpt lat="31.770720000000004" lon="35.13519">
        <ele>517</ele>
        <time>2022-05-29T07:50:22Z</time>
      </trkpt>
      <trkpt lat="31.77061" lon="35.135310000000004">
        <ele>517</ele>
        <time>2022-05-29T07:50:23Z</time>
      </trkpt>
      <trkpt lat="31.770480000000003" lon="35.13555">
        <ele>517</ele>
        <time>2022-05-29T07:50:24Z</time>
      </trkpt>
      <trkpt lat="31.770480000000003" lon="35.13555">
        <ele>517</ele>
        <time>2022-05-29T07:50:25Z</time>
      </trkpt>
      <trkpt lat="31.770080000000004" lon="35.136630000000004">
        <ele>517</ele>
        <time>2022-05-29T07:50:26Z</time>
      </trkpt>
      <trkpt lat="31.770070000000004" lon="35.13673">
        <ele>517</ele>
        <time>2022-05-29T07:50:27Z</time>
      </trkpt>
      <trkpt lat="31.770110000000003" lon="35.13692">
        <ele>517</ele>
        <time>2022-05-29T07:50:28Z</time>
      </trkpt>
      <trkpt lat="31.770110000000003" lon="35.13692">
        <ele>508.86540823739983</ele>
        <time>2022-05-29T07:50:29Z</time>
      </trkpt>
      <trkpt lat="31.770120000000002" lon="35.137150000000005">
        <ele>517.5</ele>
        <time>2022-05-29T07:50:30Z</time>
      </trkpt>
      <trkpt lat="31.770120000000002" lon="35.137150000000005">
        <ele>517.5</ele>
        <time>2022-05-29T07:50:31Z</time>
      </trkpt>
      <trkpt lat="31.77015" lon="35.1374">
        <ele>518</ele>
        <time>2022-05-29T07:50:32Z</time>
      </trkpt>
      <trkpt lat="31.77015" lon="35.1377">
        <ele>518</ele>
        <time>2022-05-29T07:50:33Z</time>
      </trkpt>
      <trkpt lat="31.77013" lon="35.13787">
        <ele>518</ele>
        <time>2022-05-29T07:50:34Z</time>
      </trkpt>
      <trkpt lat="31.770090000000003" lon="35.13797">
        <ele>518</ele>
        <time>2022-05-29T07:50:35Z</time>
      </trkpt>
      <trkpt lat="31.770090000000003" lon="35.13797">
        <ele>518</ele>
        <time>2022-05-29T07:50:36Z</time>
      </trkpt>
      <trkpt lat="31.770020000000002" lon="35.138070000000006">
        <ele>518</ele>
        <time>2022-05-29T07:50:37Z</time>
      </trkpt>
      <trkpt lat="31.769930000000002" lon="35.13815">
        <ele>518</ele>
        <time>2022-05-29T07:50:38Z</time>
      </trkpt>
      <trkpt lat="31.769930000000002" lon="35.13815">
        <ele>511.871480825352</ele>
        <time>2022-05-29T07:50:39Z</time>
      </trkpt>
      <trkpt lat="31.769700000000004" lon="35.138310000000004">
        <ele>519</ele>
        <time>2022-05-29T07:50:40Z</time>
      </trkpt>
      <trkpt lat="31.769370000000002" lon="35.138600000000004">
        <ele>519</ele>
        <time>2022-05-29T07:50:41Z</time>
      </trkpt>
      <trkpt lat="31.769090000000002" lon="35.13891">
        <ele>527</ele>
        <time>2022-05-29T07:50:42Z</time>
      </trkpt>
      <trkpt lat="31.768950000000004" lon="35.139140000000005">
        <ele>524</ele>
        <time>2022-05-29T07:50:43Z</time>
      </trkpt>
      <trkpt lat="31.768880000000003" lon="35.139340000000004">
        <ele>524</ele>
        <time>2022-05-29T07:50:44Z</time>
      </trkpt>
      <trkpt lat="31.76884" lon="35.13964">
        <ele>524</ele>
        <time>2022-05-29T07:50:45Z</time>
      </trkpt>
      <trkpt lat="31.768880000000003" lon="35.140620000000006">
        <ele>526</ele>
        <time>2022-05-29T07:50:46Z</time>
      </trkpt>
      <trkpt lat="31.768880000000003" lon="35.140620000000006">
        <ele>526</ele>
        <time>2022-05-29T07:50:47Z</time>
      </trkpt>
      <trkpt lat="31.768970000000003" lon="35.14144">
        <ele>525</ele>
        <time>2022-05-29T07:50:48Z</time>
      </trkpt>
      <trkpt lat="31.768970000000003" lon="35.14144">
        <ele>517.0548864774398</ele>
        <time>2022-05-29T07:50:49Z</time>
      </trkpt>
      <trkpt lat="31.768860000000004" lon="35.142340000000004">
        <ele>528</ele>
        <time>2022-05-29T07:50:50Z</time>
      </trkpt>
      <trkpt lat="31.768860000000004" lon="35.142720000000004">
        <ele>522</ele>
        <time>2022-05-29T07:50:51Z</time>
      </trkpt>
      <trkpt lat="31.768880000000003" lon="35.142860000000006">
        <ele>522</ele>
        <time>2022-05-29T07:50:52Z</time>
      </trkpt>
      <trkpt lat="31.76893" lon="35.14298">
        <ele>522</ele>
        <time>2022-05-29T07:50:53Z</time>
      </trkpt>
      <trkpt lat="31.769090000000002" lon="35.1432">
        <ele>522</ele>
        <time>2022-05-29T07:50:54Z</time>
      </trkpt>
      <trkpt lat="31.769270000000002" lon="35.1434">
        <ele>530</ele>
        <time>2022-05-29T07:50:55Z</time>
      </trkpt>
      <trkpt lat="31.769610000000004" lon="35.14361">
        <ele>531</ele>
        <time>2022-05-29T07:50:56Z</time>
      </trkpt>
      <trkpt lat="31.769610000000004" lon="35.14361">
        <ele>531</ele>
        <time>2022-05-29T07:50:57Z</time>
      </trkpt>
      <trkpt lat="31.769610000000004" lon="35.14361">
        <ele>531</ele>
        <time>2022-05-29T07:50:58Z</time>
      </trkpt>
      <trkpt lat="31.769610000000004" lon="35.14361">
        <ele>516.4137195023145</ele>
        <time>2022-05-29T07:50:59Z</time>
      </trkpt>
      <trkpt lat="31.77061" lon="35.1441">
        <ele>528</ele>
        <time>2022-05-29T07:51:00Z</time>
      </trkpt>
      <trkpt lat="31.771000000000004" lon="35.14439">
        <ele>528</ele>
        <time>2022-05-29T07:51:01Z</time>
      </trkpt>
      <trkpt lat="31.77126" lon="35.14461">
        <ele>553</ele>
        <time>2022-05-29T07:51:02Z</time>
      </trkpt>
      <trkpt lat="31.77135" lon="35.144740000000006">
        <ele>553</ele>
        <time>2022-05-29T07:51:03Z</time>
      </trkpt>
      <trkpt lat="31.771440000000002" lon="35.144960000000005">
        <ele>530</ele>
        <time>2022-05-29T07:51:04Z</time>
      </trkpt>
      <trkpt lat="31.771490000000004" lon="35.14538">
        <ele>530</ele>
        <time>2022-05-29T07:51:05Z</time>
      </trkpt>
      <trkpt lat="31.771500000000003" lon="35.14567">
        <ele>530</ele>
        <time>2022-05-29T07:51:06Z</time>
      </trkpt>
      <trkpt lat="31.771580000000004" lon="35.146240000000006">
        <ele>529</ele>
        <time>2022-05-29T07:51:07Z</time>
      </trkpt>
      <trkpt lat="31.771700000000003" lon="35.146550000000005">
        <ele>534</ele>
        <time>2022-05-29T07:51:08Z</time>
      </trkpt>
      <trkpt lat="31.771700000000003" lon="35.146550000000005">
        <ele>523.353539769942</ele>
        <time>2022-05-29T07:51:09Z</time>
      </trkpt>
      <trkpt lat="31.771700000000003" lon="35.146550000000005">
        <ele>523.353539769942</ele>
        <time>2022-05-29T07:51:10Z</time>
      </trkpt>
      <trkpt lat="31.771800000000002" lon="35.146730000000005">
        <ele>534</ele>
        <time>2022-05-29T07:51:11Z</time>
      </trkpt>
      <trkpt lat="31.77193" lon="35.14694">
        <ele>537</ele>
        <time>2022-05-29T07:51:12Z</time>
      </trkpt>
      <trkpt lat="31.77211" lon="35.14716">
        <ele>537</ele>
        <time>2022-05-29T07:51:13Z</time>
      </trkpt>
      <trkpt lat="31.773400000000002" lon="35.148360000000004">
        <ele>527</ele>
        <time>2022-05-29T07:51:14Z</time>
      </trkpt>
      <trkpt lat="31.773480000000003" lon="35.14849">
        <ele>527</ele>
        <time>2022-05-29T07:51:15Z</time>
      </trkpt>
      <trkpt lat="31.773540000000004" lon="35.14869">
        <ele>540</ele>
        <time>2022-05-29T07:51:16Z</time>
      </trkpt>
      <trkpt lat="31.773680000000002" lon="35.14954">
        <ele>532</ele>
        <time>2022-05-29T07:51:17Z</time>
      </trkpt>
      <trkpt lat="31.773680000000002" lon="35.14954">
        <ele>532</ele>
        <time>2022-05-29T07:51:18Z</time>
      </trkpt>
      <trkpt lat="31.773680000000002" lon="35.14954">
        <ele>521.9836075237254</ele>
        <time>2022-05-29T07:51:19Z</time>
      </trkpt>
      <trkpt lat="31.773760000000003" lon="35.149730000000005">
        <ele>532</ele>
        <time>2022-05-29T07:51:20Z</time>
      </trkpt>
      <trkpt lat="31.773760000000003" lon="35.149730000000005">
        <ele>532</ele>
        <time>2022-05-29T07:51:21Z</time>
      </trkpt>
      <trkpt lat="31.773960000000002" lon="35.15003">
        <ele>531</ele>
        <time>2022-05-29T07:51:22Z</time>
      </trkpt>
      <trkpt lat="31.774030000000003" lon="35.150180000000006">
        <ele>531</ele>
        <time>2022-05-29T07:51:23Z</time>
      </trkpt>
      <trkpt lat="31.774040000000003" lon="35.15026">
        <ele>531</ele>
        <time>2022-05-29T07:51:24Z</time>
      </trkpt>
      <trkpt lat="31.774" lon="35.150360000000006">
        <ele>531</ele>
        <time>2022-05-29T07:51:25Z</time>
      </trkpt>
      <trkpt lat="31.773760000000003" lon="35.150560000000006">
        <ele>531</ele>
        <time>2022-05-29T07:51:26Z</time>
      </trkpt>
      <trkpt lat="31.773600000000002" lon="35.150800000000004">
        <ele>527</ele>
        <time>2022-05-29T07:51:27Z</time>
      </trkpt>
      <trkpt lat="31.773560000000003" lon="35.150920000000006">
        <ele>527</ele>
        <time>2022-05-29T07:51:28Z</time>
      </trkpt>
      <trkpt lat="31.773560000000003" lon="35.150920000000006">
        <ele>523.0336409953516</ele>
        <time>2022-05-29T07:51:29Z</time>
      </trkpt>
      <trkpt lat="31.773550000000004" lon="35.15108">
        <ele>527</ele>
        <time>2022-05-29T07:51:30Z</time>
      </trkpt>
      <trkpt lat="31.773580000000003" lon="35.15128">
        <ele>527</ele>
        <time>2022-05-29T07:51:31Z</time>
      </trkpt>
      <trkpt lat="31.773580000000003" lon="35.15128">
        <ele>527</ele>
        <time>2022-05-29T07:51:32Z</time>
      </trkpt>
      <trkpt lat="31.773590000000002" lon="35.15149">
        <ele>527</ele>
        <time>2022-05-29T07:51:33Z</time>
      </trkpt>
      <trkpt lat="31.773580000000003" lon="35.15157">
        <ele>527</ele>
        <time>2022-05-29T07:51:34Z</time>
      </trkpt>
      <trkpt lat="31.773570000000003" lon="35.152060000000006">
        <ele>527</ele>
        <time>2022-05-29T07:51:35Z</time>
      </trkpt>
      <trkpt lat="31.773550000000004" lon="35.152240000000006">
        <ele>527</ele>
        <time>2022-05-29T07:51:36Z</time>
      </trkpt>
      <trkpt lat="31.773490000000002" lon="35.15242">
        <ele>535</ele>
        <time>2022-05-29T07:51:37Z</time>
      </trkpt>
      <trkpt lat="31.773390000000003" lon="35.152620000000006">
        <ele>535</ele>
        <time>2022-05-29T07:51:38Z</time>
      </trkpt>
      <trkpt lat="31.773390000000003" lon="35.152620000000006">
        <ele>529.38747205236</ele>
        <time>2022-05-29T07:51:39Z</time>
      </trkpt>
      <trkpt lat="31.773290000000003" lon="35.15287">
        <ele>535</ele>
        <time>2022-05-29T07:51:40Z</time>
      </trkpt>
      <trkpt lat="31.773190000000003" lon="35.15303">
        <ele>535</ele>
        <time>2022-05-29T07:51:41Z</time>
      </trkpt>
      <trkpt lat="31.772830000000003" lon="35.153400000000005">
        <ele>534</ele>
        <time>2022-05-29T07:51:42Z</time>
      </trkpt>
      <trkpt lat="31.772830000000003" lon="35.153400000000005">
        <ele>534</ele>
        <time>2022-05-29T07:51:43Z</time>
      </trkpt>
      <trkpt lat="31.77248" lon="35.153620000000004">
        <ele>542</ele>
        <time>2022-05-29T07:51:44Z</time>
      </trkpt>
      <trkpt lat="31.772220000000004" lon="35.153670000000005">
        <ele>542</ele>
        <time>2022-05-29T07:51:45Z</time>
      </trkpt>
      <extensions>
        <RoutingType xmlns="">Hike</RoutingType>
      </extensions>
    </trkseg>
    <trkseg>
      <trkpt lat="31.772220000000004" lon="35.153670000000005">
        <ele>542</ele>
        <time>2022-05-29T07:51:45Z</time>
      </trkpt>
      <trkpt lat="31.7709" lon="35.153670000000005">
        <ele>552</ele>
        <time>2022-05-29T07:51:46Z</time>
      </trkpt>
      <trkpt lat="31.77042" lon="35.15375">
        <ele>552</ele>
        <time>2022-05-29T07:51:47Z</time>
      </trkpt>
      <trkpt lat="31.76977" lon="35.15413">
        <ele>552</ele>
        <time>2022-05-29T07:51:48Z</time>
      </trkpt>
      <trkpt lat="31.76977" lon="35.15413">
        <ele>550.3494523631816</ele>
        <time>2022-05-29T07:51:49Z</time>
      </trkpt>
      <trkpt lat="31.76977" lon="35.15413">
        <ele>552</ele>
        <time>2022-05-29T07:51:50Z</time>
      </trkpt>
      <trkpt lat="31.769910000000003" lon="35.154050000000005">
        <ele>552</ele>
        <time>2022-05-29T07:51:51Z</time>
      </trkpt>
      <trkpt lat="31.769970000000004" lon="35.15437">
        <ele>552</ele>
        <time>2022-05-29T07:51:52Z</time>
      </trkpt>
      <trkpt lat="31.770000000000003" lon="35.154520000000005">
        <ele>552</ele>
        <time>2022-05-29T07:51:53Z</time>
      </trkpt>
      <trkpt lat="31.770000000000003" lon="35.154520000000005">
        <ele>552</ele>
        <time>2022-05-29T07:51:54Z</time>
      </trkpt>
      <trkpt lat="31.770080000000004" lon="35.1546">
        <ele>552</ele>
        <time>2022-05-29T07:51:55Z</time>
      </trkpt>
      <trkpt lat="31.770440000000004" lon="35.154790000000006">
        <ele>547</ele>
        <time>2022-05-29T07:51:56Z</time>
      </trkpt>
      <trkpt lat="31.771140000000003" lon="35.155350000000006">
        <ele>552</ele>
        <time>2022-05-29T07:51:57Z</time>
      </trkpt>
      <trkpt lat="31.77136" lon="35.15563">
        <ele>552</ele>
        <time>2022-05-29T07:51:58Z</time>
      </trkpt>
      <trkpt lat="31.77136" lon="35.15563">
        <ele>561.2633807824872</ele>
        <time>2022-05-29T07:51:59Z</time>
      </trkpt>
      <trkpt lat="31.771520000000002" lon="35.15579">
        <ele>562</ele>
        <time>2022-05-29T07:52:00Z</time>
      </trkpt>
      <trkpt lat="31.771780000000003" lon="35.15616">
        <ele>562</ele>
        <time>2022-05-29T07:52:01Z</time>
      </trkpt>
      <trkpt lat="31.77202" lon="35.156220000000005">
        <ele>547</ele>
        <time>2022-05-29T07:52:02Z</time>
      </trkpt>
      <trkpt lat="31.7722" lon="35.156490000000005">
        <ele>547</ele>
        <time>2022-05-29T07:52:03Z</time>
      </trkpt>
      <trkpt lat="31.772320000000004" lon="35.156650000000006">
        <ele>557</ele>
        <time>2022-05-29T07:52:04Z</time>
      </trkpt>
      <trkpt lat="31.772320000000004" lon="35.156650000000006">
        <ele>557</ele>
        <time>2022-05-29T07:52:05Z</time>
      </trkpt>
      <trkpt lat="31.772410000000004" lon="35.15672">
        <ele>557</ele>
        <time>2022-05-29T07:52:06Z</time>
      </trkpt>
      <trkpt lat="31.772510000000004" lon="35.156760000000006">
        <ele>557</ele>
        <time>2022-05-29T07:52:07Z</time>
      </trkpt>
      <trkpt lat="31.772610000000004" lon="35.15683">
        <ele>557</ele>
        <time>2022-05-29T07:52:08Z</time>
      </trkpt>
      <trkpt lat="31.772610000000004" lon="35.15683">
        <ele>555.511465169841</ele>
        <time>2022-05-29T07:52:09Z</time>
      </trkpt>
      <trkpt lat="31.772720000000003" lon="35.157000000000004">
        <ele>539</ele>
        <time>2022-05-29T07:52:10Z</time>
      </trkpt>
      <trkpt lat="31.772720000000003" lon="35.157000000000004">
        <ele>539</ele>
        <time>2022-05-29T07:52:11Z</time>
      </trkpt>
      <trkpt lat="31.772790000000004" lon="35.157140000000005">
        <ele>539</ele>
        <time>2022-05-29T07:52:12Z</time>
      </trkpt>
      <trkpt lat="31.77286" lon="35.15739">
        <ele>544</ele>
        <time>2022-05-29T07:52:13Z</time>
      </trkpt>
      <trkpt lat="31.772890000000004" lon="35.15764">
        <ele>544</ele>
        <time>2022-05-29T07:52:14Z</time>
      </trkpt>
      <trkpt lat="31.772830000000003" lon="35.15794">
        <ele>544</ele>
        <time>2022-05-29T07:52:15Z</time>
      </trkpt>
      <trkpt lat="31.772830000000003" lon="35.15794">
        <ele>544</ele>
        <time>2022-05-29T07:52:16Z</time>
      </trkpt>
      <trkpt lat="31.772800000000004" lon="35.158240000000006">
        <ele>545</ele>
        <time>2022-05-29T07:52:17Z</time>
      </trkpt>
      <trkpt lat="31.77277" lon="35.15836">
        <ele>545</ele>
        <time>2022-05-29T07:52:18Z</time>
      </trkpt>
      <trkpt lat="31.77277" lon="35.15836">
        <ele>552.034859693842</ele>
        <time>2022-05-29T07:52:19Z</time>
      </trkpt>
      <trkpt lat="31.772600000000004" lon="35.15869">
        <ele>560</ele>
        <time>2022-05-29T07:52:20Z</time>
      </trkpt>
      <trkpt lat="31.7725" lon="35.159000000000006">
        <ele>560</ele>
        <time>2022-05-29T07:52:21Z</time>
      </trkpt>
      <trkpt lat="31.772520000000004" lon="35.15914">
        <ele>557</ele>
        <time>2022-05-29T07:52:22Z</time>
      </trkpt>
      <trkpt lat="31.772520000000004" lon="35.15927">
        <ele>557</ele>
        <time>2022-05-29T07:52:23Z</time>
      </trkpt>
      <trkpt lat="31.7724" lon="35.1595">
        <ele>557</ele>
        <time>2022-05-29T07:52:24Z</time>
      </trkpt>
      <trkpt lat="31.77212" lon="35.160000000000004">
        <ele>566</ele>
        <time>2022-05-29T07:52:25Z</time>
      </trkpt>
      <trkpt lat="31.771900000000002" lon="35.160270000000004">
        <ele>566</ele>
        <time>2022-05-29T07:52:26Z</time>
      </trkpt>
      <trkpt lat="31.771900000000002" lon="35.160270000000004">
        <ele>566</ele>
        <time>2022-05-29T07:52:27Z</time>
      </trkpt>
      <trkpt lat="31.771480000000004" lon="35.160720000000005">
        <ele>578</ele>
        <time>2022-05-29T07:52:28Z</time>
      </trkpt>
      <trkpt lat="31.771480000000004" lon="35.160720000000005">
        <ele>567.376214007727</ele>
        <time>2022-05-29T07:52:29Z</time>
      </trkpt>
      <trkpt lat="31.77136" lon="35.16093">
        <ele>578</ele>
        <time>2022-05-29T07:52:30Z</time>
      </trkpt>
      <trkpt lat="31.771200000000004" lon="35.16102">
        <ele>578</ele>
        <time>2022-05-29T07:52:31Z</time>
      </trkpt>
      <trkpt lat="31.771150000000002" lon="35.161100000000005">
        <ele>578</ele>
        <time>2022-05-29T07:52:32Z</time>
      </trkpt>
      <trkpt lat="31.771010000000004" lon="35.16151">
        <ele>593</ele>
        <time>2022-05-29T07:52:33Z</time>
      </trkpt>
      <trkpt lat="31.770960000000002" lon="35.16171">
        <ele>591</ele>
        <time>2022-05-29T07:52:34Z</time>
      </trkpt>
      <trkpt lat="31.770910000000004" lon="35.1618">
        <ele>591</ele>
        <time>2022-05-29T07:52:35Z</time>
      </trkpt>
      <trkpt lat="31.77079" lon="35.161950000000004">
        <ele>591</ele>
        <time>2022-05-29T07:52:36Z</time>
      </trkpt>
      <trkpt lat="31.77061" lon="35.16221">
        <ele>591</ele>
        <time>2022-05-29T07:52:37Z</time>
      </trkpt>
      <trkpt lat="31.77061" lon="35.16221">
        <ele>591</ele>
        <time>2022-05-29T07:52:38Z</time>
      </trkpt>
      <trkpt lat="31.77061" lon="35.16221">
        <ele>589.5905999606161</ele>
        <time>2022-05-29T07:52:39Z</time>
      </trkpt>
      <trkpt lat="31.770380000000003" lon="35.16277">
        <ele>602</ele>
        <time>2022-05-29T07:52:40Z</time>
      </trkpt>
      <trkpt lat="31.770300000000002" lon="35.16304">
        <ele>602</ele>
        <time>2022-05-29T07:52:41Z</time>
      </trkpt>
      <trkpt lat="31.770290000000003" lon="35.16319">
        <ele>602</ele>
        <time>2022-05-29T07:52:42Z</time>
      </trkpt>
      <trkpt lat="31.770290000000003" lon="35.16319">
        <ele>602</ele>
        <time>2022-05-29T07:52:43Z</time>
      </trkpt>
      <trkpt lat="31.77033" lon="35.163360000000004">
        <ele>617</ele>
        <time>2022-05-29T07:52:44Z</time>
      </trkpt>
      <trkpt lat="31.770260000000004" lon="35.163410000000006">
        <ele>617</ele>
        <time>2022-05-29T07:52:45Z</time>
      </trkpt>
      <trkpt lat="31.770180000000003" lon="35.163410000000006">
        <ele>610</ele>
        <time>2022-05-29T07:52:46Z</time>
      </trkpt>
      <trkpt lat="31.770020000000002" lon="35.163360000000004">
        <ele>610</ele>
        <time>2022-05-29T07:52:47Z</time>
      </trkpt>
      <trkpt lat="31.769940000000002" lon="35.16331">
        <ele>610</ele>
        <time>2022-05-29T07:52:48Z</time>
      </trkpt>
      <trkpt lat="31.769940000000002" lon="35.16331">
        <ele>605.4821597410612</ele>
        <time>2022-05-29T07:52:49Z</time>
      </trkpt>
      <trkpt lat="31.769940000000002" lon="35.16331">
        <ele>605.4821597410612</ele>
        <time>2022-05-29T07:52:50Z</time>
      </trkpt>
      <trkpt lat="31.769740000000002" lon="35.16308">
        <ele>605</ele>
        <time>2022-05-29T07:52:51Z</time>
      </trkpt>
      <trkpt lat="31.769690000000004" lon="35.16297">
        <ele>605</ele>
        <time>2022-05-29T07:52:52Z</time>
      </trkpt>
      <trkpt lat="31.76957" lon="35.16293">
        <ele>605</ele>
        <time>2022-05-29T07:52:53Z</time>
      </trkpt>
      <trkpt lat="31.769470000000002" lon="35.16293">
        <ele>605</ele>
        <time>2022-05-29T07:52:54Z</time>
      </trkpt>
      <trkpt lat="31.769260000000003" lon="35.16282">
        <ele>632</ele>
        <time>2022-05-29T07:52:55Z</time>
      </trkpt>
      <trkpt lat="31.769090000000002" lon="35.162560000000006">
        <ele>632</ele>
        <time>2022-05-29T07:52:56Z</time>
      </trkpt>
      <trkpt lat="31.768980000000003" lon="35.162530000000004">
        <ele>632</ele>
        <time>2022-05-29T07:52:57Z</time>
      </trkpt>
      <trkpt lat="31.768890000000003" lon="35.162490000000005">
        <ele>632</ele>
        <time>2022-05-29T07:52:58Z</time>
      </trkpt>
      <trkpt lat="31.768890000000003" lon="35.162490000000005">
        <ele>632.4297049453472</ele>
        <time>2022-05-29T07:52:59Z</time>
      </trkpt>
      <trkpt lat="31.768780000000003" lon="35.16232">
        <ele>640</ele>
        <time>2022-05-29T07:53:00Z</time>
      </trkpt>
      <trkpt lat="31.768780000000003" lon="35.16232">
        <ele>640</ele>
        <time>2022-05-29T07:53:01Z</time>
      </trkpt>
      <trkpt lat="31.768720000000002" lon="35.16236">
        <ele>640</ele>
        <time>2022-05-29T07:53:02Z</time>
      </trkpt>
      <trkpt lat="31.768670000000004" lon="35.162290000000006">
        <ele>640</ele>
        <time>2022-05-29T07:53:03Z</time>
      </trkpt>
      <trkpt lat="31.768580000000004" lon="35.162290000000006">
        <ele>640</ele>
        <time>2022-05-29T07:53:04Z</time>
      </trkpt>
      <trkpt lat="31.768590000000003" lon="35.162220000000005">
        <ele>640</ele>
        <time>2022-05-29T07:53:05Z</time>
      </trkpt>
      <trkpt lat="31.768490000000003" lon="35.16219">
        <ele>647</ele>
        <time>2022-05-29T07:53:06Z</time>
      </trkpt>
      <trkpt lat="31.768430000000002" lon="35.16236">
        <ele>647</ele>
        <time>2022-05-29T07:53:07Z</time>
      </trkpt>
      <trkpt lat="31.768320000000003" lon="35.16248">
        <ele>644</ele>
        <time>2022-05-29T07:53:08Z</time>
      </trkpt>
      <trkpt lat="31.768320000000003" lon="35.16248">
        <ele>642.8280643320668</ele>
        <time>2022-05-29T07:53:09Z</time>
      </trkpt>
      <trkpt lat="31.76827" lon="35.162690000000005">
        <ele>644</ele>
        <time>2022-05-29T07:53:10Z</time>
      </trkpt>
      <trkpt lat="31.767660000000003" lon="35.162470000000006">
        <ele>642</ele>
        <time>2022-05-29T07:53:11Z</time>
      </trkpt>
      <extensions>
        <RoutingType xmlns="">Hike</RoutingType>
      </extensions>
    </trkseg>
    <trkseg>
      <trkpt lat="31.767660000000003" lon="35.162470000000006">
        <ele>642</ele>
        <time>2022-05-29T07:53:11Z</time>
      </trkpt>
      <trkpt lat="31.767660000000003" lon="35.162470000000006">
        <ele>642</ele>
        <time>2022-05-29T07:53:12Z</time>
      </trkpt>
      <trkpt lat="31.767640000000004" lon="35.162560000000006">
        <ele>642</ele>
        <time>2022-05-29T07:53:13Z</time>
      </trkpt>
      <trkpt lat="31.767340000000004" lon="35.16245">
        <ele>642</ele>
        <time>2022-05-29T07:53:14Z</time>
      </trkpt>
      <trkpt lat="31.767340000000004" lon="35.16245">
        <ele>642</ele>
        <time>2022-05-29T07:53:15Z</time>
      </trkpt>
      <trkpt lat="31.767210000000002" lon="35.16241">
        <ele>642</ele>
        <time>2022-05-29T07:53:16Z</time>
      </trkpt>
      <trkpt lat="31.767110000000002" lon="35.16234">
        <ele>641</ele>
        <time>2022-05-29T07:53:17Z</time>
      </trkpt>
      <trkpt lat="31.766980000000004" lon="35.16259">
        <ele>642</ele>
        <time>2022-05-29T07:53:18Z</time>
      </trkpt>
      <trkpt lat="31.766980000000004" lon="35.16259">
        <ele>636.1479047024463</ele>
        <time>2022-05-29T07:53:19Z</time>
      </trkpt>
      <trkpt lat="31.76687" lon="35.16288">
        <ele>642</ele>
        <time>2022-05-29T07:53:20Z</time>
      </trkpt>
      <trkpt lat="31.766560000000002" lon="35.163740000000004">
        <ele>643</ele>
        <time>2022-05-29T07:53:21Z</time>
      </trkpt>
      <trkpt lat="31.76647" lon="35.164030000000004">
        <ele>653</ele>
        <time>2022-05-29T07:53:22Z</time>
      </trkpt>
      <trkpt lat="31.76647" lon="35.164030000000004">
        <ele>653</ele>
        <time>2022-05-29T07:53:23Z</time>
      </trkpt>
      <trkpt lat="31.766360000000002" lon="35.164100000000005">
        <ele>653</ele>
        <time>2022-05-29T07:53:24Z</time>
      </trkpt>
      <trkpt lat="31.766270000000002" lon="35.16425">
        <ele>653</ele>
        <time>2022-05-29T07:53:25Z</time>
      </trkpt>
      <trkpt lat="31.766220000000004" lon="35.16438">
        <ele>653</ele>
        <time>2022-05-29T07:53:26Z</time>
      </trkpt>
      <trkpt lat="31.76619" lon="35.164590000000004">
        <ele>653</ele>
        <time>2022-05-29T07:53:27Z</time>
      </trkpt>
      <trkpt lat="31.766090000000002" lon="35.164840000000005">
        <ele>653</ele>
        <time>2022-05-29T07:53:28Z</time>
      </trkpt>
      <trkpt lat="31.766090000000002" lon="35.164840000000005">
        <ele>649.2448689284191</ele>
        <time>2022-05-29T07:53:29Z</time>
      </trkpt>
      <trkpt lat="31.76601" lon="35.16517">
        <ele>660</ele>
        <time>2022-05-29T07:53:30Z</time>
      </trkpt>
      <trkpt lat="31.765900000000002" lon="35.165220000000005">
        <ele>660</ele>
        <time>2022-05-29T07:53:31Z</time>
      </trkpt>
      <trkpt lat="31.76573" lon="35.165400000000005">
        <ele>660</ele>
        <time>2022-05-29T07:53:32Z</time>
      </trkpt>
      <trkpt lat="31.76572" lon="35.16552">
        <ele>660</ele>
        <time>2022-05-29T07:53:33Z</time>
      </trkpt>
      <trkpt lat="31.76572" lon="35.16552">
        <ele>660</ele>
        <time>2022-05-29T07:53:34Z</time>
      </trkpt>
      <trkpt lat="31.76573" lon="35.16568">
        <ele>660</ele>
        <time>2022-05-29T07:53:35Z</time>
      </trkpt>
      <trkpt lat="31.765710000000002" lon="35.165760000000006">
        <ele>666</ele>
        <time>2022-05-29T07:53:36Z</time>
      </trkpt>
      <trkpt lat="31.765610000000002" lon="35.16584">
        <ele>666</ele>
        <time>2022-05-29T07:53:37Z</time>
      </trkpt>
      <trkpt lat="31.76546" lon="35.16588">
        <ele>666</ele>
        <time>2022-05-29T07:53:38Z</time>
      </trkpt>
      <trkpt lat="31.76546" lon="35.16588">
        <ele>668.8041569378997</ele>
        <time>2022-05-29T07:53:39Z</time>
      </trkpt>
      <trkpt lat="31.765340000000002" lon="35.16583">
        <ele>666</ele>
        <time>2022-05-29T07:53:40Z</time>
      </trkpt>
      <trkpt lat="31.76526" lon="35.16583">
        <ele>666</ele>
        <time>2022-05-29T07:53:41Z</time>
      </trkpt>
      <trkpt lat="31.76516" lon="35.166050000000006">
        <ele>692</ele>
        <time>2022-05-29T07:53:42Z</time>
      </trkpt>
      <trkpt lat="31.765030000000003" lon="35.16619">
        <ele>692</ele>
        <time>2022-05-29T07:53:43Z</time>
      </trkpt>
      <trkpt lat="31.764940000000003" lon="35.166230000000006">
        <ele>692</ele>
        <time>2022-05-29T07:53:44Z</time>
      </trkpt>
      <trkpt lat="31.764940000000003" lon="35.166230000000006">
        <ele>692</ele>
        <time>2022-05-29T07:53:45Z</time>
      </trkpt>
      <trkpt lat="31.764870000000002" lon="35.166320000000006">
        <ele>692</ele>
        <time>2022-05-29T07:53:46Z</time>
      </trkpt>
      <trkpt lat="31.764720000000004" lon="35.166290000000004">
        <ele>692</ele>
        <time>2022-05-29T07:53:47Z</time>
      </trkpt>
      <trkpt lat="31.764460000000003" lon="35.16646">
        <ele>692</ele>
        <time>2022-05-29T07:53:48Z</time>
      </trkpt>
      <trkpt lat="31.764460000000003" lon="35.16646">
        <ele>707.2433544912924</ele>
        <time>2022-05-29T07:53:49Z</time>
      </trkpt>
      <trkpt lat="31.764540000000004" lon="35.16666">
        <ele>698</ele>
        <time>2022-05-29T07:53:50Z</time>
      </trkpt>
      <trkpt lat="31.76443" lon="35.16684">
        <ele>698</ele>
        <time>2022-05-29T07:53:51Z</time>
      </trkpt>
      <trkpt lat="31.764290000000003" lon="35.16687">
        <ele>725</ele>
        <time>2022-05-29T07:53:52Z</time>
      </trkpt>
      <trkpt lat="31.764290000000003" lon="35.16698">
        <ele>725</ele>
        <time>2022-05-29T07:53:53Z</time>
      </trkpt>
      <trkpt lat="31.764190000000003" lon="35.16709">
        <ele>725</ele>
        <time>2022-05-29T07:53:54Z</time>
      </trkpt>
      <trkpt lat="31.764180000000003" lon="35.16727">
        <ele>725</ele>
        <time>2022-05-29T07:53:55Z</time>
      </trkpt>
      <trkpt lat="31.764180000000003" lon="35.16727">
        <ele>725</ele>
        <time>2022-05-29T07:53:56Z</time>
      </trkpt>
      <trkpt lat="31.764260000000004" lon="35.16754">
        <ele>732</ele>
        <time>2022-05-29T07:53:57Z</time>
      </trkpt>
      <trkpt lat="31.76423" lon="35.16762">
        <ele>732</ele>
        <time>2022-05-29T07:53:58Z</time>
      </trkpt>
      <trkpt lat="31.76423" lon="35.16762">
        <ele>736.0638675502993</ele>
        <time>2022-05-29T07:53:59Z</time>
      </trkpt>
      <trkpt lat="31.76422" lon="35.167680000000004">
        <ele>732</ele>
        <time>2022-05-29T07:54:00Z</time>
      </trkpt>
      <trkpt lat="31.76414" lon="35.16743">
        <ele>728.5</ele>
        <time>2022-05-29T07:54:01Z</time>
      </trkpt>
      <trkpt lat="31.76414" lon="35.16743">
        <ele>728.5</ele>
        <time>2022-05-29T07:54:02Z</time>
      </trkpt>
      <trkpt lat="31.76394" lon="35.166920000000005">
        <ele>725</ele>
        <time>2022-05-29T07:54:03Z</time>
      </trkpt>
      <trkpt lat="31.763880000000004" lon="35.16686">
        <ele>725</ele>
        <time>2022-05-29T07:54:04Z</time>
      </trkpt>
      <trkpt lat="31.763780000000004" lon="35.166810000000005">
        <ele>725</ele>
        <time>2022-05-29T07:54:05Z</time>
      </trkpt>
      <trkpt lat="31.763560000000002" lon="35.16666">
        <ele>725</ele>
        <time>2022-05-29T07:54:06Z</time>
      </trkpt>
      <trkpt lat="31.763560000000002" lon="35.16666">
        <ele>725</ele>
        <time>2022-05-29T07:54:07Z</time>
      </trkpt>
      <trkpt lat="31.76347" lon="35.166470000000004">
        <ele>749</ele>
        <time>2022-05-29T07:54:08Z</time>
      </trkpt>
      <trkpt lat="31.76347" lon="35.166470000000004">
        <ele>738.1056139745871</ele>
        <time>2022-05-29T07:54:09Z</time>
      </trkpt>
      <trkpt lat="31.76358" lon="35.16608">
        <ele>725</ele>
        <time>2022-05-29T07:54:10Z</time>
      </trkpt>
      <trkpt lat="31.763690000000004" lon="35.16592">
        <ele>725</ele>
        <time>2022-05-29T07:54:11Z</time>
      </trkpt>
      <trkpt lat="31.763820000000003" lon="35.16583">
        <ele>725</ele>
        <time>2022-05-29T07:54:12Z</time>
      </trkpt>
      <trkpt lat="31.76357" lon="35.16581">
        <ele>725</ele>
        <time>2022-05-29T07:54:13Z</time>
      </trkpt>
      <trkpt lat="31.763460000000002" lon="35.16583">
        <ele>749</ele>
        <time>2022-05-29T07:54:14Z</time>
      </trkpt>
      <trkpt lat="31.763430000000003" lon="35.16581">
        <ele>749</ele>
        <time>2022-05-29T07:54:15Z</time>
      </trkpt>
      <trkpt lat="31.763440000000003" lon="35.16573">
        <ele>749</ele>
        <time>2022-05-29T07:54:16Z</time>
      </trkpt>
      <trkpt lat="31.76348" lon="35.165670000000006">
        <ele>758</ele>
        <time>2022-05-29T07:54:17Z</time>
      </trkpt>
      <trkpt lat="31.76348" lon="35.165670000000006">
        <ele>758</ele>
        <time>2022-05-29T07:54:18Z</time>
      </trkpt>
      <trkpt lat="31.76348" lon="35.165670000000006">
        <ele>746.2398333037272</ele>
        <time>2022-05-29T07:54:19Z</time>
      </trkpt>
      <trkpt lat="31.763630000000003" lon="35.16554">
        <ele>737</ele>
        <time>2022-05-29T07:54:20Z</time>
      </trkpt>
      <trkpt lat="31.763710000000003" lon="35.165400000000005">
        <ele>737</ele>
        <time>2022-05-29T07:54:21Z</time>
      </trkpt>
      <trkpt lat="31.763740000000002" lon="35.16527">
        <ele>737</ele>
        <time>2022-05-29T07:54:22Z</time>
      </trkpt>
      <trkpt lat="31.76376" lon="35.1648">
        <ele>729</ele>
        <time>2022-05-29T07:54:23Z</time>
      </trkpt>
      <trkpt lat="31.76375" lon="35.16463">
        <ele>729</ele>
        <time>2022-05-29T07:54:24Z</time>
      </trkpt>
      <trkpt lat="31.763720000000003" lon="35.16456">
        <ele>729</ele>
        <time>2022-05-29T07:54:25Z</time>
      </trkpt>
      <trkpt lat="31.76347" lon="35.16445">
        <ele>748</ele>
        <time>2022-05-29T07:54:26Z</time>
      </trkpt>
      <trkpt lat="31.762310000000003" lon="35.164440000000006">
        <ele>757</ele>
        <time>2022-05-29T07:54:27Z</time>
      </trkpt>
      <trkpt lat="31.761370000000003" lon="35.16452">
        <ele>762</ele>
        <time>2022-05-29T07:54:28Z</time>
      </trkpt>
      <trkpt lat="31.761370000000003" lon="35.16452">
        <ele>775.0427722915808</ele>
        <time>2022-05-29T07:54:29Z</time>
      </trkpt>
      <trkpt lat="31.761370000000003" lon="35.16452">
        <ele>775.0427722915808</ele>
        <time>2022-05-29T07:54:30Z</time>
      </trkpt>
      <trkpt lat="31.761200000000002" lon="35.164570000000005">
        <ele>768</ele>
        <time>2022-05-29T07:54:31Z</time>
      </trkpt>
      <trkpt lat="31.761200000000002" lon="35.164570000000005">
        <ele>768</ele>
        <time>2022-05-29T07:54:32Z</time>
      </trkpt>
      <trkpt lat="31.76095" lon="35.16465">
        <ele>774</ele>
        <time>2022-05-29T07:54:33Z</time>
      </trkpt>
      <trkpt lat="31.760740000000002" lon="35.16481">
        <ele>774</ele>
        <time>2022-05-29T07:54:34Z</time>
      </trkpt>
      <trkpt lat="31.760800000000003" lon="35.164950000000005">
        <ele>783</ele>
        <time>2022-05-29T07:54:35Z</time>
      </trkpt>
      <trkpt lat="31.760820000000002" lon="35.16519">
        <ele>783</ele>
        <time>2022-05-29T07:54:36Z</time>
      </trkpt>
      <trkpt lat="31.76076" lon="35.16559">
        <ele>783</ele>
        <time>2022-05-29T07:54:37Z</time>
      </trkpt>
      <extensions>
        <RoutingType xmlns="">Hike</RoutingType>
      </extensions>
    </trkseg>
    <trkseg>
      <trkpt lat="31.76076" lon="35.16559">
        <ele>783</ele>
        <time>2022-05-29T07:54:37Z</time>
      </trkpt>
      <trkpt lat="31.760650000000002" lon="35.165820000000004">
        <ele>781</ele>
        <time>2022-05-29T07:54:38Z</time>
      </trkpt>
      <trkpt lat="31.760650000000002" lon="35.165820000000004">
        <ele>780.7043104412703</ele>
        <time>2022-05-29T07:54:39Z</time>
      </trkpt>
      <trkpt lat="31.76039" lon="35.16617">
        <ele>781</ele>
        <time>2022-05-29T07:54:40Z</time>
      </trkpt>
      <trkpt lat="31.76039" lon="35.16617">
        <ele>781</ele>
        <time>2022-05-29T07:54:41Z</time>
      </trkpt>
      <trkpt lat="31.759960000000003" lon="35.16669">
        <ele>778</ele>
        <time>2022-05-29T07:54:42Z</time>
      </trkpt>
      <trkpt lat="31.759860000000003" lon="35.16658">
        <ele>778</ele>
        <time>2022-05-29T07:54:43Z</time>
      </trkpt>
      <trkpt lat="31.759400000000003" lon="35.166500000000006">
        <ele>791</ele>
        <time>2022-05-29T07:54:44Z</time>
      </trkpt>
      <trkpt lat="31.759200000000003" lon="35.1664">
        <ele>796</ele>
        <time>2022-05-29T07:54:45Z</time>
      </trkpt>
      <trkpt lat="31.759200000000003" lon="35.1664">
        <ele>796</ele>
        <time>2022-05-29T07:54:46Z</time>
      </trkpt>
      <trkpt lat="31.75915" lon="35.16637">
        <ele>801</ele>
        <time>2022-05-29T07:54:47Z</time>
      </trkpt>
      <trkpt lat="31.759510000000002" lon="35.16584">
        <ele>791</ele>
        <time>2022-05-29T07:54:48Z</time>
      </trkpt>
      <trkpt lat="31.759510000000002" lon="35.16584">
        <ele>795.6620861957923</ele>
        <time>2022-05-29T07:54:49Z</time>
      </trkpt>
      <trkpt lat="31.759660000000004" lon="35.16554">
        <ele>796</ele>
        <time>2022-05-29T07:54:50Z</time>
      </trkpt>
      <trkpt lat="31.759710000000002" lon="35.16527">
        <ele>796</ele>
        <time>2022-05-29T07:54:51Z</time>
      </trkpt>
      <trkpt lat="31.759710000000002" lon="35.16527">
        <ele>796</ele>
        <time>2022-05-29T07:54:52Z</time>
      </trkpt>
      <trkpt lat="31.759710000000002" lon="35.165090000000006">
        <ele>796</ele>
        <time>2022-05-29T07:54:53Z</time>
      </trkpt>
      <trkpt lat="31.759680000000003" lon="35.164970000000004">
        <ele>796</ele>
        <time>2022-05-29T07:54:54Z</time>
      </trkpt>
      <trkpt lat="31.759680000000003" lon="35.164970000000004">
        <ele>796</ele>
        <time>2022-05-29T07:54:55Z</time>
      </trkpt>
      <trkpt lat="31.759610000000002" lon="35.16481">
        <ele>789</ele>
        <time>2022-05-29T07:54:56Z</time>
      </trkpt>
      <trkpt lat="31.759510000000002" lon="35.16465">
        <ele>789</ele>
        <time>2022-05-29T07:54:57Z</time>
      </trkpt>
      <trkpt lat="31.75915" lon="35.16425">
        <ele>801</ele>
        <time>2022-05-29T07:54:58Z</time>
      </trkpt>
      <trkpt lat="31.75915" lon="35.16425">
        <ele>804.8849845135258</ele>
        <time>2022-05-29T07:54:59Z</time>
      </trkpt>
      <trkpt lat="31.758990000000004" lon="35.16411">
        <ele>801</ele>
        <time>2022-05-29T07:55:00Z</time>
      </trkpt>
      <trkpt lat="31.758930000000003" lon="35.164080000000006">
        <ele>801</ele>
        <time>2022-05-29T07:55:01Z</time>
      </trkpt>
      <trkpt lat="31.758830000000003" lon="35.164080000000006">
        <ele>801</ele>
        <time>2022-05-29T07:55:02Z</time>
      </trkpt>
      <trkpt lat="31.758830000000003" lon="35.164080000000006">
        <ele>801</ele>
        <time>2022-05-29T07:55:03Z</time>
      </trkpt>
      <trkpt lat="31.758810000000004" lon="35.16386">
        <ele>798</ele>
        <time>2022-05-29T07:55:04Z</time>
      </trkpt>
      <trkpt lat="31.758810000000004" lon="35.16386">
        <ele>798</ele>
        <time>2022-05-29T07:55:05Z</time>
      </trkpt>
      <trkpt lat="31.758770000000002" lon="35.16348">
        <ele>795</ele>
        <time>2022-05-29T07:55:06Z</time>
      </trkpt>
      <trkpt lat="31.7587" lon="35.16302">
        <ele>789</ele>
        <time>2022-05-29T07:55:07Z</time>
      </trkpt>
      <trkpt lat="31.758660000000003" lon="35.162870000000005">
        <ele>789</ele>
        <time>2022-05-29T07:55:08Z</time>
      </trkpt>
      <trkpt lat="31.758660000000003" lon="35.162870000000005">
        <ele>803.967961482698</ele>
        <time>2022-05-29T07:55:09Z</time>
      </trkpt>
      <trkpt lat="31.758580000000002" lon="35.1627">
        <ele>789</ele>
        <time>2022-05-29T07:55:10Z</time>
      </trkpt>
      <trkpt lat="31.7584" lon="35.16252">
        <ele>801</ele>
        <time>2022-05-29T07:55:11Z</time>
      </trkpt>
      <trkpt lat="31.75793" lon="35.16223">
        <ele>794</ele>
        <time>2022-05-29T07:55:12Z</time>
      </trkpt>
      <trkpt lat="31.757830000000002" lon="35.16218">
        <ele>794</ele>
        <time>2022-05-29T07:55:13Z</time>
      </trkpt>
      <trkpt lat="31.757830000000002" lon="35.16218">
        <ele>794</ele>
        <time>2022-05-29T07:55:14Z</time>
      </trkpt>
      <trkpt lat="31.75776" lon="35.16217">
        <ele>794</ele>
        <time>2022-05-29T07:55:15Z</time>
      </trkpt>
      <trkpt lat="31.757710000000003" lon="35.16218">
        <ele>794</ele>
        <time>2022-05-29T07:55:16Z</time>
      </trkpt>
      <trkpt lat="31.757640000000002" lon="35.16223">
        <ele>796</ele>
        <time>2022-05-29T07:55:17Z</time>
      </trkpt>
      <trkpt lat="31.757250000000003" lon="35.16266">
        <ele>799</ele>
        <time>2022-05-29T07:55:18Z</time>
      </trkpt>
      <trkpt lat="31.757250000000003" lon="35.16266">
        <ele>792.73739850902</ele>
        <time>2022-05-29T07:55:19Z</time>
      </trkpt>
      <trkpt lat="31.75718" lon="35.162510000000005">
        <ele>799</ele>
        <time>2022-05-29T07:55:20Z</time>
      </trkpt>
      <trkpt lat="31.75718" lon="35.162510000000005">
        <ele>799</ele>
        <time>2022-05-29T07:55:21Z</time>
      </trkpt>
      <trkpt lat="31.7571" lon="35.162420000000004">
        <ele>799</ele>
        <time>2022-05-29T07:55:22Z</time>
      </trkpt>
      <trkpt lat="31.756780000000003" lon="35.162200000000006">
        <ele>793</ele>
        <time>2022-05-29T07:55:23Z</time>
      </trkpt>
      <trkpt lat="31.75662" lon="35.16219">
        <ele>793</ele>
        <time>2022-05-29T07:55:24Z</time>
      </trkpt>
      <trkpt lat="31.75662" lon="35.16219">
        <ele>793</ele>
        <time>2022-05-29T07:55:25Z</time>
      </trkpt>
      <trkpt lat="31.756560000000004" lon="35.16221">
        <ele>793</ele>
        <time>2022-05-29T07:55:26Z</time>
      </trkpt>
      <trkpt lat="31.756520000000002" lon="35.16225">
        <ele>793</ele>
        <time>2022-05-29T07:55:27Z</time>
      </trkpt>
      <trkpt lat="31.756510000000002" lon="35.16234">
        <ele>793</ele>
        <time>2022-05-29T07:55:28Z</time>
      </trkpt>
      <trkpt lat="31.756510000000002" lon="35.16234">
        <ele>785.7546426227922</ele>
        <time>2022-05-29T07:55:29Z</time>
      </trkpt>
      <trkpt lat="31.756420000000002" lon="35.16235">
        <ele>793</ele>
        <time>2022-05-29T07:55:30Z</time>
      </trkpt>
      <trkpt lat="31.756420000000002" lon="35.16239">
        <ele>790</ele>
        <time>2022-05-29T07:55:31Z</time>
      </trkpt>
      <trkpt lat="31.756390000000003" lon="35.16241">
        <ele>790</ele>
        <time>2022-05-29T07:55:32Z</time>
      </trkpt>
      <trkpt lat="31.756420000000002" lon="35.16274">
        <ele>790</ele>
        <time>2022-05-29T07:55:33Z</time>
      </trkpt>
      <trkpt lat="31.756180000000004" lon="35.16237">
        <ele>790</ele>
        <time>2022-05-29T07:55:34Z</time>
      </trkpt>
      <trkpt lat="31.75617" lon="35.16223">
        <ele>793</ele>
        <time>2022-05-29T07:55:35Z</time>
      </trkpt>
      <trkpt lat="31.75617" lon="35.16223">
        <ele>793</ele>
        <time>2022-05-29T07:55:36Z</time>
      </trkpt>
      <trkpt lat="31.756200000000003" lon="35.16201">
        <ele>793</ele>
        <time>2022-05-29T07:55:37Z</time>
      </trkpt>
      <trkpt lat="31.75616" lon="35.16194">
        <ele>793</ele>
        <time>2022-05-29T07:55:38Z</time>
      </trkpt>
      <trkpt lat="31.75616" lon="35.16194">
        <ele>784.4298684507376</ele>
        <time>2022-05-29T07:55:39Z</time>
      </trkpt>
      <trkpt lat="31.756130000000002" lon="35.16167">
        <ele>793</ele>
        <time>2022-05-29T07:55:40Z</time>
      </trkpt>
      <trkpt lat="31.756050000000002" lon="35.161570000000005">
        <ele>793</ele>
        <time>2022-05-29T07:55:41Z</time>
      </trkpt>
      <trkpt lat="31.75578" lon="35.161500000000004">
        <ele>785</ele>
        <time>2022-05-29T07:55:42Z</time>
      </trkpt>
      <trkpt lat="31.755670000000002" lon="35.161440000000006">
        <ele>785</ele>
        <time>2022-05-29T07:55:43Z</time>
      </trkpt>
      <trkpt lat="31.755440000000004" lon="35.16147">
        <ele>785</ele>
        <time>2022-05-29T07:55:44Z</time>
      </trkpt>
      <trkpt lat="31.755280000000003" lon="35.16154">
        <ele>781</ele>
        <time>2022-05-29T07:55:45Z</time>
      </trkpt>
      <trkpt lat="31.754820000000002" lon="35.16165">
        <ele>774</ele>
        <time>2022-05-29T07:55:46Z</time>
      </trkpt>
      <trkpt lat="31.754820000000002" lon="35.16165">
        <ele>774</ele>
        <time>2022-05-29T07:55:47Z</time>
      </trkpt>
      <trkpt lat="31.754630000000002" lon="35.16178">
        <ele>774</ele>
        <time>2022-05-29T07:55:48Z</time>
      </trkpt>
      <trkpt lat="31.754630000000002" lon="35.16178">
        <ele>769.9250216660033</ele>
        <time>2022-05-29T07:55:49Z</time>
      </trkpt>
      <trkpt lat="31.754320000000003" lon="35.16228">
        <ele>780</ele>
        <time>2022-05-29T07:55:50Z</time>
      </trkpt>
      <trkpt lat="31.754250000000003" lon="35.162440000000004">
        <ele>759</ele>
        <time>2022-05-29T07:55:51Z</time>
      </trkpt>
      <trkpt lat="31.754240000000003" lon="35.162670000000006">
        <ele>759</ele>
        <time>2022-05-29T07:55:52Z</time>
      </trkpt>
      <trkpt lat="31.754130000000004" lon="35.162800000000004">
        <ele>759</ele>
        <time>2022-05-29T07:55:53Z</time>
      </trkpt>
      <trkpt lat="31.754140000000003" lon="35.162850000000006">
        <ele>759</ele>
        <time>2022-05-29T07:55:54Z</time>
      </trkpt>
      <trkpt lat="31.754140000000003" lon="35.162850000000006">
        <ele>759</ele>
        <time>2022-05-29T07:55:55Z</time>
      </trkpt>
      <trkpt lat="31.754170000000002" lon="35.16299">
        <ele>759</ele>
        <time>2022-05-29T07:55:56Z</time>
      </trkpt>
      <trkpt lat="31.754170000000002" lon="35.163090000000004">
        <ele>759</ele>
        <time>2022-05-29T07:55:57Z</time>
      </trkpt>
      <trkpt lat="31.754170000000002" lon="35.163090000000004">
        <ele>759</ele>
        <time>2022-05-29T07:55:58Z</time>
      </trkpt>
      <trkpt lat="31.754170000000002" lon="35.163090000000004">
        <ele>746.7095924419114</ele>
        <time>2022-05-29T07:55:59Z</time>
      </trkpt>
      <trkpt lat="31.754120000000004" lon="35.163180000000004">
        <ele>759</ele>
        <time>2022-05-29T07:56:00Z</time>
      </trkpt>
      <trkpt lat="31.753980000000002" lon="35.16324">
        <ele>755</ele>
        <time>2022-05-29T07:56:01Z</time>
      </trkpt>
      <trkpt lat="31.753850000000003" lon="35.163270000000004">
        <ele>755</ele>
        <time>2022-05-29T07:56:02Z</time>
      </trkpt>
      <trkpt lat="31.753470000000004" lon="35.163320000000006">
        <ele>744</ele>
        <time>2022-05-29T07:56:03Z</time>
      </trkpt>
      <extensions>
        <RoutingType xmlns="">Hike</RoutingType>
      </extensions>
    </trkseg>
    <trkseg>
      <trkpt lat="31.753471" lon="35.163328">
        <ele>743.1</ele>
      </trkpt>
      <trkpt lat="31.753183" lon="35.163383">
        <ele>739.6719281893328</ele>
      </trkpt>
      <trkpt lat="31.753152" lon="35.163289">
        <ele>738.7821916559026</ele>
      </trkpt>
      <trkpt lat="31.753149" lon="35.163179">
        <ele>737.8109623619455</ele>
      </trkpt>
      <trkpt lat="31.752931" lon="35.163098">
        <ele>734.1326444083126</ele>
      </trkpt>
      <trkpt lat="31.752572" lon="35.163196">
        <ele>727.6863859516204</ele>
      </trkpt>
      <trkpt lat="31.752395" lon="35.163135">
        <ele>724.9918252864019</ele>
      </trkpt>
      <trkpt lat="31.752247" lon="35.163184">
        <ele>722.5136596806723</ele>
      </trkpt>
      <trkpt lat="31.75211" lon="35.163058">
        <ele>719.2260145014466</ele>
      </trkpt>
      <trkpt lat="31.752108" lon="35.16299">
        <ele>718.3125612382522</ele>
      </trkpt>
      <trkpt lat="31.752086" lon="35.162928">
        <ele>717.7620367634746</ele>
      </trkpt>
      <trkpt lat="31.751942" lon="35.162742">
        <ele>715.6624321663585</ele>
      </trkpt>
      <trkpt lat="31.751855" lon="35.162675">
        <ele>714.4675204486108</ele>
      </trkpt>
      <trkpt lat="31.751655" lon="35.162589">
        <ele>712.1212469981926</ele>
      </trkpt>
      <trkpt lat="31.751569" lon="35.162578">
        <ele>711.2555226557611</ele>
      </trkpt>
      <trkpt lat="31.751402" lon="35.162337">
        <ele>709.216997457048</ele>
      </trkpt>
      <trkpt lat="31.751318" lon="35.162275">
        <ele>708.6288555104157</ele>
      </trkpt>
      <trkpt lat="31.751079" lon="35.162049">
        <ele>705.6044999136831</ele>
      </trkpt>
      <trkpt lat="31.750919" lon="35.161864">
        <ele>704.1906552178567</ele>
      </trkpt>
      <trkpt lat="31.750763" lon="35.161717">
        <ele>702.9939369626915</ele>
      </trkpt>
      <trkpt lat="31.750584" lon="35.161503">
        <ele>701.1352318105726</ele>
      </trkpt>
      <trkpt lat="31.750495" lon="35.161337">
        <ele>699.73582151974</ele>
      </trkpt>
      <trkpt lat="31.750453" lon="35.161179">
        <ele>698.4836183278613</ele>
      </trkpt>
      <trkpt lat="31.750439" lon="35.161036">
        <ele>697.3441167661449</ele>
      </trkpt>
      <trkpt lat="31.750438" lon="35.160839">
        <ele>695.6676372875307</ele>
      </trkpt>
      <trkpt lat="31.750467" lon="35.160667">
        <ele>693.9014973146157</ele>
      </trkpt>
      <trkpt lat="31.750646" lon="35.160159">
        <ele>688.3075566958347</ele>
      </trkpt>
      <trkpt lat="31.750712" lon="35.160026">
        <ele>688.3560915921373</ele>
      </trkpt>
      <trkpt lat="31.750854" lon="35.159825">
        <ele>689.0152606665374</ele>
      </trkpt>
      <trkpt lat="31.750887" lon="35.159707">
        <ele>689.6416755750845</ele>
      </trkpt>
      <trkpt lat="31.750869" lon="35.159624">
        <ele>689.8619397702234</ele>
      </trkpt>
      <trkpt lat="31.75085" lon="35.159601">
        <ele>689.558739888201</ele>
      </trkpt>
      <trkpt lat="31.750131" lon="35.159053">
        <ele>681.0961095053397</ele>
      </trkpt>
      <trkpt lat="31.750035" lon="35.159027">
        <ele>680.0737224149195</ele>
      </trkpt>
      <trkpt lat="31.749962" lon="35.159024">
        <ele>679.3156518521384</ele>
      </trkpt>
      <trkpt lat="31.749864" lon="35.158936">
        <ele>678.4517059501743</ele>
      </trkpt>
      <trkpt lat="31.749787" lon="35.158868">
        <ele>677.8092586626319</ele>
      </trkpt>
      <trkpt lat="31.749665" lon="35.158826">
        <ele>677.5950439317448</ele>
      </trkpt>
      <trkpt lat="31.74962" lon="35.158786">
        <ele>677.7623075754069</ele>
      </trkpt>
      <trkpt lat="31.749548" lon="35.158643">
        <ele>678.181343488046</ele>
      </trkpt>
      <trkpt lat="31.749476" lon="35.158556">
        <ele>677.8047537707396</ele>
      </trkpt>
      <trkpt lat="31.7494" lon="35.158505">
        <ele>677.4479904954892</ele>
      </trkpt>
      <trkpt lat="31.749233" lon="35.158394">
        <ele>676.3106812404873</ele>
      </trkpt>
      <trkpt lat="31.748913" lon="35.158218">
        <ele>674.4663541210571</ele>
      </trkpt>
      <trkpt lat="31.748846" lon="35.158154">
        <ele>674.2071970945285</ele>
      </trkpt>
      <trkpt lat="31.748766" lon="35.157984">
        <ele>674.3909148631425</ele>
      </trkpt>
      <trkpt lat="31.74873" lon="35.157823">
        <ele>674.0167477072525</ele>
      </trkpt>
      <trkpt lat="31.748723" lon="35.157677">
        <ele>672.6340353161906</ele>
      </trkpt>
      <trkpt lat="31.748602" lon="35.157648">
        <ele>670.8783863243499</ele>
      </trkpt>
      <trkpt lat="31.748519" lon="35.157641">
        <ele>668.4726366939819</ele>
      </trkpt>
      <trkpt lat="31.748432" lon="35.157697">
        <ele>665.6052694648515</ele>
      </trkpt>
      <trkpt lat="31.748372" lon="35.157712">
        <ele>663.83186301776</ele>
      </trkpt>
      <trkpt lat="31.74838" lon="35.157573">
        <ele>663.9533251710353</ele>
      </trkpt>
      <trkpt lat="31.748427" lon="35.157361">
        <ele>664.6269544679319</ele>
      </trkpt>
      <trkpt lat="31.748597" lon="35.156954">
        <ele>669.0426451051492</ele>
      </trkpt>
      <trkpt lat="31.748607" lon="35.156861">
        <ele>670.0472042504313</ele>
      </trkpt>
      <trkpt lat="31.748561" lon="35.156795">
        <ele>670.4936189641177</ele>
      </trkpt>
      <trkpt lat="31.748468" lon="35.156727">
        <ele>670.0877157371207</ele>
      </trkpt>
      <trkpt lat="31.747935" lon="35.156579">
        <ele>665.9409560957986</ele>
      </trkpt>
      <trkpt lat="31.747866" lon="35.156538">
        <ele>665.5397954871239</ele>
      </trkpt>
      <extensions>
        <RoutingType xmlns="">Hike</RoutingType>
      </extensions>
    </trkseg>
    <trkseg>
      <trkpt lat="31.747866" lon="35.156538">
        <ele>665.3</ele>
      </trkpt>
      <trkpt lat="31.747752" lon="35.15647">
        <ele>665.9159280853797</ele>
      </trkpt>
      <trkpt lat="31.747655" lon="35.15631">
        <ele>666.7583273138036</ele>
      </trkpt>
      <trkpt lat="31.747584" lon="35.156224">
        <ele>667.4005802317815</ele>
      </trkpt>
      <trkpt lat="31.747333" lon="35.155844">
        <ele>668.5962580336551</ele>
      </trkpt>
      <trkpt lat="31.747241" lon="35.155765">
        <ele>668.3951197291943</ele>
      </trkpt>
      <trkpt lat="31.747142" lon="35.155701">
        <ele>668.1857518834943</ele>
      </trkpt>
      <trkpt lat="31.746822" lon="35.155551">
        <ele>666.8525327810594</ele>
      </trkpt>
      <trkpt lat="31.746544" lon="35.155448">
        <ele>665.302921839091</ele>
      </trkpt>
      <trkpt lat="31.746268" lon="35.155376">
        <ele>663.5562795785418</ele>
      </trkpt>
      <trkpt lat="31.746062" lon="35.155279">
        <ele>662.0775944764475</ele>
      </trkpt>
      <trkpt lat="31.745952" lon="35.155208">
        <ele>661.8915566185302</ele>
      </trkpt>
      <trkpt lat="31.745532" lon="35.154825">
        <ele>661.7035717505757</ele>
      </trkpt>
      <trkpt lat="31.745359" lon="35.15462">
        <ele>661.0986070796368</ele>
      </trkpt>
      <trkpt lat="31.745197" lon="35.154378">
        <ele>660.3883535389263</ele>
      </trkpt>
      <trkpt lat="31.745025" lon="35.154016">
        <ele>658.5699262304919</ele>
      </trkpt>
      <trkpt lat="31.744923" lon="35.153739">
        <ele>655.5927622201274</ele>
      </trkpt>
      <trkpt lat="31.744906" lon="35.153543">
        <ele>654.4761456665334</ele>
      </trkpt>
      <trkpt lat="31.744929" lon="35.153401">
        <ele>654.7950869671735</ele>
      </trkpt>
      <trkpt lat="31.745062" lon="35.152989">
        <ele>658.2963087351827</ele>
      </trkpt>
      <trkpt lat="31.745063" lon="35.152907">
        <ele>658.5547990240431</ele>
      </trkpt>
      <trkpt lat="31.745037" lon="35.152808">
        <ele>658.8813885780589</ele>
      </trkpt>
      <trkpt lat="31.744993" lon="35.152749">
        <ele>659.1287366409057</ele>
      </trkpt>
      <trkpt lat="31.744914" lon="35.152718">
        <ele>658.6776693977388</ele>
      </trkpt>
      <trkpt lat="31.744493" lon="35.152713">
        <ele>654.8455672487529</ele>
      </trkpt>
      <trkpt lat="31.743335" lon="35.152825">
        <ele>642.2595210606414</ele>
      </trkpt>
      <trkpt lat="31.742997" lon="35.152885">
        <ele>639.0110496354606</ele>
      </trkpt>
      <trkpt lat="31.742929" lon="35.152902">
        <ele>638.1864893299396</ele>
      </trkpt>
      <trkpt lat="31.742863" lon="35.152925">
        <ele>637.3700240635916</ele>
      </trkpt>
      <trkpt lat="31.742798" lon="35.152973">
        <ele>636.8649132473445</ele>
      </trkpt>
      <trkpt lat="31.742676" lon="35.152934">
        <ele>636.4900295784828</ele>
      </trkpt>
      <trkpt lat="31.742521" lon="35.152859">
        <ele>636.7174174897183</ele>
      </trkpt>
      <trkpt lat="31.742265" lon="35.15259">
        <ele>639.8999174815833</ele>
      </trkpt>
      <trkpt lat="31.742107" lon="35.152469">
        <ele>641.653109792651</ele>
      </trkpt>
      <trkpt lat="31.741836" lon="35.152346">
        <ele>642.8374678255249</ele>
      </trkpt>
      <trkpt lat="31.741771" lon="35.152317">
        <ele>643.1209170721296</ele>
      </trkpt>
      <trkpt lat="31.741518" lon="35.152126">
        <ele>645.2971131420957</ele>
      </trkpt>
      <trkpt lat="31.741354" lon="35.151948">
        <ele>646.0493925405291</ele>
      </trkpt>
      <trkpt lat="31.741034" lon="35.151553">
        <ele>644.6420256625912</ele>
      </trkpt>
      <trkpt lat="31.740788" lon="35.151192">
        <ele>644.9889940990278</ele>
      </trkpt>
      <trkpt lat="31.740745" lon="35.151108">
        <ele>645.3907555893903</ele>
      </trkpt>
      <extensions>
        <RoutingType xmlns="">Hike</RoutingType>
      </extensions>
    </trkseg>
    <trkseg>
      <trkpt lat="31.740745" lon="35.151108">
        <ele>645.4</ele>
      </trkpt>
      <trkpt lat="31.740738" lon="35.151095">
        <ele>645.521252670571</ele>
      </trkpt>
      <trkpt lat="31.740424" lon="35.150287">
        <ele>649.0453741896848</ele>
      </trkpt>
      <trkpt lat="31.740312" lon="35.150124">
        <ele>647.8795395845141</ele>
      </trkpt>
      <trkpt lat="31.740114" lon="35.149909">
        <ele>647.5115401578587</ele>
      </trkpt>
      <trkpt lat="31.740032" lon="35.14978">
        <ele>648.2190882737548</ele>
      </trkpt>
      <trkpt lat="31.739937" lon="35.149711">
        <ele>648.7157385160225</ele>
      </trkpt>
      <trkpt lat="31.739906" lon="35.149377">
        <ele>649.2044564932304</ele>
      </trkpt>
      <trkpt lat="31.739906" lon="35.149334">
        <ele>649.1502391347555</ele>
      </trkpt>
      <trkpt lat="31.739935" lon="35.149169">
        <ele>648.9222492971779</ele>
      </trkpt>
      <trkpt lat="31.740013" lon="35.148978">
        <ele>648.5883090697416</ele>
      </trkpt>
      <trkpt lat="31.74015" lon="35.148781">
        <ele>650.0013038436045</ele>
      </trkpt>
      <trkpt lat="31.740462" lon="35.148467">
        <ele>651.5147707490429</ele>
      </trkpt>
      <trkpt lat="31.740728" lon="35.1481">
        <ele>652.4012213853453</ele>
      </trkpt>
      <trkpt lat="31.740988" lon="35.147821">
        <ele>654.4529767773096</ele>
      </trkpt>
      <trkpt lat="31.741146" lon="35.147665">
        <ele>655.0159245024438</ele>
      </trkpt>
      <trkpt lat="31.741271" lon="35.147523">
        <ele>655.3143733455894</ele>
      </trkpt>
      <trkpt lat="31.741413" lon="35.147361">
        <ele>655.2479363013265</ele>
      </trkpt>
      <trkpt lat="31.741467" lon="35.147308">
        <ele>654.6743722152918</ele>
      </trkpt>
      <trkpt lat="31.741425" lon="35.147246">
        <ele>654.1246913568071</ele>
      </trkpt>
      <trkpt lat="31.74137" lon="35.147164">
        <ele>653.4004715251485</ele>
      </trkpt>
      <trkpt lat="31.74134" lon="35.147143">
        <ele>653.1995148898201</ele>
      </trkpt>
      <trkpt lat="31.741033" lon="35.147038">
        <ele>652.1806368352009</ele>
      </trkpt>
      <trkpt lat="31.740421" lon="35.146994">
        <ele>653.2624206186202</ele>
      </trkpt>
      <trkpt lat="31.740206" lon="35.147018">
        <ele>652.3401660890404</ele>
      </trkpt>
      <trkpt lat="31.739923" lon="35.147076">
        <ele>650.0560193672435</ele>
      </trkpt>
      <trkpt lat="31.739708" lon="35.147096">
        <ele>649.8648169577082</ele>
      </trkpt>
      <trkpt lat="31.739528" lon="35.147082">
        <ele>650.3997189534518</ele>
      </trkpt>
      <trkpt lat="31.739314" lon="35.147095">
        <ele>651.1688969941684</ele>
      </trkpt>
      <trkpt lat="31.739145" lon="35.147018">
        <ele>652.4198253038038</ele>
      </trkpt>
      <trkpt lat="31.738763" lon="35.146783">
        <ele>655.8895353755603</ele>
      </trkpt>
      <trkpt lat="31.73864" lon="35.14673">
        <ele>655.490987091222</ele>
      </trkpt>
      <trkpt lat="31.738425" lon="35.146637">
        <ele>654.3627423477955</ele>
      </trkpt>
      <trkpt lat="31.738203" lon="35.146496">
        <ele>653.7420898462503</ele>
      </trkpt>
      <trkpt lat="31.738115" lon="35.146422">
        <ele>654.7846887213929</ele>
      </trkpt>
      <trkpt lat="31.737928" lon="35.146163">
        <ele>658.8620708844192</ele>
      </trkpt>
      <trkpt lat="31.737845" lon="35.146092">
        <ele>660.2451923626384</ele>
      </trkpt>
      <trkpt lat="31.737783" lon="35.146039">
        <ele>659.9894888155804</ele>
      </trkpt>
      <trkpt lat="31.737716" lon="35.146009">
        <ele>659.7503301353463</ele>
      </trkpt>
      <trkpt lat="31.737392" lon="35.145997">
        <ele>656.5571421279648</ele>
      </trkpt>
      <trkpt lat="31.73715" lon="35.145915">
        <ele>653.737413777595</ele>
      </trkpt>
      <trkpt lat="31.737056" lon="35.145853">
        <ele>652.796715927301</ele>
      </trkpt>
      <trkpt lat="31.73686" lon="35.145666">
        <ele>651.721121876624</ele>
      </trkpt>
      <trkpt lat="31.736622" lon="35.145294">
        <ele>653.2644467260245</ele>
      </trkpt>
      <trkpt lat="31.736178" lon="35.144679">
        <ele>654.2</ele>
      </trkpt>
      <trkpt lat="31.736169" lon="35.144671">
        <ele>654.2</ele>
      </trkpt>
      <extensions>
        <RoutingType xmlns="">Hike</RoutingType>
      </extensions>
    </trkseg>
    <trkseg>
      <trkpt lat="31.73617" lon="35.144670000000005">
        <ele>678</ele>
        <time>2022-05-29T07:58:55Z</time>
      </trkpt>
      <trkpt lat="31.73617" lon="35.144670000000005">
        <ele>678</ele>
        <time>2022-05-29T07:58:56Z</time>
      </trkpt>
      <trkpt lat="31.735730000000004" lon="35.144270000000006">
        <ele>657</ele>
        <time>2022-05-29T07:58:57Z</time>
      </trkpt>
      <trkpt lat="31.73569" lon="35.14423">
        <ele>657</ele>
        <time>2022-05-29T07:58:58Z</time>
      </trkpt>
      <trkpt lat="31.73569" lon="35.14423">
        <ele>648.2543514822466</ele>
        <time>2022-05-29T07:58:59Z</time>
      </trkpt>
      <trkpt lat="31.73562" lon="35.14408">
        <ele>657</ele>
        <time>2022-05-29T07:59:00Z</time>
      </trkpt>
      <trkpt lat="31.735560000000003" lon="35.143750000000004">
        <ele>666</ele>
        <time>2022-05-29T07:59:01Z</time>
      </trkpt>
      <trkpt lat="31.735550000000003" lon="35.14358">
        <ele>666</ele>
        <time>2022-05-29T07:59:02Z</time>
      </trkpt>
      <trkpt lat="31.73561" lon="35.14321">
        <ele>671</ele>
        <time>2022-05-29T07:59:03Z</time>
      </trkpt>
      <trkpt lat="31.735580000000002" lon="35.142570000000006">
        <ele>671</ele>
        <time>2022-05-29T07:59:04Z</time>
      </trkpt>
      <trkpt lat="31.73552" lon="35.14228">
        <ele>677</ele>
        <time>2022-05-29T07:59:05Z</time>
      </trkpt>
      <trkpt lat="31.73532" lon="35.141510000000004">
        <ele>675</ele>
        <time>2022-05-29T07:59:06Z</time>
      </trkpt>
      <trkpt lat="31.73532" lon="35.141510000000004">
        <ele>675</ele>
        <time>2022-05-29T07:59:07Z</time>
      </trkpt>
      <trkpt lat="31.735200000000003" lon="35.14072">
        <ele>657</ele>
        <time>2022-05-29T07:59:08Z</time>
      </trkpt>
      <trkpt lat="31.735200000000003" lon="35.14072">
        <ele>665.4584319706588</ele>
        <time>2022-05-29T07:59:09Z</time>
      </trkpt>
      <trkpt lat="31.735210000000002" lon="35.14059">
        <ele>645</ele>
        <time>2022-05-29T07:59:10Z</time>
      </trkpt>
      <trkpt lat="31.73524" lon="35.140510000000006">
        <ele>654</ele>
        <time>2022-05-29T07:59:11Z</time>
      </trkpt>
      <trkpt lat="31.735290000000003" lon="35.14045">
        <ele>654</ele>
        <time>2022-05-29T07:59:12Z</time>
      </trkpt>
      <trkpt lat="31.735290000000003" lon="35.14045">
        <ele>654</ele>
        <time>2022-05-29T07:59:13Z</time>
      </trkpt>
      <trkpt lat="31.735340000000004" lon="35.140390000000004">
        <ele>654</ele>
        <time>2022-05-29T07:59:14Z</time>
      </trkpt>
      <trkpt lat="31.73541" lon="35.140370000000004">
        <ele>654</ele>
        <time>2022-05-29T07:59:15Z</time>
      </trkpt>
      <trkpt lat="31.73562" lon="35.140390000000004">
        <ele>654</ele>
        <time>2022-05-29T07:59:16Z</time>
      </trkpt>
      <trkpt lat="31.735870000000002" lon="35.14038">
        <ele>654</ele>
        <time>2022-05-29T07:59:17Z</time>
      </trkpt>
      <trkpt lat="31.735870000000002" lon="35.14038">
        <ele>654</ele>
        <time>2022-05-29T07:59:18Z</time>
      </trkpt>
      <trkpt lat="31.735870000000002" lon="35.14038">
        <ele>670.1684761025351</ele>
        <time>2022-05-29T07:59:19Z</time>
      </trkpt>
      <trkpt lat="31.736410000000003" lon="35.14029">
        <ele>666</ele>
        <time>2022-05-29T07:59:20Z</time>
      </trkpt>
      <trkpt lat="31.736560000000004" lon="35.14025">
        <ele>666</ele>
        <time>2022-05-29T07:59:21Z</time>
      </trkpt>
      <trkpt lat="31.73682" lon="35.14012">
        <ele>666</ele>
        <time>2022-05-29T07:59:22Z</time>
      </trkpt>
      <trkpt lat="31.736970000000003" lon="35.14002">
        <ele>675</ele>
        <time>2022-05-29T07:59:23Z</time>
      </trkpt>
      <trkpt lat="31.737040000000004" lon="35.139990000000004">
        <ele>675</ele>
        <time>2022-05-29T07:59:24Z</time>
      </trkpt>
      <trkpt lat="31.73814" lon="35.13973">
        <ele>655</ele>
        <time>2022-05-29T07:59:25Z</time>
      </trkpt>
      <trkpt lat="31.738450000000004" lon="35.139520000000005">
        <ele>655</ele>
        <time>2022-05-29T07:59:26Z</time>
      </trkpt>
      <trkpt lat="31.73851" lon="35.13942">
        <ele>655</ele>
        <time>2022-05-29T07:59:27Z</time>
      </trkpt>
      <trkpt lat="31.738670000000003" lon="35.139250000000004">
        <ele>677</ele>
        <time>2022-05-29T07:59:28Z</time>
      </trkpt>
      <trkpt lat="31.738670000000003" lon="35.139250000000004">
        <ele>664.5492417312386</ele>
        <time>2022-05-29T07:59:29Z</time>
      </trkpt>
      <trkpt lat="31.738670000000003" lon="35.139250000000004">
        <ele>664.5492417312386</ele>
        <time>2022-05-29T07:59:30Z</time>
      </trkpt>
      <trkpt lat="31.738770000000002" lon="35.13913">
        <ele>677</ele>
        <time>2022-05-29T07:59:31Z</time>
      </trkpt>
      <trkpt lat="31.738850000000003" lon="35.13889">
        <ele>679</ele>
        <time>2022-05-29T07:59:32Z</time>
      </trkpt>
      <trkpt lat="31.738850000000003" lon="35.13889">
        <ele>679</ele>
        <time>2022-05-29T07:59:33Z</time>
      </trkpt>
      <trkpt lat="31.738840000000003" lon="35.13868">
        <ele>679</ele>
        <time>2022-05-29T07:59:34Z</time>
      </trkpt>
      <trkpt lat="31.738480000000003" lon="35.1381">
        <ele>661</ele>
        <time>2022-05-29T07:59:35Z</time>
      </trkpt>
      <trkpt lat="31.738450000000004" lon="35.137910000000005">
        <ele>661</ele>
        <time>2022-05-29T07:59:36Z</time>
      </trkpt>
      <trkpt lat="31.738390000000003" lon="35.13776">
        <ele>661</ele>
        <time>2022-05-29T07:59:37Z</time>
      </trkpt>
      <trkpt lat="31.738380000000003" lon="35.137460000000004">
        <ele>661</ele>
        <time>2022-05-29T07:59:38Z</time>
      </trkpt>
      <trkpt lat="31.738380000000003" lon="35.137460000000004">
        <ele>662.3824374240357</ele>
        <time>2022-05-29T07:59:39Z</time>
      </trkpt>
      <trkpt lat="31.73842" lon="35.13711">
        <ele>656</ele>
        <time>2022-05-29T07:59:40Z</time>
      </trkpt>
      <trkpt lat="31.73842" lon="35.13711">
        <ele>656</ele>
        <time>2022-05-29T07:59:41Z</time>
      </trkpt>
      <trkpt lat="31.73852" lon="35.136660000000006">
        <ele>656</ele>
        <time>2022-05-29T07:59:42Z</time>
      </trkpt>
      <trkpt lat="31.738530000000004" lon="35.1364">
        <ele>650</ele>
        <time>2022-05-29T07:59:43Z</time>
      </trkpt>
      <trkpt lat="31.738640000000004" lon="35.13599">
        <ele>697</ele>
        <time>2022-05-29T07:59:44Z</time>
      </trkpt>
      <trkpt lat="31.738640000000004" lon="35.13568">
        <ele>698</ele>
        <time>2022-05-29T07:59:45Z</time>
      </trkpt>
      <trkpt lat="31.738630000000004" lon="35.1353">
        <ele>698</ele>
        <time>2022-05-29T07:59:46Z</time>
      </trkpt>
      <trkpt lat="31.73851" lon="35.133">
        <ele>661</ele>
        <time>2022-05-29T07:59:47Z</time>
      </trkpt>
      <trkpt lat="31.738580000000002" lon="35.13264">
        <ele>685</ele>
        <time>2022-05-29T07:59:48Z</time>
      </trkpt>
      <trkpt lat="31.738580000000002" lon="35.13264">
        <ele>671.9303134626451</ele>
        <time>2022-05-29T07:59:49Z</time>
      </trkpt>
      <trkpt lat="31.739190000000004" lon="35.13188">
        <ele>669</ele>
        <time>2022-05-29T07:59:50Z</time>
      </trkpt>
      <trkpt lat="31.739310000000003" lon="35.13185">
        <ele>669</ele>
        <time>2022-05-29T07:59:51Z</time>
      </trkpt>
      <trkpt lat="31.739310000000003" lon="35.13185">
        <ele>669</ele>
        <time>2022-05-29T07:59:52Z</time>
      </trkpt>
      <trkpt lat="31.739400000000003" lon="35.131870000000006">
        <ele>667</ele>
        <time>2022-05-29T07:59:53Z</time>
      </trkpt>
      <trkpt lat="31.739530000000002" lon="35.13192">
        <ele>667</ele>
        <time>2022-05-29T07:59:54Z</time>
      </trkpt>
      <trkpt lat="31.739760000000004" lon="35.13205">
        <ele>667</ele>
        <time>2022-05-29T07:59:55Z</time>
      </trkpt>
      <trkpt lat="31.739760000000004" lon="35.13205">
        <ele>667</ele>
        <time>2022-05-29T07:59:56Z</time>
      </trkpt>
      <trkpt lat="31.74003" lon="35.132250000000006">
        <ele>667</ele>
        <time>2022-05-29T07:59:57Z</time>
      </trkpt>
      <trkpt lat="31.740180000000002" lon="35.132250000000006">
        <ele>667</ele>
        <time>2022-05-29T07:59:58Z</time>
      </trkpt>
      <trkpt lat="31.740180000000002" lon="35.132250000000006">
        <ele>680.4796574360946</ele>
        <time>2022-05-29T07:59:59Z</time>
      </trkpt>
      <trkpt lat="31.740280000000002" lon="35.132290000000005">
        <ele>646</ele>
        <time>2022-05-29T08:00:00Z</time>
      </trkpt>
      <trkpt lat="31.741160000000004" lon="35.13297">
        <ele>653</ele>
        <time>2022-05-29T08:00:01Z</time>
      </trkpt>
      <trkpt lat="31.741260000000004" lon="35.133030000000005">
        <ele>653</ele>
        <time>2022-05-29T08:00:02Z</time>
      </trkpt>
      <trkpt lat="31.741260000000004" lon="35.133030000000005">
        <ele>653</ele>
        <time>2022-05-29T08:00:03Z</time>
      </trkpt>
      <trkpt lat="31.741350000000004" lon="35.13309">
        <ele>653</ele>
        <time>2022-05-29T08:00:04Z</time>
      </trkpt>
      <trkpt lat="31.741690000000002" lon="35.133230000000005">
        <ele>687</ele>
        <time>2022-05-29T08:00:05Z</time>
      </trkpt>
      <trkpt lat="31.74208" lon="35.133320000000005">
        <ele>671</ele>
        <time>2022-05-29T08:00:06Z</time>
      </trkpt>
      <trkpt lat="31.742510000000003" lon="35.13336">
        <ele>671</ele>
        <time>2022-05-29T08:00:07Z</time>
      </trkpt>
      <trkpt lat="31.743370000000002" lon="35.13338">
        <ele>670</ele>
        <time>2022-05-29T08:00:08Z</time>
      </trkpt>
      <trkpt lat="31.743370000000002" lon="35.13338">
        <ele>663.9043493891164</ele>
        <time>2022-05-29T08:00:09Z</time>
      </trkpt>
      <trkpt lat="31.743440000000003" lon="35.13335">
        <ele>670</ele>
        <time>2022-05-29T08:00:10Z</time>
      </trkpt>
      <trkpt lat="31.7435" lon="35.133300000000006">
        <ele>670</ele>
        <time>2022-05-29T08:00:11Z</time>
      </trkpt>
      <trkpt lat="31.743530000000003" lon="35.133210000000005">
        <ele>663</ele>
        <time>2022-05-29T08:00:12Z</time>
      </trkpt>
      <trkpt lat="31.743530000000003" lon="35.133210000000005">
        <ele>663</ele>
        <time>2022-05-29T08:00:13Z</time>
      </trkpt>
      <trkpt lat="31.743530000000003" lon="35.133210000000005">
        <ele>663</ele>
        <time>2022-05-29T08:00:14Z</time>
      </trkpt>
      <trkpt lat="31.743540000000003" lon="35.13318">
        <ele>656</ele>
        <time>2022-05-29T08:00:15Z</time>
      </trkpt>
      <trkpt lat="31.743520000000004" lon="35.13306">
        <ele>656</ele>
        <time>2022-05-29T08:00:16Z</time>
      </trkpt>
      <trkpt lat="31.743440000000003" lon="35.13277">
        <ele>656</ele>
        <time>2022-05-29T08:00:17Z</time>
      </trkpt>
      <trkpt lat="31.7434" lon="35.13248">
        <ele>656</ele>
        <time>2022-05-29T08:00:18Z</time>
      </trkpt>
      <trkpt lat="31.7434" lon="35.13248">
        <ele>653.0793640123479</ele>
        <time>2022-05-29T08:00:19Z</time>
      </trkpt>
      <trkpt lat="31.74339" lon="35.13201">
        <ele>647</ele>
        <time>2022-05-29T08:00:20Z</time>
      </trkpt>
      <trkpt lat="31.743410000000004" lon="35.13176">
        <ele>647</ele>
        <time>2022-05-29T08:00:21Z</time>
      </trkpt>
      <extensions>
        <RoutingType xmlns="">Hike</RoutingType>
      </extensions>
    </trkseg>
    <trkseg>
      <trkpt lat="31.743410000000004" lon="35.13176">
        <ele>647</ele>
        <time>2022-05-29T08:00:21Z</time>
      </trkpt>
      <trkpt lat="31.743470000000002" lon="35.13134">
        <ele>634</ele>
        <time>2022-05-29T08:00:22Z</time>
      </trkpt>
      <trkpt lat="31.743530000000003" lon="35.13114">
        <ele>634</ele>
        <time>2022-05-29T08:00:23Z</time>
      </trkpt>
      <trkpt lat="31.743610000000004" lon="35.130950000000006">
        <ele>663</ele>
        <time>2022-05-29T08:00:24Z</time>
      </trkpt>
      <trkpt lat="31.743610000000004" lon="35.130950000000006">
        <ele>663</ele>
        <time>2022-05-29T08:00:25Z</time>
      </trkpt>
      <trkpt lat="31.743740000000003" lon="35.13074">
        <ele>663</ele>
        <time>2022-05-29T08:00:26Z</time>
      </trkpt>
      <trkpt lat="31.743910000000003" lon="35.130520000000004">
        <ele>632</ele>
        <time>2022-05-29T08:00:27Z</time>
      </trkpt>
      <trkpt lat="31.74414" lon="35.130320000000005">
        <ele>632</ele>
        <time>2022-05-29T08:00:28Z</time>
      </trkpt>
      <trkpt lat="31.74414" lon="35.130320000000005">
        <ele>641.4475528289713</ele>
        <time>2022-05-29T08:00:29Z</time>
      </trkpt>
      <trkpt lat="31.744730000000004" lon="35.130010000000006">
        <ele>641</ele>
        <time>2022-05-29T08:00:30Z</time>
      </trkpt>
      <trkpt lat="31.744970000000002" lon="35.12991">
        <ele>641</ele>
        <time>2022-05-29T08:00:31Z</time>
      </trkpt>
      <trkpt lat="31.745220000000003" lon="35.12984">
        <ele>610</ele>
        <time>2022-05-29T08:00:32Z</time>
      </trkpt>
      <trkpt lat="31.745400000000004" lon="35.12982">
        <ele>610</ele>
        <time>2022-05-29T08:00:33Z</time>
      </trkpt>
      <trkpt lat="31.745540000000002" lon="35.129830000000005">
        <ele>610</ele>
        <time>2022-05-29T08:00:34Z</time>
      </trkpt>
      <trkpt lat="31.745790000000003" lon="35.12979">
        <ele>610</ele>
        <time>2022-05-29T08:00:35Z</time>
      </trkpt>
      <trkpt lat="31.745790000000003" lon="35.12979">
        <ele>610</ele>
        <time>2022-05-29T08:00:36Z</time>
      </trkpt>
      <trkpt lat="31.746440000000003" lon="35.129430000000006">
        <ele>618</ele>
        <time>2022-05-29T08:00:37Z</time>
      </trkpt>
      <trkpt lat="31.746720000000003" lon="35.12935">
        <ele>618</ele>
        <time>2022-05-29T08:00:38Z</time>
      </trkpt>
      <trkpt lat="31.746720000000003" lon="35.12935">
        <ele>622.2270587704227</ele>
        <time>2022-05-29T08:00:39Z</time>
      </trkpt>
      <trkpt lat="31.747010000000003" lon="35.12932">
        <ele>640</ele>
        <time>2022-05-29T08:00:40Z</time>
      </trkpt>
      <trkpt lat="31.747070000000004" lon="35.12928">
        <ele>640</ele>
        <time>2022-05-29T08:00:41Z</time>
      </trkpt>
      <trkpt lat="31.74715" lon="35.129200000000004">
        <ele>640</ele>
        <time>2022-05-29T08:00:42Z</time>
      </trkpt>
      <trkpt lat="31.747190000000003" lon="35.12908">
        <ele>640</ele>
        <time>2022-05-29T08:00:43Z</time>
      </trkpt>
      <trkpt lat="31.747200000000003" lon="35.12895">
        <ele>632.5</ele>
        <time>2022-05-29T08:00:44Z</time>
      </trkpt>
      <trkpt lat="31.747200000000003" lon="35.12895">
        <ele>632.5</ele>
        <time>2022-05-29T08:00:45Z</time>
      </trkpt>
      <trkpt lat="31.747170000000004" lon="35.12849">
        <ele>625</ele>
        <time>2022-05-29T08:00:46Z</time>
      </trkpt>
      <trkpt lat="31.747170000000004" lon="35.12849">
        <ele>625</ele>
        <time>2022-05-29T08:00:47Z</time>
      </trkpt>
      <trkpt lat="31.747190000000003" lon="35.12823">
        <ele>625</ele>
        <time>2022-05-29T08:00:48Z</time>
      </trkpt>
      <trkpt lat="31.747190000000003" lon="35.12823">
        <ele>609.0045099346898</ele>
        <time>2022-05-29T08:00:49Z</time>
      </trkpt>
      <trkpt lat="31.747220000000002" lon="35.12807">
        <ele>626</ele>
        <time>2022-05-29T08:00:50Z</time>
      </trkpt>
      <trkpt lat="31.747300000000003" lon="35.127930000000006">
        <ele>626</ele>
        <time>2022-05-29T08:00:51Z</time>
      </trkpt>
      <trkpt lat="31.74735" lon="35.127770000000005">
        <ele>626</ele>
        <time>2022-05-29T08:00:52Z</time>
      </trkpt>
      <trkpt lat="31.747510000000002" lon="35.12767">
        <ele>626</ele>
        <time>2022-05-29T08:00:53Z</time>
      </trkpt>
      <trkpt lat="31.747510000000002" lon="35.12767">
        <ele>626</ele>
        <time>2022-05-29T08:00:54Z</time>
      </trkpt>
      <trkpt lat="31.748200000000004" lon="35.127720000000004">
        <ele>663</ele>
        <time>2022-05-29T08:00:55Z</time>
      </trkpt>
      <trkpt lat="31.748700000000003" lon="35.12764">
        <ele>699</ele>
        <time>2022-05-29T08:00:56Z</time>
      </trkpt>
      <trkpt lat="31.748790000000003" lon="35.127500000000005">
        <ele>699</ele>
        <time>2022-05-29T08:00:57Z</time>
      </trkpt>
      <trkpt lat="31.748790000000003" lon="35.127500000000005">
        <ele>699</ele>
        <time>2022-05-29T08:00:58Z</time>
      </trkpt>
      <trkpt lat="31.748790000000003" lon="35.127500000000005">
        <ele>678.130793569038</ele>
        <time>2022-05-29T08:00:59Z</time>
      </trkpt>
      <trkpt lat="31.749010000000002" lon="35.12747">
        <ele>699</ele>
        <time>2022-05-29T08:01:00Z</time>
      </trkpt>
      <trkpt lat="31.748970000000003" lon="35.12736">
        <ele>704</ele>
        <time>2022-05-29T08:01:01Z</time>
      </trkpt>
      <trkpt lat="31.748970000000003" lon="35.12736">
        <ele>704</ele>
        <time>2022-05-29T08:01:02Z</time>
      </trkpt>
      <trkpt lat="31.749050000000004" lon="35.1276">
        <ele>699</ele>
        <time>2022-05-29T08:01:03Z</time>
      </trkpt>
      <trkpt lat="31.749070000000003" lon="35.12776">
        <ele>699</ele>
        <time>2022-05-29T08:01:04Z</time>
      </trkpt>
      <trkpt lat="31.749070000000003" lon="35.128">
        <ele>699</ele>
        <time>2022-05-29T08:01:05Z</time>
      </trkpt>
      <trkpt lat="31.749000000000002" lon="35.128510000000006">
        <ele>703</ele>
        <time>2022-05-29T08:01:06Z</time>
      </trkpt>
      <trkpt lat="31.748970000000003" lon="35.1289">
        <ele>703</ele>
        <time>2022-05-29T08:01:07Z</time>
      </trkpt>
      <trkpt lat="31.748960000000004" lon="35.12937">
        <ele>712</ele>
        <time>2022-05-29T08:01:08Z</time>
      </trkpt>
      <trkpt lat="31.748960000000004" lon="35.12937">
        <ele>701.6086354896173</ele>
        <time>2022-05-29T08:01:09Z</time>
      </trkpt>
      <trkpt lat="31.748960000000004" lon="35.12937">
        <ele>701.6086354896173</ele>
        <time>2022-05-29T08:01:10Z</time>
      </trkpt>
      <trkpt lat="31.748920000000002" lon="35.12966">
        <ele>712</ele>
        <time>2022-05-29T08:01:11Z</time>
      </trkpt>
      <trkpt lat="31.748900000000003" lon="35.129760000000005">
        <ele>712</ele>
        <time>2022-05-29T08:01:12Z</time>
      </trkpt>
      <trkpt lat="31.748790000000003" lon="35.12999">
        <ele>716</ele>
        <time>2022-05-29T08:01:13Z</time>
      </trkpt>
      <trkpt lat="31.748790000000003" lon="35.12999">
        <ele>716</ele>
        <time>2022-05-29T08:01:14Z</time>
      </trkpt>
      <trkpt lat="31.748780000000004" lon="35.130010000000006">
        <ele>720</ele>
        <time>2022-05-29T08:01:15Z</time>
      </trkpt>
      <trkpt lat="31.74884" lon="35.13006">
        <ele>720</ele>
        <time>2022-05-29T08:01:16Z</time>
      </trkpt>
      <trkpt lat="31.748920000000002" lon="35.13008">
        <ele>720</ele>
        <time>2022-05-29T08:01:17Z</time>
      </trkpt>
      <trkpt lat="31.74902" lon="35.13017">
        <ele>720</ele>
        <time>2022-05-29T08:01:18Z</time>
      </trkpt>
      <trkpt lat="31.74902" lon="35.13017">
        <ele>718.1822026184791</ele>
        <time>2022-05-29T08:01:19Z</time>
      </trkpt>
      <trkpt lat="31.749070000000003" lon="35.13027">
        <ele>720</ele>
        <time>2022-05-29T08:01:20Z</time>
      </trkpt>
      <trkpt lat="31.749070000000003" lon="35.13027">
        <ele>720</ele>
        <time>2022-05-29T08:01:21Z</time>
      </trkpt>
      <trkpt lat="31.74912" lon="35.130520000000004">
        <ele>720</ele>
        <time>2022-05-29T08:01:22Z</time>
      </trkpt>
      <trkpt lat="31.749260000000003" lon="35.130680000000005">
        <ele>720</ele>
        <time>2022-05-29T08:01:23Z</time>
      </trkpt>
      <trkpt lat="31.749260000000003" lon="35.130680000000005">
        <ele>720</ele>
        <time>2022-05-29T08:01:24Z</time>
      </trkpt>
      <trkpt lat="31.749280000000002" lon="35.130700000000004">
        <ele>720</ele>
        <time>2022-05-29T08:01:25Z</time>
      </trkpt>
      <trkpt lat="31.749660000000002" lon="35.13035">
        <ele>738</ele>
        <time>2022-05-29T08:01:26Z</time>
      </trkpt>
      <trkpt lat="31.749720000000003" lon="35.130230000000005">
        <ele>738</ele>
        <time>2022-05-29T08:01:27Z</time>
      </trkpt>
      <trkpt lat="31.749830000000003" lon="35.129780000000004">
        <ele>734</ele>
        <time>2022-05-29T08:01:28Z</time>
      </trkpt>
      <trkpt lat="31.749830000000003" lon="35.129780000000004">
        <ele>733.5582426277688</ele>
        <time>2022-05-29T08:01:29Z</time>
      </trkpt>
      <trkpt lat="31.74988" lon="35.12951">
        <ele>734</ele>
        <time>2022-05-29T08:01:30Z</time>
      </trkpt>
      <trkpt lat="31.750040000000002" lon="35.12903">
        <ele>725</ele>
        <time>2022-05-29T08:01:31Z</time>
      </trkpt>
      <trkpt lat="31.750040000000002" lon="35.12903">
        <ele>725</ele>
        <time>2022-05-29T08:01:32Z</time>
      </trkpt>
      <trkpt lat="31.750180000000004" lon="35.128710000000005">
        <ele>725</ele>
        <time>2022-05-29T08:01:33Z</time>
      </trkpt>
      <trkpt lat="31.75033" lon="35.12843">
        <ele>739</ele>
        <time>2022-05-29T08:01:34Z</time>
      </trkpt>
      <trkpt lat="31.750460000000004" lon="35.127950000000006">
        <ele>736</ele>
        <time>2022-05-29T08:01:35Z</time>
      </trkpt>
      <trkpt lat="31.750500000000002" lon="35.12785">
        <ele>736</ele>
        <time>2022-05-29T08:01:36Z</time>
      </trkpt>
      <trkpt lat="31.75053" lon="35.12782">
        <ele>736</ele>
        <time>2022-05-29T08:01:37Z</time>
      </trkpt>
      <trkpt lat="31.75053" lon="35.12782">
        <ele>736</ele>
        <time>2022-05-29T08:01:38Z</time>
      </trkpt>
      <trkpt lat="31.75053" lon="35.12782">
        <ele>731.592535945033</ele>
        <time>2022-05-29T08:01:39Z</time>
      </trkpt>
      <trkpt lat="31.750550000000004" lon="35.127790000000005">
        <ele>736</ele>
        <time>2022-05-29T08:01:40Z</time>
      </trkpt>
      <trkpt lat="31.75063" lon="35.127750000000006">
        <ele>736</ele>
        <time>2022-05-29T08:01:41Z</time>
      </trkpt>
      <trkpt lat="31.750700000000002" lon="35.12776">
        <ele>736</ele>
        <time>2022-05-29T08:01:42Z</time>
      </trkpt>
      <trkpt lat="31.750700000000002" lon="35.12776">
        <ele>736</ele>
        <time>2022-05-29T08:01:43Z</time>
      </trkpt>
      <trkpt lat="31.750416860016873" lon="35.127614736557014">
        <ele>736</ele>
        <time>2022-05-29T08:01:44Z</time>
      </trkpt>
      <trkpt lat="31.750416860016873" lon="35.127614736557014">
        <ele>736</ele>
        <time>2022-05-29T08:01:45Z</time>
      </trkpt>
      <trkpt lat="31.750207025062707" lon="35.127083659172065">
        <ele>744</ele>
        <time>2022-05-29T08:01:46Z</time>
      </trkpt>
      <trkpt lat="31.750207025062707" lon="35.127083659172065">
        <ele>744</ele>
        <time>2022-05-29T08:01:47Z</time>
      </trkpt>
      <extensions>
        <RoutingType xmlns="">Hike</RoutingType>
      </extensions>
    </trkseg>
    <trkseg>
      <trkpt lat="31.750207025062707" lon="35.127083659172065">
        <ele>744</ele>
        <time>2022-05-29T08:01:47Z</time>
      </trkpt>
      <trkpt lat="31.750111230686386" lon="35.126359462738044">
        <ele>749</ele>
        <time>2022-05-29T08:01:48Z</time>
      </trkpt>
      <trkpt lat="31.750111230686386" lon="35.126359462738044">
        <ele>731.26953125</ele>
        <time>2022-05-29T08:01:49Z</time>
      </trkpt>
      <trkpt lat="31.750111230686386" lon="35.126359462738044">
        <ele>749</ele>
        <time>2022-05-29T08:01:50Z</time>
      </trkpt>
      <trkpt lat="31.75019790179305" lon="35.12628972530366">
        <ele>749</ele>
        <time>2022-05-29T08:01:51Z</time>
      </trkpt>
      <extensions>
        <RoutingType xmlns="">Hike</RoutingType>
      </extensions>
    </trkseg>
  </trk>
</gpx>
