<?xml version="1.0" encoding="UTF-8" standalone="yes"?>
<gpx xmlns="http://www.topografix.com/GPX/1/1" xmlns:xsi="http://www.w3.org/2001/XMLSchema-instance" version="1.1" creator="IsraelHikingMap" xsi:schemaLocation="http://www.topografix.com/GPX/1/1 http://www.topografix.com/GPX/1/1/gpx.xsd">
  <metadata>
    <bounds maxlat="31.695268" maxlon="34.985780000000005" minlat="31.603891" minlon="34.8797"></bounds>
  </metadata>
  <trk>
    <name>27 - נתיבלה לגוברין</name>
    <desc>🏞️ קושי: מטיבי לכת | שפלת יהודה
🥾 תל שכה, חורבת שקלון, לי- און, חורבת עקבה, מצפה משואה, בית ג&#39;וברין
⛺ לילה: הוילה מול מתקן מג&quot;ב בבית גוברין. (מים בצומת של תחנת הדלק)
🛏️ מתקני לינה: הוילה מול מתקן מג"ב בבית ג'וברין (מים בצומת תחנת הדלק) — אין כלום. אפשר להצטייד בבית ג'וברין.
🛒 קניות בקרבת המסלול:
• שריגים-לי-און — א׳-ה׳: 07:30-15:00 | ו׳: 07:30-15:00 | שבת: סגור | ☎ Village center
• מבשלת בירה שריגים- לי-און — ו׳: 10:30-17:00 | שבת: 10:30-17:00 | ☎ 073-2725313 | מרכז מבקרים, גן בירה. צפוף בסופי שבוע וחגים</desc>
    <trkseg>
      <trkpt lat="31.685470000000002" lon="34.985780000000005">
        <ele>321</ele>
        <time>2021-10-25T09:25:52Z</time>
      </trkpt>
      <trkpt lat="31.685470000000002" lon="34.985780000000005">
        <ele>321</ele>
        <time>2021-10-25T09:25:52Z</time>
      </trkpt>
      <extensions>
        <RoutingType xmlns="">Hike</RoutingType>
      </extensions>
    </trkseg>
    <trkseg>
      <trkpt lat="31.685470000000002" lon="34.985780000000005">
        <ele>321</ele>
        <time>2021-10-25T09:25:52Z</time>
      </trkpt>
      <trkpt lat="31.685370000000002" lon="34.98554">
        <ele>313</ele>
        <time>2021-10-25T09:25:53Z</time>
      </trkpt>
      <trkpt lat="31.685330000000004" lon="34.985330000000005">
        <ele>313</ele>
        <time>2021-10-25T09:25:54Z</time>
      </trkpt>
      <trkpt lat="31.685190000000002" lon="34.98541">
        <ele>294</ele>
        <time>2021-10-25T09:25:55Z</time>
      </trkpt>
      <trkpt lat="31.685150000000004" lon="34.98556">
        <ele>294</ele>
        <time>2021-10-25T09:25:56Z</time>
      </trkpt>
      <trkpt lat="31.68502" lon="34.98554">
        <ele>294</ele>
        <time>2021-10-25T09:25:57Z</time>
      </trkpt>
      <trkpt lat="31.684960000000004" lon="34.98543">
        <ele>294</ele>
        <time>2021-10-25T09:25:58Z</time>
      </trkpt>
      <trkpt lat="31.68485" lon="34.985420000000005">
        <ele>294</ele>
        <time>2021-10-25T09:25:59Z</time>
      </trkpt>
      <trkpt lat="31.684610000000003" lon="34.985150000000004">
        <ele>289.5</ele>
        <time>2021-10-25T09:26:00Z</time>
      </trkpt>
      <trkpt lat="31.684610000000003" lon="34.985150000000004">
        <ele>289.5</ele>
        <time>2021-10-25T09:26:01Z</time>
      </trkpt>
      <trkpt lat="31.684420000000003" lon="34.98492">
        <ele>285</ele>
        <time>2021-10-25T09:26:02Z</time>
      </trkpt>
      <trkpt lat="31.684400000000004" lon="34.98427">
        <ele>285</ele>
        <time>2021-10-25T09:26:03Z</time>
      </trkpt>
      <trkpt lat="31.684400000000004" lon="34.98359">
        <ele>281</ele>
        <time>2021-10-25T09:26:04Z</time>
      </trkpt>
      <trkpt lat="31.684260000000002" lon="34.983540000000005">
        <ele>281</ele>
        <time>2021-10-25T09:26:05Z</time>
      </trkpt>
      <trkpt lat="31.684250000000002" lon="34.983070000000005">
        <ele>280</ele>
        <time>2021-10-25T09:26:06Z</time>
      </trkpt>
      <trkpt lat="31.684160000000002" lon="34.98306">
        <ele>280</ele>
        <time>2021-10-25T09:26:07Z</time>
      </trkpt>
      <trkpt lat="31.684150000000002" lon="34.98324">
        <ele>280</ele>
        <time>2021-10-25T09:26:08Z</time>
      </trkpt>
      <trkpt lat="31.68389" lon="34.983520000000006">
        <ele>281</ele>
        <time>2021-10-25T09:26:09Z</time>
      </trkpt>
      <trkpt lat="31.68372" lon="34.983650000000004">
        <ele>281</ele>
        <time>2021-10-25T09:26:10Z</time>
      </trkpt>
      <trkpt lat="31.68363" lon="34.983670000000004">
        <ele>281</ele>
        <time>2021-10-25T09:26:11Z</time>
      </trkpt>
      <trkpt lat="31.683390000000003" lon="34.983340000000005">
        <ele>283</ele>
        <time>2021-10-25T09:26:12Z</time>
      </trkpt>
      <trkpt lat="31.683360000000004" lon="34.98324">
        <ele>283</ele>
        <time>2021-10-25T09:26:13Z</time>
      </trkpt>
      <trkpt lat="31.683320000000002" lon="34.98284">
        <ele>283</ele>
        <time>2021-10-25T09:26:14Z</time>
      </trkpt>
      <trkpt lat="31.683320000000002" lon="34.982290000000006">
        <ele>283</ele>
        <time>2021-10-25T09:26:15Z</time>
      </trkpt>
      <trkpt lat="31.683350000000004" lon="34.98183">
        <ele>283</ele>
        <time>2021-10-25T09:26:16Z</time>
      </trkpt>
      <trkpt lat="31.68334" lon="34.98158">
        <ele>281</ele>
        <time>2021-10-25T09:26:17Z</time>
      </trkpt>
      <trkpt lat="31.68343" lon="34.981280000000005">
        <ele>281</ele>
        <time>2021-10-25T09:26:18Z</time>
      </trkpt>
      <trkpt lat="31.683310000000002" lon="34.981260000000006">
        <ele>281</ele>
        <time>2021-10-25T09:26:19Z</time>
      </trkpt>
      <trkpt lat="31.68306" lon="34.98115">
        <ele>281</ele>
        <time>2021-10-25T09:26:20Z</time>
      </trkpt>
      <trkpt lat="31.68288" lon="34.981030000000004">
        <ele>281</ele>
        <time>2021-10-25T09:26:21Z</time>
      </trkpt>
      <trkpt lat="31.68288" lon="34.981030000000004">
        <ele>281</ele>
        <time>2021-10-25T09:26:22Z</time>
      </trkpt>
      <trkpt lat="31.681700000000003" lon="34.98017">
        <ele>287</ele>
        <time>2021-10-25T09:26:23Z</time>
      </trkpt>
      <trkpt lat="31.68146" lon="34.980030000000006">
        <ele>287</ele>
        <time>2021-10-25T09:26:24Z</time>
      </trkpt>
      <trkpt lat="31.681340000000002" lon="34.979980000000005">
        <ele>290</ele>
        <time>2021-10-25T09:26:25Z</time>
      </trkpt>
      <trkpt lat="31.681240000000003" lon="34.979960000000005">
        <ele>290</ele>
        <time>2021-10-25T09:26:26Z</time>
      </trkpt>
      <trkpt lat="31.681130000000003" lon="34.979960000000005">
        <ele>290</ele>
        <time>2021-10-25T09:26:27Z</time>
      </trkpt>
      <trkpt lat="31.681" lon="34.98001">
        <ele>297</ele>
        <time>2021-10-25T09:26:28Z</time>
      </trkpt>
      <trkpt lat="31.680930000000004" lon="34.98006">
        <ele>293</ele>
        <time>2021-10-25T09:26:29Z</time>
      </trkpt>
      <trkpt lat="31.680770000000003" lon="34.98022">
        <ele>293</ele>
        <time>2021-10-25T09:26:30Z</time>
      </trkpt>
      <trkpt lat="31.680100000000003" lon="34.980990000000006">
        <ele>300</ele>
        <time>2021-10-25T09:26:31Z</time>
      </trkpt>
      <trkpt lat="31.679720000000003" lon="34.98147">
        <ele>300</ele>
        <time>2021-10-25T09:26:32Z</time>
      </trkpt>
      <trkpt lat="31.679570000000002" lon="34.981350000000006">
        <ele>300</ele>
        <time>2021-10-25T09:26:33Z</time>
      </trkpt>
      <trkpt lat="31.679460000000002" lon="34.981300000000005">
        <ele>300</ele>
        <time>2021-10-25T09:26:34Z</time>
      </trkpt>
      <trkpt lat="31.679360000000003" lon="34.981320000000004">
        <ele>325</ele>
        <time>2021-10-25T09:26:35Z</time>
      </trkpt>
      <trkpt lat="31.6793" lon="34.981300000000005">
        <ele>325</ele>
        <time>2021-10-25T09:26:36Z</time>
      </trkpt>
      <trkpt lat="31.679230000000004" lon="34.98122">
        <ele>325</ele>
        <time>2021-10-25T09:26:37Z</time>
      </trkpt>
      <trkpt lat="31.679070000000003" lon="34.98114">
        <ele>325</ele>
        <time>2021-10-25T09:26:38Z</time>
      </trkpt>
      <trkpt lat="31.678980000000003" lon="34.98118">
        <ele>325</ele>
        <time>2021-10-25T09:26:39Z</time>
      </trkpt>
      <trkpt lat="31.678950000000004" lon="34.98106">
        <ele>325</ele>
        <time>2021-10-25T09:26:40Z</time>
      </trkpt>
      <trkpt lat="31.678980000000003" lon="34.980970000000006">
        <ele>325</ele>
        <time>2021-10-25T09:26:41Z</time>
      </trkpt>
      <trkpt lat="31.678980000000003" lon="34.980970000000006">
        <ele>325</ele>
        <time>2021-10-25T09:26:42Z</time>
      </trkpt>
      <trkpt lat="31.678970000000003" lon="34.98075">
        <ele>331</ele>
        <time>2021-10-25T09:26:43Z</time>
      </trkpt>
      <trkpt lat="31.678990000000002" lon="34.980650000000004">
        <ele>331</ele>
        <time>2021-10-25T09:26:44Z</time>
      </trkpt>
      <trkpt lat="31.67892" lon="34.98059">
        <ele>331</ele>
        <time>2021-10-25T09:26:45Z</time>
      </trkpt>
      <trkpt lat="31.678850000000004" lon="34.980560000000004">
        <ele>331</ele>
        <time>2021-10-25T09:26:46Z</time>
      </trkpt>
      <trkpt lat="31.678810000000002" lon="34.98049">
        <ele>331</ele>
        <time>2021-10-25T09:26:47Z</time>
      </trkpt>
      <trkpt lat="31.678800000000003" lon="34.9802">
        <ele>331</ele>
        <time>2021-10-25T09:26:48Z</time>
      </trkpt>
      <trkpt lat="31.678760000000004" lon="34.98011">
        <ele>331</ele>
        <time>2021-10-25T09:26:49Z</time>
      </trkpt>
      <trkpt lat="31.678680000000004" lon="34.98001">
        <ele>331</ele>
        <time>2021-10-25T09:26:50Z</time>
      </trkpt>
      <trkpt lat="31.678760000000004" lon="34.97973">
        <ele>335</ele>
        <time>2021-10-25T09:26:51Z</time>
      </trkpt>
      <trkpt lat="31.67901" lon="34.97946">
        <ele>335</ele>
        <time>2021-10-25T09:26:52Z</time>
      </trkpt>
      <trkpt lat="31.6793" lon="34.979220000000005">
        <ele>335</ele>
        <time>2021-10-25T09:26:53Z</time>
      </trkpt>
      <trkpt lat="31.67929" lon="34.97881">
        <ele>334</ele>
        <time>2021-10-25T09:26:54Z</time>
      </trkpt>
      <trkpt lat="31.679330000000004" lon="34.978530000000006">
        <ele>334</ele>
        <time>2021-10-25T09:26:55Z</time>
      </trkpt>
      <trkpt lat="31.679740000000002" lon="34.978080000000006">
        <ele>329</ele>
        <time>2021-10-25T09:26:56Z</time>
      </trkpt>
      <trkpt lat="31.679840000000002" lon="34.97786">
        <ele>329</ele>
        <time>2021-10-25T09:26:57Z</time>
      </trkpt>
      <trkpt lat="31.679890000000004" lon="34.97782">
        <ele>329</ele>
        <time>2021-10-25T09:26:58Z</time>
      </trkpt>
      <trkpt lat="31.680020000000003" lon="34.97782">
        <ele>329</ele>
        <time>2021-10-25T09:26:59Z</time>
      </trkpt>
      <trkpt lat="31.680100000000003" lon="34.97776">
        <ele>329</ele>
        <time>2021-10-25T09:27:00Z</time>
      </trkpt>
      <trkpt lat="31.68033" lon="34.97739">
        <ele>330</ele>
        <time>2021-10-25T09:27:01Z</time>
      </trkpt>
      <trkpt lat="31.680600000000002" lon="34.97715">
        <ele>330</ele>
        <time>2021-10-25T09:27:02Z</time>
      </trkpt>
      <trkpt lat="31.680730000000004" lon="34.97688">
        <ele>330</ele>
        <time>2021-10-25T09:27:03Z</time>
      </trkpt>
      <trkpt lat="31.6808" lon="34.976620000000004">
        <ele>337</ele>
        <time>2021-10-25T09:27:04Z</time>
      </trkpt>
      <trkpt lat="31.681060000000002" lon="34.97605">
        <ele>337</ele>
        <time>2021-10-25T09:27:05Z</time>
      </trkpt>
      <trkpt lat="31.681130000000003" lon="34.97576">
        <ele>334</ele>
        <time>2021-10-25T09:27:06Z</time>
      </trkpt>
      <trkpt lat="31.68119" lon="34.97563">
        <ele>334</ele>
        <time>2021-10-25T09:27:07Z</time>
      </trkpt>
      <trkpt lat="31.681500000000003" lon="34.97534">
        <ele>334</ele>
        <time>2021-10-25T09:27:08Z</time>
      </trkpt>
      <trkpt lat="31.681530000000002" lon="34.97529">
        <ele>334</ele>
        <time>2021-10-25T09:27:09Z</time>
      </trkpt>
      <trkpt lat="31.681530000000002" lon="34.97529">
        <ele>334</ele>
        <time>2021-10-25T09:27:10Z</time>
      </trkpt>
      <trkpt lat="31.681690000000003" lon="34.975030000000004">
        <ele>334</ele>
        <time>2021-10-25T09:27:11Z</time>
      </trkpt>
      <trkpt lat="31.681870000000004" lon="34.97482">
        <ele>341</ele>
        <time>2021-10-25T09:27:12Z</time>
      </trkpt>
      <trkpt lat="31.681910000000002" lon="34.97466">
        <ele>341</ele>
        <time>2021-10-25T09:27:13Z</time>
      </trkpt>
      <trkpt lat="31.68193" lon="34.97444">
        <ele>327</ele>
        <time>2021-10-25T09:27:14Z</time>
      </trkpt>
      <trkpt lat="31.68202" lon="34.97421">
        <ele>327</ele>
        <time>2021-10-25T09:27:15Z</time>
      </trkpt>
      <trkpt lat="31.682060000000003" lon="34.97392">
        <ele>339</ele>
        <time>2021-10-25T09:27:16Z</time>
      </trkpt>
      <trkpt lat="31.682150000000004" lon="34.97374">
        <ele>339</ele>
        <time>2021-10-25T09:27:17Z</time>
      </trkpt>
      <trkpt lat="31.682190000000002" lon="34.973530000000004">
        <ele>339</ele>
        <time>2021-10-25T09:27:18Z</time>
      </trkpt>
      <trkpt lat="31.682290000000002" lon="34.97335">
        <ele>339</ele>
        <time>2021-10-25T09:27:19Z</time>
      </trkpt>
      <trkpt lat="31.682340000000003" lon="34.97319">
        <ele>341</ele>
        <time>2021-10-25T09:27:20Z</time>
      </trkpt>
      <trkpt lat="31.68239" lon="34.97312">
        <ele>341</ele>
        <time>2021-10-25T09:27:21Z</time>
      </trkpt>
      <trkpt lat="31.68258" lon="34.97301">
        <ele>341</ele>
        <time>2021-10-25T09:27:22Z</time>
      </trkpt>
      <trkpt lat="31.682750000000002" lon="34.97285">
        <ele>341</ele>
        <time>2021-10-25T09:27:23Z</time>
      </trkpt>
      <trkpt lat="31.68288" lon="34.97279">
        <ele>317</ele>
        <time>2021-10-25T09:27:24Z</time>
      </trkpt>
      <trkpt lat="31.682930000000002" lon="34.97267">
        <ele>317</ele>
        <time>2021-10-25T09:27:25Z</time>
      </trkpt>
      <trkpt lat="31.68297" lon="34.9726">
        <ele>317</ele>
        <time>2021-10-25T09:27:26Z</time>
      </trkpt>
      <trkpt lat="31.683090000000004" lon="34.97251">
        <ele>314</ele>
        <time>2021-10-25T09:27:27Z</time>
      </trkpt>
      <trkpt lat="31.68316" lon="34.97249">
        <ele>314</ele>
        <time>2021-10-25T09:27:28Z</time>
      </trkpt>
      <trkpt lat="31.683270000000004" lon="34.97249">
        <ele>314</ele>
        <time>2021-10-25T09:27:29Z</time>
      </trkpt>
      <extensions>
        <RoutingType xmlns="">Hike</RoutingType>
      </extensions>
    </trkseg>
    <trkseg>
      <trkpt lat="31.68327" lon="34.972491">
        <ele>316.8</ele>
      </trkpt>
      <trkpt lat="31.683325" lon="34.97249">
        <ele>315.2708867679783</ele>
      </trkpt>
      <trkpt lat="31.683423" lon="34.972548">
        <ele>312.2206167364208</ele>
      </trkpt>
      <trkpt lat="31.683659" lon="34.972516">
        <ele>305.37102767076294</ele>
      </trkpt>
      <trkpt lat="31.68376" lon="34.972469">
        <ele>302.1499146757908</ele>
      </trkpt>
      <trkpt lat="31.68382" lon="34.972422">
        <ele>300.269408336894</ele>
      </trkpt>
      <trkpt lat="31.683934" lon="34.972399">
        <ele>297.52558225722305</ele>
      </trkpt>
      <trkpt lat="31.684116" lon="34.972298">
        <ele>293.4226084104503</ele>
      </trkpt>
      <trkpt lat="31.684143" lon="34.972207">
        <ele>292.0851552147191</ele>
      </trkpt>
      <trkpt lat="31.684239" lon="34.972152">
        <ele>290.3647367718449</ele>
      </trkpt>
      <trkpt lat="31.684277" lon="34.972114">
        <ele>289.6619633827642</ele>
      </trkpt>
      <trkpt lat="31.684343" lon="34.971978">
        <ele>287.78550383882714</ele>
      </trkpt>
      <trkpt lat="31.68442" lon="34.971906">
        <ele>286.3442029585155</ele>
      </trkpt>
      <trkpt lat="31.68446" lon="34.971802">
        <ele>284.7243313401167</ele>
      </trkpt>
      <trkpt lat="31.684495" lon="34.971694">
        <ele>283.0840610101576</ele>
      </trkpt>
      <trkpt lat="31.684509" lon="34.971614">
        <ele>282.08993547483107</ele>
      </trkpt>
      <trkpt lat="31.684534" lon="34.971552">
        <ele>281.70042491639487</ele>
      </trkpt>
      <trkpt lat="31.68464" lon="34.971336">
        <ele>280.36800597736084</ele>
      </trkpt>
      <trkpt lat="31.684698" lon="34.97121">
        <ele>280.14209115419504</ele>
      </trkpt>
      <trkpt lat="31.684734" lon="34.971098">
        <ele>279.9532839677287</ele>
      </trkpt>
      <trkpt lat="31.684765" lon="34.97098">
        <ele>280.29611974454207</ele>
      </trkpt>
      <trkpt lat="31.684901" lon="34.970557">
        <ele>282.5055659687105</ele>
      </trkpt>
      <trkpt lat="31.685011" lon="34.970533">
        <ele>282.7399388133047</ele>
      </trkpt>
      <trkpt lat="31.685267" lon="34.970677">
        <ele>280.6011405041902</ele>
      </trkpt>
      <trkpt lat="31.685513" lon="34.970845">
        <ele>278.96961731972266</ele>
      </trkpt>
      <trkpt lat="31.685592" lon="34.97087">
        <ele>278.66637313555094</ele>
      </trkpt>
      <trkpt lat="31.685687" lon="34.970914">
        <ele>278.28789518329097</ele>
      </trkpt>
      <trkpt lat="31.685834" lon="34.970718">
        <ele>278.3472265204515</ele>
      </trkpt>
      <trkpt lat="31.685971" lon="34.97042">
        <ele>277.8369012248404</ele>
      </trkpt>
      <trkpt lat="31.686147" lon="34.970279">
        <ele>276.690310607833</ele>
      </trkpt>
      <trkpt lat="31.686406" lon="34.969946">
        <ele>275.0033678287743</ele>
      </trkpt>
      <trkpt lat="31.686559" lon="34.969534">
        <ele>275.4607817774433</ele>
      </trkpt>
      <trkpt lat="31.686763" lon="34.969215">
        <ele>275.7306791433389</ele>
      </trkpt>
      <trkpt lat="31.68685" lon="34.969022">
        <ele>275.3943492139825</ele>
      </trkpt>
      <trkpt lat="31.687074" lon="34.968936">
        <ele>274.6444972598815</ele>
      </trkpt>
      <trkpt lat="31.687131" lon="34.968831">
        <ele>274.2516786199773</ele>
      </trkpt>
      <trkpt lat="31.687161" lon="34.968395">
        <ele>273.5279389934724</ele>
      </trkpt>
      <trkpt lat="31.687083" lon="34.968109">
        <ele>274.4751713238902</ele>
      </trkpt>
      <trkpt lat="31.687373" lon="34.96712">
        <ele>274.3785506377407</ele>
      </trkpt>
      <trkpt lat="31.687806" lon="34.965561">
        <ele>269.6064972739784</ele>
      </trkpt>
      <trkpt lat="31.688016" lon="34.964871">
        <ele>265.4388275871773</ele>
      </trkpt>
      <trkpt lat="31.688072" lon="34.964802">
        <ele>265.0060545697138</ele>
      </trkpt>
      <trkpt lat="31.688256" lon="34.964767">
        <ele>263.90066025752753</ele>
      </trkpt>
      <trkpt lat="31.688624" lon="34.964694">
        <ele>262.73356327144387</ele>
      </trkpt>
      <trkpt lat="31.68887" lon="34.964662">
        <ele>262.2799038175883</ele>
      </trkpt>
      <trkpt lat="31.688951" lon="34.964463">
        <ele>262.00160846270796</ele>
      </trkpt>
      <trkpt lat="31.689027" lon="34.964159">
        <ele>261.45282584838816</ele>
      </trkpt>
      <trkpt lat="31.689104" lon="34.963864">
        <ele>260.79706376330904</ele>
      </trkpt>
      <trkpt lat="31.689173" lon="34.963651">
        <ele>260.29389274148605</ele>
      </trkpt>
      <trkpt lat="31.689251" lon="34.963448">
        <ele>259.8440858709616</ele>
      </trkpt>
      <trkpt lat="31.689299" lon="34.96317">
        <ele>259.5068872360668</ele>
      </trkpt>
      <trkpt lat="31.689261" lon="34.962923">
        <ele>259.6652156451437</ele>
      </trkpt>
      <trkpt lat="31.689341" lon="34.962471">
        <ele>260.7</ele>
      </trkpt>
      <trkpt lat="31.689411" lon="34.962364">
        <ele>260.7</ele>
      </trkpt>
      <trkpt lat="31.689584" lon="34.96231">
        <ele>260.3658462741977</ele>
      </trkpt>
      <trkpt lat="31.689757" lon="34.962334">
        <ele>259.7864334988659</ele>
      </trkpt>
      <trkpt lat="31.69004" lon="34.962402">
        <ele>259</ele>
      </trkpt>
      <trkpt lat="31.690058" lon="34.961916">
        <ele>258.5647206091676</ele>
      </trkpt>
      <trkpt lat="31.690098" lon="34.961332">
        <ele>257.553035680883</ele>
      </trkpt>
      <trkpt lat="31.690135" lon="34.960658">
        <ele>257.32006972595116</ele>
      </trkpt>
      <trkpt lat="31.690123" lon="34.960323">
        <ele>256.93710076816336</ele>
      </trkpt>
      <trkpt lat="31.690113" lon="34.959765">
        <ele>255.76600390385548</ele>
      </trkpt>
      <trkpt lat="31.690051" lon="34.958844">
        <ele>254.26625643629677</ele>
      </trkpt>
      <trkpt lat="31.690111" lon="34.958794">
        <ele>254.32078145090225</ele>
      </trkpt>
      <trkpt lat="31.690331" lon="34.958743">
        <ele>254.4435049208296</ele>
      </trkpt>
      <trkpt lat="31.691039" lon="34.958804">
        <ele>255.09337079513125</ele>
      </trkpt>
      <trkpt lat="31.691451" lon="34.958854">
        <ele>255</ele>
      </trkpt>
      <trkpt lat="31.6915" lon="34.958877">
        <ele>255</ele>
      </trkpt>
      <trkpt lat="31.691572" lon="34.958795">
        <ele>255</ele>
      </trkpt>
      <trkpt lat="31.691556" lon="34.958205">
        <ele>254.9908887552562</ele>
      </trkpt>
      <trkpt lat="31.691611" lon="34.958115">
        <ele>254.8860496393041</ele>
      </trkpt>
      <trkpt lat="31.691671" lon="34.958035">
        <ele>254.78515187571062</ele>
      </trkpt>
      <trkpt lat="31.691757" lon="34.957964">
        <ele>254.7211416690234</ele>
      </trkpt>
      <trkpt lat="31.691897" lon="34.957907">
        <ele>254.83097488960917</ele>
      </trkpt>
      <trkpt lat="31.692005" lon="34.957894">
        <ele>254.9</ele>
      </trkpt>
      <extensions>
        <RoutingType xmlns="">Hike</RoutingType>
      </extensions>
    </trkseg>
    <trkseg>
      <trkpt lat="31.692005" lon="34.957894">
        <ele>254.9</ele>
      </trkpt>
      <trkpt lat="31.692081" lon="34.957885">
        <ele>255.18312023527457</ele>
      </trkpt>
      <trkpt lat="31.692607" lon="34.957828">
        <ele>257.8061170930765</ele>
      </trkpt>
      <trkpt lat="31.692959" lon="34.957883">
        <ele>261.4058311856543</ele>
      </trkpt>
      <trkpt lat="31.693054" lon="34.957857">
        <ele>262.70737051130885</ele>
      </trkpt>
      <trkpt lat="31.693127" lon="34.957854">
        <ele>263.511525045337</ele>
      </trkpt>
      <trkpt lat="31.693177" lon="34.957845">
        <ele>264.01773691076966</ele>
      </trkpt>
      <trkpt lat="31.693202" lon="34.957933">
        <ele>264.8077338194035</ele>
      </trkpt>
      <trkpt lat="31.693229" lon="34.9581">
        <ele>265.8850691958917</ele>
      </trkpt>
      <trkpt lat="31.693335" lon="34.959113">
        <ele>269.3215766472153</ele>
      </trkpt>
      <trkpt lat="31.693405" lon="34.959118">
        <ele>269.7634637214414</ele>
      </trkpt>
      <trkpt lat="31.693485" lon="34.959125">
        <ele>270.2689425226081</ele>
      </trkpt>
      <trkpt lat="31.693575" lon="34.959252">
        <ele>271.4065546776005</ele>
      </trkpt>
      <trkpt lat="31.693754" lon="34.959406">
        <ele>273.67076017248786</ele>
      </trkpt>
      <trkpt lat="31.693962" lon="34.95953">
        <ele>277.0483725313259</ele>
      </trkpt>
      <trkpt lat="31.694265" lon="34.959436">
        <ele>283.0667800258698</ele>
      </trkpt>
      <trkpt lat="31.694359" lon="34.959385">
        <ele>285.21574690709105</ele>
      </trkpt>
      <trkpt lat="31.694563" lon="34.959228">
        <ele>290.021607469918</ele>
      </trkpt>
      <trkpt lat="31.6947" lon="34.958998">
        <ele>293.99680847142844</ele>
      </trkpt>
      <trkpt lat="31.694847" lon="34.958959">
        <ele>296.2724517461844</ele>
      </trkpt>
      <trkpt lat="31.694941" lon="34.958984">
        <ele>297.8799422967678</ele>
      </trkpt>
      <trkpt lat="31.694967" lon="34.958975">
        <ele>298.3320206382372</ele>
      </trkpt>
      <trkpt lat="31.695094" lon="34.958985">
        <ele>300.45625557348967</ele>
      </trkpt>
      <trkpt lat="31.695193" lon="34.958891">
        <ele>302.6262094103112</ele>
      </trkpt>
      <trkpt lat="31.69523" lon="34.958805">
        <ele>304.0242343511721</ele>
      </trkpt>
      <trkpt lat="31.695268" lon="34.958664">
        <ele>305.48320917135715</ele>
      </trkpt>
      <trkpt lat="31.695238" lon="34.958557">
        <ele>306.15826655629934</ele>
      </trkpt>
      <trkpt lat="31.695179" lon="34.958475">
        <ele>306.80174075494324</ele>
      </trkpt>
      <trkpt lat="31.69508" lon="34.958413">
        <ele>306.17185643185564</ele>
      </trkpt>
      <trkpt lat="31.694861" lon="34.958338">
        <ele>304.48089287419054</ele>
      </trkpt>
      <trkpt lat="31.694711" lon="34.958386">
        <ele>303.32846402109635</ele>
      </trkpt>
      <trkpt lat="31.694356" lon="34.958296">
        <ele>300.7922877864704</ele>
      </trkpt>
      <trkpt lat="31.694283" lon="34.958093">
        <ele>301.27881232546207</ele>
      </trkpt>
      <trkpt lat="31.694152" lon="34.957916">
        <ele>300.83328893927217</ele>
      </trkpt>
      <trkpt lat="31.694091" lon="34.957689">
        <ele>300.33650754717144</ele>
      </trkpt>
      <trkpt lat="31.694055" lon="34.957385">
        <ele>299.20096925241177</ele>
      </trkpt>
      <trkpt lat="31.694013" lon="34.957213">
        <ele>297.2257865399764</ele>
      </trkpt>
      <trkpt lat="31.694034" lon="34.957043">
        <ele>296.5042347472461</ele>
      </trkpt>
      <trkpt lat="31.694096" lon="34.956927">
        <ele>296.2882237601482</ele>
      </trkpt>
      <trkpt lat="31.694285" lon="34.956762">
        <ele>297.5924062830546</ele>
      </trkpt>
      <trkpt lat="31.694524" lon="34.956623">
        <ele>299.2268792639258</ele>
      </trkpt>
      <trkpt lat="31.694574" lon="34.956571">
        <ele>299.59807718818564</ele>
      </trkpt>
      <trkpt lat="31.694671" lon="34.95637">
        <ele>299.7660808147405</ele>
      </trkpt>
      <trkpt lat="31.694716" lon="34.956164">
        <ele>299.368996018257</ele>
      </trkpt>
      <trkpt lat="31.694617" lon="34.955975">
        <ele>298.44647108154635</ele>
      </trkpt>
      <trkpt lat="31.694528" lon="34.955697">
        <ele>296.85401525128265</ele>
      </trkpt>
      <trkpt lat="31.694512" lon="34.955614">
        <ele>296.6816906990653</ele>
      </trkpt>
      <trkpt lat="31.694512" lon="34.955583">
        <ele>296.63280810360453</ele>
      </trkpt>
      <extensions>
        <RoutingType xmlns="">Hike</RoutingType>
      </extensions>
    </trkseg>
    <trkseg>
      <trkpt lat="31.694512" lon="34.955583">
        <ele>296.3</ele>
      </trkpt>
      <trkpt lat="31.694512" lon="34.955444">
        <ele>296.95754975183235</ele>
      </trkpt>
      <trkpt lat="31.694527" lon="34.955361">
        <ele>297.3589463167209</ele>
      </trkpt>
      <trkpt lat="31.694562" lon="34.955287">
        <ele>297.75945766882455</ele>
      </trkpt>
      <trkpt lat="31.6947" lon="34.955092">
        <ele>299.88672274929945</ele>
      </trkpt>
      <trkpt lat="31.694734" lon="34.955017">
        <ele>300.51225967525454</ele>
      </trkpt>
      <trkpt lat="31.694786" lon="34.954553">
        <ele>299.86971633764983</ele>
      </trkpt>
      <trkpt lat="31.694873" lon="34.95423">
        <ele>297.8294144061919</ele>
      </trkpt>
      <trkpt lat="31.694944" lon="34.953857">
        <ele>294.9441779146886</ele>
      </trkpt>
      <trkpt lat="31.694952" lon="34.953687">
        <ele>293.4825818542053</ele>
      </trkpt>
      <trkpt lat="31.69491" lon="34.953314">
        <ele>290.7257987655681</ele>
      </trkpt>
      <trkpt lat="31.694813" lon="34.952644">
        <ele>288.6369651956267</ele>
      </trkpt>
      <trkpt lat="31.694734" lon="34.952402">
        <ele>289.07003334108936</ele>
      </trkpt>
      <trkpt lat="31.69471" lon="34.951994">
        <ele>292.3768427656446</ele>
      </trkpt>
      <trkpt lat="31.694716" lon="34.951823">
        <ele>293.4436438472272</ele>
      </trkpt>
      <trkpt lat="31.694671" lon="34.951685">
        <ele>293.8165066135596</ele>
      </trkpt>
      <trkpt lat="31.69463" lon="34.951255">
        <ele>294.55156496338833</ele>
      </trkpt>
      <trkpt lat="31.694426" lon="34.950922">
        <ele>297.8302911252956</ele>
      </trkpt>
      <trkpt lat="31.694387" lon="34.95076">
        <ele>299.10459190933096</ele>
      </trkpt>
      <trkpt lat="31.694394" lon="34.950285">
        <ele>303.7213136746644</ele>
      </trkpt>
      <trkpt lat="31.69437" lon="34.950144">
        <ele>305.1271170889797</ele>
      </trkpt>
      <trkpt lat="31.694423" lon="34.949944">
        <ele>307.4613617090268</ele>
      </trkpt>
      <trkpt lat="31.694418" lon="34.949821">
        <ele>308.85942126936015</ele>
      </trkpt>
      <trkpt lat="31.694305" lon="34.94959">
        <ele>308.5192340205849</ele>
      </trkpt>
      <trkpt lat="31.694272" lon="34.949427">
        <ele>307.4439136903012</ele>
      </trkpt>
      <trkpt lat="31.69416" lon="34.949211">
        <ele>305.23243147164</ele>
      </trkpt>
      <trkpt lat="31.694137" lon="34.949122">
        <ele>304.6164124964184</ele>
      </trkpt>
      <trkpt lat="31.694164" lon="34.948966">
        <ele>303.5620933332012</ele>
      </trkpt>
      <trkpt lat="31.694172" lon="34.948865">
        <ele>303.08446871990185</ele>
      </trkpt>
      <trkpt lat="31.694119" lon="34.948827">
        <ele>302.78532061945066</ele>
      </trkpt>
      <trkpt lat="31.693714" lon="34.948701">
        <ele>299.1178681971579</ele>
      </trkpt>
      <trkpt lat="31.693578" lon="34.9486">
        <ele>297.20974331003737</ele>
      </trkpt>
      <trkpt lat="31.693495" lon="34.948441">
        <ele>295.95795010803124</ele>
      </trkpt>
      <trkpt lat="31.693482" lon="34.948286">
        <ele>295.85971002899265</ele>
      </trkpt>
      <trkpt lat="31.693503" lon="34.948136">
        <ele>295.7638253668891</ele>
      </trkpt>
      <trkpt lat="31.693432" lon="34.948018">
        <ele>295.6726674728062</ele>
      </trkpt>
      <trkpt lat="31.693378" lon="34.9478">
        <ele>295.42363875312344</ele>
      </trkpt>
      <extensions>
        <RoutingType xmlns="">Hike</RoutingType>
      </extensions>
    </trkseg>
    <trkseg>
      <trkpt lat="31.693378" lon="34.9478">
        <ele>295.1</ele>
      </trkpt>
      <trkpt lat="31.693365" lon="34.947745">
        <ele>295.2260173070646</ele>
      </trkpt>
      <trkpt lat="31.693293" lon="34.947587">
        <ele>295.62169679004666</ele>
      </trkpt>
      <trkpt lat="31.693323" lon="34.947383">
        <ele>296.39727881331976</ele>
      </trkpt>
      <trkpt lat="31.69334" lon="34.947028">
        <ele>296.3128721726867</ele>
      </trkpt>
      <trkpt lat="31.693266" lon="34.946761">
        <ele>293.4958480145482</ele>
      </trkpt>
      <trkpt lat="31.693143" lon="34.946497">
        <ele>290.8417510935129</ele>
      </trkpt>
      <trkpt lat="31.693233" lon="34.946277">
        <ele>291.1621158871912</ele>
      </trkpt>
      <trkpt lat="31.693153" lon="34.946105">
        <ele>291.47121642203706</ele>
      </trkpt>
      <trkpt lat="31.693197" lon="34.945988">
        <ele>291.22077299212253</ele>
      </trkpt>
      <trkpt lat="31.693166" lon="34.945702">
        <ele>288.7740025997607</ele>
      </trkpt>
      <trkpt lat="31.69305" lon="34.945411">
        <ele>284.63250348580306</ele>
      </trkpt>
      <trkpt lat="31.692995" lon="34.945204">
        <ele>281.96522170025514</ele>
      </trkpt>
      <trkpt lat="31.693019" lon="34.945092">
        <ele>280.42788399978315</ele>
      </trkpt>
      <trkpt lat="31.69293" lon="34.944801">
        <ele>275.4928605555716</ele>
      </trkpt>
      <trkpt lat="31.692819" lon="34.944695">
        <ele>271.99409000422736</ele>
      </trkpt>
      <trkpt lat="31.692705" lon="34.944419">
        <ele>266.43362768197096</ele>
      </trkpt>
      <trkpt lat="31.692727" lon="34.944271">
        <ele>264.0713452141033</ele>
      </trkpt>
      <trkpt lat="31.692872" lon="34.944169">
        <ele>261.81645375916344</ele>
      </trkpt>
      <trkpt lat="31.69286" lon="34.943947">
        <ele>257.76433008630124</ele>
      </trkpt>
      <trkpt lat="31.692781" lon="34.943841">
        <ele>254.43129005290044</ele>
      </trkpt>
      <trkpt lat="31.692558" lon="34.943836">
        <ele>250.94740699852704</ele>
      </trkpt>
      <trkpt lat="31.692218" lon="34.944172">
        <ele>247.40199418939042</ele>
      </trkpt>
      <trkpt lat="31.692088" lon="34.944211">
        <ele>245.3133530796247</ele>
      </trkpt>
      <trkpt lat="31.691766" lon="34.944141">
        <ele>240.5718836455071</ele>
      </trkpt>
      <trkpt lat="31.691669" lon="34.944127">
        <ele>240.06475979918935</ele>
      </trkpt>
      <trkpt lat="31.691333" lon="34.944366">
        <ele>238.52956791926647</ele>
      </trkpt>
      <trkpt lat="31.69123" lon="34.944421">
        <ele>238.2970526161026</ele>
      </trkpt>
      <trkpt lat="31.691144" lon="34.944284">
        <ele>238.0822799609594</ele>
      </trkpt>
      <trkpt lat="31.691126" lon="34.944248">
        <ele>238.02960433869845</ele>
      </trkpt>
      <trkpt lat="31.691092" lon="34.944101">
        <ele>238.28449742345208</ele>
      </trkpt>
      <trkpt lat="31.691068" lon="34.943916">
        <ele>238.69763833298197</ele>
      </trkpt>
      <trkpt lat="31.691078" lon="34.943831">
        <ele>238.78017565962568</ele>
      </trkpt>
      <extensions>
        <RoutingType xmlns="">Hike</RoutingType>
      </extensions>
    </trkseg>
    <trkseg>
      <trkpt lat="31.69112" lon="34.94389">
        <ele>240</ele>
        <time>2021-10-25T09:30:43Z</time>
      </trkpt>
      <trkpt lat="31.691080000000003" lon="34.94375">
        <ele>239</ele>
        <time>2021-10-25T09:30:44Z</time>
      </trkpt>
      <trkpt lat="31.69112" lon="34.94353">
        <ele>240</ele>
        <time>2021-10-25T09:30:45Z</time>
      </trkpt>
      <trkpt lat="31.691180000000003" lon="34.94348">
        <ele>239</ele>
        <time>2021-10-25T09:30:46Z</time>
      </trkpt>
      <trkpt lat="31.691180000000003" lon="34.94348">
        <ele>239</ele>
        <time>2021-10-25T09:30:47Z</time>
      </trkpt>
      <trkpt lat="31.691380000000002" lon="34.94326">
        <ele>238</ele>
        <time>2021-10-25T09:30:48Z</time>
      </trkpt>
      <trkpt lat="31.691640000000003" lon="34.94308">
        <ele>238</ele>
        <time>2021-10-25T09:30:49Z</time>
      </trkpt>
      <trkpt lat="31.691900000000004" lon="34.942980000000006">
        <ele>238</ele>
        <time>2021-10-25T09:30:50Z</time>
      </trkpt>
      <trkpt lat="31.692090000000004" lon="34.942870000000006">
        <ele>242</ele>
        <time>2021-10-25T09:30:51Z</time>
      </trkpt>
      <trkpt lat="31.692410000000002" lon="34.94279">
        <ele>242</ele>
        <time>2021-10-25T09:30:52Z</time>
      </trkpt>
      <trkpt lat="31.692660000000004" lon="34.94267">
        <ele>242</ele>
        <time>2021-10-25T09:30:53Z</time>
      </trkpt>
      <trkpt lat="31.692760000000003" lon="34.942600000000006">
        <ele>245</ele>
        <time>2021-10-25T09:30:54Z</time>
      </trkpt>
      <trkpt lat="31.692680000000003" lon="34.94236">
        <ele>241.5</ele>
        <time>2021-10-25T09:30:55Z</time>
      </trkpt>
      <trkpt lat="31.692680000000003" lon="34.94236">
        <ele>241.5</ele>
        <time>2021-10-25T09:30:56Z</time>
      </trkpt>
      <trkpt lat="31.692400000000003" lon="34.94162">
        <ele>238</ele>
        <time>2021-10-25T09:30:57Z</time>
      </trkpt>
      <trkpt lat="31.692360000000004" lon="34.94145">
        <ele>238</ele>
        <time>2021-10-25T09:30:58Z</time>
      </trkpt>
      <trkpt lat="31.692310000000003" lon="34.941320000000005">
        <ele>238</ele>
        <time>2021-10-25T09:30:59Z</time>
      </trkpt>
      <trkpt lat="31.692220000000002" lon="34.94122">
        <ele>238</ele>
        <time>2021-10-25T09:31:00Z</time>
      </trkpt>
      <trkpt lat="31.69217" lon="34.941190000000006">
        <ele>238</ele>
        <time>2021-10-25T09:31:01Z</time>
      </trkpt>
      <trkpt lat="31.692120000000003" lon="34.941190000000006">
        <ele>238</ele>
        <time>2021-10-25T09:31:02Z</time>
      </trkpt>
      <trkpt lat="31.691660000000002" lon="34.941390000000006">
        <ele>239</ele>
        <time>2021-10-25T09:31:03Z</time>
      </trkpt>
      <trkpt lat="31.690880000000003" lon="34.941810000000004">
        <ele>240</ele>
        <time>2021-10-25T09:31:04Z</time>
      </trkpt>
      <trkpt lat="31.690360000000002" lon="34.94198">
        <ele>240</ele>
        <time>2021-10-25T09:31:05Z</time>
      </trkpt>
      <trkpt lat="31.689970000000002" lon="34.94221">
        <ele>243</ele>
        <time>2021-10-25T09:31:06Z</time>
      </trkpt>
      <trkpt lat="31.689780000000003" lon="34.94236">
        <ele>243</ele>
        <time>2021-10-25T09:31:07Z</time>
      </trkpt>
      <trkpt lat="31.689550000000004" lon="34.94248">
        <ele>243</ele>
        <time>2021-10-25T09:31:08Z</time>
      </trkpt>
      <trkpt lat="31.68916" lon="34.942640000000004">
        <ele>244</ele>
        <time>2021-10-25T09:31:09Z</time>
      </trkpt>
      <trkpt lat="31.688990000000004" lon="34.942730000000005">
        <ele>244</ele>
        <time>2021-10-25T09:31:10Z</time>
      </trkpt>
      <trkpt lat="31.688620000000004" lon="34.94286">
        <ele>244</ele>
        <time>2021-10-25T09:31:11Z</time>
      </trkpt>
      <trkpt lat="31.688450000000003" lon="34.94294">
        <ele>254</ele>
        <time>2021-10-25T09:31:12Z</time>
      </trkpt>
      <trkpt lat="31.688240000000004" lon="34.943000000000005">
        <ele>254</ele>
        <time>2021-10-25T09:31:13Z</time>
      </trkpt>
      <trkpt lat="31.688260000000003" lon="34.942840000000004">
        <ele>254</ele>
        <time>2021-10-25T09:31:14Z</time>
      </trkpt>
      <trkpt lat="31.688260000000003" lon="34.942840000000004">
        <ele>254</ele>
        <time>2021-10-25T09:31:15Z</time>
      </trkpt>
      <trkpt lat="31.6884" lon="34.942400000000006">
        <ele>259</ele>
        <time>2021-10-25T09:31:16Z</time>
      </trkpt>
      <trkpt lat="31.6885" lon="34.942170000000004">
        <ele>259</ele>
        <time>2021-10-25T09:31:17Z</time>
      </trkpt>
      <trkpt lat="31.68859" lon="34.94203">
        <ele>259</ele>
        <time>2021-10-25T09:31:18Z</time>
      </trkpt>
      <trkpt lat="31.68868" lon="34.941930000000006">
        <ele>245</ele>
        <time>2021-10-25T09:31:19Z</time>
      </trkpt>
      <trkpt lat="31.68888" lon="34.941660000000006">
        <ele>247</ele>
        <time>2021-10-25T09:31:20Z</time>
      </trkpt>
      <trkpt lat="31.68907" lon="34.941430000000004">
        <ele>247</ele>
        <time>2021-10-25T09:31:21Z</time>
      </trkpt>
      <trkpt lat="31.689120000000003" lon="34.941340000000004">
        <ele>247</ele>
        <time>2021-10-25T09:31:22Z</time>
      </trkpt>
      <trkpt lat="31.689200000000003" lon="34.94115">
        <ele>247</ele>
        <time>2021-10-25T09:31:23Z</time>
      </trkpt>
      <trkpt lat="31.689220000000002" lon="34.94104">
        <ele>247</ele>
        <time>2021-10-25T09:31:24Z</time>
      </trkpt>
      <trkpt lat="31.689230000000002" lon="34.940900000000006">
        <ele>247</ele>
        <time>2021-10-25T09:31:25Z</time>
      </trkpt>
      <trkpt lat="31.689170000000004" lon="34.94055">
        <ele>247</ele>
        <time>2021-10-25T09:31:26Z</time>
      </trkpt>
      <trkpt lat="31.689170000000004" lon="34.94033">
        <ele>247</ele>
        <time>2021-10-25T09:31:27Z</time>
      </trkpt>
      <trkpt lat="31.689210000000003" lon="34.940250000000006">
        <ele>247</ele>
        <time>2021-10-25T09:31:28Z</time>
      </trkpt>
      <trkpt lat="31.689400000000003" lon="34.940020000000004">
        <ele>242</ele>
        <time>2021-10-25T09:31:29Z</time>
      </trkpt>
      <trkpt lat="31.68943" lon="34.93988">
        <ele>239</ele>
        <time>2021-10-25T09:31:30Z</time>
      </trkpt>
      <trkpt lat="31.689490000000003" lon="34.939150000000005">
        <ele>239</ele>
        <time>2021-10-25T09:31:31Z</time>
      </trkpt>
      <trkpt lat="31.689470000000004" lon="34.93872">
        <ele>239</ele>
        <time>2021-10-25T09:31:32Z</time>
      </trkpt>
      <trkpt lat="31.68944" lon="34.938520000000004">
        <ele>239</ele>
        <time>2021-10-25T09:31:33Z</time>
      </trkpt>
      <trkpt lat="31.689460000000004" lon="34.93831">
        <ele>244</ele>
        <time>2021-10-25T09:31:34Z</time>
      </trkpt>
      <trkpt lat="31.68963" lon="34.93822">
        <ele>244</ele>
        <time>2021-10-25T09:31:35Z</time>
      </trkpt>
      <trkpt lat="31.689780000000003" lon="34.937760000000004">
        <ele>244</ele>
        <time>2021-10-25T09:31:36Z</time>
      </trkpt>
      <trkpt lat="31.689770000000003" lon="34.93755">
        <ele>244</ele>
        <time>2021-10-25T09:31:37Z</time>
      </trkpt>
      <trkpt lat="31.689600000000002" lon="34.9375">
        <ele>256</ele>
        <time>2021-10-25T09:31:38Z</time>
      </trkpt>
      <trkpt lat="31.689510000000002" lon="34.9373">
        <ele>256</ele>
        <time>2021-10-25T09:31:39Z</time>
      </trkpt>
      <trkpt lat="31.68934" lon="34.93719">
        <ele>263</ele>
        <time>2021-10-25T09:31:40Z</time>
      </trkpt>
      <trkpt lat="31.68934" lon="34.93719">
        <ele>263</ele>
        <time>2021-10-25T09:31:41Z</time>
      </trkpt>
      <trkpt lat="31.689040000000002" lon="34.936960000000006">
        <ele>270</ele>
        <time>2021-10-25T09:31:42Z</time>
      </trkpt>
      <trkpt lat="31.688750000000002" lon="34.93668">
        <ele>282</ele>
        <time>2021-10-25T09:31:43Z</time>
      </trkpt>
      <trkpt lat="31.688450000000003" lon="34.936530000000005">
        <ele>297</ele>
        <time>2021-10-25T09:31:44Z</time>
      </trkpt>
      <trkpt lat="31.687950000000004" lon="34.93605">
        <ele>297</ele>
        <time>2021-10-25T09:31:45Z</time>
      </trkpt>
      <trkpt lat="31.687820000000002" lon="34.935990000000004">
        <ele>297</ele>
        <time>2021-10-25T09:31:46Z</time>
      </trkpt>
      <trkpt lat="31.687680000000004" lon="34.936130000000006">
        <ele>313</ele>
        <time>2021-10-25T09:31:47Z</time>
      </trkpt>
      <trkpt lat="31.687480000000004" lon="34.936170000000004">
        <ele>313</ele>
        <time>2021-10-25T09:31:48Z</time>
      </trkpt>
      <trkpt lat="31.687350000000002" lon="34.93601">
        <ele>313</ele>
        <time>2021-10-25T09:31:49Z</time>
      </trkpt>
      <trkpt lat="31.687260000000002" lon="34.936170000000004">
        <ele>313</ele>
        <time>2021-10-25T09:31:50Z</time>
      </trkpt>
      <trkpt lat="31.68708" lon="34.93629">
        <ele>313</ele>
        <time>2021-10-25T09:31:51Z</time>
      </trkpt>
      <trkpt lat="31.686890000000002" lon="34.93647">
        <ele>332</ele>
        <time>2021-10-25T09:31:52Z</time>
      </trkpt>
      <trkpt lat="31.686770000000003" lon="34.936460000000004">
        <ele>332</ele>
        <time>2021-10-25T09:31:53Z</time>
      </trkpt>
      <trkpt lat="31.686770000000003" lon="34.93625">
        <ele>332</ele>
        <time>2021-10-25T09:31:54Z</time>
      </trkpt>
      <trkpt lat="31.686560000000004" lon="34.935970000000005">
        <ele>332</ele>
        <time>2021-10-25T09:31:55Z</time>
      </trkpt>
      <trkpt lat="31.686400000000003" lon="34.935810000000004">
        <ele>347</ele>
        <time>2021-10-25T09:31:56Z</time>
      </trkpt>
      <trkpt lat="31.686230000000002" lon="34.93567">
        <ele>347</ele>
        <time>2021-10-25T09:31:57Z</time>
      </trkpt>
      <trkpt lat="31.686130000000002" lon="34.93549">
        <ele>347</ele>
        <time>2021-10-25T09:31:58Z</time>
      </trkpt>
      <trkpt lat="31.686000000000003" lon="34.93509">
        <ele>350</ele>
        <time>2021-10-25T09:31:59Z</time>
      </trkpt>
      <trkpt lat="31.685660000000002" lon="34.934900000000006">
        <ele>361</ele>
        <time>2021-10-25T09:32:00Z</time>
      </trkpt>
      <trkpt lat="31.685610000000004" lon="34.93495">
        <ele>361</ele>
        <time>2021-10-25T09:32:01Z</time>
      </trkpt>
      <trkpt lat="31.685570000000002" lon="34.93495">
        <ele>361</ele>
        <time>2021-10-25T09:32:02Z</time>
      </trkpt>
      <trkpt lat="31.68541" lon="34.934870000000004">
        <ele>361</ele>
        <time>2021-10-25T09:32:03Z</time>
      </trkpt>
      <trkpt lat="31.6853" lon="34.934850000000004">
        <ele>361</ele>
        <time>2021-10-25T09:32:04Z</time>
      </trkpt>
      <trkpt lat="31.685170000000003" lon="34.9348">
        <ele>354</ele>
        <time>2021-10-25T09:32:05Z</time>
      </trkpt>
      <trkpt lat="31.684810000000002" lon="34.93459">
        <ele>354</ele>
        <time>2021-10-25T09:32:06Z</time>
      </trkpt>
      <trkpt lat="31.684670000000004" lon="34.93453">
        <ele>354</ele>
        <time>2021-10-25T09:32:07Z</time>
      </trkpt>
      <trkpt lat="31.684420000000003" lon="34.934490000000004">
        <ele>354</ele>
        <time>2021-10-25T09:32:08Z</time>
      </trkpt>
      <trkpt lat="31.684140000000003" lon="34.934400000000004">
        <ele>344</ele>
        <time>2021-10-25T09:32:09Z</time>
      </trkpt>
      <trkpt lat="31.683790000000002" lon="34.934450000000005">
        <ele>344</ele>
        <time>2021-10-25T09:32:10Z</time>
      </trkpt>
      <trkpt lat="31.683650000000004" lon="34.93439">
        <ele>344</ele>
        <time>2021-10-25T09:32:11Z</time>
      </trkpt>
      <trkpt lat="31.683490000000003" lon="34.934290000000004">
        <ele>339</ele>
        <time>2021-10-25T09:32:12Z</time>
      </trkpt>
      <trkpt lat="31.68342" lon="34.934050000000006">
        <ele>343</ele>
        <time>2021-10-25T09:32:13Z</time>
      </trkpt>
      <trkpt lat="31.68342" lon="34.933980000000005">
        <ele>343</ele>
        <time>2021-10-25T09:32:14Z</time>
      </trkpt>
      <trkpt lat="31.68361" lon="34.93408">
        <ele>341</ele>
        <time>2021-10-25T09:32:15Z</time>
      </trkpt>
      <trkpt lat="31.683850000000003" lon="34.93406">
        <ele>341</ele>
        <time>2021-10-25T09:32:16Z</time>
      </trkpt>
      <trkpt lat="31.683850000000003" lon="34.93406">
        <ele>341</ele>
        <time>2021-10-25T09:32:17Z</time>
      </trkpt>
      <trkpt lat="31.68361" lon="34.93408">
        <ele>341</ele>
        <time>2021-10-25T09:32:18Z</time>
      </trkpt>
      <trkpt lat="31.68342" lon="34.933980000000005">
        <ele>343</ele>
        <time>2021-10-25T09:32:19Z</time>
      </trkpt>
      <trkpt lat="31.68344" lon="34.933840000000004">
        <ele>343</ele>
        <time>2021-10-25T09:32:20Z</time>
      </trkpt>
      <extensions>
        <RoutingType xmlns="">Hike</RoutingType>
      </extensions>
    </trkseg>
    <trkseg>
      <trkpt lat="31.68344" lon="34.933840000000004">
        <ele>343</ele>
        <time>2021-10-25T09:32:20Z</time>
      </trkpt>
      <trkpt lat="31.683390000000003" lon="34.93363">
        <ele>343</ele>
        <time>2021-10-25T09:32:21Z</time>
      </trkpt>
      <trkpt lat="31.683260000000004" lon="34.93338">
        <ele>335</ele>
        <time>2021-10-25T09:32:22Z</time>
      </trkpt>
      <trkpt lat="31.683210000000003" lon="34.933130000000006">
        <ele>335</ele>
        <time>2021-10-25T09:32:23Z</time>
      </trkpt>
      <trkpt lat="31.683130000000002" lon="34.932990000000004">
        <ele>335</ele>
        <time>2021-10-25T09:32:24Z</time>
      </trkpt>
      <trkpt lat="31.68315" lon="34.932990000000004">
        <ele>335</ele>
        <time>2021-10-25T09:32:25Z</time>
      </trkpt>
      <trkpt lat="31.683210000000003" lon="34.932860000000005">
        <ele>335</ele>
        <time>2021-10-25T09:32:26Z</time>
      </trkpt>
      <trkpt lat="31.683270000000004" lon="34.932640000000006">
        <ele>335</ele>
        <time>2021-10-25T09:32:27Z</time>
      </trkpt>
      <trkpt lat="31.683300000000003" lon="34.932640000000006">
        <ele>335</ele>
        <time>2021-10-25T09:32:28Z</time>
      </trkpt>
      <trkpt lat="31.68334" lon="34.932500000000005">
        <ele>324</ele>
        <time>2021-10-25T09:32:29Z</time>
      </trkpt>
      <trkpt lat="31.683400000000002" lon="34.932520000000004">
        <ele>324</ele>
        <time>2021-10-25T09:32:30Z</time>
      </trkpt>
      <trkpt lat="31.68343" lon="34.93249">
        <ele>324</ele>
        <time>2021-10-25T09:32:31Z</time>
      </trkpt>
      <trkpt lat="31.68344" lon="34.93245">
        <ele>324</ele>
        <time>2021-10-25T09:32:32Z</time>
      </trkpt>
      <trkpt lat="31.683470000000003" lon="34.93245">
        <ele>324</ele>
        <time>2021-10-25T09:32:33Z</time>
      </trkpt>
      <trkpt lat="31.683550000000004" lon="34.93253">
        <ele>324</ele>
        <time>2021-10-25T09:32:34Z</time>
      </trkpt>
      <trkpt lat="31.68353" lon="34.93242">
        <ele>324</ele>
        <time>2021-10-25T09:32:35Z</time>
      </trkpt>
      <trkpt lat="31.683460000000004" lon="34.93229">
        <ele>324</ele>
        <time>2021-10-25T09:32:36Z</time>
      </trkpt>
      <trkpt lat="31.683450000000004" lon="34.932230000000004">
        <ele>324</ele>
        <time>2021-10-25T09:32:37Z</time>
      </trkpt>
      <trkpt lat="31.683500000000002" lon="34.93218">
        <ele>324</ele>
        <time>2021-10-25T09:32:38Z</time>
      </trkpt>
      <trkpt lat="31.683660000000003" lon="34.932140000000004">
        <ele>313</ele>
        <time>2021-10-25T09:32:39Z</time>
      </trkpt>
      <trkpt lat="31.683740000000004" lon="34.93207">
        <ele>313</ele>
        <time>2021-10-25T09:32:40Z</time>
      </trkpt>
      <trkpt lat="31.68372" lon="34.931990000000006">
        <ele>313</ele>
        <time>2021-10-25T09:32:41Z</time>
      </trkpt>
      <trkpt lat="31.6837" lon="34.93188">
        <ele>313</ele>
        <time>2021-10-25T09:32:42Z</time>
      </trkpt>
      <trkpt lat="31.683560000000003" lon="34.93155">
        <ele>315</ele>
        <time>2021-10-25T09:32:43Z</time>
      </trkpt>
      <trkpt lat="31.68342" lon="34.931110000000004">
        <ele>315</ele>
        <time>2021-10-25T09:32:44Z</time>
      </trkpt>
      <trkpt lat="31.683390000000003" lon="34.93084">
        <ele>310</ele>
        <time>2021-10-25T09:32:45Z</time>
      </trkpt>
      <trkpt lat="31.683410000000002" lon="34.93063">
        <ele>310</ele>
        <time>2021-10-25T09:32:46Z</time>
      </trkpt>
      <trkpt lat="31.683410000000002" lon="34.93063">
        <ele>310</ele>
        <time>2021-10-25T09:32:47Z</time>
      </trkpt>
      <trkpt lat="31.683480000000003" lon="34.93037">
        <ele>310</ele>
        <time>2021-10-25T09:32:48Z</time>
      </trkpt>
      <trkpt lat="31.68362" lon="34.93003">
        <ele>294</ele>
        <time>2021-10-25T09:32:49Z</time>
      </trkpt>
      <trkpt lat="31.6838" lon="34.92933">
        <ele>294</ele>
        <time>2021-10-25T09:32:50Z</time>
      </trkpt>
      <trkpt lat="31.683930000000004" lon="34.928900000000006">
        <ele>296</ele>
        <time>2021-10-25T09:32:51Z</time>
      </trkpt>
      <trkpt lat="31.6841" lon="34.92853">
        <ele>296</ele>
        <time>2021-10-25T09:32:52Z</time>
      </trkpt>
      <trkpt lat="31.684300000000004" lon="34.92822">
        <ele>300</ele>
        <time>2021-10-25T09:32:53Z</time>
      </trkpt>
      <trkpt lat="31.68438" lon="34.928020000000004">
        <ele>300</ele>
        <time>2021-10-25T09:32:54Z</time>
      </trkpt>
      <trkpt lat="31.684400000000004" lon="34.92788">
        <ele>300</ele>
        <time>2021-10-25T09:32:55Z</time>
      </trkpt>
      <trkpt lat="31.68436" lon="34.92765">
        <ele>300</ele>
        <time>2021-10-25T09:32:56Z</time>
      </trkpt>
      <trkpt lat="31.684110000000004" lon="34.92712">
        <ele>301</ele>
        <time>2021-10-25T09:32:57Z</time>
      </trkpt>
      <trkpt lat="31.683840000000004" lon="34.92714">
        <ele>301</ele>
        <time>2021-10-25T09:32:58Z</time>
      </trkpt>
      <trkpt lat="31.68372" lon="34.927020000000006">
        <ele>301</ele>
        <time>2021-10-25T09:32:59Z</time>
      </trkpt>
      <trkpt lat="31.683550000000004" lon="34.927060000000004">
        <ele>298</ele>
        <time>2021-10-25T09:33:00Z</time>
      </trkpt>
      <trkpt lat="31.683490000000003" lon="34.926950000000005">
        <ele>298</ele>
        <time>2021-10-25T09:33:01Z</time>
      </trkpt>
      <trkpt lat="31.683460000000004" lon="34.92678">
        <ele>298</ele>
        <time>2021-10-25T09:33:02Z</time>
      </trkpt>
      <trkpt lat="31.68342" lon="34.926660000000005">
        <ele>295</ele>
        <time>2021-10-25T09:33:03Z</time>
      </trkpt>
      <trkpt lat="31.683360000000004" lon="34.9266">
        <ele>295</ele>
        <time>2021-10-25T09:33:04Z</time>
      </trkpt>
      <trkpt lat="31.683040000000002" lon="34.92651">
        <ele>295</ele>
        <time>2021-10-25T09:33:05Z</time>
      </trkpt>
      <trkpt lat="31.68296" lon="34.92642">
        <ele>295</ele>
        <time>2021-10-25T09:33:06Z</time>
      </trkpt>
      <trkpt lat="31.682890000000004" lon="34.926320000000004">
        <ele>295</ele>
        <time>2021-10-25T09:33:07Z</time>
      </trkpt>
      <trkpt lat="31.682830000000003" lon="34.92627">
        <ele>295</ele>
        <time>2021-10-25T09:33:08Z</time>
      </trkpt>
      <trkpt lat="31.68267" lon="34.926190000000005">
        <ele>282</ele>
        <time>2021-10-25T09:33:09Z</time>
      </trkpt>
      <trkpt lat="31.68259" lon="34.926190000000005">
        <ele>282</ele>
        <time>2021-10-25T09:33:10Z</time>
      </trkpt>
      <trkpt lat="31.682370000000002" lon="34.92604">
        <ele>282</ele>
        <time>2021-10-25T09:33:11Z</time>
      </trkpt>
      <trkpt lat="31.68212" lon="34.92595">
        <ele>282</ele>
        <time>2021-10-25T09:33:12Z</time>
      </trkpt>
      <trkpt lat="31.681990000000003" lon="34.926030000000004">
        <ele>282</ele>
        <time>2021-10-25T09:33:13Z</time>
      </trkpt>
      <trkpt lat="31.681870000000004" lon="34.92593">
        <ele>271</ele>
        <time>2021-10-25T09:33:14Z</time>
      </trkpt>
      <trkpt lat="31.681890000000003" lon="34.92582">
        <ele>271</ele>
        <time>2021-10-25T09:33:15Z</time>
      </trkpt>
      <trkpt lat="31.681890000000003" lon="34.92582">
        <ele>271</ele>
        <time>2021-10-25T09:33:16Z</time>
      </trkpt>
      <trkpt lat="31.681870000000004" lon="34.92593">
        <ele>271</ele>
        <time>2021-10-25T09:33:17Z</time>
      </trkpt>
      <trkpt lat="31.681540000000002" lon="34.926480000000005">
        <ele>271</ele>
        <time>2021-10-25T09:33:18Z</time>
      </trkpt>
      <trkpt lat="31.681330000000003" lon="34.9271">
        <ele>280</ele>
        <time>2021-10-25T09:33:19Z</time>
      </trkpt>
      <trkpt lat="31.681200000000004" lon="34.92757">
        <ele>290</ele>
        <time>2021-10-25T09:33:20Z</time>
      </trkpt>
      <trkpt lat="31.680920000000004" lon="34.928230000000006">
        <ele>281</ele>
        <time>2021-10-25T09:33:21Z</time>
      </trkpt>
      <trkpt lat="31.680780000000002" lon="34.928850000000004">
        <ele>286</ele>
        <time>2021-10-25T09:33:22Z</time>
      </trkpt>
      <trkpt lat="31.680380000000003" lon="34.92936">
        <ele>298</ele>
        <time>2021-10-25T09:33:23Z</time>
      </trkpt>
      <trkpt lat="31.679360000000003" lon="34.930200000000006">
        <ele>307</ele>
        <time>2021-10-25T09:33:24Z</time>
      </trkpt>
      <trkpt lat="31.678310000000003" lon="34.93056">
        <ele>313</ele>
        <time>2021-10-25T09:33:25Z</time>
      </trkpt>
      <trkpt lat="31.677950000000003" lon="34.93061">
        <ele>313</ele>
        <time>2021-10-25T09:33:26Z</time>
      </trkpt>
      <trkpt lat="31.677490000000002" lon="34.93061">
        <ele>315</ele>
        <time>2021-10-25T09:33:27Z</time>
      </trkpt>
      <trkpt lat="31.677300000000002" lon="34.930440000000004">
        <ele>315</ele>
        <time>2021-10-25T09:33:28Z</time>
      </trkpt>
      <trkpt lat="31.677100000000003" lon="34.93039">
        <ele>315</ele>
        <time>2021-10-25T09:33:29Z</time>
      </trkpt>
      <trkpt lat="31.67686" lon="34.93045">
        <ele>307</ele>
        <time>2021-10-25T09:33:30Z</time>
      </trkpt>
      <trkpt lat="31.676530000000003" lon="34.93047">
        <ele>307</ele>
        <time>2021-10-25T09:33:31Z</time>
      </trkpt>
      <trkpt lat="31.676230000000004" lon="34.930460000000004">
        <ele>307</ele>
        <time>2021-10-25T09:33:32Z</time>
      </trkpt>
      <trkpt lat="31.676070000000003" lon="34.930440000000004">
        <ele>305</ele>
        <time>2021-10-25T09:33:33Z</time>
      </trkpt>
      <trkpt lat="31.676070000000003" lon="34.930440000000004">
        <ele>305</ele>
        <time>2021-10-25T09:33:34Z</time>
      </trkpt>
      <trkpt lat="31.675940000000004" lon="34.93043">
        <ele>303</ele>
        <time>2021-10-25T09:33:35Z</time>
      </trkpt>
      <trkpt lat="31.675710000000002" lon="34.92996">
        <ele>314</ele>
        <time>2021-10-25T09:33:36Z</time>
      </trkpt>
      <trkpt lat="31.67555" lon="34.92938">
        <ele>314</ele>
        <time>2021-10-25T09:33:37Z</time>
      </trkpt>
      <trkpt lat="31.675300000000004" lon="34.92884">
        <ele>326</ele>
        <time>2021-10-25T09:33:38Z</time>
      </trkpt>
      <trkpt lat="31.67526" lon="34.92832">
        <ele>343</ele>
        <time>2021-10-25T09:33:39Z</time>
      </trkpt>
      <trkpt lat="31.675000000000004" lon="34.928000000000004">
        <ele>343</ele>
        <time>2021-10-25T09:33:40Z</time>
      </trkpt>
      <trkpt lat="31.6748" lon="34.92795">
        <ele>343</ele>
        <time>2021-10-25T09:33:41Z</time>
      </trkpt>
      <trkpt lat="31.674550000000004" lon="34.928070000000005">
        <ele>343</ele>
        <time>2021-10-25T09:33:42Z</time>
      </trkpt>
      <trkpt lat="31.674360000000004" lon="34.92821">
        <ele>353</ele>
        <time>2021-10-25T09:33:43Z</time>
      </trkpt>
      <trkpt lat="31.67415" lon="34.928180000000005">
        <ele>353</ele>
        <time>2021-10-25T09:33:44Z</time>
      </trkpt>
      <trkpt lat="31.673910000000003" lon="34.927760000000006">
        <ele>353</ele>
        <time>2021-10-25T09:33:45Z</time>
      </trkpt>
      <trkpt lat="31.67385" lon="34.92736">
        <ele>356</ele>
        <time>2021-10-25T09:33:46Z</time>
      </trkpt>
      <trkpt lat="31.673810000000003" lon="34.927290000000006">
        <ele>356</ele>
        <time>2021-10-25T09:33:47Z</time>
      </trkpt>
      <trkpt lat="31.673630000000003" lon="34.9271">
        <ele>356</ele>
        <time>2021-10-25T09:33:48Z</time>
      </trkpt>
      <trkpt lat="31.673630000000003" lon="34.9271">
        <ele>356</ele>
        <time>2021-10-25T09:33:49Z</time>
      </trkpt>
      <trkpt lat="31.673250000000003" lon="34.92671">
        <ele>363</ele>
        <time>2021-10-25T09:33:50Z</time>
      </trkpt>
      <trkpt lat="31.67291" lon="34.92631">
        <ele>363</ele>
        <time>2021-10-25T09:33:51Z</time>
      </trkpt>
      <trkpt lat="31.672850000000004" lon="34.926210000000005">
        <ele>363</ele>
        <time>2021-10-25T09:33:52Z</time>
      </trkpt>
      <trkpt lat="31.672790000000003" lon="34.926010000000005">
        <ele>363</ele>
        <time>2021-10-25T09:33:53Z</time>
      </trkpt>
      <trkpt lat="31.672710000000002" lon="34.925920000000005">
        <ele>360</ele>
        <time>2021-10-25T09:33:54Z</time>
      </trkpt>
      <trkpt lat="31.67265" lon="34.92588">
        <ele>355</ele>
        <time>2021-10-25T09:33:55Z</time>
      </trkpt>
      <trkpt lat="31.672610000000002" lon="34.92589">
        <ele>355</ele>
        <time>2021-10-25T09:33:56Z</time>
      </trkpt>
      <trkpt lat="31.672560000000004" lon="34.925940000000004">
        <ele>360</ele>
        <time>2021-10-25T09:33:57Z</time>
      </trkpt>
      <extensions>
        <RoutingType xmlns="">Hike</RoutingType>
      </extensions>
    </trkseg>
    <trkseg>
      <trkpt lat="31.672565" lon="34.925947">
        <ele>357.9</ele>
      </trkpt>
      <trkpt lat="31.672563" lon="34.925949">
        <ele>357.8970797344831</ele>
      </trkpt>
      <trkpt lat="31.672449" lon="34.926167">
        <ele>357.65494518548593</ele>
      </trkpt>
      <trkpt lat="31.672333" lon="34.92633">
        <ele>355.45674844074347</ele>
      </trkpt>
      <trkpt lat="31.672222" lon="34.926434">
        <ele>353.14010550346427</ele>
      </trkpt>
      <trkpt lat="31.672153" lon="34.926513">
        <ele>351.53322373881593</ele>
      </trkpt>
      <trkpt lat="31.672037" lon="34.926633">
        <ele>348.95542402116666</ele>
      </trkpt>
      <trkpt lat="31.671868" lon="34.926717">
        <ele>345.95714261323974</ele>
      </trkpt>
      <trkpt lat="31.671764" lon="34.926701">
        <ele>344.21500170283736</ele>
      </trkpt>
      <trkpt lat="31.671668" lon="34.926526">
        <ele>339.61757301235093</ele>
      </trkpt>
      <trkpt lat="31.671579" lon="34.926468">
        <ele>337.06469992406113</ele>
      </trkpt>
      <trkpt lat="31.671342" lon="34.926411">
        <ele>332.49176834572864</ele>
      </trkpt>
      <trkpt lat="31.671116" lon="34.926191">
        <ele>329.03269699323613</ele>
      </trkpt>
      <trkpt lat="31.670888" lon="34.926009">
        <ele>326.79550604774414</ele>
      </trkpt>
      <trkpt lat="31.670463" lon="34.925923">
        <ele>323.9890224363673</ele>
      </trkpt>
      <extensions>
        <RoutingType xmlns="">Hike</RoutingType>
      </extensions>
    </trkseg>
    <trkseg>
      <trkpt lat="31.670463" lon="34.925923">
        <ele>323.5</ele>
      </trkpt>
      <trkpt lat="31.670038" lon="34.925838">
        <ele>321.5412485235991</ele>
      </trkpt>
      <trkpt lat="31.669528" lon="34.92594">
        <ele>322.67004905749167</ele>
      </trkpt>
      <trkpt lat="31.669033" lon="34.926297">
        <ele>323.19815456594114</ele>
      </trkpt>
      <trkpt lat="31.66898" lon="34.926481">
        <ele>322.5471100132739</ele>
      </trkpt>
      <trkpt lat="31.668861" lon="34.926428">
        <ele>322.12258173779566</ele>
      </trkpt>
      <trkpt lat="31.668804" lon="34.926375">
        <ele>321.88894504705956</ele>
      </trkpt>
      <trkpt lat="31.668713" lon="34.926406">
        <ele>321.713354085702</ele>
      </trkpt>
      <trkpt lat="31.668609" lon="34.926493">
        <ele>321.4767562292742</ele>
      </trkpt>
      <trkpt lat="31.668469" lon="34.926481">
        <ele>321.76677616079917</ele>
      </trkpt>
      <trkpt lat="31.668202" lon="34.92643">
        <ele>323.43432908650675</ele>
      </trkpt>
      <trkpt lat="31.668185" lon="34.926265">
        <ele>324.9023989035108</ele>
      </trkpt>
      <trkpt lat="31.668113" lon="34.925967">
        <ele>328.42245365138916</ele>
      </trkpt>
      <trkpt lat="31.66802" lon="34.92524">
        <ele>336.3512850792239</ele>
      </trkpt>
      <trkpt lat="31.66764" lon="34.92395">
        <ele>353.03312290676786</ele>
      </trkpt>
      <trkpt lat="31.66751" lon="34.92317">
        <ele>365.50863803492166</ele>
      </trkpt>
      <trkpt lat="31.667397" lon="34.922913">
        <ele>367.6074727260157</ele>
      </trkpt>
      <trkpt lat="31.667237" lon="34.922941">
        <ele>367.90317482728625</ele>
      </trkpt>
      <trkpt lat="31.667079" lon="34.922902">
        <ele>367.93142918258087</ele>
      </trkpt>
      <trkpt lat="31.666827" lon="34.922796">
        <ele>367.3468121407013</ele>
      </trkpt>
      <trkpt lat="31.666521" lon="34.922672">
        <ele>366.96122540938103</ele>
      </trkpt>
      <trkpt lat="31.666448" lon="34.922666">
        <ele>367.0154725228362</ele>
      </trkpt>
      <trkpt lat="31.66637" lon="34.92266">
        <ele>367.0734176752641</ele>
      </trkpt>
      <trkpt lat="31.66613" lon="34.922694">
        <ele>367.8630908536094</ele>
      </trkpt>
      <trkpt lat="31.665986" lon="34.922708">
        <ele>368.18959520693454</ele>
      </trkpt>
      <trkpt lat="31.665842" lon="34.922667">
        <ele>368.354350427873</ele>
      </trkpt>
      <trkpt lat="31.665725" lon="34.922866">
        <ele>367.4226596352928</ele>
      </trkpt>
      <trkpt lat="31.665569" lon="34.923039">
        <ele>367.0841580285505</ele>
      </trkpt>
      <trkpt lat="31.665248" lon="34.923348">
        <ele>368.91609942546273</ele>
      </trkpt>
      <trkpt lat="31.664962" lon="34.923419">
        <ele>369.6834822359264</ele>
      </trkpt>
      <trkpt lat="31.664672" lon="34.923303">
        <ele>368.8065990411532</ele>
      </trkpt>
      <trkpt lat="31.664604" lon="34.923222">
        <ele>368.160546222</ele>
      </trkpt>
      <trkpt lat="31.664569" lon="34.923155">
        <ele>367.7141417085014</ele>
      </trkpt>
      <trkpt lat="31.664542" lon="34.923107">
        <ele>367.3874266211403</ele>
      </trkpt>
      <trkpt lat="31.66445" lon="34.923087">
        <ele>366.763212092531</ele>
      </trkpt>
      <trkpt lat="31.664373" lon="34.923189">
        <ele>365.9890073293982</ele>
      </trkpt>
      <trkpt lat="31.664215" lon="34.923225">
        <ele>364.46042676043186</ele>
      </trkpt>
      <trkpt lat="31.664149" lon="34.923142">
        <ele>363.3137478642406</ele>
      </trkpt>
      <trkpt lat="31.663804" lon="34.923079">
        <ele>358.68399489705945</ele>
      </trkpt>
      <trkpt lat="31.663714" lon="34.923037">
        <ele>357.38955522046257</ele>
      </trkpt>
      <trkpt lat="31.663499" lon="34.922803">
        <ele>353.2254341279893</ele>
      </trkpt>
      <trkpt lat="31.663363" lon="34.922722">
        <ele>350.8517865521572</ele>
      </trkpt>
      <trkpt lat="31.663129" lon="34.922618">
        <ele>346.13363436562673</ele>
      </trkpt>
      <trkpt lat="31.662998" lon="34.922528">
        <ele>343.742466361985</ele>
      </trkpt>
      <trkpt lat="31.662739" lon="34.922449">
        <ele>341.36537268071123</ele>
      </trkpt>
      <trkpt lat="31.662652" lon="34.922448">
        <ele>341.2041323211321</ele>
      </trkpt>
      <trkpt lat="31.662137" lon="34.922646">
        <ele>344.38030151472066</ele>
      </trkpt>
      <trkpt lat="31.661944" lon="34.92269">
        <ele>344.9115544115898</ele>
      </trkpt>
      <trkpt lat="31.661825" lon="34.922755">
        <ele>345.1229470628608</ele>
      </trkpt>
      <trkpt lat="31.661668" lon="34.922876">
        <ele>346.16687820214577</ele>
      </trkpt>
      <trkpt lat="31.661339" lon="34.922963">
        <ele>350.7331477314773</ele>
      </trkpt>
      <trkpt lat="31.660954" lon="34.922974">
        <ele>356.34927567265214</ele>
      </trkpt>
      <trkpt lat="31.660363" lon="34.922929">
        <ele>362.2512690799667</ele>
      </trkpt>
      <trkpt lat="31.659841" lon="34.922778">
        <ele>367.137400527232</ele>
      </trkpt>
      <trkpt lat="31.659752" lon="34.922766">
        <ele>367.73507904306996</ele>
      </trkpt>
      <trkpt lat="31.658961" lon="34.922773">
        <ele>369.28402999871804</ele>
      </trkpt>
      <trkpt lat="31.6585" lon="34.922799">
        <ele>368.91432578509455</ele>
      </trkpt>
      <trkpt lat="31.658255" lon="34.922682">
        <ele>368.0156674314764</ele>
      </trkpt>
      <trkpt lat="31.658044" lon="34.92245">
        <ele>366.1747827537288</ele>
      </trkpt>
      <trkpt lat="31.657859" lon="34.922667">
        <ele>363.07177431668504</ele>
      </trkpt>
      <trkpt lat="31.6578" lon="34.922712">
        <ele>362.05493710249897</ele>
      </trkpt>
      <trkpt lat="31.657724" lon="34.92278">
        <ele>360.9159979124468</ele>
      </trkpt>
      <trkpt lat="31.657654" lon="34.922783">
        <ele>360.24096664384166</ele>
      </trkpt>
      <trkpt lat="31.65754" lon="34.922664">
        <ele>358.77575018990893</ele>
      </trkpt>
      <trkpt lat="31.657326" lon="34.922649">
        <ele>357.0276279845293</ele>
      </trkpt>
      <trkpt lat="31.657155" lon="34.922643">
        <ele>356.951773879721</ele>
      </trkpt>
      <trkpt lat="31.657083" lon="34.922628">
        <ele>357.16859907575423</ele>
      </trkpt>
      <trkpt lat="31.6568" lon="34.922523">
        <ele>359.18366265704464</ele>
      </trkpt>
      <trkpt lat="31.656431" lon="34.922297">
        <ele>362.61226700028</ele>
      </trkpt>
      <trkpt lat="31.656244" lon="34.922207">
        <ele>364.2021834028478</ele>
      </trkpt>
      <trkpt lat="31.65496" lon="34.921805">
        <ele>371.5850441072341</ele>
      </trkpt>
      <trkpt lat="31.654427" lon="34.921556">
        <ele>377.69110804041134</ele>
      </trkpt>
      <trkpt lat="31.654365" lon="34.921529">
        <ele>378.47537701985505</ele>
      </trkpt>
      <trkpt lat="31.654296" lon="34.921552">
        <ele>379.326078574335</ele>
      </trkpt>
      <trkpt lat="31.654262" lon="34.921677">
        <ele>380.4549008608293</ele>
      </trkpt>
      <trkpt lat="31.65421" lon="34.921757">
        <ele>380.6772068404234</ele>
      </trkpt>
      <trkpt lat="31.654123" lon="34.921793">
        <ele>380.9165259621465</ele>
      </trkpt>
      <trkpt lat="31.654046" lon="34.921812">
        <ele>381.07638214128843</ele>
      </trkpt>
      <trkpt lat="31.653869" lon="34.921841">
        <ele>380.54646228538223</ele>
      </trkpt>
      <trkpt lat="31.653781" lon="34.92186">
        <ele>380.2835101199842</ele>
      </trkpt>
      <trkpt lat="31.653687" lon="34.921837">
        <ele>380.03438870433337</ele>
      </trkpt>
      <trkpt lat="31.6533" lon="34.921514">
        <ele>376.635859171548</ele>
      </trkpt>
      <trkpt lat="31.653204" lon="34.921418">
        <ele>375.7480209248641</ele>
      </trkpt>
      <trkpt lat="31.653166" lon="34.921275">
        <ele>374.94472786337246</ele>
      </trkpt>
      <trkpt lat="31.65312" lon="34.921032">
        <ele>374.394931357906</ele>
      </trkpt>
      <trkpt lat="31.653093" lon="34.920815">
        <ele>374.13310383228736</ele>
      </trkpt>
      <trkpt lat="31.653117" lon="34.920666">
        <ele>374.0034775998964</ele>
      </trkpt>
      <trkpt lat="31.653282" lon="34.920006">
        <ele>375.18459309365056</ele>
      </trkpt>
      <trkpt lat="31.653284" lon="34.919868">
        <ele>375.5765153286955</ele>
      </trkpt>
      <trkpt lat="31.653255" lon="34.919753">
        <ele>375.90569927869933</ele>
      </trkpt>
      <trkpt lat="31.65319" lon="34.919615">
        <ele>376.05498424929414</ele>
      </trkpt>
      <trkpt lat="31.653093" lon="34.919453">
        <ele>376.2</ele>
      </trkpt>
      <trkpt lat="31.652995" lon="34.919323">
        <ele>376.2</ele>
      </trkpt>
      <trkpt lat="31.652785" lon="34.919175">
        <ele>376.31942028880565</ele>
      </trkpt>
      <trkpt lat="31.652779" lon="34.919173">
        <ele>376.3240436725613</ele>
      </trkpt>
      <extensions>
        <RoutingType xmlns="">Hike</RoutingType>
      </extensions>
    </trkseg>
    <trkseg>
      <trkpt lat="31.652780000000003" lon="34.91917">
        <ele>376</ele>
        <time>2021-10-25T09:35:34Z</time>
      </trkpt>
      <trkpt lat="31.65256" lon="34.91908">
        <ele>376</ele>
        <time>2021-10-25T09:35:35Z</time>
      </trkpt>
      <trkpt lat="31.652230000000003" lon="34.919070000000005">
        <ele>376</ele>
        <time>2021-10-25T09:35:36Z</time>
      </trkpt>
      <trkpt lat="31.65199" lon="34.91913">
        <ele>376</ele>
        <time>2021-10-25T09:35:37Z</time>
      </trkpt>
      <trkpt lat="31.651570000000003" lon="34.919360000000005">
        <ele>368</ele>
        <time>2021-10-25T09:35:38Z</time>
      </trkpt>
      <trkpt lat="31.65143" lon="34.91942">
        <ele>368</ele>
        <time>2021-10-25T09:35:39Z</time>
      </trkpt>
      <trkpt lat="31.651300000000003" lon="34.919450000000005">
        <ele>368</ele>
        <time>2021-10-25T09:35:40Z</time>
      </trkpt>
      <trkpt lat="31.650930000000002" lon="34.9195">
        <ele>373</ele>
        <time>2021-10-25T09:35:41Z</time>
      </trkpt>
      <trkpt lat="31.650570000000002" lon="34.919450000000005">
        <ele>373</ele>
        <time>2021-10-25T09:35:42Z</time>
      </trkpt>
      <trkpt lat="31.650420000000004" lon="34.919380000000004">
        <ele>373</ele>
        <time>2021-10-25T09:35:43Z</time>
      </trkpt>
      <trkpt lat="31.650290000000002" lon="34.919290000000004">
        <ele>373</ele>
        <time>2021-10-25T09:35:44Z</time>
      </trkpt>
      <trkpt lat="31.650230000000004" lon="34.91922">
        <ele>374</ele>
        <time>2021-10-25T09:35:45Z</time>
      </trkpt>
      <trkpt lat="31.650150000000004" lon="34.9191">
        <ele>374</ele>
        <time>2021-10-25T09:35:46Z</time>
      </trkpt>
      <trkpt lat="31.650060000000003" lon="34.918850000000006">
        <ele>374</ele>
        <time>2021-10-25T09:35:47Z</time>
      </trkpt>
      <trkpt lat="31.649980000000003" lon="34.91852">
        <ele>374</ele>
        <time>2021-10-25T09:35:48Z</time>
      </trkpt>
      <trkpt lat="31.649900000000002" lon="34.918310000000005">
        <ele>378</ele>
        <time>2021-10-25T09:35:49Z</time>
      </trkpt>
      <trkpt lat="31.64983" lon="34.918200000000006">
        <ele>378</ele>
        <time>2021-10-25T09:35:50Z</time>
      </trkpt>
      <trkpt lat="31.649670000000004" lon="34.91805">
        <ele>378</ele>
        <time>2021-10-25T09:35:51Z</time>
      </trkpt>
      <trkpt lat="31.649570000000004" lon="34.91798">
        <ele>378</ele>
        <time>2021-10-25T09:35:52Z</time>
      </trkpt>
      <trkpt lat="31.64946" lon="34.917950000000005">
        <ele>378</ele>
        <time>2021-10-25T09:35:53Z</time>
      </trkpt>
      <trkpt lat="31.64926" lon="34.91796">
        <ele>375</ele>
        <time>2021-10-25T09:35:54Z</time>
      </trkpt>
      <trkpt lat="31.648750000000003" lon="34.918110000000006">
        <ele>375</ele>
        <time>2021-10-25T09:35:55Z</time>
      </trkpt>
      <trkpt lat="31.648640000000004" lon="34.91816">
        <ele>375</ele>
        <time>2021-10-25T09:35:56Z</time>
      </trkpt>
      <trkpt lat="31.648090000000003" lon="34.918490000000006">
        <ele>371</ele>
        <time>2021-10-25T09:35:57Z</time>
      </trkpt>
      <trkpt lat="31.648000000000003" lon="34.918510000000005">
        <ele>371</ele>
        <time>2021-10-25T09:35:58Z</time>
      </trkpt>
      <trkpt lat="31.64778" lon="34.918510000000005">
        <ele>374</ele>
        <time>2021-10-25T09:35:59Z</time>
      </trkpt>
      <trkpt lat="31.64778" lon="34.918510000000005">
        <ele>374</ele>
        <time>2021-10-25T09:36:00Z</time>
      </trkpt>
      <trkpt lat="31.647750000000002" lon="34.9185">
        <ele>377</ele>
        <time>2021-10-25T09:36:01Z</time>
      </trkpt>
      <trkpt lat="31.64768" lon="34.91845">
        <ele>377</ele>
        <time>2021-10-25T09:36:02Z</time>
      </trkpt>
      <trkpt lat="31.647630000000003" lon="34.91839">
        <ele>378</ele>
        <time>2021-10-25T09:36:03Z</time>
      </trkpt>
      <trkpt lat="31.64758" lon="34.91823">
        <ele>378</ele>
        <time>2021-10-25T09:36:04Z</time>
      </trkpt>
      <trkpt lat="31.64758" lon="34.918060000000004">
        <ele>378</ele>
        <time>2021-10-25T09:36:05Z</time>
      </trkpt>
      <trkpt lat="31.64757" lon="34.91798">
        <ele>378</ele>
        <time>2021-10-25T09:36:06Z</time>
      </trkpt>
      <trkpt lat="31.647600000000004" lon="34.91785">
        <ele>378</ele>
        <time>2021-10-25T09:36:07Z</time>
      </trkpt>
      <trkpt lat="31.647650000000002" lon="34.917730000000006">
        <ele>378</ele>
        <time>2021-10-25T09:36:08Z</time>
      </trkpt>
      <trkpt lat="31.64767" lon="34.91762">
        <ele>378</ele>
        <time>2021-10-25T09:36:09Z</time>
      </trkpt>
      <trkpt lat="31.64767" lon="34.91751">
        <ele>382</ele>
        <time>2021-10-25T09:36:10Z</time>
      </trkpt>
      <trkpt lat="31.647530000000003" lon="34.91695">
        <ele>382</ele>
        <time>2021-10-25T09:36:11Z</time>
      </trkpt>
      <trkpt lat="31.647450000000003" lon="34.91673">
        <ele>382</ele>
        <time>2021-10-25T09:36:12Z</time>
      </trkpt>
      <trkpt lat="31.647340000000003" lon="34.916700000000006">
        <ele>383</ele>
        <time>2021-10-25T09:36:13Z</time>
      </trkpt>
      <trkpt lat="31.647340000000003" lon="34.916700000000006">
        <ele>383</ele>
        <time>2021-10-25T09:36:14Z</time>
      </trkpt>
      <trkpt lat="31.647050000000004" lon="34.91673">
        <ele>383</ele>
        <time>2021-10-25T09:36:15Z</time>
      </trkpt>
      <trkpt lat="31.646980000000003" lon="34.91668">
        <ele>383</ele>
        <time>2021-10-25T09:36:16Z</time>
      </trkpt>
      <trkpt lat="31.646860000000004" lon="34.91667">
        <ele>381</ele>
        <time>2021-10-25T09:36:17Z</time>
      </trkpt>
      <trkpt lat="31.646760000000004" lon="34.91667">
        <ele>381</ele>
        <time>2021-10-25T09:36:18Z</time>
      </trkpt>
      <trkpt lat="31.646660000000004" lon="34.91673">
        <ele>381</ele>
        <time>2021-10-25T09:36:19Z</time>
      </trkpt>
      <trkpt lat="31.646570000000004" lon="34.91669">
        <ele>381</ele>
        <time>2021-10-25T09:36:20Z</time>
      </trkpt>
      <trkpt lat="31.646500000000003" lon="34.91662">
        <ele>381</ele>
        <time>2021-10-25T09:36:21Z</time>
      </trkpt>
      <trkpt lat="31.646400000000003" lon="34.91659">
        <ele>381</ele>
        <time>2021-10-25T09:36:22Z</time>
      </trkpt>
      <trkpt lat="31.646210000000004" lon="34.916630000000005">
        <ele>381</ele>
        <time>2021-10-25T09:36:23Z</time>
      </trkpt>
      <trkpt lat="31.646000000000004" lon="34.91659">
        <ele>381</ele>
        <time>2021-10-25T09:36:24Z</time>
      </trkpt>
      <trkpt lat="31.645680000000002" lon="34.91659">
        <ele>381</ele>
        <time>2021-10-25T09:36:25Z</time>
      </trkpt>
      <trkpt lat="31.645570000000003" lon="34.916560000000004">
        <ele>381</ele>
        <time>2021-10-25T09:36:26Z</time>
      </trkpt>
      <trkpt lat="31.645470000000003" lon="34.916500000000006">
        <ele>381</ele>
        <time>2021-10-25T09:36:27Z</time>
      </trkpt>
      <trkpt lat="31.644980000000004" lon="34.91644">
        <ele>382</ele>
        <time>2021-10-25T09:36:28Z</time>
      </trkpt>
      <trkpt lat="31.644830000000002" lon="34.9164">
        <ele>382</ele>
        <time>2021-10-25T09:36:29Z</time>
      </trkpt>
      <trkpt lat="31.644750000000002" lon="34.916320000000006">
        <ele>382</ele>
        <time>2021-10-25T09:36:30Z</time>
      </trkpt>
      <trkpt lat="31.644650000000002" lon="34.916290000000004">
        <ele>382</ele>
        <time>2021-10-25T09:36:31Z</time>
      </trkpt>
      <trkpt lat="31.644420000000004" lon="34.916270000000004">
        <ele>379</ele>
        <time>2021-10-25T09:36:32Z</time>
      </trkpt>
      <trkpt lat="31.644160000000003" lon="34.91617">
        <ele>379</ele>
        <time>2021-10-25T09:36:33Z</time>
      </trkpt>
      <trkpt lat="31.643800000000002" lon="34.9161">
        <ele>379</ele>
        <time>2021-10-25T09:36:34Z</time>
      </trkpt>
      <trkpt lat="31.643610000000002" lon="34.916030000000006">
        <ele>377</ele>
        <time>2021-10-25T09:36:35Z</time>
      </trkpt>
      <trkpt lat="31.643400000000003" lon="34.91593">
        <ele>377</ele>
        <time>2021-10-25T09:36:36Z</time>
      </trkpt>
      <trkpt lat="31.643250000000002" lon="34.915910000000004">
        <ele>377</ele>
        <time>2021-10-25T09:36:37Z</time>
      </trkpt>
      <trkpt lat="31.642770000000002" lon="34.9159">
        <ele>382</ele>
        <time>2021-10-25T09:36:38Z</time>
      </trkpt>
      <trkpt lat="31.64269" lon="34.915850000000006">
        <ele>384</ele>
        <time>2021-10-25T09:36:39Z</time>
      </trkpt>
      <trkpt lat="31.642670000000003" lon="34.91573">
        <ele>384</ele>
        <time>2021-10-25T09:36:40Z</time>
      </trkpt>
      <trkpt lat="31.64271" lon="34.9155">
        <ele>384</ele>
        <time>2021-10-25T09:36:41Z</time>
      </trkpt>
      <trkpt lat="31.64269" lon="34.915380000000006">
        <ele>384</ele>
        <time>2021-10-25T09:36:42Z</time>
      </trkpt>
      <trkpt lat="31.642640000000004" lon="34.91526">
        <ele>384</ele>
        <time>2021-10-25T09:36:43Z</time>
      </trkpt>
      <trkpt lat="31.642590000000002" lon="34.91519">
        <ele>384</ele>
        <time>2021-10-25T09:36:44Z</time>
      </trkpt>
      <trkpt lat="31.642500000000002" lon="34.91514">
        <ele>384</ele>
        <time>2021-10-25T09:36:45Z</time>
      </trkpt>
      <trkpt lat="31.642370000000003" lon="34.9151">
        <ele>384</ele>
        <time>2021-10-25T09:36:46Z</time>
      </trkpt>
      <trkpt lat="31.641880000000004" lon="34.915000000000006">
        <ele>386</ele>
        <time>2021-10-25T09:36:47Z</time>
      </trkpt>
      <trkpt lat="31.641440000000003" lon="34.914880000000004">
        <ele>386</ele>
        <time>2021-10-25T09:36:48Z</time>
      </trkpt>
      <trkpt lat="31.641120000000004" lon="34.91474">
        <ele>388</ele>
        <time>2021-10-25T09:36:49Z</time>
      </trkpt>
      <trkpt lat="31.64044" lon="34.91436">
        <ele>388</ele>
        <time>2021-10-25T09:36:50Z</time>
      </trkpt>
      <trkpt lat="31.640290000000004" lon="34.91429">
        <ele>391</ele>
        <time>2021-10-25T09:36:51Z</time>
      </trkpt>
      <trkpt lat="31.640190000000004" lon="34.914260000000006">
        <ele>391</ele>
        <time>2021-10-25T09:36:52Z</time>
      </trkpt>
      <trkpt lat="31.640120000000003" lon="34.91427">
        <ele>391</ele>
        <time>2021-10-25T09:36:53Z</time>
      </trkpt>
      <trkpt lat="31.6398" lon="34.91443">
        <ele>391</ele>
        <time>2021-10-25T09:36:54Z</time>
      </trkpt>
      <trkpt lat="31.63943" lon="34.914500000000004">
        <ele>392</ele>
        <time>2021-10-25T09:36:55Z</time>
      </trkpt>
      <trkpt lat="31.639010000000003" lon="34.914680000000004">
        <ele>392</ele>
        <time>2021-10-25T09:36:56Z</time>
      </trkpt>
      <trkpt lat="31.63866" lon="34.914880000000004">
        <ele>392</ele>
        <time>2021-10-25T09:36:57Z</time>
      </trkpt>
      <trkpt lat="31.638540000000003" lon="34.91492">
        <ele>386</ele>
        <time>2021-10-25T09:36:58Z</time>
      </trkpt>
      <trkpt lat="31.638410000000004" lon="34.915130000000005">
        <ele>387</ele>
        <time>2021-10-25T09:36:59Z</time>
      </trkpt>
      <trkpt lat="31.638320000000004" lon="34.91518">
        <ele>387</ele>
        <time>2021-10-25T09:37:00Z</time>
      </trkpt>
      <trkpt lat="31.638240000000003" lon="34.91517">
        <ele>387</ele>
        <time>2021-10-25T09:37:01Z</time>
      </trkpt>
      <trkpt lat="31.638080000000002" lon="34.915110000000006">
        <ele>387</ele>
        <time>2021-10-25T09:37:02Z</time>
      </trkpt>
      <trkpt lat="31.637800000000002" lon="34.91492">
        <ele>386</ele>
        <time>2021-10-25T09:37:03Z</time>
      </trkpt>
      <trkpt lat="31.63772" lon="34.9149">
        <ele>378</ele>
        <time>2021-10-25T09:37:04Z</time>
      </trkpt>
      <trkpt lat="31.63753" lon="34.91489">
        <ele>378</ele>
        <time>2021-10-25T09:37:05Z</time>
      </trkpt>
      <trkpt lat="31.637430000000002" lon="34.914910000000006">
        <ele>378</ele>
        <time>2021-10-25T09:37:06Z</time>
      </trkpt>
      <trkpt lat="31.63717" lon="34.91499">
        <ele>378</ele>
        <time>2021-10-25T09:37:07Z</time>
      </trkpt>
      <trkpt lat="31.636940000000003" lon="34.915090000000006">
        <ele>368</ele>
        <time>2021-10-25T09:37:08Z</time>
      </trkpt>
      <trkpt lat="31.636860000000002" lon="34.915090000000006">
        <ele>368</ele>
        <time>2021-10-25T09:37:09Z</time>
      </trkpt>
      <trkpt lat="31.636720000000004" lon="34.915040000000005">
        <ele>368</ele>
        <time>2021-10-25T09:37:10Z</time>
      </trkpt>
      <trkpt lat="31.636530000000004" lon="34.915110000000006">
        <ele>368</ele>
        <time>2021-10-25T09:37:11Z</time>
      </trkpt>
      <extensions>
        <RoutingType xmlns="">Hike</RoutingType>
      </extensions>
    </trkseg>
    <trkseg>
      <trkpt lat="31.636530000000004" lon="34.915110000000006">
        <ele>368</ele>
        <time>2021-10-25T09:37:11Z</time>
      </trkpt>
      <trkpt lat="31.63652" lon="34.9151">
        <ele>368</ele>
        <time>2021-10-25T09:37:12Z</time>
      </trkpt>
      <trkpt lat="31.63652" lon="34.9151">
        <ele>368</ele>
        <time>2021-10-25T09:37:13Z</time>
      </trkpt>
      <trkpt lat="31.636530000000004" lon="34.915110000000006">
        <ele>368</ele>
        <time>2021-10-25T09:37:14Z</time>
      </trkpt>
      <trkpt lat="31.636720000000004" lon="34.915040000000005">
        <ele>368</ele>
        <time>2021-10-25T09:37:15Z</time>
      </trkpt>
      <trkpt lat="31.636770000000002" lon="34.91481">
        <ele>368</ele>
        <time>2021-10-25T09:37:16Z</time>
      </trkpt>
      <trkpt lat="31.636760000000002" lon="34.9146">
        <ele>368</ele>
        <time>2021-10-25T09:37:17Z</time>
      </trkpt>
      <trkpt lat="31.63679" lon="34.91415">
        <ele>366</ele>
        <time>2021-10-25T09:37:18Z</time>
      </trkpt>
      <trkpt lat="31.636920000000003" lon="34.913410000000006">
        <ele>366</ele>
        <time>2021-10-25T09:37:19Z</time>
      </trkpt>
      <trkpt lat="31.636850000000003" lon="34.912890000000004">
        <ele>362</ele>
        <time>2021-10-25T09:37:20Z</time>
      </trkpt>
      <trkpt lat="31.636960000000002" lon="34.91275">
        <ele>362</ele>
        <time>2021-10-25T09:37:21Z</time>
      </trkpt>
      <trkpt lat="31.63697" lon="34.91263">
        <ele>360</ele>
        <time>2021-10-25T09:37:22Z</time>
      </trkpt>
      <trkpt lat="31.63706" lon="34.91228">
        <ele>358</ele>
        <time>2021-10-25T09:37:23Z</time>
      </trkpt>
      <trkpt lat="31.637030000000003" lon="34.91207">
        <ele>358</ele>
        <time>2021-10-25T09:37:24Z</time>
      </trkpt>
      <trkpt lat="31.637030000000003" lon="34.9119">
        <ele>358</ele>
        <time>2021-10-25T09:37:25Z</time>
      </trkpt>
      <trkpt lat="31.637120000000003" lon="34.911770000000004">
        <ele>358</ele>
        <time>2021-10-25T09:37:26Z</time>
      </trkpt>
      <trkpt lat="31.637130000000003" lon="34.911660000000005">
        <ele>366</ele>
        <time>2021-10-25T09:37:27Z</time>
      </trkpt>
      <trkpt lat="31.63707" lon="34.91154">
        <ele>366</ele>
        <time>2021-10-25T09:37:28Z</time>
      </trkpt>
      <trkpt lat="31.636930000000003" lon="34.9114">
        <ele>375</ele>
        <time>2021-10-25T09:37:29Z</time>
      </trkpt>
      <trkpt lat="31.636810000000004" lon="34.91136">
        <ele>375</ele>
        <time>2021-10-25T09:37:30Z</time>
      </trkpt>
      <trkpt lat="31.63661" lon="34.91133">
        <ele>375</ele>
        <time>2021-10-25T09:37:31Z</time>
      </trkpt>
      <trkpt lat="31.63614" lon="34.911210000000004">
        <ele>375</ele>
        <time>2021-10-25T09:37:32Z</time>
      </trkpt>
      <trkpt lat="31.635780000000004" lon="34.91116">
        <ele>376</ele>
        <time>2021-10-25T09:37:33Z</time>
      </trkpt>
      <trkpt lat="31.635400000000004" lon="34.911060000000006">
        <ele>376</ele>
        <time>2021-10-25T09:37:34Z</time>
      </trkpt>
      <trkpt lat="31.635240000000003" lon="34.91104">
        <ele>383</ele>
        <time>2021-10-25T09:37:35Z</time>
      </trkpt>
      <trkpt lat="31.634890000000002" lon="34.91086">
        <ele>388</ele>
        <time>2021-10-25T09:37:36Z</time>
      </trkpt>
      <trkpt lat="31.634510000000002" lon="34.910740000000004">
        <ele>388</ele>
        <time>2021-10-25T09:37:37Z</time>
      </trkpt>
      <trkpt lat="31.634320000000002" lon="34.91058">
        <ele>382</ele>
        <time>2021-10-25T09:37:38Z</time>
      </trkpt>
      <trkpt lat="31.634200000000003" lon="34.910430000000005">
        <ele>382</ele>
        <time>2021-10-25T09:37:39Z</time>
      </trkpt>
      <trkpt lat="31.634090000000004" lon="34.91037">
        <ele>382</ele>
        <time>2021-10-25T09:37:40Z</time>
      </trkpt>
      <trkpt lat="31.63408" lon="34.91004">
        <ele>388</ele>
        <time>2021-10-25T09:37:41Z</time>
      </trkpt>
      <trkpt lat="31.63398" lon="34.90984">
        <ele>388</ele>
        <time>2021-10-25T09:37:42Z</time>
      </trkpt>
      <trkpt lat="31.633660000000003" lon="34.90966">
        <ele>388</ele>
        <time>2021-10-25T09:37:43Z</time>
      </trkpt>
      <trkpt lat="31.633540000000004" lon="34.909650000000006">
        <ele>391</ele>
        <time>2021-10-25T09:37:44Z</time>
      </trkpt>
      <trkpt lat="31.63331" lon="34.90945">
        <ele>391</ele>
        <time>2021-10-25T09:37:45Z</time>
      </trkpt>
      <trkpt lat="31.633260000000003" lon="34.909440000000004">
        <ele>391</ele>
        <time>2021-10-25T09:37:46Z</time>
      </trkpt>
      <trkpt lat="31.633080000000003" lon="34.90943">
        <ele>391</ele>
        <time>2021-10-25T09:37:47Z</time>
      </trkpt>
      <trkpt lat="31.633080000000003" lon="34.90943">
        <ele>391</ele>
        <time>2021-10-25T09:37:48Z</time>
      </trkpt>
      <trkpt lat="31.633000000000003" lon="34.90943">
        <ele>391</ele>
        <time>2021-10-25T09:37:49Z</time>
      </trkpt>
      <trkpt lat="31.632820000000002" lon="34.90948">
        <ele>391</ele>
        <time>2021-10-25T09:37:50Z</time>
      </trkpt>
      <trkpt lat="31.632520000000003" lon="34.90959">
        <ele>387</ele>
        <time>2021-10-25T09:37:51Z</time>
      </trkpt>
      <trkpt lat="31.632340000000003" lon="34.909620000000004">
        <ele>387</ele>
        <time>2021-10-25T09:37:52Z</time>
      </trkpt>
      <trkpt lat="31.63182" lon="34.909620000000004">
        <ele>385</ele>
        <time>2021-10-25T09:37:53Z</time>
      </trkpt>
      <trkpt lat="31.63162" lon="34.9097">
        <ele>385</ele>
        <time>2021-10-25T09:37:54Z</time>
      </trkpt>
      <trkpt lat="31.63153" lon="34.909710000000004">
        <ele>385</ele>
        <time>2021-10-25T09:37:55Z</time>
      </trkpt>
      <trkpt lat="31.631400000000003" lon="34.90983">
        <ele>385</ele>
        <time>2021-10-25T09:37:56Z</time>
      </trkpt>
      <trkpt lat="31.631280000000004" lon="34.909780000000005">
        <ele>385</ele>
        <time>2021-10-25T09:37:57Z</time>
      </trkpt>
      <trkpt lat="31.630840000000003" lon="34.90973">
        <ele>373</ele>
        <time>2021-10-25T09:37:58Z</time>
      </trkpt>
      <trkpt lat="31.630820000000003" lon="34.909690000000005">
        <ele>373</ele>
        <time>2021-10-25T09:37:59Z</time>
      </trkpt>
      <trkpt lat="31.63078" lon="34.909690000000005">
        <ele>373</ele>
        <time>2021-10-25T09:38:00Z</time>
      </trkpt>
      <trkpt lat="31.630720000000004" lon="34.909650000000006">
        <ele>373</ele>
        <time>2021-10-25T09:38:01Z</time>
      </trkpt>
      <trkpt lat="31.630710000000004" lon="34.90966">
        <ele>373</ele>
        <time>2021-10-25T09:38:02Z</time>
      </trkpt>
      <trkpt lat="31.630470000000003" lon="34.909330000000004">
        <ele>373</ele>
        <time>2021-10-25T09:38:03Z</time>
      </trkpt>
      <trkpt lat="31.630440000000004" lon="34.90934">
        <ele>373</ele>
        <time>2021-10-25T09:38:04Z</time>
      </trkpt>
      <trkpt lat="31.630240000000004" lon="34.90921">
        <ele>353</ele>
        <time>2021-10-25T09:38:05Z</time>
      </trkpt>
      <trkpt lat="31.63012" lon="34.90917">
        <ele>353</ele>
        <time>2021-10-25T09:38:06Z</time>
      </trkpt>
      <trkpt lat="31.629880000000004" lon="34.90914">
        <ele>353</ele>
        <time>2021-10-25T09:38:07Z</time>
      </trkpt>
      <trkpt lat="31.629810000000003" lon="34.90896">
        <ele>353</ele>
        <time>2021-10-25T09:38:08Z</time>
      </trkpt>
      <trkpt lat="31.629780000000004" lon="34.90876">
        <ele>353</ele>
        <time>2021-10-25T09:38:09Z</time>
      </trkpt>
      <trkpt lat="31.62975" lon="34.90872">
        <ele>353</ele>
        <time>2021-10-25T09:38:10Z</time>
      </trkpt>
      <trkpt lat="31.62965" lon="34.908530000000006">
        <ele>353</ele>
        <time>2021-10-25T09:38:11Z</time>
      </trkpt>
      <trkpt lat="31.629500000000004" lon="34.90842">
        <ele>353</ele>
        <time>2021-10-25T09:38:12Z</time>
      </trkpt>
      <trkpt lat="31.629320000000003" lon="34.90832">
        <ele>338</ele>
        <time>2021-10-25T09:38:13Z</time>
      </trkpt>
      <trkpt lat="31.628950000000003" lon="34.908">
        <ele>338</ele>
        <time>2021-10-25T09:38:14Z</time>
      </trkpt>
      <trkpt lat="31.62892" lon="34.90793">
        <ele>338</ele>
        <time>2021-10-25T09:38:15Z</time>
      </trkpt>
      <trkpt lat="31.628850000000003" lon="34.90785">
        <ele>338</ele>
        <time>2021-10-25T09:38:16Z</time>
      </trkpt>
      <trkpt lat="31.62871" lon="34.90751">
        <ele>335</ele>
        <time>2021-10-25T09:38:17Z</time>
      </trkpt>
      <trkpt lat="31.628680000000003" lon="34.90748">
        <ele>335</ele>
        <time>2021-10-25T09:38:18Z</time>
      </trkpt>
      <trkpt lat="31.628610000000002" lon="34.90728">
        <ele>333</ele>
        <time>2021-10-25T09:38:19Z</time>
      </trkpt>
      <trkpt lat="31.628590000000003" lon="34.90715">
        <ele>333</ele>
        <time>2021-10-25T09:38:20Z</time>
      </trkpt>
      <trkpt lat="31.628610000000002" lon="34.90701">
        <ele>333</ele>
        <time>2021-10-25T09:38:21Z</time>
      </trkpt>
      <trkpt lat="31.628580000000003" lon="34.90686">
        <ele>333</ele>
        <time>2021-10-25T09:38:22Z</time>
      </trkpt>
      <trkpt lat="31.628460000000004" lon="34.906530000000004">
        <ele>329</ele>
        <time>2021-10-25T09:38:23Z</time>
      </trkpt>
      <trkpt lat="31.628490000000003" lon="34.90645">
        <ele>329</ele>
        <time>2021-10-25T09:38:24Z</time>
      </trkpt>
      <trkpt lat="31.62854" lon="34.90637">
        <ele>329</ele>
        <time>2021-10-25T09:38:25Z</time>
      </trkpt>
      <trkpt lat="31.628570000000003" lon="34.90619">
        <ele>329</ele>
        <time>2021-10-25T09:38:26Z</time>
      </trkpt>
      <trkpt lat="31.628480000000003" lon="34.9056">
        <ele>323</ele>
        <time>2021-10-25T09:38:27Z</time>
      </trkpt>
      <trkpt lat="31.628490000000003" lon="34.90536">
        <ele>323</ele>
        <time>2021-10-25T09:38:28Z</time>
      </trkpt>
      <trkpt lat="31.62853" lon="34.90514">
        <ele>323</ele>
        <time>2021-10-25T09:38:29Z</time>
      </trkpt>
      <trkpt lat="31.62852" lon="34.90495">
        <ele>316</ele>
        <time>2021-10-25T09:38:30Z</time>
      </trkpt>
      <trkpt lat="31.628460000000004" lon="34.9046">
        <ele>316</ele>
        <time>2021-10-25T09:38:31Z</time>
      </trkpt>
      <trkpt lat="31.62843" lon="34.90426">
        <ele>316</ele>
        <time>2021-10-25T09:38:32Z</time>
      </trkpt>
      <trkpt lat="31.628330000000002" lon="34.90386">
        <ele>307</ele>
        <time>2021-10-25T09:38:33Z</time>
      </trkpt>
      <trkpt lat="31.628190000000004" lon="34.903420000000004">
        <ele>307</ele>
        <time>2021-10-25T09:38:34Z</time>
      </trkpt>
      <trkpt lat="31.62815" lon="34.903150000000004">
        <ele>300</ele>
        <time>2021-10-25T09:38:35Z</time>
      </trkpt>
      <trkpt lat="31.62815" lon="34.903150000000004">
        <ele>300</ele>
        <time>2021-10-25T09:38:36Z</time>
      </trkpt>
      <trkpt lat="31.628090000000004" lon="34.90225">
        <ele>295</ele>
        <time>2021-10-25T09:38:37Z</time>
      </trkpt>
      <trkpt lat="31.628130000000002" lon="34.90184">
        <ele>295</ele>
        <time>2021-10-25T09:38:38Z</time>
      </trkpt>
      <trkpt lat="31.628120000000003" lon="34.901360000000004">
        <ele>288</ele>
        <time>2021-10-25T09:38:39Z</time>
      </trkpt>
      <trkpt lat="31.628200000000003" lon="34.9007">
        <ele>282</ele>
        <time>2021-10-25T09:38:40Z</time>
      </trkpt>
      <trkpt lat="31.628460000000004" lon="34.899770000000004">
        <ele>279</ele>
        <time>2021-10-25T09:38:41Z</time>
      </trkpt>
      <trkpt lat="31.62835" lon="34.89958">
        <ele>279</ele>
        <time>2021-10-25T09:38:42Z</time>
      </trkpt>
      <trkpt lat="31.628310000000003" lon="34.89961">
        <ele>279</ele>
        <time>2021-10-25T09:38:43Z</time>
      </trkpt>
      <trkpt lat="31.628290000000003" lon="34.899530000000006">
        <ele>279</ele>
        <time>2021-10-25T09:38:44Z</time>
      </trkpt>
      <trkpt lat="31.628110000000003" lon="34.8995">
        <ele>279</ele>
        <time>2021-10-25T09:38:45Z</time>
      </trkpt>
      <trkpt lat="31.627900000000004" lon="34.899170000000005">
        <ele>274</ele>
        <time>2021-10-25T09:38:46Z</time>
      </trkpt>
      <trkpt lat="31.62779" lon="34.89889">
        <ele>284</ele>
        <time>2021-10-25T09:38:47Z</time>
      </trkpt>
      <trkpt lat="31.62779" lon="34.89876">
        <ele>284</ele>
        <time>2021-10-25T09:38:48Z</time>
      </trkpt>
      <extensions>
        <RoutingType xmlns="">Hike</RoutingType>
      </extensions>
    </trkseg>
    <trkseg>
      <trkpt lat="31.62779" lon="34.89876">
        <ele>284</ele>
        <time>2021-10-25T09:38:48Z</time>
      </trkpt>
      <trkpt lat="31.627750000000002" lon="34.8986">
        <ele>284</ele>
        <time>2021-10-25T09:38:49Z</time>
      </trkpt>
      <trkpt lat="31.6277" lon="34.89851">
        <ele>284</ele>
        <time>2021-10-25T09:38:50Z</time>
      </trkpt>
      <trkpt lat="31.62768" lon="34.898340000000005">
        <ele>279</ele>
        <time>2021-10-25T09:38:51Z</time>
      </trkpt>
      <trkpt lat="31.627390000000002" lon="34.89795">
        <ele>279</ele>
        <time>2021-10-25T09:38:52Z</time>
      </trkpt>
      <trkpt lat="31.627140000000004" lon="34.897710000000004">
        <ele>279</ele>
        <time>2021-10-25T09:38:53Z</time>
      </trkpt>
      <trkpt lat="31.62703" lon="34.89746">
        <ele>277</ele>
        <time>2021-10-25T09:38:54Z</time>
      </trkpt>
      <trkpt lat="31.626910000000002" lon="34.89694">
        <ele>276</ele>
        <time>2021-10-25T09:38:55Z</time>
      </trkpt>
      <trkpt lat="31.626890000000003" lon="34.89665">
        <ele>271</ele>
        <time>2021-10-25T09:38:56Z</time>
      </trkpt>
      <trkpt lat="31.62684" lon="34.896460000000005">
        <ele>271</ele>
        <time>2021-10-25T09:38:57Z</time>
      </trkpt>
      <trkpt lat="31.62674" lon="34.89627">
        <ele>271</ele>
        <time>2021-10-25T09:38:58Z</time>
      </trkpt>
      <trkpt lat="31.626670000000004" lon="34.89566">
        <ele>267</ele>
        <time>2021-10-25T09:38:59Z</time>
      </trkpt>
      <trkpt lat="31.626600000000003" lon="34.89537">
        <ele>267</ele>
        <time>2021-10-25T09:39:00Z</time>
      </trkpt>
      <trkpt lat="31.626510000000003" lon="34.89466">
        <ele>264</ele>
        <time>2021-10-25T09:39:01Z</time>
      </trkpt>
      <trkpt lat="31.62637" lon="34.89381">
        <ele>260</ele>
        <time>2021-10-25T09:39:02Z</time>
      </trkpt>
      <trkpt lat="31.626360000000002" lon="34.89345">
        <ele>260</ele>
        <time>2021-10-25T09:39:03Z</time>
      </trkpt>
      <trkpt lat="31.62629" lon="34.89307">
        <ele>257</ele>
        <time>2021-10-25T09:39:04Z</time>
      </trkpt>
      <trkpt lat="31.62619" lon="34.892830000000004">
        <ele>257</ele>
        <time>2021-10-25T09:39:05Z</time>
      </trkpt>
      <trkpt lat="31.62601" lon="34.89255">
        <ele>251</ele>
        <time>2021-10-25T09:39:06Z</time>
      </trkpt>
      <trkpt lat="31.62601" lon="34.89255">
        <ele>251</ele>
        <time>2021-10-25T09:39:07Z</time>
      </trkpt>
      <trkpt lat="31.62572" lon="34.892140000000005">
        <ele>245</ele>
        <time>2021-10-25T09:39:08Z</time>
      </trkpt>
      <trkpt lat="31.62581" lon="34.89184">
        <ele>245</ele>
        <time>2021-10-25T09:39:09Z</time>
      </trkpt>
      <trkpt lat="31.625660000000003" lon="34.89171">
        <ele>244</ele>
        <time>2021-10-25T09:39:10Z</time>
      </trkpt>
      <trkpt lat="31.62554" lon="34.89166">
        <ele>244</ele>
        <time>2021-10-25T09:39:11Z</time>
      </trkpt>
      <trkpt lat="31.625460000000004" lon="34.891580000000005">
        <ele>244</ele>
        <time>2021-10-25T09:39:12Z</time>
      </trkpt>
      <trkpt lat="31.625410000000002" lon="34.891470000000005">
        <ele>244</ele>
        <time>2021-10-25T09:39:13Z</time>
      </trkpt>
      <trkpt lat="31.62533" lon="34.89139">
        <ele>244</ele>
        <time>2021-10-25T09:39:14Z</time>
      </trkpt>
      <trkpt lat="31.625200000000003" lon="34.891270000000006">
        <ele>249</ele>
        <time>2021-10-25T09:39:15Z</time>
      </trkpt>
      <trkpt lat="31.624920000000003" lon="34.89108">
        <ele>249</ele>
        <time>2021-10-25T09:39:16Z</time>
      </trkpt>
      <trkpt lat="31.624840000000003" lon="34.89099">
        <ele>249</ele>
        <time>2021-10-25T09:39:17Z</time>
      </trkpt>
      <trkpt lat="31.6246" lon="34.890840000000004">
        <ele>255</ele>
        <time>2021-10-25T09:39:18Z</time>
      </trkpt>
      <trkpt lat="31.62441" lon="34.89077">
        <ele>258</ele>
        <time>2021-10-25T09:39:19Z</time>
      </trkpt>
      <trkpt lat="31.624270000000003" lon="34.89068">
        <ele>258</ele>
        <time>2021-10-25T09:39:20Z</time>
      </trkpt>
      <trkpt lat="31.624200000000002" lon="34.890660000000004">
        <ele>258</ele>
        <time>2021-10-25T09:39:21Z</time>
      </trkpt>
      <trkpt lat="31.62412" lon="34.890660000000004">
        <ele>258</ele>
        <time>2021-10-25T09:39:22Z</time>
      </trkpt>
      <trkpt lat="31.624010000000002" lon="34.89074">
        <ele>258</ele>
        <time>2021-10-25T09:39:23Z</time>
      </trkpt>
      <trkpt lat="31.623390000000004" lon="34.89099">
        <ele>264</ele>
        <time>2021-10-25T09:39:24Z</time>
      </trkpt>
      <trkpt lat="31.623060000000002" lon="34.89117">
        <ele>264</ele>
        <time>2021-10-25T09:39:25Z</time>
      </trkpt>
      <trkpt lat="31.622480000000003" lon="34.89144">
        <ele>268</ele>
        <time>2021-10-25T09:39:26Z</time>
      </trkpt>
      <trkpt lat="31.62233" lon="34.89146">
        <ele>268</ele>
        <time>2021-10-25T09:39:27Z</time>
      </trkpt>
      <trkpt lat="31.622020000000003" lon="34.891540000000006">
        <ele>268</ele>
        <time>2021-10-25T09:39:28Z</time>
      </trkpt>
      <trkpt lat="31.621850000000002" lon="34.89153">
        <ele>271</ele>
        <time>2021-10-25T09:39:29Z</time>
      </trkpt>
      <trkpt lat="31.62167" lon="34.89143">
        <ele>271</ele>
        <time>2021-10-25T09:39:30Z</time>
      </trkpt>
      <trkpt lat="31.621520000000004" lon="34.89148">
        <ele>271</ele>
        <time>2021-10-25T09:39:31Z</time>
      </trkpt>
      <trkpt lat="31.621380000000002" lon="34.891580000000005">
        <ele>271</ele>
        <time>2021-10-25T09:39:32Z</time>
      </trkpt>
      <trkpt lat="31.621290000000002" lon="34.89168">
        <ele>271</ele>
        <time>2021-10-25T09:39:33Z</time>
      </trkpt>
      <trkpt lat="31.62093" lon="34.891760000000005">
        <ele>278</ele>
        <time>2021-10-25T09:39:34Z</time>
      </trkpt>
      <trkpt lat="31.620780000000003" lon="34.891850000000005">
        <ele>278</ele>
        <time>2021-10-25T09:39:35Z</time>
      </trkpt>
      <trkpt lat="31.620520000000003" lon="34.89193">
        <ele>278</ele>
        <time>2021-10-25T09:39:36Z</time>
      </trkpt>
      <trkpt lat="31.620420000000003" lon="34.891960000000005">
        <ele>278</ele>
        <time>2021-10-25T09:39:37Z</time>
      </trkpt>
      <trkpt lat="31.620200000000004" lon="34.892140000000005">
        <ele>277</ele>
        <time>2021-10-25T09:39:38Z</time>
      </trkpt>
      <trkpt lat="31.619740000000004" lon="34.89227">
        <ele>277</ele>
        <time>2021-10-25T09:39:39Z</time>
      </trkpt>
      <trkpt lat="31.619650000000004" lon="34.89224">
        <ele>277</ele>
        <time>2021-10-25T09:39:40Z</time>
      </trkpt>
      <trkpt lat="31.619600000000002" lon="34.892100000000006">
        <ele>277</ele>
        <time>2021-10-25T09:39:41Z</time>
      </trkpt>
      <trkpt lat="31.619550000000004" lon="34.8918">
        <ele>277</ele>
        <time>2021-10-25T09:39:42Z</time>
      </trkpt>
      <trkpt lat="31.61942" lon="34.891290000000005">
        <ele>271</ele>
        <time>2021-10-25T09:39:43Z</time>
      </trkpt>
      <trkpt lat="31.619350000000004" lon="34.89108">
        <ele>271</ele>
        <time>2021-10-25T09:39:44Z</time>
      </trkpt>
      <trkpt lat="31.619280000000003" lon="34.890950000000004">
        <ele>271</ele>
        <time>2021-10-25T09:39:45Z</time>
      </trkpt>
      <trkpt lat="31.61915" lon="34.890370000000004">
        <ele>272</ele>
        <time>2021-10-25T09:39:46Z</time>
      </trkpt>
      <trkpt lat="31.61915" lon="34.89021">
        <ele>272</ele>
        <time>2021-10-25T09:39:47Z</time>
      </trkpt>
      <trkpt lat="31.619760000000003" lon="34.888380000000005">
        <ele>270</ele>
        <time>2021-10-25T09:39:48Z</time>
      </trkpt>
      <trkpt lat="31.619770000000003" lon="34.88832">
        <ele>270</ele>
        <time>2021-10-25T09:39:49Z</time>
      </trkpt>
      <trkpt lat="31.619850000000003" lon="34.88812">
        <ele>270</ele>
        <time>2021-10-25T09:39:50Z</time>
      </trkpt>
      <trkpt lat="31.619850000000003" lon="34.88808">
        <ele>270</ele>
        <time>2021-10-25T09:39:51Z</time>
      </trkpt>
      <trkpt lat="31.619850000000003" lon="34.88808">
        <ele>270</ele>
        <time>2021-10-25T09:39:52Z</time>
      </trkpt>
      <trkpt lat="31.619860000000003" lon="34.887930000000004">
        <ele>270</ele>
        <time>2021-10-25T09:39:53Z</time>
      </trkpt>
      <trkpt lat="31.619920000000004" lon="34.88774">
        <ele>270</ele>
        <time>2021-10-25T09:39:54Z</time>
      </trkpt>
      <trkpt lat="31.61998" lon="34.8875">
        <ele>264</ele>
        <time>2021-10-25T09:39:55Z</time>
      </trkpt>
      <trkpt lat="31.620050000000003" lon="34.88696">
        <ele>264</ele>
        <time>2021-10-25T09:39:56Z</time>
      </trkpt>
      <trkpt lat="31.620050000000003" lon="34.886680000000005">
        <ele>253</ele>
        <time>2021-10-25T09:39:57Z</time>
      </trkpt>
      <trkpt lat="31.620110000000004" lon="34.88613">
        <ele>253</ele>
        <time>2021-10-25T09:39:58Z</time>
      </trkpt>
      <trkpt lat="31.620120000000004" lon="34.885850000000005">
        <ele>243</ele>
        <time>2021-10-25T09:39:59Z</time>
      </trkpt>
      <trkpt lat="31.62018" lon="34.885650000000005">
        <ele>243</ele>
        <time>2021-10-25T09:40:00Z</time>
      </trkpt>
      <trkpt lat="31.620290000000004" lon="34.885450000000006">
        <ele>243</ele>
        <time>2021-10-25T09:40:01Z</time>
      </trkpt>
      <trkpt lat="31.620350000000002" lon="34.885310000000004">
        <ele>250</ele>
        <time>2021-10-25T09:40:02Z</time>
      </trkpt>
      <trkpt lat="31.62045" lon="34.885110000000005">
        <ele>250</ele>
        <time>2021-10-25T09:40:03Z</time>
      </trkpt>
      <trkpt lat="31.620590000000004" lon="34.88495">
        <ele>242</ele>
        <time>2021-10-25T09:40:04Z</time>
      </trkpt>
      <trkpt lat="31.620730000000002" lon="34.884840000000004">
        <ele>242</ele>
        <time>2021-10-25T09:40:05Z</time>
      </trkpt>
      <trkpt lat="31.620950000000004" lon="34.88477">
        <ele>242</ele>
        <time>2021-10-25T09:40:06Z</time>
      </trkpt>
      <trkpt lat="31.621090000000002" lon="34.88468">
        <ele>242</ele>
        <time>2021-10-25T09:40:07Z</time>
      </trkpt>
      <trkpt lat="31.621090000000002" lon="34.884570000000004">
        <ele>242</ele>
        <time>2021-10-25T09:40:08Z</time>
      </trkpt>
      <trkpt lat="31.620970000000003" lon="34.88445">
        <ele>242</ele>
        <time>2021-10-25T09:40:09Z</time>
      </trkpt>
      <trkpt lat="31.620880000000003" lon="34.88439">
        <ele>242</ele>
        <time>2021-10-25T09:40:10Z</time>
      </trkpt>
      <trkpt lat="31.620880000000003" lon="34.884">
        <ele>234</ele>
        <time>2021-10-25T09:40:11Z</time>
      </trkpt>
      <trkpt lat="31.62094" lon="34.883630000000004">
        <ele>234</ele>
        <time>2021-10-25T09:40:12Z</time>
      </trkpt>
      <trkpt lat="31.620950000000004" lon="34.883430000000004">
        <ele>234</ele>
        <time>2021-10-25T09:40:13Z</time>
      </trkpt>
      <trkpt lat="31.620910000000002" lon="34.882380000000005">
        <ele>230</ele>
        <time>2021-10-25T09:40:14Z</time>
      </trkpt>
      <trkpt lat="31.62093" lon="34.88172">
        <ele>227</ele>
        <time>2021-10-25T09:40:15Z</time>
      </trkpt>
      <trkpt lat="31.620960000000004" lon="34.881370000000004">
        <ele>227</ele>
        <time>2021-10-25T09:40:16Z</time>
      </trkpt>
      <trkpt lat="31.621060000000003" lon="34.88067">
        <ele>225</ele>
        <time>2021-10-25T09:40:17Z</time>
      </trkpt>
      <trkpt lat="31.621100000000002" lon="34.880520000000004">
        <ele>225</ele>
        <time>2021-10-25T09:40:18Z</time>
      </trkpt>
      <trkpt lat="31.621190000000002" lon="34.880280000000006">
        <ele>222</ele>
        <time>2021-10-25T09:40:19Z</time>
      </trkpt>
      <trkpt lat="31.6213" lon="34.88007">
        <ele>225</ele>
        <time>2021-10-25T09:40:20Z</time>
      </trkpt>
      <trkpt lat="31.62139" lon="34.87997">
        <ele>225</ele>
        <time>2021-10-25T09:40:21Z</time>
      </trkpt>
      <trkpt lat="31.621480000000002" lon="34.879920000000006">
        <ele>225</ele>
        <time>2021-10-25T09:40:22Z</time>
      </trkpt>
      <trkpt lat="31.6216" lon="34.879810000000006">
        <ele>225</ele>
        <time>2021-10-25T09:40:23Z</time>
      </trkpt>
      <trkpt lat="31.62168" lon="34.8797">
        <ele>225</ele>
        <time>2021-10-25T09:40:24Z</time>
      </trkpt>
      <trkpt lat="31.62159" lon="34.879760000000005">
        <ele>225</ele>
        <time>2021-10-25T09:40:25Z</time>
      </trkpt>
      <extensions>
        <RoutingType xmlns="">Hike</RoutingType>
      </extensions>
    </trkseg>
    <trkseg>
      <trkpt lat="31.62159" lon="34.879761">
        <ele>226.9</ele>
      </trkpt>
      <trkpt lat="31.621451" lon="34.87984">
        <ele>227.12894694564406</ele>
      </trkpt>
      <trkpt lat="31.620939" lon="34.880016">
        <ele>226.78011049886766</ele>
      </trkpt>
      <trkpt lat="31.620767" lon="34.880033">
        <ele>226.6947476359289</ele>
      </trkpt>
      <trkpt lat="31.620501" lon="34.879989">
        <ele>227.34070304469972</ele>
      </trkpt>
      <trkpt lat="31.620266" lon="34.879977">
        <ele>228.43990432457778</ele>
      </trkpt>
      <trkpt lat="31.620083" lon="34.88001">
        <ele>228.92027189367232</ele>
      </trkpt>
      <trkpt lat="31.619997" lon="34.880048">
        <ele>229.0413247970937</ele>
      </trkpt>
      <trkpt lat="31.619911" lon="34.880108">
        <ele>228.78178617398356</ele>
      </trkpt>
      <trkpt lat="31.619839" lon="34.880179">
        <ele>228.5378520512634</ele>
      </trkpt>
      <trkpt lat="31.619696" lon="34.880363">
        <ele>227.86960581998662</ele>
      </trkpt>
      <trkpt lat="31.619576" lon="34.880558">
        <ele>227.43026195724056</ele>
      </trkpt>
      <trkpt lat="31.619455" lon="34.880844">
        <ele>227.47832696308737</ele>
      </trkpt>
      <trkpt lat="31.619295" lon="34.881104">
        <ele>228.0953122035077</ele>
      </trkpt>
      <trkpt lat="31.619174" lon="34.881244">
        <ele>228.59899214448438</ele>
      </trkpt>
      <trkpt lat="31.618913" lon="34.881407">
        <ele>229.72275981986076</ele>
      </trkpt>
      <trkpt lat="31.618201" lon="34.881982">
        <ele>231.68918242871482</ele>
      </trkpt>
      <trkpt lat="31.618076" lon="34.882135">
        <ele>231.88995065136476</ele>
      </trkpt>
      <trkpt lat="31.618039" lon="34.882201">
        <ele>231.94318160583956</ele>
      </trkpt>
      <trkpt lat="31.617967" lon="34.882534">
        <ele>232.06996891393936</ele>
      </trkpt>
      <trkpt lat="31.617847" lon="34.882684">
        <ele>232.00500880921948</ele>
      </trkpt>
      <trkpt lat="31.617555" lon="34.882999">
        <ele>231.30630348759132</ele>
      </trkpt>
      <trkpt lat="31.617413" lon="34.883188">
        <ele>230.85697878116977</ele>
      </trkpt>
      <trkpt lat="31.617145" lon="34.883467">
        <ele>231.29684986009082</ele>
      </trkpt>
      <trkpt lat="31.617044" lon="34.883511">
        <ele>231.73606543992167</ele>
      </trkpt>
      <trkpt lat="31.616867" lon="34.883532">
        <ele>232.4012676711887</ele>
      </trkpt>
      <trkpt lat="31.616752" lon="34.883529">
        <ele>232.84143008157892</ele>
      </trkpt>
      <trkpt lat="31.616569" lon="34.883483">
        <ele>233.88191219763627</ele>
      </trkpt>
      <trkpt lat="31.616439" lon="34.883479">
        <ele>234.3</ele>
      </trkpt>
      <trkpt lat="31.616395" lon="34.883456">
        <ele>234.3</ele>
      </trkpt>
      <trkpt lat="31.615847" lon="34.883522">
        <ele>234.79306035557553</ele>
      </trkpt>
      <trkpt lat="31.615774" lon="34.883498">
        <ele>235.18643052803756</ele>
      </trkpt>
      <trkpt lat="31.615416" lon="34.883279">
        <ele>237.42046506871435</ele>
      </trkpt>
      <trkpt lat="31.615304" lon="34.883237">
        <ele>237.68193399193214</ele>
      </trkpt>
      <trkpt lat="31.615221" lon="34.883274">
        <ele>237.87937059810073</ele>
      </trkpt>
      <trkpt lat="31.615034" lon="34.883606">
        <ele>236.43356854493413</ele>
      </trkpt>
      <trkpt lat="31.614978" lon="34.883674">
        <ele>236.0752696336755</ele>
      </trkpt>
      <trkpt lat="31.614843" lon="34.883772">
        <ele>235.51088787607247</ele>
      </trkpt>
      <trkpt lat="31.614584" lon="34.883875">
        <ele>235.71017752211984</ele>
      </trkpt>
      <trkpt lat="31.614293" lon="34.883948">
        <ele>236.90562638667288</ele>
      </trkpt>
      <trkpt lat="31.613909" lon="34.883997">
        <ele>239.81115051126045</ele>
      </trkpt>
      <trkpt lat="31.613742" lon="34.884071">
        <ele>240.8230282384845</ele>
      </trkpt>
      <trkpt lat="31.613579" lon="34.884199">
        <ele>241.25004117558308</ele>
      </trkpt>
      <trkpt lat="31.613321" lon="34.884432">
        <ele>240.45180075375387</ele>
      </trkpt>
      <trkpt lat="31.61313" lon="34.884566">
        <ele>241.26882453875908</ele>
      </trkpt>
      <trkpt lat="31.612926" lon="34.88466">
        <ele>241.99985625922238</ele>
      </trkpt>
      <trkpt lat="31.612122" lon="34.884967">
        <ele>244.77988320715593</ele>
      </trkpt>
      <trkpt lat="31.611951" lon="34.88509">
        <ele>244.11093695535425</ele>
      </trkpt>
      <trkpt lat="31.611878" lon="34.885162">
        <ele>243.75721970565138</ele>
      </trkpt>
      <trkpt lat="31.611701" lon="34.885397">
        <ele>242.66722252062735</ele>
      </trkpt>
      <trkpt lat="31.611634" lon="34.885451">
        <ele>242.57686099550227</ele>
      </trkpt>
      <trkpt lat="31.611557" lon="34.885485">
        <ele>242.48538738018578</ele>
      </trkpt>
      <trkpt lat="31.611223" lon="34.88556">
        <ele>242.69273357137627</ele>
      </trkpt>
      <trkpt lat="31.61115" lon="34.885592">
        <ele>242.51478539289644</ele>
      </trkpt>
      <trkpt lat="31.611081" lon="34.885642">
        <ele>242.30441625652455</ele>
      </trkpt>
      <trkpt lat="31.610928" lon="34.885865">
        <ele>241.90619043477867</ele>
      </trkpt>
      <trkpt lat="31.610865" lon="34.885914">
        <ele>241.85017265764876</ele>
      </trkpt>
      <trkpt lat="31.61044" lon="34.886133">
        <ele>243.31022790160617</ele>
      </trkpt>
      <trkpt lat="31.61026" lon="34.886202">
        <ele>244.05136831232196</ele>
      </trkpt>
      <extensions>
        <RoutingType xmlns="">Hike</RoutingType>
      </extensions>
    </trkseg>
    <trkseg>
      <trkpt lat="31.61026" lon="34.886202">
        <ele>244.3</ele>
      </trkpt>
      <trkpt lat="31.60999" lon="34.886306">
        <ele>245.10532235662274</ele>
      </trkpt>
      <trkpt lat="31.609876" lon="34.886366">
        <ele>245.15162691489513</ele>
      </trkpt>
      <trkpt lat="31.609655" lon="34.886502">
        <ele>245.06767532026893</ele>
      </trkpt>
      <trkpt lat="31.609343" lon="34.886764">
        <ele>244.72743854381997</ele>
      </trkpt>
      <trkpt lat="31.609056" lon="34.887053">
        <ele>244.72074922197774</ele>
      </trkpt>
      <trkpt lat="31.608435" lon="34.887833">
        <ele>246.30773438382175</ele>
      </trkpt>
      <trkpt lat="31.608246" lon="34.888002">
        <ele>247.21823702061945</ele>
      </trkpt>
      <trkpt lat="31.608098" lon="34.888169">
        <ele>248.07599811257484</ele>
      </trkpt>
      <trkpt lat="31.607833" lon="34.888809">
        <ele>248.33433832885308</ele>
      </trkpt>
      <trkpt lat="31.607775" lon="34.889038">
        <ele>247.80642356306694</ele>
      </trkpt>
      <trkpt lat="31.607773" lon="34.889101">
        <ele>247.66711816591356</ele>
      </trkpt>
      <trkpt lat="31.607804" lon="34.889222">
        <ele>247.38791327475576</ele>
      </trkpt>
      <trkpt lat="31.607839" lon="34.889282">
        <ele>247.24801129088954</ele>
      </trkpt>
      <trkpt lat="31.607882" lon="34.889339">
        <ele>247.1278276764405</ele>
      </trkpt>
      <trkpt lat="31.608078" lon="34.889536">
        <ele>246.70981212571888</ele>
      </trkpt>
      <trkpt lat="31.608157" lon="34.889655">
        <ele>246.5669270884077</ele>
      </trkpt>
      <trkpt lat="31.608182" lon="34.889728">
        <ele>246.51011112612468</ele>
      </trkpt>
      <trkpt lat="31.608206" lon="34.889897">
        <ele>246.72644671341345</ele>
      </trkpt>
      <trkpt lat="31.608234" lon="34.890408">
        <ele>246.1722516676966</ele>
      </trkpt>
      <trkpt lat="31.60832" lon="34.890971">
        <ele>245.69880479203346</ele>
      </trkpt>
      <trkpt lat="31.608315" lon="34.891025">
        <ele>245.8276088460398</ele>
      </trkpt>
      <trkpt lat="31.608301" lon="34.891075">
        <ele>245.96052360725557</ele>
      </trkpt>
      <trkpt lat="31.608263" lon="34.89113">
        <ele>246.13937352742914</ele>
      </trkpt>
      <trkpt lat="31.608001" lon="34.89137">
        <ele>247.35896658791597</ele>
      </trkpt>
      <trkpt lat="31.607831" lon="34.891523">
        <ele>248.69209504393163</ele>
      </trkpt>
      <trkpt lat="31.607715" lon="34.891667">
        <ele>249.74056857582957</ele>
      </trkpt>
      <trkpt lat="31.607635" lon="34.8918">
        <ele>250.35735746274324</ele>
      </trkpt>
      <trkpt lat="31.607344" lon="34.891898">
        <ele>251.53654198714747</ele>
      </trkpt>
      <trkpt lat="31.607064" lon="34.892004">
        <ele>252.90505993747135</ele>
      </trkpt>
      <trkpt lat="31.606863" lon="34.89208">
        <ele>253.56772034132283</ele>
      </trkpt>
      <trkpt lat="31.606687" lon="34.89214">
        <ele>254.072253255851</ele>
      </trkpt>
      <trkpt lat="31.60642" lon="34.891814">
        <ele>254.98999363971905</ele>
      </trkpt>
      <trkpt lat="31.606279" lon="34.891583">
        <ele>257.0272488256079</ele>
      </trkpt>
      <trkpt lat="31.606203" lon="34.891552">
        <ele>257.80120031861713</ele>
      </trkpt>
      <extensions>
        <RoutingType xmlns="">Hike</RoutingType>
      </extensions>
    </trkseg>
    <trkseg>
      <trkpt lat="31.606203" lon="34.891552">
        <ele>257.9</ele>
      </trkpt>
      <trkpt lat="31.60611" lon="34.891514">
        <ele>259.2869233691135</ele>
      </trkpt>
      <trkpt lat="31.605982" lon="34.89138">
        <ele>261.70084187747113</ele>
      </trkpt>
      <trkpt lat="31.60601" lon="34.891184">
        <ele>262.5791471317454</ele>
      </trkpt>
      <trkpt lat="31.605927" lon="34.890709">
        <ele>263.9062302694936</ele>
      </trkpt>
      <trkpt lat="31.605787" lon="34.890541">
        <ele>264.8707890731275</ele>
      </trkpt>
      <trkpt lat="31.60566" lon="34.890223">
        <ele>265.4971995997863</ele>
      </trkpt>
      <trkpt lat="31.605458" lon="34.889796">
        <ele>265.75124092397726</ele>
      </trkpt>
      <trkpt lat="31.605302" lon="34.88969">
        <ele>266.5947332421567</ele>
      </trkpt>
      <trkpt lat="31.605022" lon="34.889406">
        <ele>268.88608434357775</ele>
      </trkpt>
      <trkpt lat="31.604852" lon="34.889449">
        <ele>270.67641325374154</ele>
      </trkpt>
      <trkpt lat="31.604662" lon="34.889515">
        <ele>274.3484510841558</ele>
      </trkpt>
      <trkpt lat="31.604491" lon="34.889597">
        <ele>278.4259396051429</ele>
      </trkpt>
      <trkpt lat="31.604302" lon="34.889565">
        <ele>281.83975959993955</ele>
      </trkpt>
      <trkpt lat="31.604181" lon="34.889377">
        <ele>284.48612856143296</ele>
      </trkpt>
      <trkpt lat="31.604073" lon="34.889184">
        <ele>286.4544236818537</ele>
      </trkpt>
      <trkpt lat="31.603891" lon="34.889054">
        <ele>287.77440689687046</ele>
      </trkpt>
      <trkpt lat="31.603931" lon="34.888653">
        <ele>285.3329627033731</ele>
      </trkpt>
      <trkpt lat="31.603987" lon="34.888503">
        <ele>283.7932658117217</ele>
      </trkpt>
      <trkpt lat="31.603984" lon="34.888396">
        <ele>282.8131836506446</ele>
      </trkpt>
      <trkpt lat="31.604017" lon="34.888287">
        <ele>281.92111346898486</ele>
      </trkpt>
      <trkpt lat="31.604011" lon="34.888156">
        <ele>281.2999083648979</ele>
      </trkpt>
      <trkpt lat="31.60396" lon="34.888026">
        <ele>280.622169451608</ele>
      </trkpt>
      <trkpt lat="31.603929" lon="34.887987">
        <ele>280.5692753125524</ele>
      </trkpt>
      <trkpt lat="31.603927" lon="34.887978">
        <ele>280.5634028548098</ele>
      </trkpt>
      <extensions>
        <RoutingType xmlns="">Hike</RoutingType>
      </extensions>
    </trkseg>
    <trkseg>
      <trkpt lat="31.603920000000002" lon="34.887980000000006">
        <ele>279</ele>
        <time>2021-10-25T09:42:02Z</time>
      </trkpt>
      <trkpt lat="31.60395" lon="34.888020000000004">
        <ele>279</ele>
        <time>2021-10-25T09:42:03Z</time>
      </trkpt>
      <trkpt lat="31.604010000000002" lon="34.88815">
        <ele>279</ele>
        <time>2021-10-25T09:42:04Z</time>
      </trkpt>
      <trkpt lat="31.604010000000002" lon="34.88828">
        <ele>279</ele>
        <time>2021-10-25T09:42:05Z</time>
      </trkpt>
      <trkpt lat="31.603980000000004" lon="34.88839">
        <ele>279</ele>
        <time>2021-10-25T09:42:06Z</time>
      </trkpt>
      <trkpt lat="31.603980000000004" lon="34.8885">
        <ele>283</ele>
        <time>2021-10-25T09:42:07Z</time>
      </trkpt>
      <trkpt lat="31.603930000000002" lon="34.888650000000005">
        <ele>283</ele>
        <time>2021-10-25T09:42:08Z</time>
      </trkpt>
      <trkpt lat="31.603920000000002" lon="34.888760000000005">
        <ele>283</ele>
        <time>2021-10-25T09:42:09Z</time>
      </trkpt>
      <extensions>
        <RoutingType xmlns="">Hike</RoutingType>
      </extensions>
    </trkseg>
  </trk>
</gpx>
