<?xml version="1.0" encoding="UTF-8" standalone="yes"?>
<gpx xmlns="http://www.topografix.com/GPX/1/1" xmlns:xsi="http://www.w3.org/2001/XMLSchema-instance" version="1.1" creator="IsraelHikingMap" xsi:schemaLocation="http://www.topografix.com/GPX/1/1 http://www.topografix.com/GPX/1/1/gpx.xsd">
  <metadata>
    <bounds maxlat="31.54482" maxlon="34.832770000000004" minlat="31.410980000000002" minlon="34.738907"></bounds>
  </metadata>
  <trk>
    <name>29 - תל קשת ליער דבירה</name>
    <desc>🏞️ קושי: מטיבי לכת | שפלת יהודה
🥾 שמורת פורה, נחל סד, נחל שקמה, גשר טורכי, יער דבירה
⛺ לילה: יער דבירה</desc>
    <trkseg>
      <trkpt lat="31.54482" lon="34.752880000000005">
        <ele>138</ele>
        <time>2021-10-25T09:38:40Z</time>
      </trkpt>
      <trkpt lat="31.54482" lon="34.752880000000005">
        <ele>138</ele>
        <time>2021-10-25T09:38:40Z</time>
      </trkpt>
      <extensions>
        <RoutingType xmlns="">Hike</RoutingType>
      </extensions>
    </trkseg>
    <trkseg>
      <trkpt lat="31.54482" lon="34.752880000000005">
        <ele>138</ele>
        <time>2021-10-25T09:38:40Z</time>
      </trkpt>
      <trkpt lat="31.544400000000003" lon="34.7532">
        <ele>138</ele>
        <time>2021-10-25T09:38:41Z</time>
      </trkpt>
      <trkpt lat="31.544340000000002" lon="34.753220000000006">
        <ele>138</ele>
        <time>2021-10-25T09:38:42Z</time>
      </trkpt>
      <trkpt lat="31.54398" lon="34.7531">
        <ele>138</ele>
        <time>2021-10-25T09:38:43Z</time>
      </trkpt>
      <trkpt lat="31.54388" lon="34.75312">
        <ele>138</ele>
        <time>2021-10-25T09:38:44Z</time>
      </trkpt>
      <trkpt lat="31.543710000000004" lon="34.75323">
        <ele>138</ele>
        <time>2021-10-25T09:38:45Z</time>
      </trkpt>
      <trkpt lat="31.543340000000004" lon="34.7537">
        <ele>138</ele>
        <time>2021-10-25T09:38:46Z</time>
      </trkpt>
      <trkpt lat="31.543160000000004" lon="34.75383">
        <ele>138</ele>
        <time>2021-10-25T09:38:47Z</time>
      </trkpt>
      <trkpt lat="31.542630000000003" lon="34.75401">
        <ele>139</ele>
        <time>2021-10-25T09:38:48Z</time>
      </trkpt>
      <trkpt lat="31.542240000000003" lon="34.75428">
        <ele>139</ele>
        <time>2021-10-25T09:38:49Z</time>
      </trkpt>
      <trkpt lat="31.541990000000002" lon="34.75459">
        <ele>138</ele>
        <time>2021-10-25T09:38:50Z</time>
      </trkpt>
      <trkpt lat="31.541780000000003" lon="34.75497">
        <ele>138</ele>
        <time>2021-10-25T09:38:51Z</time>
      </trkpt>
      <trkpt lat="31.541780000000003" lon="34.75497">
        <ele>138</ele>
        <time>2021-10-25T09:38:52Z</time>
      </trkpt>
      <trkpt lat="31.541660000000004" lon="34.7552">
        <ele>138</ele>
        <time>2021-10-25T09:38:53Z</time>
      </trkpt>
      <trkpt lat="31.541390000000003" lon="34.75558">
        <ele>139</ele>
        <time>2021-10-25T09:38:54Z</time>
      </trkpt>
      <trkpt lat="31.541310000000003" lon="34.75571">
        <ele>139</ele>
        <time>2021-10-25T09:38:55Z</time>
      </trkpt>
      <trkpt lat="31.541240000000002" lon="34.756">
        <ele>139</ele>
        <time>2021-10-25T09:38:56Z</time>
      </trkpt>
      <trkpt lat="31.541230000000002" lon="34.75614">
        <ele>142</ele>
        <time>2021-10-25T09:38:57Z</time>
      </trkpt>
      <trkpt lat="31.541280000000004" lon="34.756820000000005">
        <ele>142</ele>
        <time>2021-10-25T09:38:58Z</time>
      </trkpt>
      <trkpt lat="31.541110000000003" lon="34.757450000000006">
        <ele>141</ele>
        <time>2021-10-25T09:38:59Z</time>
      </trkpt>
      <trkpt lat="31.541090000000004" lon="34.75842">
        <ele>141</ele>
        <time>2021-10-25T09:39:00Z</time>
      </trkpt>
      <trkpt lat="31.540940000000003" lon="34.75878">
        <ele>143</ele>
        <time>2021-10-25T09:39:01Z</time>
      </trkpt>
      <trkpt lat="31.54079" lon="34.75892">
        <ele>143</ele>
        <time>2021-10-25T09:39:02Z</time>
      </trkpt>
      <trkpt lat="31.540540000000004" lon="34.75902">
        <ele>143</ele>
        <time>2021-10-25T09:39:03Z</time>
      </trkpt>
      <trkpt lat="31.540380000000003" lon="34.75916">
        <ele>143</ele>
        <time>2021-10-25T09:39:04Z</time>
      </trkpt>
      <trkpt lat="31.54031" lon="34.75929">
        <ele>143</ele>
        <time>2021-10-25T09:39:05Z</time>
      </trkpt>
      <trkpt lat="31.540290000000002" lon="34.75959">
        <ele>145</ele>
        <time>2021-10-25T09:39:06Z</time>
      </trkpt>
      <trkpt lat="31.540440000000004" lon="34.760200000000005">
        <ele>146</ele>
        <time>2021-10-25T09:39:07Z</time>
      </trkpt>
      <trkpt lat="31.540440000000004" lon="34.760200000000005">
        <ele>146</ele>
        <time>2021-10-25T09:39:08Z</time>
      </trkpt>
      <trkpt lat="31.540560000000003" lon="34.7607">
        <ele>147</ele>
        <time>2021-10-25T09:39:09Z</time>
      </trkpt>
      <trkpt lat="31.540530000000004" lon="34.76082">
        <ele>147</ele>
        <time>2021-10-25T09:39:10Z</time>
      </trkpt>
      <trkpt lat="31.540440000000004" lon="34.7608">
        <ele>147</ele>
        <time>2021-10-25T09:39:11Z</time>
      </trkpt>
      <trkpt lat="31.54022" lon="34.760630000000006">
        <ele>146</ele>
        <time>2021-10-25T09:39:12Z</time>
      </trkpt>
      <trkpt lat="31.540070000000004" lon="34.76043">
        <ele>146</ele>
        <time>2021-10-25T09:39:13Z</time>
      </trkpt>
      <trkpt lat="31.53994" lon="34.760160000000006">
        <ele>145</ele>
        <time>2021-10-25T09:39:14Z</time>
      </trkpt>
      <trkpt lat="31.539810000000003" lon="34.75995">
        <ele>145</ele>
        <time>2021-10-25T09:39:15Z</time>
      </trkpt>
      <trkpt lat="31.539700000000003" lon="34.759820000000005">
        <ele>145</ele>
        <time>2021-10-25T09:39:16Z</time>
      </trkpt>
      <trkpt lat="31.539510000000003" lon="34.75967">
        <ele>149</ele>
        <time>2021-10-25T09:39:17Z</time>
      </trkpt>
      <trkpt lat="31.53939" lon="34.759600000000006">
        <ele>149</ele>
        <time>2021-10-25T09:39:18Z</time>
      </trkpt>
      <trkpt lat="31.539310000000004" lon="34.759600000000006">
        <ele>149</ele>
        <time>2021-10-25T09:39:19Z</time>
      </trkpt>
      <trkpt lat="31.539160000000003" lon="34.759660000000004">
        <ele>149</ele>
        <time>2021-10-25T09:39:20Z</time>
      </trkpt>
      <trkpt lat="31.53816" lon="34.75987">
        <ele>151</ele>
        <time>2021-10-25T09:39:21Z</time>
      </trkpt>
      <trkpt lat="31.537940000000003" lon="34.759930000000004">
        <ele>151</ele>
        <time>2021-10-25T09:39:22Z</time>
      </trkpt>
      <trkpt lat="31.537630000000004" lon="34.760070000000006">
        <ele>149</ele>
        <time>2021-10-25T09:39:23Z</time>
      </trkpt>
      <trkpt lat="31.537630000000004" lon="34.760070000000006">
        <ele>149</ele>
        <time>2021-10-25T09:39:24Z</time>
      </trkpt>
      <trkpt lat="31.537460000000003" lon="34.760070000000006">
        <ele>149</ele>
        <time>2021-10-25T09:39:25Z</time>
      </trkpt>
      <trkpt lat="31.537380000000002" lon="34.7599">
        <ele>149</ele>
        <time>2021-10-25T09:39:26Z</time>
      </trkpt>
      <trkpt lat="31.537260000000003" lon="34.75938">
        <ele>149</ele>
        <time>2021-10-25T09:39:27Z</time>
      </trkpt>
      <trkpt lat="31.537100000000002" lon="34.758970000000005">
        <ele>149</ele>
        <time>2021-10-25T09:39:28Z</time>
      </trkpt>
      <trkpt lat="31.536520000000003" lon="34.75784">
        <ele>154</ele>
        <time>2021-10-25T09:39:29Z</time>
      </trkpt>
      <trkpt lat="31.535600000000002" lon="34.75638">
        <ele>159</ele>
        <time>2021-10-25T09:39:30Z</time>
      </trkpt>
      <trkpt lat="31.53516" lon="34.7558">
        <ele>156</ele>
        <time>2021-10-25T09:39:31Z</time>
      </trkpt>
      <trkpt lat="31.535000000000004" lon="34.755520000000004">
        <ele>156</ele>
        <time>2021-10-25T09:39:32Z</time>
      </trkpt>
      <trkpt lat="31.534760000000002" lon="34.755050000000004">
        <ele>158</ele>
        <time>2021-10-25T09:39:33Z</time>
      </trkpt>
      <trkpt lat="31.534620000000004" lon="34.754810000000006">
        <ele>158</ele>
        <time>2021-10-25T09:39:34Z</time>
      </trkpt>
      <trkpt lat="31.534340000000004" lon="34.754450000000006">
        <ele>163</ele>
        <time>2021-10-25T09:39:35Z</time>
      </trkpt>
      <trkpt lat="31.533160000000002" lon="34.753060000000005">
        <ele>162</ele>
        <time>2021-10-25T09:39:36Z</time>
      </trkpt>
      <trkpt lat="31.533160000000002" lon="34.753060000000005">
        <ele>162</ele>
        <time>2021-10-25T09:39:37Z</time>
      </trkpt>
      <trkpt lat="31.53281" lon="34.752610000000004">
        <ele>168</ele>
        <time>2021-10-25T09:39:38Z</time>
      </trkpt>
      <trkpt lat="31.532270000000004" lon="34.75173">
        <ele>164</ele>
        <time>2021-10-25T09:39:39Z</time>
      </trkpt>
      <trkpt lat="31.531910000000003" lon="34.751020000000004">
        <ele>164</ele>
        <time>2021-10-25T09:39:40Z</time>
      </trkpt>
      <trkpt lat="31.531760000000002" lon="34.75066">
        <ele>164</ele>
        <time>2021-10-25T09:39:41Z</time>
      </trkpt>
      <trkpt lat="31.531730000000003" lon="34.750530000000005">
        <ele>164</ele>
        <time>2021-10-25T09:39:42Z</time>
      </trkpt>
      <trkpt lat="31.53178" lon="34.74982">
        <ele>165</ele>
        <time>2021-10-25T09:39:43Z</time>
      </trkpt>
      <trkpt lat="31.53178" lon="34.7494">
        <ele>165</ele>
        <time>2021-10-25T09:39:44Z</time>
      </trkpt>
      <trkpt lat="31.5316" lon="34.747550000000004">
        <ele>155</ele>
        <time>2021-10-25T09:39:45Z</time>
      </trkpt>
      <trkpt lat="31.531470000000002" lon="34.746700000000004">
        <ele>155</ele>
        <time>2021-10-25T09:39:46Z</time>
      </trkpt>
      <trkpt lat="31.531470000000002" lon="34.746410000000004">
        <ele>155</ele>
        <time>2021-10-25T09:39:47Z</time>
      </trkpt>
      <trkpt lat="31.531480000000002" lon="34.746230000000004">
        <ele>155</ele>
        <time>2021-10-25T09:39:48Z</time>
      </trkpt>
      <trkpt lat="31.531550000000003" lon="34.745870000000004">
        <ele>155</ele>
        <time>2021-10-25T09:39:49Z</time>
      </trkpt>
      <trkpt lat="31.531760000000002" lon="34.74501">
        <ele>152</ele>
        <time>2021-10-25T09:39:50Z</time>
      </trkpt>
      <trkpt lat="31.53186" lon="34.74428">
        <ele>147</ele>
        <time>2021-10-25T09:39:51Z</time>
      </trkpt>
      <trkpt lat="31.531910000000003" lon="34.743190000000006">
        <ele>140</ele>
        <time>2021-10-25T09:39:52Z</time>
      </trkpt>
      <trkpt lat="31.531920000000003" lon="34.74262">
        <ele>136</ele>
        <time>2021-10-25T09:39:53Z</time>
      </trkpt>
      <trkpt lat="31.532080000000004" lon="34.74228">
        <ele>135</ele>
        <time>2021-10-25T09:39:54Z</time>
      </trkpt>
      <trkpt lat="31.53225" lon="34.74217">
        <ele>135</ele>
        <time>2021-10-25T09:39:55Z</time>
      </trkpt>
      <trkpt lat="31.53234" lon="34.741960000000006">
        <ele>135</ele>
        <time>2021-10-25T09:39:56Z</time>
      </trkpt>
      <trkpt lat="31.532270000000004" lon="34.74186">
        <ele>132</ele>
        <time>2021-10-25T09:39:57Z</time>
      </trkpt>
      <trkpt lat="31.532270000000004" lon="34.74186">
        <ele>132</ele>
        <time>2021-10-25T09:39:58Z</time>
      </trkpt>
      <trkpt lat="31.532210000000003" lon="34.74179">
        <ele>129</ele>
        <time>2021-10-25T09:39:59Z</time>
      </trkpt>
      <trkpt lat="31.53205" lon="34.741640000000004">
        <ele>132</ele>
        <time>2021-10-25T09:40:00Z</time>
      </trkpt>
      <trkpt lat="31.53197" lon="34.741600000000005">
        <ele>132</ele>
        <time>2021-10-25T09:40:01Z</time>
      </trkpt>
      <trkpt lat="31.531360000000003" lon="34.74154">
        <ele>132</ele>
        <time>2021-10-25T09:40:02Z</time>
      </trkpt>
      <trkpt lat="31.53121" lon="34.741490000000006">
        <ele>138</ele>
        <time>2021-10-25T09:40:03Z</time>
      </trkpt>
      <trkpt lat="31.531060000000004" lon="34.74138">
        <ele>138</ele>
        <time>2021-10-25T09:40:04Z</time>
      </trkpt>
      <trkpt lat="31.531000000000002" lon="34.7413">
        <ele>138</ele>
        <time>2021-10-25T09:40:05Z</time>
      </trkpt>
      <trkpt lat="31.530860000000004" lon="34.74096">
        <ele>134</ele>
        <time>2021-10-25T09:40:06Z</time>
      </trkpt>
      <extensions>
        <RoutingType xmlns="">Hike</RoutingType>
      </extensions>
    </trkseg>
    <trkseg>
      <trkpt lat="31.530861" lon="34.74096">
        <ele>135.1</ele>
      </trkpt>
      <trkpt lat="31.530829" lon="34.740827">
        <ele>134.40143730657653</ele>
      </trkpt>
      <trkpt lat="31.530811" lon="34.740527">
        <ele>133.19061845810023</ele>
      </trkpt>
      <trkpt lat="31.530835" lon="34.740336">
        <ele>132.7026652072533</ele>
      </trkpt>
      <trkpt lat="31.530886" lon="34.739918">
        <ele>133.0314914075902</ele>
      </trkpt>
      <trkpt lat="31.530887" lon="34.739784">
        <ele>133.32784175104126</ele>
      </trkpt>
      <trkpt lat="31.530902" lon="34.739694">
        <ele>133.5306446456222</ele>
      </trkpt>
      <trkpt lat="31.530949" lon="34.73958">
        <ele>133.81069700154822</ele>
      </trkpt>
      <trkpt lat="31.530565" lon="34.739452">
        <ele>135.1234802373865</ele>
      </trkpt>
      <trkpt lat="31.530201" lon="34.739388">
        <ele>136.85894099988673</ele>
      </trkpt>
      <trkpt lat="31.527262" lon="34.738916">
        <ele>147.51518964918748</ele>
      </trkpt>
      <trkpt lat="31.526977" lon="34.738907">
        <ele>147.26605644012673</ele>
      </trkpt>
      <trkpt lat="31.526838" lon="34.738936">
        <ele>147.21372776817057</ele>
      </trkpt>
      <trkpt lat="31.526704" lon="34.738987">
        <ele>147.58487602859853</ele>
      </trkpt>
      <trkpt lat="31.525038" lon="34.739754">
        <ele>153.00734814044387</ele>
      </trkpt>
      <trkpt lat="31.524795" lon="34.739866">
        <ele>153.3944273657967</ele>
      </trkpt>
      <trkpt lat="31.524641" lon="34.739912">
        <ele>154.09009720723793</ele>
      </trkpt>
      <trkpt lat="31.52457" lon="34.739917">
        <ele>154.40645927052384</ele>
      </trkpt>
      <trkpt lat="31.523387" lon="34.739787">
        <ele>153.80584162987563</ele>
      </trkpt>
      <trkpt lat="31.52323" lon="34.73977">
        <ele>153.3383266782719</ele>
      </trkpt>
      <trkpt lat="31.523087" lon="34.739725">
        <ele>153.2</ele>
      </trkpt>
      <trkpt lat="31.522422" lon="34.739462">
        <ele>153.98849042289</ele>
      </trkpt>
      <trkpt lat="31.521778" lon="34.739206">
        <ele>156.79348222415962</ele>
      </trkpt>
      <trkpt lat="31.521641" lon="34.739169">
        <ele>158.05507289407387</ele>
      </trkpt>
      <trkpt lat="31.521513" lon="34.73919">
        <ele>159.4922197623823</ele>
      </trkpt>
      <trkpt lat="31.521449" lon="34.739226">
        <ele>160.28144942684912</ele>
      </trkpt>
      <trkpt lat="31.521337" lon="34.73933">
        <ele>161.60883904226304</ele>
      </trkpt>
      <trkpt lat="31.52126" lon="34.739432">
        <ele>162.5128554285071</ele>
      </trkpt>
      <trkpt lat="31.52118" lon="34.739536">
        <ele>163.50753402040147</ele>
      </trkpt>
      <trkpt lat="31.521142" lon="34.739586">
        <ele>164.036657259767</ele>
      </trkpt>
      <trkpt lat="31.520944" lon="34.739943">
        <ele>165.6</ele>
      </trkpt>
      <trkpt lat="31.520584" lon="34.740695">
        <ele>163.4436583592173</ele>
      </trkpt>
      <trkpt lat="31.520451" lon="34.740912">
        <ele>162.7391025456265</ele>
      </trkpt>
      <trkpt lat="31.520352" lon="34.74106">
        <ele>162.2041366231745</ele>
      </trkpt>
      <trkpt lat="31.520065" lon="34.741404">
        <ele>162.4241106051189</ele>
      </trkpt>
      <trkpt lat="31.519867" lon="34.741642">
        <ele>163.08235664097057</ele>
      </trkpt>
      <trkpt lat="31.51937" lon="34.742133">
        <ele>164.66426002404094</ele>
      </trkpt>
      <trkpt lat="31.519291" lon="34.742179">
        <ele>164.95292916988717</ele>
      </trkpt>
      <trkpt lat="31.519098" lon="34.742215">
        <ele>165.5324019984973</ele>
      </trkpt>
      <trkpt lat="31.518577" lon="34.742212">
        <ele>163.0914391216447</ele>
      </trkpt>
      <trkpt lat="31.518179" lon="34.742171">
        <ele>161.30527308785148</ele>
      </trkpt>
      <trkpt lat="31.51791" lon="34.742224">
        <ele>160.59845360104603</ele>
      </trkpt>
      <trkpt lat="31.517825" lon="34.74227">
        <ele>160.49436461339707</ele>
      </trkpt>
      <trkpt lat="31.517471" lon="34.742612">
        <ele>161.2926299936094</ele>
      </trkpt>
      <trkpt lat="31.517148" lon="34.742857">
        <ele>162.57312883841084</ele>
      </trkpt>
      <trkpt lat="31.516638" lon="34.743147">
        <ele>166.59396742906102</ele>
      </trkpt>
      <trkpt lat="31.516404" lon="34.743322">
        <ele>166.7</ele>
      </trkpt>
      <trkpt lat="31.516192" lon="34.743576">
        <ele>168.8951502203131</ele>
      </trkpt>
      <trkpt lat="31.516112" lon="34.743702">
        <ele>169.6397783251047</ele>
      </trkpt>
      <trkpt lat="31.51605" lon="34.743817">
        <ele>170.28468983463617</ele>
      </trkpt>
      <trkpt lat="31.515893" lon="34.744201">
        <ele>172.53739733017258</ele>
      </trkpt>
      <trkpt lat="31.515841" lon="34.744286">
        <ele>173.16550022662005</ele>
      </trkpt>
      <trkpt lat="31.515727" lon="34.744401">
        <ele>173.75532978531857</ele>
      </trkpt>
      <trkpt lat="31.51564" lon="34.744451">
        <ele>173.68351213814287</ele>
      </trkpt>
      <trkpt lat="31.515476" lon="34.74449">
        <ele>173.64053407828186</ele>
      </trkpt>
      <trkpt lat="31.515388" lon="34.744482">
        <ele>173.70596404861413</ele>
      </trkpt>
      <trkpt lat="31.515243" lon="34.744431">
        <ele>173.86363166832083</ele>
      </trkpt>
      <trkpt lat="31.515018" lon="34.744311">
        <ele>174.50280695776758</ele>
      </trkpt>
      <trkpt lat="31.514823" lon="34.744169">
        <ele>174.84309315818714</ele>
      </trkpt>
      <trkpt lat="31.514651" lon="34.744018">
        <ele>174.76919476122288</ele>
      </trkpt>
      <trkpt lat="31.514253" lon="34.743621">
        <ele>172.6962008094453</ele>
      </trkpt>
      <trkpt lat="31.514087" lon="34.743455">
        <ele>171.44141671576224</ele>
      </trkpt>
      <trkpt lat="31.513661" lon="34.74298">
        <ele>170.08450009721142</ele>
      </trkpt>
      <trkpt lat="31.513048" lon="34.742441">
        <ele>168.09146808673748</ele>
      </trkpt>
      <trkpt lat="31.512914" lon="34.742392">
        <ele>167.8313454198746</ele>
      </trkpt>
      <trkpt lat="31.512699" lon="34.742387">
        <ele>167.35938235638184</ele>
      </trkpt>
      <trkpt lat="31.512603" lon="34.742401">
        <ele>167.20929259585046</ele>
      </trkpt>
      <trkpt lat="31.512151" lon="34.742545">
        <ele>167.96316489818253</ele>
      </trkpt>
      <trkpt lat="31.511314" lon="34.74286">
        <ele>179.90024824022154</ele>
      </trkpt>
      <trkpt lat="31.511009" lon="34.742921">
        <ele>182.14031698666517</ele>
      </trkpt>
      <trkpt lat="31.510895" lon="34.742901">
        <ele>182.396661497778</ele>
      </trkpt>
      <trkpt lat="31.510642" lon="34.742772">
        <ele>183.21525187814942</ele>
      </trkpt>
      <trkpt lat="31.510372" lon="34.742566">
        <ele>183.6754899485506</ele>
      </trkpt>
      <trkpt lat="31.509679" lon="34.741978">
        <ele>184.28570755859997</ele>
      </trkpt>
      <trkpt lat="31.509243" lon="34.741632">
        <ele>183.40072453658453</ele>
      </trkpt>
      <trkpt lat="31.508579" lon="34.741138">
        <ele>178.73015627507422</ele>
      </trkpt>
      <trkpt lat="31.507937" lon="34.740709">
        <ele>176.88294287202112</ele>
      </trkpt>
      <trkpt lat="31.507721" lon="34.740505">
        <ele>176.02417460033206</ele>
      </trkpt>
      <trkpt lat="31.507636" lon="34.740688">
        <ele>175.49553768712295</ele>
      </trkpt>
      <trkpt lat="31.507574" lon="34.740885">
        <ele>174.8975526656156</ele>
      </trkpt>
      <trkpt lat="31.50755" lon="34.741186">
        <ele>173.65562810450334</ele>
      </trkpt>
      <trkpt lat="31.507563" lon="34.741395">
        <ele>172.7947596681237</ele>
      </trkpt>
      <trkpt lat="31.507616" lon="34.741581">
        <ele>171.77388255177954</ele>
      </trkpt>
      <trkpt lat="31.507683" lon="34.741701">
        <ele>170.77665470903375</ele>
      </trkpt>
      <trkpt lat="31.507817" lon="34.74194">
        <ele>168.72837703069337</ele>
      </trkpt>
      <trkpt lat="31.507843" lon="34.742038">
        <ele>167.9824130814917</ele>
      </trkpt>
      <trkpt lat="31.507845" lon="34.74221">
        <ele>167.24287840039844</ele>
      </trkpt>
      <trkpt lat="31.507853" lon="34.742717">
        <ele>165.12664721377578</ele>
      </trkpt>
      <trkpt lat="31.507829" lon="34.743124">
        <ele>164.13558947619322</ele>
      </trkpt>
      <trkpt lat="31.508148" lon="34.743281">
        <ele>165.47627490867944</ele>
      </trkpt>
      <trkpt lat="31.508684" lon="34.743474">
        <ele>167.340408862234</ele>
      </trkpt>
      <trkpt lat="31.50885" lon="34.74356">
        <ele>165.63867836532336</ele>
      </trkpt>
      <trkpt lat="31.509025" lon="34.743681">
        <ele>163.3439138884684</ele>
      </trkpt>
      <extensions>
        <RoutingType xmlns="">Hike</RoutingType>
      </extensions>
    </trkseg>
    <trkseg>
      <trkpt lat="31.509025" lon="34.743681">
        <ele>162.4</ele>
      </trkpt>
      <trkpt lat="31.509116" lon="34.743743">
        <ele>161.3078201607902</ele>
      </trkpt>
      <trkpt lat="31.509363" lon="34.743873">
        <ele>158.7736268578864</ele>
      </trkpt>
      <trkpt lat="31.509416" lon="34.74393">
        <ele>158.2139328273787</ele>
      </trkpt>
      <trkpt lat="31.509454" lon="34.744048">
        <ele>157.38861237613338</ele>
      </trkpt>
      <trkpt lat="31.509448" lon="34.744345">
        <ele>155.60492992233856</ele>
      </trkpt>
      <trkpt lat="31.509395" lon="34.744653">
        <ele>152.6290719170332</ele>
      </trkpt>
      <trkpt lat="31.509369" lon="34.744802">
        <ele>150.76345459511185</ele>
      </trkpt>
      <trkpt lat="31.509358" lon="34.744907">
        <ele>149.45970491792983</ele>
      </trkpt>
      <trkpt lat="31.509361" lon="34.745028">
        <ele>148.34332329045444</ele>
      </trkpt>
      <trkpt lat="31.509366" lon="34.745267">
        <ele>146.9079388973735</ele>
      </trkpt>
      <trkpt lat="31.509391" lon="34.74545">
        <ele>147.22307641061417</ele>
      </trkpt>
      <trkpt lat="31.509191" lon="34.745484">
        <ele>147.90567946699252</ele>
      </trkpt>
      <trkpt lat="31.508878" lon="34.745453">
        <ele>149.14215262171905</ele>
      </trkpt>
      <trkpt lat="31.508508" lon="34.745454">
        <ele>150.8389845007525</ele>
      </trkpt>
      <trkpt lat="31.507713" lon="34.745355">
        <ele>153.13303593644451</ele>
      </trkpt>
      <trkpt lat="31.507346" lon="34.745271">
        <ele>153.71390986315137</ele>
      </trkpt>
      <trkpt lat="31.506968" lon="34.745231">
        <ele>154.41389497852683</ele>
      </trkpt>
      <trkpt lat="31.506457" lon="34.745285">
        <ele>155.2884667321442</ele>
      </trkpt>
      <trkpt lat="31.506168" lon="34.74538">
        <ele>155.3832764237482</ele>
      </trkpt>
      <trkpt lat="31.505994" lon="34.745418">
        <ele>155.22811015545196</ele>
      </trkpt>
      <trkpt lat="31.505696" lon="34.745411">
        <ele>155.1377562292006</ele>
      </trkpt>
      <trkpt lat="31.505574" lon="34.74543">
        <ele>155.32022082773918</ele>
      </trkpt>
      <trkpt lat="31.505329" lon="34.74552">
        <ele>156.22735460078317</ele>
      </trkpt>
      <trkpt lat="31.505119" lon="34.745555">
        <ele>156.71532965939807</ele>
      </trkpt>
      <trkpt lat="31.505032" lon="34.745535">
        <ele>156.84676995649758</ele>
      </trkpt>
      <trkpt lat="31.504761" lon="34.745382">
        <ele>155.6237945932248</ele>
      </trkpt>
      <trkpt lat="31.504658" lon="34.745353">
        <ele>155.300550923618</ele>
      </trkpt>
      <trkpt lat="31.504579" lon="34.745353">
        <ele>155.06630027815498</ele>
      </trkpt>
      <trkpt lat="31.504509" lon="34.74537">
        <ele>154.85433359417192</ele>
      </trkpt>
      <trkpt lat="31.504232" lon="34.74553">
        <ele>155.81480221375037</ele>
      </trkpt>
      <trkpt lat="31.504097" lon="34.745688">
        <ele>156.875127506924</ele>
      </trkpt>
      <trkpt lat="31.503999" lon="34.745866">
        <ele>157.38120582602554</ele>
      </trkpt>
      <trkpt lat="31.503936" lon="34.745881">
        <ele>157.47651469058454</ele>
      </trkpt>
      <trkpt lat="31.503797" lon="34.745787">
        <ele>157.39980404917782</ele>
      </trkpt>
      <trkpt lat="31.503695" lon="34.745753">
        <ele>157.12467989121365</ele>
      </trkpt>
      <trkpt lat="31.503536" lon="34.745765">
        <ele>156.71129352239956</ele>
      </trkpt>
      <trkpt lat="31.502975" lon="34.745966">
        <ele>156.8106480019806</ele>
      </trkpt>
      <trkpt lat="31.50274" lon="34.746126">
        <ele>157.29018681610998</ele>
      </trkpt>
      <trkpt lat="31.502634" lon="34.746169">
        <ele>157.37333186598465</ele>
      </trkpt>
      <trkpt lat="31.502307" lon="34.746209">
        <ele>157.51705163223497</ele>
      </trkpt>
      <trkpt lat="31.502165" lon="34.746146">
        <ele>157.62959570868844</ele>
      </trkpt>
      <trkpt lat="31.502024" lon="34.74614">
        <ele>157.73418771248308</ele>
      </trkpt>
      <trkpt lat="31.501682" lon="34.746215">
        <ele>157.99210581556557</ele>
      </trkpt>
      <trkpt lat="31.501507" lon="34.746234">
        <ele>158.1335818260751</ele>
      </trkpt>
      <trkpt lat="31.501396" lon="34.746289">
        <ele>158.2675709852926</ele>
      </trkpt>
      <trkpt lat="31.501353" lon="34.746291">
        <ele>158.3154223870264</ele>
      </trkpt>
      <trkpt lat="31.501303" lon="34.74625">
        <ele>158.38326080970614</ele>
      </trkpt>
      <trkpt lat="31.501201" lon="34.746094">
        <ele>158.51309543501708</ele>
      </trkpt>
      <extensions>
        <RoutingType xmlns="">Hike</RoutingType>
      </extensions>
    </trkseg>
    <trkseg>
      <trkpt lat="31.501201" lon="34.746094">
        <ele>158.6</ele>
      </trkpt>
      <trkpt lat="31.501194" lon="34.746083">
        <ele>158.64337776842686</ele>
      </trkpt>
      <trkpt lat="31.501106" lon="34.746044">
        <ele>158.99205917683</ele>
      </trkpt>
      <trkpt lat="31.500979" lon="34.74603">
        <ele>159.4648590502746</ele>
      </trkpt>
      <trkpt lat="31.50078" lon="34.746035">
        <ele>159.96157278016193</ele>
      </trkpt>
      <trkpt lat="31.50065" lon="34.745996">
        <ele>160.21999589025884</ele>
      </trkpt>
      <trkpt lat="31.500404" lon="34.745839">
        <ele>160.60705059705077</ele>
      </trkpt>
      <trkpt lat="31.500441" lon="34.746107">
        <ele>161.89403562357248</ele>
      </trkpt>
      <trkpt lat="31.500434" lon="34.746334">
        <ele>163.256371032801</ele>
      </trkpt>
      <trkpt lat="31.500453" lon="34.74653">
        <ele>163.9349150114187</ele>
      </trkpt>
      <trkpt lat="31.50051" lon="34.746765">
        <ele>164.17811555528831</ele>
      </trkpt>
      <trkpt lat="31.50055" lon="34.746931">
        <ele>164.06908439768534</ele>
      </trkpt>
      <trkpt lat="31.500571" lon="34.747137">
        <ele>164.15511714086162</ele>
      </trkpt>
      <trkpt lat="31.500549" lon="34.747313">
        <ele>164.43619538853525</ele>
      </trkpt>
      <trkpt lat="31.5004" lon="34.747839">
        <ele>164.68721308762315</ele>
      </trkpt>
      <trkpt lat="31.500371" lon="34.748011">
        <ele>164.87125608725432</ele>
      </trkpt>
      <trkpt lat="31.500284" lon="34.748706">
        <ele>164.780572334885</ele>
      </trkpt>
      <trkpt lat="31.50028" lon="34.748863">
        <ele>164.63165580720448</ele>
      </trkpt>
      <trkpt lat="31.500307" lon="34.749135">
        <ele>165.20791018321174</ele>
      </trkpt>
      <trkpt lat="31.500381" lon="34.749347">
        <ele>166.02899223812577</ele>
      </trkpt>
      <trkpt lat="31.500649" lon="34.75007">
        <ele>168.7728476670635</ele>
      </trkpt>
      <trkpt lat="31.500697" lon="34.750404">
        <ele>170.7869063782369</ele>
      </trkpt>
      <trkpt lat="31.500707" lon="34.750983">
        <ele>174.176656987556</ele>
      </trkpt>
      <trkpt lat="31.500736" lon="34.751199">
        <ele>175.81738231980955</ele>
      </trkpt>
      <trkpt lat="31.500906" lon="34.751871">
        <ele>179.5257331333391</ele>
      </trkpt>
      <trkpt lat="31.500993" lon="34.752163">
        <ele>179.92790588843593</ele>
      </trkpt>
      <trkpt lat="31.501098" lon="34.752814">
        <ele>179.3025422409615</ele>
      </trkpt>
      <trkpt lat="31.501146" lon="34.75311">
        <ele>180.166863422386</ele>
      </trkpt>
      <trkpt lat="31.501142" lon="34.753264">
        <ele>181.10230449749884</ele>
      </trkpt>
      <trkpt lat="31.501135" lon="34.753564">
        <ele>183.37855092175957</ele>
      </trkpt>
      <trkpt lat="31.501132" lon="34.75367">
        <ele>184.18296649782584</ele>
      </trkpt>
      <trkpt lat="31.501061" lon="34.754105">
        <ele>186.27350756139936</ele>
      </trkpt>
      <trkpt lat="31.500976" lon="34.754439">
        <ele>187.3542237947389</ele>
      </trkpt>
      <trkpt lat="31.500931" lon="34.754588">
        <ele>187.70390781078675</ele>
      </trkpt>
      <trkpt lat="31.50074" lon="34.754966">
        <ele>190.0277881778679</ele>
      </trkpt>
      <trkpt lat="31.500696" lon="34.755038">
        <ele>190.51745682349156</ele>
      </trkpt>
      <trkpt lat="31.500641" lon="34.755128">
        <ele>191.11234954763427</ele>
      </trkpt>
      <trkpt lat="31.500568" lon="34.755232">
        <ele>191.81697287402613</ele>
      </trkpt>
      <trkpt lat="31.500516" lon="34.755286">
        <ele>192.02291849579166</ele>
      </trkpt>
      <trkpt lat="31.500569" lon="34.75533">
        <ele>192.21546117050192</ele>
      </trkpt>
      <trkpt lat="31.500671" lon="34.755372">
        <ele>192.53600994960442</ele>
      </trkpt>
      <trkpt lat="31.500806" lon="34.755358">
        <ele>192.7267025556173</ele>
      </trkpt>
      <trkpt lat="31.500927" lon="34.755325">
        <ele>192.86483817920765</ele>
      </trkpt>
      <trkpt lat="31.501044" lon="34.755231">
        <ele>193.2676007350288</ele>
      </trkpt>
      <trkpt lat="31.501214" lon="34.755225">
        <ele>193.88155367902078</ele>
      </trkpt>
      <trkpt lat="31.501281" lon="34.755247">
        <ele>194.42311059777415</ele>
      </trkpt>
      <trkpt lat="31.501392" lon="34.755314">
        <ele>195.3948009574294</ele>
      </trkpt>
      <trkpt lat="31.501562" lon="34.755499">
        <ele>197.19987882163812</ele>
      </trkpt>
      <trkpt lat="31.501804" lon="34.755913">
        <ele>198.90528249877497</ele>
      </trkpt>
      <trkpt lat="31.502051" lon="34.756212">
        <ele>199.43951959009934</ele>
      </trkpt>
      <trkpt lat="31.502114" lon="34.756316">
        <ele>199.2379339049517</ele>
      </trkpt>
      <trkpt lat="31.502213" lon="34.756557">
        <ele>199.2</ele>
      </trkpt>
      <trkpt lat="31.502233" lon="34.756678">
        <ele>199.43856500088737</ele>
      </trkpt>
      <trkpt lat="31.502229" lon="34.756747">
        <ele>199.76640430530028</ele>
      </trkpt>
      <trkpt lat="31.502225" lon="34.756811">
        <ele>200.0706007178937</ele>
      </trkpt>
      <trkpt lat="31.502177" lon="34.757081">
        <ele>201.33282015709088</ele>
      </trkpt>
      <trkpt lat="31.502177" lon="34.757081">
        <ele>201.33282015709088</ele>
      </trkpt>
      <extensions>
        <RoutingType xmlns="">Hike</RoutingType>
      </extensions>
    </trkseg>
    <trkseg>
      <trkpt lat="31.502170000000003" lon="34.75708">
        <ele>206</ele>
        <time>2021-10-25T09:42:58Z</time>
      </trkpt>
      <trkpt lat="31.502200000000002" lon="34.757290000000005">
        <ele>206</ele>
        <time>2021-10-25T09:42:59Z</time>
      </trkpt>
      <trkpt lat="31.502280000000003" lon="34.757470000000005">
        <ele>206</ele>
        <time>2021-10-25T09:43:00Z</time>
      </trkpt>
      <trkpt lat="31.502290000000002" lon="34.75755">
        <ele>206</ele>
        <time>2021-10-25T09:43:01Z</time>
      </trkpt>
      <trkpt lat="31.502360000000003" lon="34.757720000000006">
        <ele>201</ele>
        <time>2021-10-25T09:43:02Z</time>
      </trkpt>
      <trkpt lat="31.502640000000003" lon="34.75809">
        <ele>201</ele>
        <time>2021-10-25T09:43:03Z</time>
      </trkpt>
      <trkpt lat="31.502730000000003" lon="34.75826">
        <ele>201</ele>
        <time>2021-10-25T09:43:04Z</time>
      </trkpt>
      <trkpt lat="31.50277" lon="34.7584">
        <ele>201</ele>
        <time>2021-10-25T09:43:05Z</time>
      </trkpt>
      <trkpt lat="31.50278" lon="34.75855">
        <ele>193</ele>
        <time>2021-10-25T09:43:06Z</time>
      </trkpt>
      <trkpt lat="31.502740000000003" lon="34.759">
        <ele>193</ele>
        <time>2021-10-25T09:43:07Z</time>
      </trkpt>
      <trkpt lat="31.502710000000004" lon="34.759130000000006">
        <ele>193</ele>
        <time>2021-10-25T09:43:08Z</time>
      </trkpt>
      <trkpt lat="31.5027" lon="34.75927">
        <ele>193</ele>
        <time>2021-10-25T09:43:09Z</time>
      </trkpt>
      <trkpt lat="31.502760000000002" lon="34.759370000000004">
        <ele>178</ele>
        <time>2021-10-25T09:43:10Z</time>
      </trkpt>
      <trkpt lat="31.503020000000003" lon="34.75963">
        <ele>174</ele>
        <time>2021-10-25T09:43:11Z</time>
      </trkpt>
      <trkpt lat="31.503080000000004" lon="34.759660000000004">
        <ele>174</ele>
        <time>2021-10-25T09:43:12Z</time>
      </trkpt>
      <trkpt lat="31.50324" lon="34.75965">
        <ele>174</ele>
        <time>2021-10-25T09:43:13Z</time>
      </trkpt>
      <trkpt lat="31.503370000000004" lon="34.759660000000004">
        <ele>174</ele>
        <time>2021-10-25T09:43:14Z</time>
      </trkpt>
      <trkpt lat="31.503480000000003" lon="34.75972">
        <ele>174</ele>
        <time>2021-10-25T09:43:15Z</time>
      </trkpt>
      <trkpt lat="31.503590000000003" lon="34.75983">
        <ele>174</ele>
        <time>2021-10-25T09:43:16Z</time>
      </trkpt>
      <trkpt lat="31.50373" lon="34.75996">
        <ele>174</ele>
        <time>2021-10-25T09:43:17Z</time>
      </trkpt>
      <trkpt lat="31.50381" lon="34.7601">
        <ele>174</ele>
        <time>2021-10-25T09:43:18Z</time>
      </trkpt>
      <trkpt lat="31.50381" lon="34.7601">
        <ele>174</ele>
        <time>2021-10-25T09:43:19Z</time>
      </trkpt>
      <trkpt lat="31.503940000000004" lon="34.76026">
        <ele>165</ele>
        <time>2021-10-25T09:43:20Z</time>
      </trkpt>
      <trkpt lat="31.504050000000003" lon="34.76033">
        <ele>165</ele>
        <time>2021-10-25T09:43:21Z</time>
      </trkpt>
      <trkpt lat="31.50419" lon="34.76035">
        <ele>165</ele>
        <time>2021-10-25T09:43:22Z</time>
      </trkpt>
      <trkpt lat="31.50427" lon="34.76034">
        <ele>165</ele>
        <time>2021-10-25T09:43:23Z</time>
      </trkpt>
      <trkpt lat="31.504340000000003" lon="34.76037">
        <ele>165</ele>
        <time>2021-10-25T09:43:24Z</time>
      </trkpt>
      <trkpt lat="31.50446" lon="34.760560000000005">
        <ele>165</ele>
        <time>2021-10-25T09:43:25Z</time>
      </trkpt>
      <trkpt lat="31.504510000000003" lon="34.760760000000005">
        <ele>165</ele>
        <time>2021-10-25T09:43:26Z</time>
      </trkpt>
      <trkpt lat="31.504520000000003" lon="34.76104">
        <ele>164.5</ele>
        <time>2021-10-25T09:43:27Z</time>
      </trkpt>
      <trkpt lat="31.504520000000003" lon="34.76104">
        <ele>164.5</ele>
        <time>2021-10-25T09:43:28Z</time>
      </trkpt>
      <trkpt lat="31.50447" lon="34.76127">
        <ele>164</ele>
        <time>2021-10-25T09:43:29Z</time>
      </trkpt>
      <trkpt lat="31.504400000000004" lon="34.761390000000006">
        <ele>164</ele>
        <time>2021-10-25T09:43:30Z</time>
      </trkpt>
      <trkpt lat="31.504020000000004" lon="34.761280000000006">
        <ele>164</ele>
        <time>2021-10-25T09:43:31Z</time>
      </trkpt>
      <trkpt lat="31.503870000000003" lon="34.76127">
        <ele>164</ele>
        <time>2021-10-25T09:43:32Z</time>
      </trkpt>
      <trkpt lat="31.503660000000004" lon="34.761300000000006">
        <ele>165</ele>
        <time>2021-10-25T09:43:33Z</time>
      </trkpt>
      <trkpt lat="31.503290000000003" lon="34.761320000000005">
        <ele>165</ele>
        <time>2021-10-25T09:43:34Z</time>
      </trkpt>
      <trkpt lat="31.503210000000003" lon="34.761340000000004">
        <ele>165</ele>
        <time>2021-10-25T09:43:35Z</time>
      </trkpt>
      <trkpt lat="31.50315" lon="34.7614">
        <ele>165</ele>
        <time>2021-10-25T09:43:36Z</time>
      </trkpt>
      <trkpt lat="31.503110000000003" lon="34.76153">
        <ele>165</ele>
        <time>2021-10-25T09:43:37Z</time>
      </trkpt>
      <trkpt lat="31.503090000000004" lon="34.76193">
        <ele>167</ele>
        <time>2021-10-25T09:43:38Z</time>
      </trkpt>
      <trkpt lat="31.503090000000004" lon="34.76193">
        <ele>167</ele>
        <time>2021-10-25T09:43:39Z</time>
      </trkpt>
      <trkpt lat="31.50307" lon="34.76221">
        <ele>169</ele>
        <time>2021-10-25T09:43:40Z</time>
      </trkpt>
      <trkpt lat="31.503000000000004" lon="34.76249">
        <ele>169</ele>
        <time>2021-10-25T09:43:41Z</time>
      </trkpt>
      <trkpt lat="31.502930000000003" lon="34.762600000000006">
        <ele>169</ele>
        <time>2021-10-25T09:43:42Z</time>
      </trkpt>
      <trkpt lat="31.502630000000003" lon="34.76268">
        <ele>166</ele>
        <time>2021-10-25T09:43:43Z</time>
      </trkpt>
      <trkpt lat="31.502570000000002" lon="34.762750000000004">
        <ele>169</ele>
        <time>2021-10-25T09:43:44Z</time>
      </trkpt>
      <trkpt lat="31.502530000000004" lon="34.762910000000005">
        <ele>169</ele>
        <time>2021-10-25T09:43:45Z</time>
      </trkpt>
      <trkpt lat="31.502350000000003" lon="34.76333">
        <ele>169</ele>
        <time>2021-10-25T09:43:46Z</time>
      </trkpt>
      <trkpt lat="31.50193" lon="34.764050000000005">
        <ele>171</ele>
        <time>2021-10-25T09:43:47Z</time>
      </trkpt>
      <trkpt lat="31.50184" lon="34.76415">
        <ele>171</ele>
        <time>2021-10-25T09:43:48Z</time>
      </trkpt>
      <trkpt lat="31.501540000000002" lon="34.764120000000005">
        <ele>171</ele>
        <time>2021-10-25T09:43:49Z</time>
      </trkpt>
      <trkpt lat="31.501420000000003" lon="34.764210000000006">
        <ele>171</ele>
        <time>2021-10-25T09:43:50Z</time>
      </trkpt>
      <trkpt lat="31.501330000000003" lon="34.76431">
        <ele>171</ele>
        <time>2021-10-25T09:43:51Z</time>
      </trkpt>
      <trkpt lat="31.501310000000004" lon="34.76453">
        <ele>173</ele>
        <time>2021-10-25T09:43:52Z</time>
      </trkpt>
      <trkpt lat="31.501110000000004" lon="34.76493">
        <ele>174</ele>
        <time>2021-10-25T09:43:53Z</time>
      </trkpt>
      <trkpt lat="31.501020000000004" lon="34.76503">
        <ele>174</ele>
        <time>2021-10-25T09:43:54Z</time>
      </trkpt>
      <trkpt lat="31.500790000000002" lon="34.765240000000006">
        <ele>177</ele>
        <time>2021-10-25T09:43:55Z</time>
      </trkpt>
      <trkpt lat="31.500390000000003" lon="34.76552">
        <ele>175</ele>
        <time>2021-10-25T09:43:56Z</time>
      </trkpt>
      <trkpt lat="31.500190000000003" lon="34.76569">
        <ele>175</ele>
        <time>2021-10-25T09:43:57Z</time>
      </trkpt>
      <trkpt lat="31.50007" lon="34.76572">
        <ele>175</ele>
        <time>2021-10-25T09:43:58Z</time>
      </trkpt>
      <trkpt lat="31.499900000000004" lon="34.76568">
        <ele>175</ele>
        <time>2021-10-25T09:43:59Z</time>
      </trkpt>
      <trkpt lat="31.49959" lon="34.76569">
        <ele>175</ele>
        <time>2021-10-25T09:44:00Z</time>
      </trkpt>
      <trkpt lat="31.499390000000002" lon="34.76565">
        <ele>175</ele>
        <time>2021-10-25T09:44:01Z</time>
      </trkpt>
      <trkpt lat="31.499330000000004" lon="34.76567">
        <ele>175</ele>
        <time>2021-10-25T09:44:02Z</time>
      </trkpt>
      <trkpt lat="31.499270000000003" lon="34.76572">
        <ele>175</ele>
        <time>2021-10-25T09:44:03Z</time>
      </trkpt>
      <trkpt lat="31.499060000000004" lon="34.7661">
        <ele>173</ele>
        <time>2021-10-25T09:44:04Z</time>
      </trkpt>
      <trkpt lat="31.49874" lon="34.76646">
        <ele>176</ele>
        <time>2021-10-25T09:44:05Z</time>
      </trkpt>
      <trkpt lat="31.498670000000004" lon="34.766540000000006">
        <ele>176</ele>
        <time>2021-10-25T09:44:06Z</time>
      </trkpt>
      <trkpt lat="31.49857" lon="34.76677">
        <ele>176</ele>
        <time>2021-10-25T09:44:07Z</time>
      </trkpt>
      <trkpt lat="31.49846" lon="34.767230000000005">
        <ele>176</ele>
        <time>2021-10-25T09:44:08Z</time>
      </trkpt>
      <trkpt lat="31.498410000000003" lon="34.767340000000004">
        <ele>176</ele>
        <time>2021-10-25T09:44:09Z</time>
      </trkpt>
      <trkpt lat="31.498260000000002" lon="34.767540000000004">
        <ele>176</ele>
        <time>2021-10-25T09:44:10Z</time>
      </trkpt>
      <trkpt lat="31.498220000000003" lon="34.76765">
        <ele>176</ele>
        <time>2021-10-25T09:44:11Z</time>
      </trkpt>
      <trkpt lat="31.498230000000003" lon="34.767810000000004">
        <ele>178</ele>
        <time>2021-10-25T09:44:12Z</time>
      </trkpt>
      <trkpt lat="31.49827" lon="34.76793">
        <ele>178</ele>
        <time>2021-10-25T09:44:13Z</time>
      </trkpt>
      <trkpt lat="31.498430000000003" lon="34.76823">
        <ele>178</ele>
        <time>2021-10-25T09:44:14Z</time>
      </trkpt>
      <trkpt lat="31.49847" lon="34.76834">
        <ele>178</ele>
        <time>2021-10-25T09:44:15Z</time>
      </trkpt>
      <trkpt lat="31.49847" lon="34.768420000000006">
        <ele>178</ele>
        <time>2021-10-25T09:44:16Z</time>
      </trkpt>
      <trkpt lat="31.49836" lon="34.76865">
        <ele>178</ele>
        <time>2021-10-25T09:44:17Z</time>
      </trkpt>
      <trkpt lat="31.49836" lon="34.76865">
        <ele>178</ele>
        <time>2021-10-25T09:44:18Z</time>
      </trkpt>
      <trkpt lat="31.498250000000002" lon="34.7689">
        <ele>178</ele>
        <time>2021-10-25T09:44:19Z</time>
      </trkpt>
      <trkpt lat="31.498240000000003" lon="34.76905">
        <ele>178</ele>
        <time>2021-10-25T09:44:20Z</time>
      </trkpt>
      <trkpt lat="31.498260000000002" lon="34.76919">
        <ele>178</ele>
        <time>2021-10-25T09:44:21Z</time>
      </trkpt>
      <trkpt lat="31.498220000000003" lon="34.76925">
        <ele>178</ele>
        <time>2021-10-25T09:44:22Z</time>
      </trkpt>
      <trkpt lat="31.498170000000002" lon="34.76937">
        <ele>185</ele>
        <time>2021-10-25T09:44:23Z</time>
      </trkpt>
      <trkpt lat="31.498140000000003" lon="34.7695">
        <ele>185</ele>
        <time>2021-10-25T09:44:24Z</time>
      </trkpt>
      <extensions>
        <RoutingType xmlns="">Hike</RoutingType>
      </extensions>
    </trkseg>
    <trkseg>
      <trkpt lat="31.498140000000003" lon="34.7695">
        <ele>185</ele>
        <time>2021-10-25T09:44:24Z</time>
      </trkpt>
      <trkpt lat="31.498150000000003" lon="34.76977">
        <ele>185</ele>
        <time>2021-10-25T09:44:25Z</time>
      </trkpt>
      <trkpt lat="31.498070000000002" lon="34.76995">
        <ele>185</ele>
        <time>2021-10-25T09:44:26Z</time>
      </trkpt>
      <trkpt lat="31.497490000000003" lon="34.770610000000005">
        <ele>189</ele>
        <time>2021-10-25T09:44:27Z</time>
      </trkpt>
      <trkpt lat="31.497180000000004" lon="34.770900000000005">
        <ele>189</ele>
        <time>2021-10-25T09:44:28Z</time>
      </trkpt>
      <trkpt lat="31.497100000000003" lon="34.77094">
        <ele>189</ele>
        <time>2021-10-25T09:44:29Z</time>
      </trkpt>
      <trkpt lat="31.496910000000003" lon="34.770970000000005">
        <ele>185</ele>
        <time>2021-10-25T09:44:30Z</time>
      </trkpt>
      <trkpt lat="31.49678" lon="34.77102">
        <ele>185</ele>
        <time>2021-10-25T09:44:31Z</time>
      </trkpt>
      <trkpt lat="31.496630000000003" lon="34.771100000000004">
        <ele>193</ele>
        <time>2021-10-25T09:44:32Z</time>
      </trkpt>
      <trkpt lat="31.4963" lon="34.77141">
        <ele>189</ele>
        <time>2021-10-25T09:44:33Z</time>
      </trkpt>
      <trkpt lat="31.4963" lon="34.77141">
        <ele>189</ele>
        <time>2021-10-25T09:44:34Z</time>
      </trkpt>
      <trkpt lat="31.496180000000003" lon="34.7715">
        <ele>185</ele>
        <time>2021-10-25T09:44:35Z</time>
      </trkpt>
      <trkpt lat="31.49611" lon="34.771530000000006">
        <ele>185</ele>
        <time>2021-10-25T09:44:36Z</time>
      </trkpt>
      <trkpt lat="31.495980000000003" lon="34.771530000000006">
        <ele>185</ele>
        <time>2021-10-25T09:44:37Z</time>
      </trkpt>
      <trkpt lat="31.495860000000004" lon="34.77194">
        <ele>187</ele>
        <time>2021-10-25T09:44:38Z</time>
      </trkpt>
      <trkpt lat="31.49583" lon="34.772110000000005">
        <ele>187</ele>
        <time>2021-10-25T09:44:39Z</time>
      </trkpt>
      <trkpt lat="31.49583" lon="34.77228">
        <ele>187</ele>
        <time>2021-10-25T09:44:40Z</time>
      </trkpt>
      <trkpt lat="31.495800000000003" lon="34.772360000000006">
        <ele>187</ele>
        <time>2021-10-25T09:44:41Z</time>
      </trkpt>
      <trkpt lat="31.495690000000003" lon="34.772470000000006">
        <ele>187</ele>
        <time>2021-10-25T09:44:42Z</time>
      </trkpt>
      <trkpt lat="31.495950000000004" lon="34.772740000000006">
        <ele>191</ele>
        <time>2021-10-25T09:44:43Z</time>
      </trkpt>
      <trkpt lat="31.496070000000003" lon="34.773140000000005">
        <ele>191</ele>
        <time>2021-10-25T09:44:44Z</time>
      </trkpt>
      <trkpt lat="31.495970000000003" lon="34.773320000000005">
        <ele>191</ele>
        <time>2021-10-25T09:44:45Z</time>
      </trkpt>
      <trkpt lat="31.495950000000004" lon="34.77358">
        <ele>193</ele>
        <time>2021-10-25T09:44:46Z</time>
      </trkpt>
      <trkpt lat="31.495980000000003" lon="34.773900000000005">
        <ele>193</ele>
        <time>2021-10-25T09:44:47Z</time>
      </trkpt>
      <trkpt lat="31.496070000000003" lon="34.774440000000006">
        <ele>193</ele>
        <time>2021-10-25T09:44:48Z</time>
      </trkpt>
      <trkpt lat="31.496080000000003" lon="34.77458">
        <ele>193</ele>
        <time>2021-10-25T09:44:49Z</time>
      </trkpt>
      <trkpt lat="31.495910000000002" lon="34.77505">
        <ele>193</ele>
        <time>2021-10-25T09:44:50Z</time>
      </trkpt>
      <trkpt lat="31.495670000000004" lon="34.775270000000006">
        <ele>193</ele>
        <time>2021-10-25T09:44:51Z</time>
      </trkpt>
      <trkpt lat="31.495630000000002" lon="34.775400000000005">
        <ele>193</ele>
        <time>2021-10-25T09:44:52Z</time>
      </trkpt>
      <trkpt lat="31.49574" lon="34.77597">
        <ele>193</ele>
        <time>2021-10-25T09:44:53Z</time>
      </trkpt>
      <trkpt lat="31.495850000000004" lon="34.7762">
        <ele>197</ele>
        <time>2021-10-25T09:44:54Z</time>
      </trkpt>
      <trkpt lat="31.495990000000003" lon="34.776810000000005">
        <ele>197</ele>
        <time>2021-10-25T09:44:55Z</time>
      </trkpt>
      <trkpt lat="31.496000000000002" lon="34.777330000000006">
        <ele>199</ele>
        <time>2021-10-25T09:44:56Z</time>
      </trkpt>
      <trkpt lat="31.496060000000003" lon="34.77754">
        <ele>199</ele>
        <time>2021-10-25T09:44:57Z</time>
      </trkpt>
      <trkpt lat="31.49583" lon="34.777770000000004">
        <ele>203</ele>
        <time>2021-10-25T09:44:58Z</time>
      </trkpt>
      <trkpt lat="31.495790000000003" lon="34.77794">
        <ele>203</ele>
        <time>2021-10-25T09:44:59Z</time>
      </trkpt>
      <trkpt lat="31.495800000000003" lon="34.77807">
        <ele>203</ele>
        <time>2021-10-25T09:45:00Z</time>
      </trkpt>
      <trkpt lat="31.49584" lon="34.778240000000004">
        <ele>203</ele>
        <time>2021-10-25T09:45:01Z</time>
      </trkpt>
      <trkpt lat="31.49584" lon="34.77843">
        <ele>203</ele>
        <time>2021-10-25T09:45:02Z</time>
      </trkpt>
      <trkpt lat="31.495790000000003" lon="34.778600000000004">
        <ele>205</ele>
        <time>2021-10-25T09:45:03Z</time>
      </trkpt>
      <trkpt lat="31.495590000000004" lon="34.7787">
        <ele>205</ele>
        <time>2021-10-25T09:45:04Z</time>
      </trkpt>
      <trkpt lat="31.49546" lon="34.77873">
        <ele>205</ele>
        <time>2021-10-25T09:45:05Z</time>
      </trkpt>
      <trkpt lat="31.495420000000003" lon="34.778760000000005">
        <ele>201.5</ele>
        <time>2021-10-25T09:45:06Z</time>
      </trkpt>
      <trkpt lat="31.495420000000003" lon="34.778760000000005">
        <ele>201.5</ele>
        <time>2021-10-25T09:45:07Z</time>
      </trkpt>
      <trkpt lat="31.495330000000003" lon="34.77882">
        <ele>198</ele>
        <time>2021-10-25T09:45:08Z</time>
      </trkpt>
      <trkpt lat="31.49519" lon="34.778850000000006">
        <ele>198</ele>
        <time>2021-10-25T09:45:09Z</time>
      </trkpt>
      <trkpt lat="31.49509" lon="34.778940000000006">
        <ele>198</ele>
        <time>2021-10-25T09:45:10Z</time>
      </trkpt>
      <trkpt lat="31.494960000000003" lon="34.77899">
        <ele>198</ele>
        <time>2021-10-25T09:45:11Z</time>
      </trkpt>
      <trkpt lat="31.494780000000002" lon="34.778980000000004">
        <ele>198</ele>
        <time>2021-10-25T09:45:12Z</time>
      </trkpt>
      <trkpt lat="31.49444" lon="34.779120000000006">
        <ele>200</ele>
        <time>2021-10-25T09:45:13Z</time>
      </trkpt>
      <trkpt lat="31.494360000000004" lon="34.77911">
        <ele>200</ele>
        <time>2021-10-25T09:45:14Z</time>
      </trkpt>
      <trkpt lat="31.49424" lon="34.77902">
        <ele>200</ele>
        <time>2021-10-25T09:45:15Z</time>
      </trkpt>
      <trkpt lat="31.494040000000002" lon="34.77897">
        <ele>200</ele>
        <time>2021-10-25T09:45:16Z</time>
      </trkpt>
      <trkpt lat="31.493630000000003" lon="34.77881">
        <ele>207</ele>
        <time>2021-10-25T09:45:17Z</time>
      </trkpt>
      <trkpt lat="31.493320000000004" lon="34.778670000000005">
        <ele>207</ele>
        <time>2021-10-25T09:45:18Z</time>
      </trkpt>
      <trkpt lat="31.492820000000002" lon="34.778400000000005">
        <ele>210</ele>
        <time>2021-10-25T09:45:19Z</time>
      </trkpt>
      <trkpt lat="31.49245" lon="34.778380000000006">
        <ele>210</ele>
        <time>2021-10-25T09:45:20Z</time>
      </trkpt>
      <trkpt lat="31.491860000000003" lon="34.77835">
        <ele>206</ele>
        <time>2021-10-25T09:45:21Z</time>
      </trkpt>
      <trkpt lat="31.491010000000003" lon="34.77819">
        <ele>204</ele>
        <time>2021-10-25T09:45:22Z</time>
      </trkpt>
      <trkpt lat="31.490620000000003" lon="34.7781">
        <ele>204</ele>
        <time>2021-10-25T09:45:23Z</time>
      </trkpt>
      <trkpt lat="31.49011" lon="34.77787">
        <ele>203</ele>
        <time>2021-10-25T09:45:24Z</time>
      </trkpt>
      <trkpt lat="31.489870000000003" lon="34.77781">
        <ele>203</ele>
        <time>2021-10-25T09:45:25Z</time>
      </trkpt>
      <trkpt lat="31.48965" lon="34.777800000000006">
        <ele>203</ele>
        <time>2021-10-25T09:45:26Z</time>
      </trkpt>
      <trkpt lat="31.489510000000003" lon="34.77781">
        <ele>203</ele>
        <time>2021-10-25T09:45:27Z</time>
      </trkpt>
      <trkpt lat="31.489190000000004" lon="34.77789">
        <ele>203</ele>
        <time>2021-10-25T09:45:28Z</time>
      </trkpt>
      <trkpt lat="31.489050000000002" lon="34.77789">
        <ele>203</ele>
        <time>2021-10-25T09:45:29Z</time>
      </trkpt>
      <trkpt lat="31.488830000000004" lon="34.77785">
        <ele>203</ele>
        <time>2021-10-25T09:45:30Z</time>
      </trkpt>
      <trkpt lat="31.488530000000004" lon="34.777730000000005">
        <ele>200</ele>
        <time>2021-10-25T09:45:31Z</time>
      </trkpt>
      <trkpt lat="31.488080000000004" lon="34.77747">
        <ele>200</ele>
        <time>2021-10-25T09:45:32Z</time>
      </trkpt>
      <trkpt lat="31.487790000000004" lon="34.777280000000005">
        <ele>195</ele>
        <time>2021-10-25T09:45:33Z</time>
      </trkpt>
      <trkpt lat="31.487320000000004" lon="34.776900000000005">
        <ele>195</ele>
        <time>2021-10-25T09:45:34Z</time>
      </trkpt>
      <trkpt lat="31.487160000000003" lon="34.77687">
        <ele>195</ele>
        <time>2021-10-25T09:45:35Z</time>
      </trkpt>
      <trkpt lat="31.4871" lon="34.77675">
        <ele>190.5</ele>
        <time>2021-10-25T09:45:36Z</time>
      </trkpt>
      <trkpt lat="31.4871" lon="34.77675">
        <ele>190.5</ele>
        <time>2021-10-25T09:45:37Z</time>
      </trkpt>
      <trkpt lat="31.487030000000004" lon="34.776680000000006">
        <ele>189</ele>
        <time>2021-10-25T09:45:38Z</time>
      </trkpt>
      <trkpt lat="31.486990000000002" lon="34.77666">
        <ele>189</ele>
        <time>2021-10-25T09:45:39Z</time>
      </trkpt>
      <trkpt lat="31.486520000000002" lon="34.776520000000005">
        <ele>189</ele>
        <time>2021-10-25T09:45:40Z</time>
      </trkpt>
      <trkpt lat="31.486020000000003" lon="34.776500000000006">
        <ele>193</ele>
        <time>2021-10-25T09:45:41Z</time>
      </trkpt>
      <trkpt lat="31.485650000000003" lon="34.7764">
        <ele>193</ele>
        <time>2021-10-25T09:45:42Z</time>
      </trkpt>
      <trkpt lat="31.484880000000004" lon="34.77606">
        <ele>198</ele>
        <time>2021-10-25T09:45:43Z</time>
      </trkpt>
      <trkpt lat="31.484560000000002" lon="34.775940000000006">
        <ele>202</ele>
        <time>2021-10-25T09:45:44Z</time>
      </trkpt>
      <trkpt lat="31.48392" lon="34.775760000000005">
        <ele>202</ele>
        <time>2021-10-25T09:45:45Z</time>
      </trkpt>
      <trkpt lat="31.483780000000003" lon="34.7757">
        <ele>202</ele>
        <time>2021-10-25T09:45:46Z</time>
      </trkpt>
      <trkpt lat="31.483390000000004" lon="34.775510000000004">
        <ele>203</ele>
        <time>2021-10-25T09:45:47Z</time>
      </trkpt>
      <trkpt lat="31.48279" lon="34.775290000000005">
        <ele>206</ele>
        <time>2021-10-25T09:45:48Z</time>
      </trkpt>
      <trkpt lat="31.48147" lon="34.77499">
        <ele>210</ele>
        <time>2021-10-25T09:45:49Z</time>
      </trkpt>
      <trkpt lat="31.481220000000004" lon="34.77496">
        <ele>213</ele>
        <time>2021-10-25T09:45:50Z</time>
      </trkpt>
      <extensions>
        <RoutingType xmlns="">Hike</RoutingType>
      </extensions>
    </trkseg>
    <trkseg>
      <trkpt lat="31.48122" lon="34.77496">
        <ele>211.8</ele>
      </trkpt>
      <trkpt lat="31.480809" lon="34.774845">
        <ele>212.53968441375363</ele>
      </trkpt>
      <trkpt lat="31.480604" lon="34.774833">
        <ele>212.73461622240964</ele>
      </trkpt>
      <trkpt lat="31.479941" lon="34.774686">
        <ele>210.60327691263103</ele>
      </trkpt>
      <trkpt lat="31.478936" lon="34.774416">
        <ele>214.3339056837742</ele>
      </trkpt>
      <trkpt lat="31.478848" lon="34.774407">
        <ele>214.95598492156947</ele>
      </trkpt>
      <trkpt lat="31.478433" lon="34.774404">
        <ele>214.63343412519325</ele>
      </trkpt>
      <trkpt lat="31.478218" lon="34.774447">
        <ele>213.711840885481</ele>
      </trkpt>
      <trkpt lat="31.478047" lon="34.77445">
        <ele>212.95118245938428</ele>
      </trkpt>
      <trkpt lat="31.477866" lon="34.77449">
        <ele>212.25996449315565</ele>
      </trkpt>
      <trkpt lat="31.477637" lon="34.774512">
        <ele>212.09666704465957</ele>
      </trkpt>
      <trkpt lat="31.476954" lon="34.774728">
        <ele>213.9341005825791</ele>
      </trkpt>
      <trkpt lat="31.476261" lon="34.774972">
        <ele>213.83867332726322</ele>
      </trkpt>
      <trkpt lat="31.475191" lon="34.775249">
        <ele>214.77140887129556</ele>
      </trkpt>
      <trkpt lat="31.474415" lon="34.775539">
        <ele>215.17449131418266</ele>
      </trkpt>
      <trkpt lat="31.474074" lon="34.775609">
        <ele>213.4569107933837</ele>
      </trkpt>
      <trkpt lat="31.473715" lon="34.775613">
        <ele>212.99380842518568</ele>
      </trkpt>
      <trkpt lat="31.473595" lon="34.775643">
        <ele>213.26667510535154</ele>
      </trkpt>
      <trkpt lat="31.47339" lon="34.775652">
        <ele>213.6524114859436</ele>
      </trkpt>
      <trkpt lat="31.473175" lon="34.775696">
        <ele>214.05688389980753</ele>
      </trkpt>
      <trkpt lat="31.472844" lon="34.775691">
        <ele>213.63335172565115</ele>
      </trkpt>
      <trkpt lat="31.472633" lon="34.775634">
        <ele>212.25911012760588</ele>
      </trkpt>
      <trkpt lat="31.47253" lon="34.775585">
        <ele>211.39391540385165</ele>
      </trkpt>
      <trkpt lat="31.472343" lon="34.775483">
        <ele>209.57265755462205</ele>
      </trkpt>
      <trkpt lat="31.471961" lon="34.775225">
        <ele>207.35239750763745</ele>
      </trkpt>
      <trkpt lat="31.470561" lon="34.774072">
        <ele>201.48653114939506</ele>
      </trkpt>
      <trkpt lat="31.470367" lon="34.773924">
        <ele>202.58467494836182</ele>
      </trkpt>
      <trkpt lat="31.469101" lon="34.772863">
        <ele>205.83208793477493</ele>
      </trkpt>
      <trkpt lat="31.46885" lon="34.772653">
        <ele>205.71448154721742</ele>
      </trkpt>
      <trkpt lat="31.46829" lon="34.772183">
        <ele>205.92302090693707</ele>
      </trkpt>
      <trkpt lat="31.466755" lon="34.770895">
        <ele>212.7</ele>
      </trkpt>
      <trkpt lat="31.465113" lon="34.769463">
        <ele>220.81962806190583</ele>
      </trkpt>
      <trkpt lat="31.463811" lon="34.768327">
        <ele>225.9206315406335</ele>
      </trkpt>
      <trkpt lat="31.463268" lon="34.767972">
        <ele>228.4345365524042</ele>
      </trkpt>
      <trkpt lat="31.462663" lon="34.767781">
        <ele>229.16833912685462</ele>
      </trkpt>
      <trkpt lat="31.462357" lon="34.767784">
        <ele>229.88735618816915</ele>
      </trkpt>
      <extensions>
        <RoutingType xmlns="">Hike</RoutingType>
      </extensions>
    </trkseg>
    <trkseg>
      <trkpt lat="31.462357" lon="34.767784">
        <ele>230.1</ele>
      </trkpt>
      <trkpt lat="31.462018" lon="34.767787">
        <ele>231.38219231546458</ele>
      </trkpt>
      <trkpt lat="31.461418" lon="34.767926">
        <ele>233</ele>
      </trkpt>
      <trkpt lat="31.459781" lon="34.76845">
        <ele>228.53177962824992</ele>
      </trkpt>
      <trkpt lat="31.459658" lon="34.768468">
        <ele>229.3268097874348</ele>
      </trkpt>
      <trkpt lat="31.459034" lon="34.768578">
        <ele>232.23886173957385</ele>
      </trkpt>
      <trkpt lat="31.458854" lon="34.768625">
        <ele>232.05254961226228</ele>
      </trkpt>
      <trkpt lat="31.458687" lon="34.768635">
        <ele>231.7426535896642</ele>
      </trkpt>
      <trkpt lat="31.458504" lon="34.768609">
        <ele>231.8793835132152</ele>
      </trkpt>
      <trkpt lat="31.458304" lon="34.768579">
        <ele>232.0690576350646</ele>
      </trkpt>
      <trkpt lat="31.458092" lon="34.76854">
        <ele>232.10152279459547</ele>
      </trkpt>
      <trkpt lat="31.455292" lon="34.76809">
        <ele>236.00724001549898</ele>
      </trkpt>
      <trkpt lat="31.455265" lon="34.768319">
        <ele>235.38779913375285</ele>
      </trkpt>
      <trkpt lat="31.455285" lon="34.768482">
        <ele>234.91918661685378</ele>
      </trkpt>
      <trkpt lat="31.455397" lon="34.768604">
        <ele>234.1920475912953</ele>
      </trkpt>
      <trkpt lat="31.455514" lon="34.768873">
        <ele>233.2833134434226</ele>
      </trkpt>
      <trkpt lat="31.455479" lon="34.769044">
        <ele>233.1165088335247</ele>
      </trkpt>
      <trkpt lat="31.455345" lon="34.769254">
        <ele>233.95157436982507</ele>
      </trkpt>
      <trkpt lat="31.455265" lon="34.76933">
        <ele>234.43373340633136</ele>
      </trkpt>
      <trkpt lat="31.45438" lon="34.769486">
        <ele>236.90541006849767</ele>
      </trkpt>
      <trkpt lat="31.452445" lon="34.769795">
        <ele>240.8732414108971</ele>
      </trkpt>
      <trkpt lat="31.451432" lon="34.769964">
        <ele>239.49470625487382</ele>
      </trkpt>
      <trkpt lat="31.448138" lon="34.770515">
        <ele>231.37966399885835</ele>
      </trkpt>
      <trkpt lat="31.448148" lon="34.770555">
        <ele>231.2346824469754</ele>
      </trkpt>
      <trkpt lat="31.44819" lon="34.770756">
        <ele>230.39031910217986</ele>
      </trkpt>
      <trkpt lat="31.448248" lon="34.77123">
        <ele>229.40958838545666</ele>
      </trkpt>
      <trkpt lat="31.448274" lon="34.771441">
        <ele>229.94888251356025</ele>
      </trkpt>
      <trkpt lat="31.44812" lon="34.771549">
        <ele>231.10015157184247</ele>
      </trkpt>
      <trkpt lat="31.447981" lon="34.771582">
        <ele>232.20385364718376</ele>
      </trkpt>
      <trkpt lat="31.44773" lon="34.771599">
        <ele>234.06761884503928</ele>
      </trkpt>
      <trkpt lat="31.447307" lon="34.771686">
        <ele>234.33207292700538</ele>
      </trkpt>
      <trkpt lat="31.44657" lon="34.771782">
        <ele>234.98223415479697</ele>
      </trkpt>
      <trkpt lat="31.446502" lon="34.7718">
        <ele>235.05975078290393</ele>
      </trkpt>
      <trkpt lat="31.446229" lon="34.771959">
        <ele>235.9286426100345</ele>
      </trkpt>
      <trkpt lat="31.446125" lon="34.772088">
        <ele>236.43418291619994</ele>
      </trkpt>
      <trkpt lat="31.445995" lon="34.772361">
        <ele>236.87877289466195</ele>
      </trkpt>
      <trkpt lat="31.445972" lon="34.772461">
        <ele>236.84602257807643</ele>
      </trkpt>
      <trkpt lat="31.445965" lon="34.772606">
        <ele>236.80009829146272</ele>
      </trkpt>
      <trkpt lat="31.446128" lon="34.774551">
        <ele>244.1894821729958</ele>
      </trkpt>
      <trkpt lat="31.446181" lon="34.775292">
        <ele>247.6197383759259</ele>
      </trkpt>
      <trkpt lat="31.446177" lon="34.775437">
        <ele>248.674858725436</ele>
      </trkpt>
      <trkpt lat="31.446129" lon="34.775592">
        <ele>249.26153895001997</ele>
      </trkpt>
      <trkpt lat="31.446047" lon="34.775685">
        <ele>249.726745382145</ele>
      </trkpt>
      <trkpt lat="31.445894" lon="34.775738">
        <ele>249.8</ele>
      </trkpt>
      <trkpt lat="31.445652" lon="34.775755">
        <ele>249.84233268538028</ele>
      </trkpt>
      <trkpt lat="31.445585" lon="34.775778">
        <ele>249.8682093151228</ele>
      </trkpt>
      <trkpt lat="31.445469" lon="34.775858">
        <ele>249.93618936134646</ele>
      </trkpt>
      <trkpt lat="31.446067" lon="34.776023">
        <ele>250.2167944444285</ele>
      </trkpt>
      <trkpt lat="31.446227" lon="34.776118">
        <ele>249.91404166544996</ele>
      </trkpt>
      <trkpt lat="31.446298" lon="34.77621">
        <ele>249.63944384373198</ele>
      </trkpt>
      <trkpt lat="31.446331" lon="34.77633">
        <ele>249.36036706234933</ele>
      </trkpt>
      <trkpt lat="31.446328" lon="34.776457">
        <ele>249.33155046700122</ele>
      </trkpt>
      <trkpt lat="31.446299" lon="34.776623">
        <ele>249.38513093212066</ele>
      </trkpt>
      <trkpt lat="31.445742" lon="34.778594">
        <ele>242.799424405656</ele>
      </trkpt>
      <trkpt lat="31.445647" lon="34.778915">
        <ele>240.85957649765186</ele>
      </trkpt>
      <trkpt lat="31.445583" lon="34.779066">
        <ele>240.29755433609577</ele>
      </trkpt>
      <trkpt lat="31.445413" lon="34.779664">
        <ele>240.38941570819645</ele>
      </trkpt>
      <trkpt lat="31.445323" lon="34.779979">
        <ele>239.8953306168117</ele>
      </trkpt>
      <trkpt lat="31.445121" lon="34.780096">
        <ele>241.0645193285986</ele>
      </trkpt>
      <trkpt lat="31.445212" lon="34.78038">
        <ele>240.76873354911854</ele>
      </trkpt>
      <trkpt lat="31.445511" lon="34.781245">
        <ele>240.91862186865094</ele>
      </trkpt>
      <trkpt lat="31.445557" lon="34.781376">
        <ele>240.7953045178206</ele>
      </trkpt>
      <trkpt lat="31.445267" lon="34.781659">
        <ele>239.97169448324289</ele>
      </trkpt>
      <trkpt lat="31.445103" lon="34.781805">
        <ele>239.40341449360363</ele>
      </trkpt>
      <trkpt lat="31.444947" lon="34.782022">
        <ele>238.8394919890568</ele>
      </trkpt>
      <trkpt lat="31.444806" lon="34.78236">
        <ele>238.24462011770572</ele>
      </trkpt>
      <trkpt lat="31.444517" lon="34.783018">
        <ele>237.61489863760306</ele>
      </trkpt>
      <trkpt lat="31.444059" lon="34.783917">
        <ele>235.42989496779956</ele>
      </trkpt>
      <trkpt lat="31.443917" lon="34.784266">
        <ele>231.88409966120088</ele>
      </trkpt>
      <trkpt lat="31.443852" lon="34.784447">
        <ele>230.09652537489004</ele>
      </trkpt>
      <trkpt lat="31.443596" lon="34.78479">
        <ele>229.94689508394939</ele>
      </trkpt>
      <trkpt lat="31.44351" lon="34.784794">
        <ele>230.2659047384874</ele>
      </trkpt>
      <trkpt lat="31.443419" lon="34.784712">
        <ele>230.5382698124154</ele>
      </trkpt>
      <trkpt lat="31.443289" lon="34.784673">
        <ele>230.63774518836217</ele>
      </trkpt>
      <trkpt lat="31.443131" lon="34.784644">
        <ele>230.81259567297576</ele>
      </trkpt>
      <trkpt lat="31.442958" lon="34.784646">
        <ele>231.0690977792458</ele>
      </trkpt>
      <trkpt lat="31.442826" lon="34.784666">
        <ele>231.43285832929485</ele>
      </trkpt>
      <trkpt lat="31.442746" lon="34.784724">
        <ele>231.7117856621388</ele>
      </trkpt>
      <trkpt lat="31.442636" lon="34.784786">
        <ele>231.9868549213221</ele>
      </trkpt>
      <trkpt lat="31.442635" lon="34.784787">
        <ele>231.98880378455604</ele>
      </trkpt>
      <extensions>
        <RoutingType xmlns="">Hike</RoutingType>
      </extensions>
    </trkseg>
    <trkseg>
      <trkpt lat="31.44263" lon="34.784780000000005">
        <ele>234</ele>
        <time>2021-10-25T09:48:42Z</time>
      </trkpt>
      <trkpt lat="31.44217" lon="34.7852">
        <ele>238</ele>
        <time>2021-10-25T09:48:43Z</time>
      </trkpt>
      <trkpt lat="31.442030000000003" lon="34.7853">
        <ele>235</ele>
        <time>2021-10-25T09:48:44Z</time>
      </trkpt>
      <trkpt lat="31.441640000000003" lon="34.78549">
        <ele>235</ele>
        <time>2021-10-25T09:48:45Z</time>
      </trkpt>
      <trkpt lat="31.441170000000003" lon="34.78558">
        <ele>236</ele>
        <time>2021-10-25T09:48:46Z</time>
      </trkpt>
      <trkpt lat="31.44121" lon="34.78562">
        <ele>236</ele>
        <time>2021-10-25T09:48:47Z</time>
      </trkpt>
      <trkpt lat="31.44123" lon="34.78569">
        <ele>236</ele>
        <time>2021-10-25T09:48:48Z</time>
      </trkpt>
      <trkpt lat="31.441270000000003" lon="34.785970000000006">
        <ele>236</ele>
        <time>2021-10-25T09:48:49Z</time>
      </trkpt>
      <trkpt lat="31.441270000000003" lon="34.785970000000006">
        <ele>236</ele>
        <time>2021-10-25T09:48:50Z</time>
      </trkpt>
      <trkpt lat="31.44123" lon="34.78569">
        <ele>236</ele>
        <time>2021-10-25T09:48:51Z</time>
      </trkpt>
      <trkpt lat="31.44121" lon="34.78562">
        <ele>236</ele>
        <time>2021-10-25T09:48:52Z</time>
      </trkpt>
      <trkpt lat="31.441170000000003" lon="34.78558">
        <ele>236</ele>
        <time>2021-10-25T09:48:53Z</time>
      </trkpt>
      <trkpt lat="31.44055" lon="34.785430000000005">
        <ele>236</ele>
        <time>2021-10-25T09:48:54Z</time>
      </trkpt>
      <trkpt lat="31.440410000000004" lon="34.785430000000005">
        <ele>238</ele>
        <time>2021-10-25T09:48:55Z</time>
      </trkpt>
      <trkpt lat="31.43954" lon="34.78564">
        <ele>239</ele>
        <time>2021-10-25T09:48:56Z</time>
      </trkpt>
      <trkpt lat="31.439410000000002" lon="34.785650000000004">
        <ele>239</ele>
        <time>2021-10-25T09:48:57Z</time>
      </trkpt>
      <trkpt lat="31.439210000000003" lon="34.785610000000005">
        <ele>239</ele>
        <time>2021-10-25T09:48:58Z</time>
      </trkpt>
      <trkpt lat="31.438950000000002" lon="34.78566">
        <ele>239</ele>
        <time>2021-10-25T09:48:59Z</time>
      </trkpt>
      <trkpt lat="31.438470000000002" lon="34.785900000000005">
        <ele>240</ele>
        <time>2021-10-25T09:49:00Z</time>
      </trkpt>
      <trkpt lat="31.437720000000002" lon="34.786410000000004">
        <ele>240</ele>
        <time>2021-10-25T09:49:01Z</time>
      </trkpt>
      <trkpt lat="31.43691" lon="34.78676">
        <ele>240</ele>
        <time>2021-10-25T09:49:02Z</time>
      </trkpt>
      <trkpt lat="31.436740000000004" lon="34.786910000000006">
        <ele>242</ele>
        <time>2021-10-25T09:49:03Z</time>
      </trkpt>
      <trkpt lat="31.43652" lon="34.78716">
        <ele>242</ele>
        <time>2021-10-25T09:49:04Z</time>
      </trkpt>
      <trkpt lat="31.436220000000002" lon="34.787420000000004">
        <ele>243</ele>
        <time>2021-10-25T09:49:05Z</time>
      </trkpt>
      <trkpt lat="31.43578" lon="34.78792">
        <ele>244</ele>
        <time>2021-10-25T09:49:06Z</time>
      </trkpt>
      <trkpt lat="31.435630000000003" lon="34.78804">
        <ele>244</ele>
        <time>2021-10-25T09:49:07Z</time>
      </trkpt>
      <trkpt lat="31.4355" lon="34.78811">
        <ele>244</ele>
        <time>2021-10-25T09:49:08Z</time>
      </trkpt>
      <trkpt lat="31.435450000000003" lon="34.788120000000006">
        <ele>244</ele>
        <time>2021-10-25T09:49:09Z</time>
      </trkpt>
      <trkpt lat="31.435450000000003" lon="34.788120000000006">
        <ele>244</ele>
        <time>2021-10-25T09:49:10Z</time>
      </trkpt>
      <trkpt lat="31.435380000000002" lon="34.788120000000006">
        <ele>244</ele>
        <time>2021-10-25T09:49:11Z</time>
      </trkpt>
      <trkpt lat="31.43531" lon="34.7881">
        <ele>244</ele>
        <time>2021-10-25T09:49:12Z</time>
      </trkpt>
      <trkpt lat="31.43522" lon="34.78802">
        <ele>244</ele>
        <time>2021-10-25T09:49:13Z</time>
      </trkpt>
      <trkpt lat="31.43513" lon="34.787910000000004">
        <ele>244</ele>
        <time>2021-10-25T09:49:14Z</time>
      </trkpt>
      <trkpt lat="31.435040000000004" lon="34.78784">
        <ele>244</ele>
        <time>2021-10-25T09:49:15Z</time>
      </trkpt>
      <trkpt lat="31.434950000000004" lon="34.787800000000004">
        <ele>244</ele>
        <time>2021-10-25T09:49:16Z</time>
      </trkpt>
      <trkpt lat="31.434820000000002" lon="34.78782">
        <ele>244</ele>
        <time>2021-10-25T09:49:17Z</time>
      </trkpt>
      <trkpt lat="31.434140000000003" lon="34.7881">
        <ele>246</ele>
        <time>2021-10-25T09:49:18Z</time>
      </trkpt>
      <trkpt lat="31.434010000000004" lon="34.78813">
        <ele>246</ele>
        <time>2021-10-25T09:49:19Z</time>
      </trkpt>
      <trkpt lat="31.433880000000002" lon="34.788140000000006">
        <ele>246</ele>
        <time>2021-10-25T09:49:20Z</time>
      </trkpt>
      <trkpt lat="31.433730000000004" lon="34.788120000000006">
        <ele>246</ele>
        <time>2021-10-25T09:49:21Z</time>
      </trkpt>
      <trkpt lat="31.43352" lon="34.78802">
        <ele>246</ele>
        <time>2021-10-25T09:49:22Z</time>
      </trkpt>
      <trkpt lat="31.43315" lon="34.787800000000004">
        <ele>246</ele>
        <time>2021-10-25T09:49:23Z</time>
      </trkpt>
      <trkpt lat="31.432930000000002" lon="34.7877">
        <ele>248</ele>
        <time>2021-10-25T09:49:24Z</time>
      </trkpt>
      <trkpt lat="31.432800000000004" lon="34.787670000000006">
        <ele>250</ele>
        <time>2021-10-25T09:49:25Z</time>
      </trkpt>
      <trkpt lat="31.432560000000002" lon="34.78765">
        <ele>250</ele>
        <time>2021-10-25T09:49:26Z</time>
      </trkpt>
      <trkpt lat="31.431910000000002" lon="34.787870000000005">
        <ele>249</ele>
        <time>2021-10-25T09:49:27Z</time>
      </trkpt>
      <trkpt lat="31.431040000000003" lon="34.78802">
        <ele>250</ele>
        <time>2021-10-25T09:49:28Z</time>
      </trkpt>
      <trkpt lat="31.430880000000002" lon="34.788090000000004">
        <ele>250</ele>
        <time>2021-10-25T09:49:29Z</time>
      </trkpt>
      <trkpt lat="31.430680000000002" lon="34.788230000000006">
        <ele>250</ele>
        <time>2021-10-25T09:49:30Z</time>
      </trkpt>
      <trkpt lat="31.43061" lon="34.7883">
        <ele>250</ele>
        <time>2021-10-25T09:49:31Z</time>
      </trkpt>
      <trkpt lat="31.430540000000004" lon="34.78839">
        <ele>250</ele>
        <time>2021-10-25T09:49:32Z</time>
      </trkpt>
      <trkpt lat="31.43043" lon="34.78873">
        <ele>253</ele>
        <time>2021-10-25T09:49:33Z</time>
      </trkpt>
      <trkpt lat="31.43034" lon="34.78889">
        <ele>253</ele>
        <time>2021-10-25T09:49:34Z</time>
      </trkpt>
      <trkpt lat="31.43025" lon="34.789010000000005">
        <ele>253</ele>
        <time>2021-10-25T09:49:35Z</time>
      </trkpt>
      <trkpt lat="31.430130000000002" lon="34.789120000000004">
        <ele>253</ele>
        <time>2021-10-25T09:49:36Z</time>
      </trkpt>
      <trkpt lat="31.430020000000003" lon="34.78918">
        <ele>253</ele>
        <time>2021-10-25T09:49:37Z</time>
      </trkpt>
      <trkpt lat="31.429930000000002" lon="34.7892">
        <ele>253</ele>
        <time>2021-10-25T09:49:38Z</time>
      </trkpt>
      <trkpt lat="31.429630000000003" lon="34.78922">
        <ele>256</ele>
        <time>2021-10-25T09:49:39Z</time>
      </trkpt>
      <trkpt lat="31.429550000000003" lon="34.78927">
        <ele>256</ele>
        <time>2021-10-25T09:49:40Z</time>
      </trkpt>
      <trkpt lat="31.429420000000004" lon="34.789390000000004">
        <ele>256</ele>
        <time>2021-10-25T09:49:41Z</time>
      </trkpt>
      <trkpt lat="31.42922" lon="34.78969">
        <ele>256</ele>
        <time>2021-10-25T09:49:42Z</time>
      </trkpt>
      <trkpt lat="31.429080000000003" lon="34.78987">
        <ele>256</ele>
        <time>2021-10-25T09:49:43Z</time>
      </trkpt>
      <trkpt lat="31.42864" lon="34.79034">
        <ele>256</ele>
        <time>2021-10-25T09:49:44Z</time>
      </trkpt>
      <trkpt lat="31.428320000000003" lon="34.79061">
        <ele>256</ele>
        <time>2021-10-25T09:49:45Z</time>
      </trkpt>
      <trkpt lat="31.42807" lon="34.79079">
        <ele>256.5</ele>
        <time>2021-10-25T09:49:46Z</time>
      </trkpt>
      <trkpt lat="31.42807" lon="34.79079">
        <ele>256.5</ele>
        <time>2021-10-25T09:49:47Z</time>
      </trkpt>
      <trkpt lat="31.42752" lon="34.79115">
        <ele>256</ele>
        <time>2021-10-25T09:49:48Z</time>
      </trkpt>
      <trkpt lat="31.427000000000003" lon="34.791520000000006">
        <ele>257</ele>
        <time>2021-10-25T09:49:49Z</time>
      </trkpt>
      <trkpt lat="31.42648" lon="34.79182">
        <ele>257</ele>
        <time>2021-10-25T09:49:50Z</time>
      </trkpt>
      <trkpt lat="31.426280000000002" lon="34.791920000000005">
        <ele>257</ele>
        <time>2021-10-25T09:49:51Z</time>
      </trkpt>
      <trkpt lat="31.426060000000003" lon="34.792010000000005">
        <ele>257</ele>
        <time>2021-10-25T09:49:52Z</time>
      </trkpt>
      <trkpt lat="31.425720000000002" lon="34.792100000000005">
        <ele>257</ele>
        <time>2021-10-25T09:49:53Z</time>
      </trkpt>
      <trkpt lat="31.425440000000002" lon="34.79229">
        <ele>260</ele>
        <time>2021-10-25T09:49:54Z</time>
      </trkpt>
      <trkpt lat="31.425230000000003" lon="34.792480000000005">
        <ele>260</ele>
        <time>2021-10-25T09:49:55Z</time>
      </trkpt>
      <trkpt lat="31.42508" lon="34.792590000000004">
        <ele>260</ele>
        <time>2021-10-25T09:49:56Z</time>
      </trkpt>
      <trkpt lat="31.424940000000003" lon="34.79272">
        <ele>260</ele>
        <time>2021-10-25T09:49:57Z</time>
      </trkpt>
      <trkpt lat="31.42479" lon="34.792910000000006">
        <ele>260</ele>
        <time>2021-10-25T09:49:58Z</time>
      </trkpt>
      <trkpt lat="31.42434" lon="34.79354">
        <ele>262</ele>
        <time>2021-10-25T09:49:59Z</time>
      </trkpt>
      <trkpt lat="31.424220000000002" lon="34.793690000000005">
        <ele>262</ele>
        <time>2021-10-25T09:50:00Z</time>
      </trkpt>
      <trkpt lat="31.42405" lon="34.79397">
        <ele>262</ele>
        <time>2021-10-25T09:50:01Z</time>
      </trkpt>
      <trkpt lat="31.424000000000003" lon="34.7941">
        <ele>262</ele>
        <time>2021-10-25T09:50:02Z</time>
      </trkpt>
      <trkpt lat="31.423980000000004" lon="34.79431">
        <ele>262</ele>
        <time>2021-10-25T09:50:03Z</time>
      </trkpt>
      <trkpt lat="31.424030000000002" lon="34.79473">
        <ele>263</ele>
        <time>2021-10-25T09:50:04Z</time>
      </trkpt>
      <trkpt lat="31.424160000000004" lon="34.79534">
        <ele>266</ele>
        <time>2021-10-25T09:50:05Z</time>
      </trkpt>
      <trkpt lat="31.424260000000004" lon="34.79565">
        <ele>266</ele>
        <time>2021-10-25T09:50:06Z</time>
      </trkpt>
      <trkpt lat="31.42433" lon="34.796">
        <ele>264</ele>
        <time>2021-10-25T09:50:07Z</time>
      </trkpt>
      <trkpt lat="31.42433" lon="34.796150000000004">
        <ele>264</ele>
        <time>2021-10-25T09:50:08Z</time>
      </trkpt>
      <extensions>
        <RoutingType xmlns="">Hike</RoutingType>
      </extensions>
    </trkseg>
    <trkseg>
      <trkpt lat="31.42433" lon="34.796150000000004">
        <ele>264</ele>
        <time>2021-10-25T09:50:08Z</time>
      </trkpt>
      <trkpt lat="31.424300000000002" lon="34.79632">
        <ele>264</ele>
        <time>2021-10-25T09:50:09Z</time>
      </trkpt>
      <trkpt lat="31.424200000000003" lon="34.79661">
        <ele>264</ele>
        <time>2021-10-25T09:50:10Z</time>
      </trkpt>
      <trkpt lat="31.424090000000003" lon="34.79675">
        <ele>264</ele>
        <time>2021-10-25T09:50:11Z</time>
      </trkpt>
      <trkpt lat="31.423910000000003" lon="34.79692">
        <ele>264</ele>
        <time>2021-10-25T09:50:12Z</time>
      </trkpt>
      <trkpt lat="31.423550000000002" lon="34.79717">
        <ele>267</ele>
        <time>2021-10-25T09:50:13Z</time>
      </trkpt>
      <trkpt lat="31.423320000000004" lon="34.797290000000004">
        <ele>267</ele>
        <time>2021-10-25T09:50:14Z</time>
      </trkpt>
      <trkpt lat="31.42321" lon="34.79739">
        <ele>267</ele>
        <time>2021-10-25T09:50:15Z</time>
      </trkpt>
      <trkpt lat="31.423050000000003" lon="34.79757">
        <ele>267</ele>
        <time>2021-10-25T09:50:16Z</time>
      </trkpt>
      <trkpt lat="31.422760000000004" lon="34.79802">
        <ele>268</ele>
        <time>2021-10-25T09:50:17Z</time>
      </trkpt>
      <trkpt lat="31.422660000000004" lon="34.798140000000004">
        <ele>268</ele>
        <time>2021-10-25T09:50:18Z</time>
      </trkpt>
      <trkpt lat="31.422420000000002" lon="34.798260000000006">
        <ele>268</ele>
        <time>2021-10-25T09:50:19Z</time>
      </trkpt>
      <trkpt lat="31.422320000000003" lon="34.79822">
        <ele>269.5</ele>
        <time>2021-10-25T09:50:20Z</time>
      </trkpt>
      <trkpt lat="31.422320000000003" lon="34.79822">
        <ele>269.5</ele>
        <time>2021-10-25T09:50:21Z</time>
      </trkpt>
      <trkpt lat="31.422420000000002" lon="34.798260000000006">
        <ele>268</ele>
        <time>2021-10-25T09:50:22Z</time>
      </trkpt>
      <trkpt lat="31.422120000000003" lon="34.79836">
        <ele>271</ele>
        <time>2021-10-25T09:50:23Z</time>
      </trkpt>
      <trkpt lat="31.422020000000003" lon="34.79843">
        <ele>271</ele>
        <time>2021-10-25T09:50:24Z</time>
      </trkpt>
      <trkpt lat="31.421960000000002" lon="34.79854">
        <ele>273</ele>
        <time>2021-10-25T09:50:25Z</time>
      </trkpt>
      <trkpt lat="31.421930000000003" lon="34.798640000000006">
        <ele>273</ele>
        <time>2021-10-25T09:50:26Z</time>
      </trkpt>
      <trkpt lat="31.421920000000004" lon="34.79889">
        <ele>273</ele>
        <time>2021-10-25T09:50:27Z</time>
      </trkpt>
      <trkpt lat="31.421930000000003" lon="34.799200000000006">
        <ele>273</ele>
        <time>2021-10-25T09:50:28Z</time>
      </trkpt>
      <trkpt lat="31.42198" lon="34.79936">
        <ele>272</ele>
        <time>2021-10-25T09:50:29Z</time>
      </trkpt>
      <trkpt lat="31.422230000000003" lon="34.79992">
        <ele>268</ele>
        <time>2021-10-25T09:50:30Z</time>
      </trkpt>
      <trkpt lat="31.422310000000003" lon="34.80035">
        <ele>270</ele>
        <time>2021-10-25T09:50:31Z</time>
      </trkpt>
      <trkpt lat="31.422320000000003" lon="34.80066">
        <ele>270</ele>
        <time>2021-10-25T09:50:32Z</time>
      </trkpt>
      <trkpt lat="31.422280000000004" lon="34.800830000000005">
        <ele>270</ele>
        <time>2021-10-25T09:50:33Z</time>
      </trkpt>
      <trkpt lat="31.422150000000002" lon="34.801080000000006">
        <ele>271</ele>
        <time>2021-10-25T09:50:34Z</time>
      </trkpt>
      <trkpt lat="31.42207" lon="34.801170000000006">
        <ele>270</ele>
        <time>2021-10-25T09:50:35Z</time>
      </trkpt>
      <trkpt lat="31.42189" lon="34.80131">
        <ele>270</ele>
        <time>2021-10-25T09:50:36Z</time>
      </trkpt>
      <trkpt lat="31.421820000000004" lon="34.801390000000005">
        <ele>270</ele>
        <time>2021-10-25T09:50:37Z</time>
      </trkpt>
      <trkpt lat="31.4218" lon="34.80145">
        <ele>270</ele>
        <time>2021-10-25T09:50:38Z</time>
      </trkpt>
      <trkpt lat="31.4218" lon="34.801550000000006">
        <ele>270</ele>
        <time>2021-10-25T09:50:39Z</time>
      </trkpt>
      <trkpt lat="31.421860000000002" lon="34.801680000000005">
        <ele>270</ele>
        <time>2021-10-25T09:50:40Z</time>
      </trkpt>
      <trkpt lat="31.422000000000004" lon="34.80189">
        <ele>270</ele>
        <time>2021-10-25T09:50:41Z</time>
      </trkpt>
      <trkpt lat="31.422120000000003" lon="34.80212">
        <ele>270</ele>
        <time>2021-10-25T09:50:42Z</time>
      </trkpt>
      <trkpt lat="31.42217" lon="34.80228">
        <ele>272</ele>
        <time>2021-10-25T09:50:43Z</time>
      </trkpt>
      <trkpt lat="31.42218" lon="34.802420000000005">
        <ele>272</ele>
        <time>2021-10-25T09:50:44Z</time>
      </trkpt>
      <trkpt lat="31.422150000000002" lon="34.802580000000006">
        <ele>272</ele>
        <time>2021-10-25T09:50:45Z</time>
      </trkpt>
      <trkpt lat="31.422100000000004" lon="34.80268">
        <ele>269</ele>
        <time>2021-10-25T09:50:46Z</time>
      </trkpt>
      <trkpt lat="31.421860000000002" lon="34.80293">
        <ele>269</ele>
        <time>2021-10-25T09:50:47Z</time>
      </trkpt>
      <trkpt lat="31.421760000000003" lon="34.803070000000005">
        <ele>269</ele>
        <time>2021-10-25T09:50:48Z</time>
      </trkpt>
      <trkpt lat="31.421870000000002" lon="34.803160000000005">
        <ele>269</ele>
        <time>2021-10-25T09:50:49Z</time>
      </trkpt>
      <trkpt lat="31.421950000000002" lon="34.803180000000005">
        <ele>269</ele>
        <time>2021-10-25T09:50:50Z</time>
      </trkpt>
      <trkpt lat="31.422220000000003" lon="34.80317">
        <ele>271</ele>
        <time>2021-10-25T09:50:51Z</time>
      </trkpt>
      <trkpt lat="31.422380000000004" lon="34.80319">
        <ele>271</ele>
        <time>2021-10-25T09:50:52Z</time>
      </trkpt>
      <trkpt lat="31.42255" lon="34.80326">
        <ele>271</ele>
        <time>2021-10-25T09:50:53Z</time>
      </trkpt>
      <trkpt lat="31.42265" lon="34.803340000000006">
        <ele>271</ele>
        <time>2021-10-25T09:50:54Z</time>
      </trkpt>
      <trkpt lat="31.422790000000003" lon="34.8035">
        <ele>274</ele>
        <time>2021-10-25T09:50:55Z</time>
      </trkpt>
      <trkpt lat="31.422840000000004" lon="34.80362">
        <ele>274</ele>
        <time>2021-10-25T09:50:56Z</time>
      </trkpt>
      <trkpt lat="31.42292" lon="34.803900000000006">
        <ele>274</ele>
        <time>2021-10-25T09:50:57Z</time>
      </trkpt>
      <trkpt lat="31.422980000000003" lon="34.804320000000004">
        <ele>272</ele>
        <time>2021-10-25T09:50:58Z</time>
      </trkpt>
      <trkpt lat="31.42301" lon="34.80476">
        <ele>274</ele>
        <time>2021-10-25T09:50:59Z</time>
      </trkpt>
      <trkpt lat="31.422950000000004" lon="34.80503">
        <ele>277</ele>
        <time>2021-10-25T09:51:00Z</time>
      </trkpt>
      <trkpt lat="31.422760000000004" lon="34.80545">
        <ele>276</ele>
        <time>2021-10-25T09:51:01Z</time>
      </trkpt>
      <trkpt lat="31.42273" lon="34.805580000000006">
        <ele>276</ele>
        <time>2021-10-25T09:51:02Z</time>
      </trkpt>
      <trkpt lat="31.422760000000004" lon="34.805670000000006">
        <ele>276</ele>
        <time>2021-10-25T09:51:03Z</time>
      </trkpt>
      <trkpt lat="31.422860000000004" lon="34.80577">
        <ele>276</ele>
        <time>2021-10-25T09:51:04Z</time>
      </trkpt>
      <trkpt lat="31.423140000000004" lon="34.805910000000004">
        <ele>275</ele>
        <time>2021-10-25T09:51:05Z</time>
      </trkpt>
      <trkpt lat="31.423240000000003" lon="34.80599">
        <ele>274</ele>
        <time>2021-10-25T09:51:06Z</time>
      </trkpt>
      <trkpt lat="31.4233" lon="34.806090000000005">
        <ele>274</ele>
        <time>2021-10-25T09:51:07Z</time>
      </trkpt>
      <trkpt lat="31.423350000000003" lon="34.80624">
        <ele>274</ele>
        <time>2021-10-25T09:51:08Z</time>
      </trkpt>
      <trkpt lat="31.423350000000003" lon="34.80628">
        <ele>274</ele>
        <time>2021-10-25T09:51:09Z</time>
      </trkpt>
      <trkpt lat="31.423350000000003" lon="34.80628">
        <ele>274</ele>
        <time>2021-10-25T09:51:10Z</time>
      </trkpt>
      <trkpt lat="31.423340000000003" lon="34.80641">
        <ele>274</ele>
        <time>2021-10-25T09:51:11Z</time>
      </trkpt>
      <trkpt lat="31.42329" lon="34.80651">
        <ele>274</ele>
        <time>2021-10-25T09:51:12Z</time>
      </trkpt>
      <trkpt lat="31.423050000000003" lon="34.80677">
        <ele>274</ele>
        <time>2021-10-25T09:51:13Z</time>
      </trkpt>
      <trkpt lat="31.423030000000004" lon="34.806850000000004">
        <ele>275</ele>
        <time>2021-10-25T09:51:14Z</time>
      </trkpt>
      <trkpt lat="31.423040000000004" lon="34.80697">
        <ele>275</ele>
        <time>2021-10-25T09:51:15Z</time>
      </trkpt>
      <trkpt lat="31.423320000000004" lon="34.807570000000005">
        <ele>275</ele>
        <time>2021-10-25T09:51:16Z</time>
      </trkpt>
      <trkpt lat="31.4234" lon="34.807680000000005">
        <ele>275</ele>
        <time>2021-10-25T09:51:17Z</time>
      </trkpt>
      <trkpt lat="31.423520000000003" lon="34.807790000000004">
        <ele>275</ele>
        <time>2021-10-25T09:51:18Z</time>
      </trkpt>
      <trkpt lat="31.423910000000003" lon="34.80805">
        <ele>275</ele>
        <time>2021-10-25T09:51:19Z</time>
      </trkpt>
      <trkpt lat="31.424080000000004" lon="34.80825">
        <ele>275</ele>
        <time>2021-10-25T09:51:20Z</time>
      </trkpt>
      <trkpt lat="31.42415" lon="34.80839">
        <ele>275</ele>
        <time>2021-10-25T09:51:21Z</time>
      </trkpt>
      <trkpt lat="31.424180000000003" lon="34.80848">
        <ele>275</ele>
        <time>2021-10-25T09:51:22Z</time>
      </trkpt>
      <trkpt lat="31.424200000000003" lon="34.808640000000004">
        <ele>276</ele>
        <time>2021-10-25T09:51:23Z</time>
      </trkpt>
      <trkpt lat="31.424160000000004" lon="34.80881">
        <ele>276</ele>
        <time>2021-10-25T09:51:24Z</time>
      </trkpt>
      <trkpt lat="31.424120000000002" lon="34.80888">
        <ele>276</ele>
        <time>2021-10-25T09:51:25Z</time>
      </trkpt>
      <trkpt lat="31.42395" lon="34.80906">
        <ele>276</ele>
        <time>2021-10-25T09:51:26Z</time>
      </trkpt>
      <trkpt lat="31.423610000000004" lon="34.8093">
        <ele>276</ele>
        <time>2021-10-25T09:51:27Z</time>
      </trkpt>
      <trkpt lat="31.423220000000004" lon="34.809490000000004">
        <ele>276</ele>
        <time>2021-10-25T09:51:28Z</time>
      </trkpt>
      <trkpt lat="31.423090000000002" lon="34.80962">
        <ele>276</ele>
        <time>2021-10-25T09:51:29Z</time>
      </trkpt>
      <trkpt lat="31.422880000000003" lon="34.809960000000004">
        <ele>279</ele>
        <time>2021-10-25T09:51:30Z</time>
      </trkpt>
      <trkpt lat="31.422620000000002" lon="34.810300000000005">
        <ele>279</ele>
        <time>2021-10-25T09:51:31Z</time>
      </trkpt>
      <trkpt lat="31.422510000000003" lon="34.810520000000004">
        <ele>279</ele>
        <time>2021-10-25T09:51:32Z</time>
      </trkpt>
      <trkpt lat="31.42235" lon="34.811150000000005">
        <ele>279</ele>
        <time>2021-10-25T09:51:33Z</time>
      </trkpt>
      <trkpt lat="31.422310000000003" lon="34.811400000000006">
        <ele>279</ele>
        <time>2021-10-25T09:51:34Z</time>
      </trkpt>
      <extensions>
        <RoutingType xmlns="">Hike</RoutingType>
      </extensions>
    </trkseg>
    <trkseg>
      <trkpt lat="31.422310000000003" lon="34.811400000000006">
        <ele>279</ele>
        <time>2021-10-25T09:51:34Z</time>
      </trkpt>
      <trkpt lat="31.422230000000003" lon="34.812020000000004">
        <ele>281</ele>
        <time>2021-10-25T09:51:35Z</time>
      </trkpt>
      <trkpt lat="31.422220000000003" lon="34.812270000000005">
        <ele>281</ele>
        <time>2021-10-25T09:51:36Z</time>
      </trkpt>
      <trkpt lat="31.422230000000003" lon="34.812720000000006">
        <ele>285</ele>
        <time>2021-10-25T09:51:37Z</time>
      </trkpt>
      <trkpt lat="31.422250000000002" lon="34.81295">
        <ele>285</ele>
        <time>2021-10-25T09:51:38Z</time>
      </trkpt>
      <trkpt lat="31.422400000000003" lon="34.8138">
        <ele>284</ele>
        <time>2021-10-25T09:51:39Z</time>
      </trkpt>
      <trkpt lat="31.422470000000004" lon="34.81402">
        <ele>284</ele>
        <time>2021-10-25T09:51:40Z</time>
      </trkpt>
      <trkpt lat="31.42273" lon="34.814440000000005">
        <ele>285.5</ele>
        <time>2021-10-25T09:51:41Z</time>
      </trkpt>
      <trkpt lat="31.42273" lon="34.814440000000005">
        <ele>285.5</ele>
        <time>2021-10-25T09:51:42Z</time>
      </trkpt>
      <trkpt lat="31.422800000000002" lon="34.814640000000004">
        <ele>287</ele>
        <time>2021-10-25T09:51:43Z</time>
      </trkpt>
      <trkpt lat="31.42283" lon="34.814820000000005">
        <ele>287</ele>
        <time>2021-10-25T09:51:44Z</time>
      </trkpt>
      <trkpt lat="31.422810000000002" lon="34.814980000000006">
        <ele>287</ele>
        <time>2021-10-25T09:51:45Z</time>
      </trkpt>
      <trkpt lat="31.42274" lon="34.81517">
        <ele>286</ele>
        <time>2021-10-25T09:51:46Z</time>
      </trkpt>
      <trkpt lat="31.422670000000004" lon="34.81528">
        <ele>286</ele>
        <time>2021-10-25T09:51:47Z</time>
      </trkpt>
      <trkpt lat="31.42227" lon="34.815760000000004">
        <ele>286</ele>
        <time>2021-10-25T09:51:48Z</time>
      </trkpt>
      <trkpt lat="31.422100000000004" lon="34.81599">
        <ele>288</ele>
        <time>2021-10-25T09:51:49Z</time>
      </trkpt>
      <trkpt lat="31.421810000000004" lon="34.81651">
        <ele>288</ele>
        <time>2021-10-25T09:51:50Z</time>
      </trkpt>
      <trkpt lat="31.421750000000003" lon="34.816660000000006">
        <ele>288</ele>
        <time>2021-10-25T09:51:51Z</time>
      </trkpt>
      <trkpt lat="31.421670000000002" lon="34.81705">
        <ele>290</ele>
        <time>2021-10-25T09:51:52Z</time>
      </trkpt>
      <trkpt lat="31.421560000000003" lon="34.817370000000004">
        <ele>290</ele>
        <time>2021-10-25T09:51:53Z</time>
      </trkpt>
      <trkpt lat="31.421540000000004" lon="34.81758">
        <ele>290</ele>
        <time>2021-10-25T09:51:54Z</time>
      </trkpt>
      <trkpt lat="31.421570000000003" lon="34.817710000000005">
        <ele>290</ele>
        <time>2021-10-25T09:51:55Z</time>
      </trkpt>
      <trkpt lat="31.421640000000004" lon="34.8179">
        <ele>290</ele>
        <time>2021-10-25T09:51:56Z</time>
      </trkpt>
      <trkpt lat="31.421650000000003" lon="34.818070000000006">
        <ele>290</ele>
        <time>2021-10-25T09:51:57Z</time>
      </trkpt>
      <trkpt lat="31.421630000000004" lon="34.81819">
        <ele>290</ele>
        <time>2021-10-25T09:51:58Z</time>
      </trkpt>
      <trkpt lat="31.42124" lon="34.819300000000005">
        <ele>289</ele>
        <time>2021-10-25T09:51:59Z</time>
      </trkpt>
      <trkpt lat="31.42122" lon="34.81949">
        <ele>290</ele>
        <time>2021-10-25T09:52:00Z</time>
      </trkpt>
      <trkpt lat="31.42123" lon="34.81962">
        <ele>290</ele>
        <time>2021-10-25T09:52:01Z</time>
      </trkpt>
      <trkpt lat="31.42143" lon="34.8202">
        <ele>293</ele>
        <time>2021-10-25T09:52:02Z</time>
      </trkpt>
      <trkpt lat="31.42142" lon="34.82043">
        <ele>293</ele>
        <time>2021-10-25T09:52:03Z</time>
      </trkpt>
      <trkpt lat="31.421380000000003" lon="34.82059">
        <ele>293</ele>
        <time>2021-10-25T09:52:04Z</time>
      </trkpt>
      <trkpt lat="31.421070000000004" lon="34.821090000000005">
        <ele>292</ele>
        <time>2021-10-25T09:52:05Z</time>
      </trkpt>
      <trkpt lat="31.421070000000004" lon="34.821090000000005">
        <ele>292</ele>
        <time>2021-10-25T09:52:06Z</time>
      </trkpt>
      <trkpt lat="31.42104" lon="34.821130000000004">
        <ele>292</ele>
        <time>2021-10-25T09:52:07Z</time>
      </trkpt>
      <trkpt lat="31.421000000000003" lon="34.82133">
        <ele>292</ele>
        <time>2021-10-25T09:52:08Z</time>
      </trkpt>
      <trkpt lat="31.420980000000004" lon="34.821540000000006">
        <ele>292</ele>
        <time>2021-10-25T09:52:09Z</time>
      </trkpt>
      <trkpt lat="31.420930000000002" lon="34.82168">
        <ele>292</ele>
        <time>2021-10-25T09:52:10Z</time>
      </trkpt>
      <trkpt lat="31.420780000000004" lon="34.821940000000005">
        <ele>297</ele>
        <time>2021-10-25T09:52:11Z</time>
      </trkpt>
      <trkpt lat="31.420420000000004" lon="34.82229">
        <ele>293</ele>
        <time>2021-10-25T09:52:12Z</time>
      </trkpt>
      <trkpt lat="31.420120000000004" lon="34.82265">
        <ele>298</ele>
        <time>2021-10-25T09:52:13Z</time>
      </trkpt>
      <trkpt lat="31.42001" lon="34.82274">
        <ele>298</ele>
        <time>2021-10-25T09:52:14Z</time>
      </trkpt>
      <trkpt lat="31.419850000000004" lon="34.82283">
        <ele>298</ele>
        <time>2021-10-25T09:52:15Z</time>
      </trkpt>
      <trkpt lat="31.419380000000004" lon="34.82298">
        <ele>295</ele>
        <time>2021-10-25T09:52:16Z</time>
      </trkpt>
      <trkpt lat="31.419040000000003" lon="34.82312">
        <ele>295</ele>
        <time>2021-10-25T09:52:17Z</time>
      </trkpt>
      <trkpt lat="31.41878" lon="34.82329">
        <ele>297</ele>
        <time>2021-10-25T09:52:18Z</time>
      </trkpt>
      <trkpt lat="31.41861" lon="34.823460000000004">
        <ele>297</ele>
        <time>2021-10-25T09:52:19Z</time>
      </trkpt>
      <trkpt lat="31.418430000000004" lon="34.823730000000005">
        <ele>296</ele>
        <time>2021-10-25T09:52:20Z</time>
      </trkpt>
      <trkpt lat="31.41823" lon="34.824070000000006">
        <ele>296</ele>
        <time>2021-10-25T09:52:21Z</time>
      </trkpt>
      <trkpt lat="31.418160000000004" lon="34.824250000000006">
        <ele>296</ele>
        <time>2021-10-25T09:52:22Z</time>
      </trkpt>
      <trkpt lat="31.418100000000003" lon="34.824580000000005">
        <ele>297</ele>
        <time>2021-10-25T09:52:23Z</time>
      </trkpt>
      <trkpt lat="31.418100000000003" lon="34.82477">
        <ele>297</ele>
        <time>2021-10-25T09:52:24Z</time>
      </trkpt>
      <trkpt lat="31.418170000000003" lon="34.82535">
        <ele>298</ele>
        <time>2021-10-25T09:52:25Z</time>
      </trkpt>
      <trkpt lat="31.418170000000003" lon="34.82571">
        <ele>298</ele>
        <time>2021-10-25T09:52:26Z</time>
      </trkpt>
      <trkpt lat="31.418090000000003" lon="34.82584">
        <ele>298</ele>
        <time>2021-10-25T09:52:27Z</time>
      </trkpt>
      <trkpt lat="31.417960000000004" lon="34.82598">
        <ele>300</ele>
        <time>2021-10-25T09:52:28Z</time>
      </trkpt>
      <trkpt lat="31.417780000000004" lon="34.82623">
        <ele>300</ele>
        <time>2021-10-25T09:52:29Z</time>
      </trkpt>
      <trkpt lat="31.417510000000004" lon="34.82681">
        <ele>302</ele>
        <time>2021-10-25T09:52:30Z</time>
      </trkpt>
      <trkpt lat="31.417320000000004" lon="34.82705">
        <ele>302</ele>
        <time>2021-10-25T09:52:31Z</time>
      </trkpt>
      <trkpt lat="31.417180000000002" lon="34.827160000000006">
        <ele>302</ele>
        <time>2021-10-25T09:52:32Z</time>
      </trkpt>
      <trkpt lat="31.41672" lon="34.827380000000005">
        <ele>302</ele>
        <time>2021-10-25T09:52:33Z</time>
      </trkpt>
      <trkpt lat="31.416520000000002" lon="34.8275">
        <ele>302</ele>
        <time>2021-10-25T09:52:34Z</time>
      </trkpt>
      <trkpt lat="31.416180000000004" lon="34.827760000000005">
        <ele>305</ele>
        <time>2021-10-25T09:52:35Z</time>
      </trkpt>
      <trkpt lat="31.4158" lon="34.82811">
        <ele>306.5</ele>
        <time>2021-10-25T09:52:36Z</time>
      </trkpt>
      <trkpt lat="31.4158" lon="34.82811">
        <ele>306.5</ele>
        <time>2021-10-25T09:52:37Z</time>
      </trkpt>
      <trkpt lat="31.415060000000004" lon="34.828900000000004">
        <ele>308</ele>
        <time>2021-10-25T09:52:38Z</time>
      </trkpt>
      <trkpt lat="31.414920000000002" lon="34.829100000000004">
        <ele>308</ele>
        <time>2021-10-25T09:52:39Z</time>
      </trkpt>
      <trkpt lat="31.41486" lon="34.82922">
        <ele>308</ele>
        <time>2021-10-25T09:52:40Z</time>
      </trkpt>
      <trkpt lat="31.414770000000004" lon="34.829570000000004">
        <ele>306</ele>
        <time>2021-10-25T09:52:41Z</time>
      </trkpt>
      <trkpt lat="31.414680000000004" lon="34.8297">
        <ele>306</ele>
        <time>2021-10-25T09:52:42Z</time>
      </trkpt>
      <trkpt lat="31.414590000000004" lon="34.82976">
        <ele>308</ele>
        <time>2021-10-25T09:52:43Z</time>
      </trkpt>
      <trkpt lat="31.414340000000003" lon="34.829890000000006">
        <ele>308</ele>
        <time>2021-10-25T09:52:44Z</time>
      </trkpt>
      <trkpt lat="31.414240000000003" lon="34.82992">
        <ele>308</ele>
        <time>2021-10-25T09:52:45Z</time>
      </trkpt>
      <trkpt lat="31.414020000000004" lon="34.829890000000006">
        <ele>308</ele>
        <time>2021-10-25T09:52:46Z</time>
      </trkpt>
      <trkpt lat="31.413870000000003" lon="34.82988">
        <ele>308</ele>
        <time>2021-10-25T09:52:47Z</time>
      </trkpt>
      <trkpt lat="31.413580000000003" lon="34.82994">
        <ele>306</ele>
        <time>2021-10-25T09:52:48Z</time>
      </trkpt>
      <trkpt lat="31.413300000000003" lon="34.830070000000006">
        <ele>306</ele>
        <time>2021-10-25T09:52:49Z</time>
      </trkpt>
      <trkpt lat="31.4125" lon="34.83032">
        <ele>308</ele>
        <time>2021-10-25T09:52:50Z</time>
      </trkpt>
      <trkpt lat="31.412280000000003" lon="34.83044">
        <ele>308</ele>
        <time>2021-10-25T09:52:51Z</time>
      </trkpt>
      <trkpt lat="31.412060000000004" lon="34.83063">
        <ele>310</ele>
        <time>2021-10-25T09:52:52Z</time>
      </trkpt>
      <trkpt lat="31.411690000000004" lon="34.831030000000005">
        <ele>310</ele>
        <time>2021-10-25T09:52:53Z</time>
      </trkpt>
      <trkpt lat="31.411150000000003" lon="34.831680000000006">
        <ele>309</ele>
        <time>2021-10-25T09:52:54Z</time>
      </trkpt>
      <trkpt lat="31.411120000000004" lon="34.83175">
        <ele>309</ele>
        <time>2021-10-25T09:52:55Z</time>
      </trkpt>
      <trkpt lat="31.410980000000002" lon="34.83182">
        <ele>310.5</ele>
        <time>2021-10-25T09:52:56Z</time>
      </trkpt>
      <trkpt lat="31.410980000000002" lon="34.83182">
        <ele>310.5</ele>
        <time>2021-10-25T09:52:57Z</time>
      </trkpt>
      <trkpt lat="31.411120000000004" lon="34.83175">
        <ele>309</ele>
        <time>2021-10-25T09:52:58Z</time>
      </trkpt>
      <trkpt lat="31.411110000000004" lon="34.83182">
        <ele>315</ele>
        <time>2021-10-25T09:52:59Z</time>
      </trkpt>
      <trkpt lat="31.411140000000003" lon="34.832150000000006">
        <ele>315</ele>
        <time>2021-10-25T09:53:00Z</time>
      </trkpt>
      <extensions>
        <RoutingType xmlns="">Hike</RoutingType>
      </extensions>
    </trkseg>
    <trkseg>
      <trkpt lat="31.411140000000003" lon="34.832150000000006">
        <ele>315</ele>
        <time>2021-10-25T09:53:00Z</time>
      </trkpt>
      <trkpt lat="31.4112" lon="34.83234">
        <ele>315</ele>
        <time>2021-10-25T09:53:01Z</time>
      </trkpt>
      <trkpt lat="31.411330000000003" lon="34.83258">
        <ele>312</ele>
        <time>2021-10-25T09:53:02Z</time>
      </trkpt>
      <trkpt lat="31.411530000000003" lon="34.832770000000004">
        <ele>315.5</ele>
        <time>2021-10-25T09:53:03Z</time>
      </trkpt>
      <extensions>
        <RoutingType xmlns="">Hike</RoutingType>
      </extensions>
    </trkseg>
  </trk>
</gpx>
