<?xml version="1.0" encoding="UTF-8" standalone="yes"?>
<gpx xmlns="http://www.topografix.com/GPX/1/1" xmlns:xsi="http://www.w3.org/2001/XMLSchema-instance" version="1.1" creator="IsraelHikingMap" xsi:schemaLocation="http://www.topografix.com/GPX/1/1 http://www.topografix.com/GPX/1/1/gpx.xsd">
  <metadata>
    <bounds maxlat="31.017009" maxlon="35.274319" minlat="30.93404130270986" minlon="35.15113"></bounds>
  </metadata>
  <trk>
    <name>38 - נחל תמר למכתש</name>
    <desc>🏞️ קושי: מיטיבי לכת | הר הנגב
🥾 מצפה עורץ, נחל מזר, מצפור חצרה, חולות צבעוניים, מעלה עלי, ראש מעלה עלי, מצפור המכתש הקטן.
⛺ לילה: מצפה המכתש</desc>
    <trkseg>
      <trkpt lat="31.00406059528318" lon="35.27428421732427">
        <ele>56</ele>
        <time>2021-11-13T17:11:28Z</time>
      </trkpt>
      <trkpt lat="31.00406059528318" lon="35.27428421732427">
        <ele>56</ele>
        <time>2021-11-13T17:11:28Z</time>
      </trkpt>
      <extensions>
        <RoutingType xmlns="">Hike</RoutingType>
      </extensions>
    </trkseg>
    <trkseg>
      <trkpt lat="31.004106" lon="35.274319">
        <ele>57.2</ele>
      </trkpt>
      <trkpt lat="31.004203" lon="35.274148">
        <ele>55.96223819720216</ele>
      </trkpt>
      <trkpt lat="31.004411" lon="35.273854">
        <ele>54.178680470123396</ele>
      </trkpt>
      <trkpt lat="31.004402" lon="35.273774">
        <ele>54.511221236344674</ele>
      </trkpt>
      <trkpt lat="31.004414" lon="35.273602">
        <ele>56.868658197383944</ele>
      </trkpt>
      <trkpt lat="31.004452" lon="35.273377">
        <ele>60.041016801020334</ele>
      </trkpt>
      <trkpt lat="31.00454" lon="35.272855">
        <ele>63.84850828616441</ele>
      </trkpt>
      <trkpt lat="31.00452" lon="35.272697">
        <ele>63.54406801946084</ele>
      </trkpt>
      <trkpt lat="31.004494" lon="35.272637">
        <ele>63.41591281499589</ele>
      </trkpt>
      <trkpt lat="31.004413" lon="35.272546">
        <ele>63.0316752768294</ele>
      </trkpt>
      <trkpt lat="31.004311" lon="35.272503">
        <ele>62.5492911861468</ele>
      </trkpt>
      <trkpt lat="31.004255" lon="35.272495">
        <ele>62.29835426199256</ele>
      </trkpt>
      <trkpt lat="31.004199" lon="35.272512">
        <ele>62.00655793822649</ele>
      </trkpt>
      <trkpt lat="31.004147" lon="35.272554">
        <ele>61.561163110951455</ele>
      </trkpt>
      <trkpt lat="31.003943" lon="35.272615">
        <ele>60.26416351474591</ele>
      </trkpt>
      <trkpt lat="31.003655" lon="35.272612">
        <ele>61.45018697983018</ele>
      </trkpt>
      <trkpt lat="31.00354" lon="35.272592">
        <ele>62.26900529650934</ele>
      </trkpt>
      <trkpt lat="31.00313" lon="35.272426">
        <ele>62.32606852042288</ele>
      </trkpt>
      <trkpt lat="31.003064" lon="35.272416">
        <ele>61.93137542931594</ele>
      </trkpt>
      <trkpt lat="31.002952" lon="35.272363">
        <ele>61.21461296429416</ele>
      </trkpt>
      <trkpt lat="31.002613" lon="35.272253">
        <ele>59.01089260957354</ele>
      </trkpt>
      <trkpt lat="31.002505" lon="35.272212">
        <ele>58.295258431199905</ele>
      </trkpt>
      <trkpt lat="31.002204" lon="35.272066">
        <ele>56.88066398598904</ele>
      </trkpt>
      <trkpt lat="31.002048" lon="35.271954">
        <ele>56.41308590740342</ele>
      </trkpt>
      <trkpt lat="31.001923" lon="35.271798">
        <ele>56.0060165718496</ele>
      </trkpt>
      <trkpt lat="31.001703" lon="35.271452">
        <ele>55.184809752753424</ele>
      </trkpt>
      <trkpt lat="31.001572" lon="35.271314">
        <ele>54.738432033795036</ele>
      </trkpt>
      <trkpt lat="31.001507" lon="35.271263">
        <ele>54.47712661887001</ele>
      </trkpt>
      <trkpt lat="31.001388" lon="35.271206">
        <ele>54.048005304081855</ele>
      </trkpt>
      <trkpt lat="31.00125" lon="35.271177">
        <ele>53.48697195828707</ele>
      </trkpt>
      <trkpt lat="31.001247" lon="35.271131">
        <ele>53.325748736920964</ele>
      </trkpt>
      <trkpt lat="31.001237" lon="35.271006">
        <ele>52.88700624379772</ele>
      </trkpt>
      <trkpt lat="31.001209" lon="35.270962">
        <ele>52.69549260543211</ele>
      </trkpt>
      <trkpt lat="31.001187" lon="35.270908">
        <ele>52.48654384942084</ele>
      </trkpt>
      <trkpt lat="31.001164" lon="35.270865">
        <ele>52.30941101426495</ele>
      </trkpt>
      <trkpt lat="31.001147" lon="35.270792">
        <ele>52.045046063540624</ele>
      </trkpt>
      <trkpt lat="31.001107" lon="35.270706">
        <ele>51.74714576439575</ele>
      </trkpt>
      <trkpt lat="31.001075" lon="35.270628">
        <ele>51.58230656760638</ele>
      </trkpt>
      <trkpt lat="31.001027" lon="35.270538">
        <ele>51.380246952509985</ele>
      </trkpt>
      <trkpt lat="31.001006" lon="35.270432">
        <ele>51.20452342689057</ele>
      </trkpt>
      <trkpt lat="31.000995" lon="35.270318">
        <ele>51.24097061778243</ele>
      </trkpt>
      <trkpt lat="31.00096" lon="35.270211">
        <ele>51.277356301082854</ele>
      </trkpt>
      <trkpt lat="31.000939" lon="35.270167">
        <ele>51.29335626897215</ele>
      </trkpt>
      <trkpt lat="31.000804" lon="35.270036">
        <ele>51.12467856852108</ele>
      </trkpt>
      <trkpt lat="31.000672" lon="35.269909">
        <ele>51.04371548092481</ele>
      </trkpt>
      <trkpt lat="31.000567" lon="35.269805">
        <ele>51.145820706821354</ele>
      </trkpt>
      <trkpt lat="31.000521" lon="35.269736">
        <ele>51.20272793062515</ele>
      </trkpt>
      <trkpt lat="31.000437" lon="35.269662">
        <ele>51.35878422693247</ele>
      </trkpt>
      <trkpt lat="31.000385" lon="35.269596">
        <ele>51.472708060699745</ele>
      </trkpt>
      <trkpt lat="31.000319" lon="35.269518">
        <ele>51.573012892866736</ele>
      </trkpt>
      <trkpt lat="31.00024" lon="35.269436">
        <ele>51.220274244794545</ele>
      </trkpt>
      <trkpt lat="31.000141" lon="35.269347">
        <ele>50.8033490640528</ele>
      </trkpt>
      <trkpt lat="31.000051" lon="35.269264">
        <ele>50.110255684118975</ele>
      </trkpt>
      <trkpt lat="30.999992" lon="35.269281">
        <ele>49.68227232983521</ele>
      </trkpt>
      <trkpt lat="30.999891" lon="35.269208">
        <ele>48.84555362424407</ele>
      </trkpt>
      <trkpt lat="30.99984" lon="35.269127">
        <ele>48.002596282440386</ele>
      </trkpt>
      <trkpt lat="30.999792" lon="35.269033">
        <ele>47.06401085764458</ele>
      </trkpt>
      <trkpt lat="30.999739" lon="35.268942">
        <ele>46.120252453851904</ele>
      </trkpt>
      <trkpt lat="30.99972" lon="35.268865">
        <ele>45.08701189982588</ele>
      </trkpt>
      <trkpt lat="30.999698" lon="35.268782">
        <ele>43.95533395732948</ele>
      </trkpt>
      <trkpt lat="30.999644" lon="35.268745">
        <ele>43.003648067322395</ele>
      </trkpt>
      <trkpt lat="30.999608" lon="35.268761">
        <ele>42.41821364393857</ele>
      </trkpt>
      <trkpt lat="30.999565" lon="35.268752">
        <ele>41.69440422499082</ele>
      </trkpt>
      <trkpt lat="30.999505" lon="35.26871">
        <ele>40.37171310570557</ele>
      </trkpt>
      <trkpt lat="30.999464" lon="35.268657">
        <ele>39.2149252410855</ele>
      </trkpt>
      <trkpt lat="30.999379" lon="35.268567">
        <ele>37.0450597786503</ele>
      </trkpt>
      <trkpt lat="30.99938" lon="35.268491">
        <ele>35.94129457507218</ele>
      </trkpt>
      <trkpt lat="30.999343" lon="35.268397">
        <ele>34.46245523765968</ele>
      </trkpt>
      <trkpt lat="30.999303" lon="35.268284">
        <ele>32.71455578897596</ele>
      </trkpt>
      <trkpt lat="30.999276" lon="35.268188">
        <ele>31.998240110531775</ele>
      </trkpt>
      <trkpt lat="30.999263" lon="35.268102">
        <ele>31.554323556749956</ele>
      </trkpt>
      <trkpt lat="30.999217" lon="35.268038">
        <ele>31.129750031565766</ele>
      </trkpt>
      <trkpt lat="30.999174" lon="35.267982">
        <ele>30.77378254571236</ele>
      </trkpt>
      <trkpt lat="30.999122" lon="35.267973">
        <ele>30.617904629497406</ele>
      </trkpt>
      <trkpt lat="30.999071" lon="35.26793">
        <ele>30.431319623204367</ele>
      </trkpt>
      <trkpt lat="30.99902" lon="35.267931">
        <ele>30.280073164863808</ele>
      </trkpt>
      <trkpt lat="30.998984" lon="35.267888">
        <ele>30.12729912589997</ele>
      </trkpt>
      <trkpt lat="30.998934" lon="35.26791">
        <ele>30.01168317309084</ele>
      </trkpt>
      <trkpt lat="30.998914" lon="35.267893">
        <ele>30.039198995952624</ele>
      </trkpt>
      <trkpt lat="30.998843" lon="35.267876">
        <ele>30.119793026893873</ele>
      </trkpt>
      <trkpt lat="30.998782" lon="35.26787">
        <ele>30.187862589921274</ele>
      </trkpt>
      <trkpt lat="30.998732" lon="35.267838">
        <ele>30.251276746132305</ele>
      </trkpt>
      <trkpt lat="30.998712" lon="35.267807">
        <ele>30.28825804590987</ele>
      </trkpt>
      <trkpt lat="30.998675" lon="35.267762">
        <ele>30.522560369403227</ele>
      </trkpt>
      <trkpt lat="30.998608" lon="35.267745">
        <ele>30.878357794270396</ele>
      </trkpt>
      <trkpt lat="30.998543" lon="35.267715">
        <ele>31.24108573943853</ele>
      </trkpt>
      <trkpt lat="30.998475" lon="35.267668">
        <ele>31.65122407090952</ele>
      </trkpt>
      <trkpt lat="30.998408" lon="35.267637">
        <ele>31.93231353811345</ele>
      </trkpt>
      <trkpt lat="30.998349" lon="35.267593">
        <ele>32.19186092944952</ele>
      </trkpt>
      <trkpt lat="30.998296" lon="35.267539">
        <ele>32.452677365774605</ele>
      </trkpt>
      <trkpt lat="30.998245" lon="35.26751">
        <ele>32.66296795379064</ele>
      </trkpt>
      <trkpt lat="30.998156" lon="35.26751">
        <ele>33.051415483399474</ele>
      </trkpt>
      <trkpt lat="30.998078" lon="35.267526">
        <ele>33.40366584180318</ele>
      </trkpt>
      <trkpt lat="30.99798" lon="35.267506">
        <ele>33.84616926694381</ele>
      </trkpt>
      <trkpt lat="30.997917" lon="35.267514">
        <ele>34.20404743930107</ele>
      </trkpt>
      <trkpt lat="30.997824" lon="35.267545">
        <ele>34.7776462083709</ele>
      </trkpt>
      <trkpt lat="30.997708" lon="35.267594">
        <ele>35.505799879676864</ele>
      </trkpt>
      <trkpt lat="30.997608" lon="35.267608">
        <ele>35.87910905599659</ele>
      </trkpt>
      <trkpt lat="30.997466" lon="35.267623">
        <ele>36.40758495678326</ele>
      </trkpt>
      <trkpt lat="30.997337" lon="35.267595">
        <ele>36.10607137290283</ele>
      </trkpt>
      <trkpt lat="30.99726" lon="35.267584">
        <ele>35.8185391695069</ele>
      </trkpt>
      <trkpt lat="30.997145" lon="35.267588">
        <ele>35.35973329545461</ele>
      </trkpt>
      <trkpt lat="30.997088" lon="35.267564">
        <ele>35.06774045108906</ele>
      </trkpt>
      <trkpt lat="30.996972" lon="35.267551">
        <ele>34.50622746737414</ele>
      </trkpt>
      <trkpt lat="30.996879" lon="35.267538">
        <ele>34.054906459351926</ele>
      </trkpt>
      <trkpt lat="30.996794" lon="35.267522">
        <ele>33.64004113061609</ele>
      </trkpt>
      <trkpt lat="30.996737" lon="35.267539">
        <ele>33.35655617290961</ele>
      </trkpt>
      <trkpt lat="30.996639" lon="35.26759">
        <ele>32.830185826171274</ele>
      </trkpt>
      <trkpt lat="30.996569" lon="35.267626">
        <ele>32.40486394558492</ele>
      </trkpt>
      <trkpt lat="30.996471" lon="35.267626">
        <ele>31.860008805019547</ele>
      </trkpt>
      <trkpt lat="30.996442" lon="35.267642">
        <ele>31.68165388106524</ele>
      </trkpt>
      <trkpt lat="30.996386" lon="35.267664">
        <ele>31.415624012025294</ele>
      </trkpt>
      <trkpt lat="30.996277" lon="35.267654">
        <ele>31.618251823246585</ele>
      </trkpt>
      <trkpt lat="30.996234" lon="35.267629">
        <ele>31.707289693073815</ele>
      </trkpt>
      <trkpt lat="30.996192" lon="35.267609">
        <ele>31.79136098452618</ele>
      </trkpt>
      <trkpt lat="30.996154" lon="35.267603">
        <ele>31.86242655370419</ele>
      </trkpt>
      <trkpt lat="30.996108" lon="35.267578">
        <ele>32.17107121934294</ele>
      </trkpt>
      <trkpt lat="30.996068" lon="35.26754">
        <ele>32.6299533131503</ele>
      </trkpt>
      <trkpt lat="30.996024" lon="35.267473">
        <ele>33.27354831525042</ele>
      </trkpt>
      <trkpt lat="30.995978" lon="35.267412">
        <ele>33.89306632931986</ele>
      </trkpt>
      <trkpt lat="30.995949" lon="35.267327">
        <ele>34.518003432750994</ele>
      </trkpt>
      <trkpt lat="30.995947" lon="35.267241">
        <ele>35.01001859960174</ele>
      </trkpt>
      <trkpt lat="30.995942" lon="35.267114">
        <ele>35.73709756741698</ele>
      </trkpt>
      <trkpt lat="30.995897" lon="35.267067">
        <ele>36.12893839522955</ele>
      </trkpt>
      <trkpt lat="30.995865" lon="35.267023">
        <ele>36.36727240167811</ele>
      </trkpt>
      <trkpt lat="30.995861" lon="35.266959">
        <ele>36.632319340874034</ele>
      </trkpt>
      <trkpt lat="30.995876" lon="35.266913">
        <ele>36.83560044850801</ele>
      </trkpt>
      <trkpt lat="30.995877" lon="35.266855">
        <ele>37.07521173312165</ele>
      </trkpt>
      <trkpt lat="30.995889" lon="35.266809">
        <ele>37.2738133089798</ele>
      </trkpt>
      <trkpt lat="30.995919" lon="35.266765">
        <ele>37.334751392214805</ele>
      </trkpt>
      <trkpt lat="30.995919" lon="35.266716">
        <ele>37.21020419310444</ele>
      </trkpt>
      <trkpt lat="30.995885" lon="35.266669">
        <ele>37.05388535190006</ele>
      </trkpt>
      <trkpt lat="30.995835" lon="35.266634">
        <ele>36.880982788131554</ele>
      </trkpt>
      <trkpt lat="30.995753" lon="35.266588">
        <ele>36.61118499143004</ele>
      </trkpt>
      <extensions>
        <RoutingType xmlns="">Hike</RoutingType>
      </extensions>
    </trkseg>
    <trkseg>
      <trkpt lat="30.995753" lon="35.266588">
        <ele>36.6</ele>
      </trkpt>
      <trkpt lat="30.995753" lon="35.266588">
        <ele>36.6</ele>
      </trkpt>
      <trkpt lat="30.995678" lon="35.266592">
        <ele>35.48688929593312</ele>
      </trkpt>
      <trkpt lat="30.995572" lon="35.266595">
        <ele>33.914871911699656</ele>
      </trkpt>
      <trkpt lat="30.995486" lon="35.266613">
        <ele>32.619477648998895</ele>
      </trkpt>
      <trkpt lat="30.995428" lon="35.266626">
        <ele>31.701034408256046</ele>
      </trkpt>
      <trkpt lat="30.995367" lon="35.266649">
        <ele>30.703061522319967</ele>
      </trkpt>
      <trkpt lat="30.995292" lon="35.266659">
        <ele>29.527913559389923</ele>
      </trkpt>
      <trkpt lat="30.995184" lon="35.266662">
        <ele>28.294508516492822</ele>
      </trkpt>
      <trkpt lat="30.99516" lon="35.266643">
        <ele>28.208504151028357</ele>
      </trkpt>
      <trkpt lat="30.995142" lon="35.266611">
        <ele>28.111218269160627</ele>
      </trkpt>
      <trkpt lat="30.995135" lon="35.266561">
        <ele>27.98244443472831</ele>
      </trkpt>
      <trkpt lat="30.995115" lon="35.266521">
        <ele>27.864740733257904</ele>
      </trkpt>
      <trkpt lat="30.995092" lon="35.26646">
        <ele>27.6953546520222</ele>
      </trkpt>
      <trkpt lat="30.995067" lon="35.266369">
        <ele>27.85819128069161</ele>
      </trkpt>
      <trkpt lat="30.99504" lon="35.266332">
        <ele>28.074331800132075</ele>
      </trkpt>
      <trkpt lat="30.995021" lon="35.266277">
        <ele>28.338099627081192</ele>
      </trkpt>
      <trkpt lat="30.994996" lon="35.266214">
        <ele>28.646904137757854</ele>
      </trkpt>
      <trkpt lat="30.994996" lon="35.266185">
        <ele>28.775900699511855</ele>
      </trkpt>
      <trkpt lat="30.994993" lon="35.266152">
        <ele>28.923513055959756</ele>
      </trkpt>
      <trkpt lat="30.994973" lon="35.2661">
        <ele>28.74709581172148</ele>
      </trkpt>
      <trkpt lat="30.994963" lon="35.266049">
        <ele>28.414645547066314</ele>
      </trkpt>
      <trkpt lat="30.994934" lon="35.266015">
        <ele>28.109860133853477</ele>
      </trkpt>
      <trkpt lat="30.994909" lon="35.266014">
        <ele>27.924426344650293</ele>
      </trkpt>
      <trkpt lat="30.994863" lon="35.266001">
        <ele>27.573564997385652</ele>
      </trkpt>
      <trkpt lat="30.994788" lon="35.265973">
        <ele>26.965366305718607</ele>
      </trkpt>
      <trkpt lat="30.994738" lon="35.265972">
        <ele>25.704971946239976</ele>
      </trkpt>
      <trkpt lat="30.994719" lon="35.265993">
        <ele>25.045289193141315</ele>
      </trkpt>
      <trkpt lat="30.994683" lon="35.266022">
        <ele>23.942629512971855</ele>
      </trkpt>
      <trkpt lat="30.994634" lon="35.266055">
        <ele>22.516594524563924</ele>
      </trkpt>
      <trkpt lat="30.994575" lon="35.266089">
        <ele>20.858004004334326</ele>
      </trkpt>
      <trkpt lat="30.994537" lon="35.266087">
        <ele>19.934650676744177</ele>
      </trkpt>
      <trkpt lat="30.994485" lon="35.266075">
        <ele>18.75581366027163</ele>
      </trkpt>
      <trkpt lat="30.994426" lon="35.266069">
        <ele>17.438737365169693</ele>
      </trkpt>
      <trkpt lat="30.99437" lon="35.266088">
        <ele>16.14175051647141</ele>
      </trkpt>
      <trkpt lat="30.994301" lon="35.266089">
        <ele>14.60714211509193</ele>
      </trkpt>
      <trkpt lat="30.994235" lon="35.266093">
        <ele>13.155099774210363</ele>
      </trkpt>
      <trkpt lat="30.994196" lon="35.266083">
        <ele>12.281875887796676</ele>
      </trkpt>
      <trkpt lat="30.994102" lon="35.266086">
        <ele>10.225483207088898</ele>
      </trkpt>
      <trkpt lat="30.99406" lon="35.26611">
        <ele>9.202741493749208</ele>
      </trkpt>
      <trkpt lat="30.994006" lon="35.266135">
        <ele>7.982119322930539</ele>
      </trkpt>
      <trkpt lat="30.993944" lon="35.26618">
        <ele>6.601798297895041</ele>
      </trkpt>
      <trkpt lat="30.993892" lon="35.26623">
        <ele>5.32796331420452</ele>
      </trkpt>
      <trkpt lat="30.993837" lon="35.266262">
        <ele>4.166155774206787</ele>
      </trkpt>
      <trkpt lat="30.993785" lon="35.266284">
        <ele>3.162609064470756</ele>
      </trkpt>
      <trkpt lat="30.993723" lon="35.266291">
        <ele>2.6085051715996697</ele>
      </trkpt>
      <trkpt lat="30.993675" lon="35.266294">
        <ele>2.1809042697677397</ele>
      </trkpt>
      <trkpt lat="30.993643" lon="35.266252">
        <ele>1.752412975915685</ele>
      </trkpt>
      <trkpt lat="30.993625" lon="35.266201">
        <ele>1.3318382679808862</ele>
      </trkpt>
      <trkpt lat="30.993578" lon="35.266138">
        <ele>0.756239998874839</ele>
      </trkpt>
      <trkpt lat="30.993541" lon="35.266072">
        <ele>0.5056757919225607</ele>
      </trkpt>
      <trkpt lat="30.993516" lon="35.266019">
        <ele>0.3134677881074748</ele>
      </trkpt>
      <trkpt lat="30.993467" lon="35.265944">
        <ele>0.013849488908588059</ele>
      </trkpt>
      <trkpt lat="30.993419" lon="35.265877">
        <ele>-0.44162609422792587</ele>
      </trkpt>
      <trkpt lat="30.993378" lon="35.265829">
        <ele>-1.2597594069396996</ele>
      </trkpt>
      <trkpt lat="30.993362" lon="35.265774">
        <ele>-1.9610136233232935</ele>
      </trkpt>
      <trkpt lat="30.993353" lon="35.265733">
        <ele>-2.472010959989502</ele>
      </trkpt>
      <trkpt lat="30.993342" lon="35.265688">
        <ele>-3.03698924071619</ele>
      </trkpt>
      <trkpt lat="30.993332" lon="35.265638">
        <ele>-3.6568910470809497</ele>
      </trkpt>
      <trkpt lat="30.99334" lon="35.265597">
        <ele>-4.034647981686916</ele>
      </trkpt>
      <trkpt lat="30.993343" lon="35.265539">
        <ele>-4.182343312392649</ele>
      </trkpt>
      <trkpt lat="30.993352" lon="35.265416">
        <ele>-4.496127520303776</ele>
      </trkpt>
      <trkpt lat="30.993354" lon="35.265249">
        <ele>-5.161972659674608</ele>
      </trkpt>
      <trkpt lat="30.993348" lon="35.26505">
        <ele>-6.680394271448675</ele>
      </trkpt>
      <trkpt lat="30.993292" lon="35.264746">
        <ele>-11.057251495265456</ele>
      </trkpt>
      <trkpt lat="30.99327" lon="35.264341">
        <ele>-13.108735760348203</ele>
      </trkpt>
      <trkpt lat="30.993245" lon="35.264023">
        <ele>-11.571703482427823</ele>
      </trkpt>
      <trkpt lat="30.993303" lon="35.263814">
        <ele>-10.385122340747914</ele>
      </trkpt>
      <trkpt lat="30.993353" lon="35.263705">
        <ele>-9.634245449937165</ele>
      </trkpt>
      <trkpt lat="30.993416" lon="35.263607">
        <ele>-8.777990873434295</ele>
      </trkpt>
      <trkpt lat="30.993958" lon="35.263277">
        <ele>-4.331994524332105</ele>
      </trkpt>
      <trkpt lat="30.993709" lon="35.263095">
        <ele>-8.106892247115313</ele>
      </trkpt>
      <trkpt lat="30.993653" lon="35.262852">
        <ele>-8.357969073448576</ele>
      </trkpt>
      <trkpt lat="30.993978" lon="35.262063">
        <ele>-6.95599005683833</ele>
      </trkpt>
      <trkpt lat="30.994218" lon="35.261699">
        <ele>-5.649488437032838</ele>
      </trkpt>
      <trkpt lat="30.994201" lon="35.261639">
        <ele>-5.38819135378085</ele>
      </trkpt>
      <trkpt lat="30.994154" lon="35.261475">
        <ele>-4.618998723580786</ele>
      </trkpt>
      <trkpt lat="30.99423" lon="35.260952">
        <ele>-1.0346478006412934</ele>
      </trkpt>
      <trkpt lat="30.994238" lon="35.260863">
        <ele>-0.32382687469218396</ele>
      </trkpt>
      <trkpt lat="30.994342" lon="35.260475">
        <ele>2.3280181805118447</ele>
      </trkpt>
      <trkpt lat="30.99433" lon="35.259999">
        <ele>-1.782912206669122</ele>
      </trkpt>
      <trkpt lat="30.994466" lon="35.25964">
        <ele>-3.777771853663529</ele>
      </trkpt>
      <trkpt lat="30.99467" lon="35.259551">
        <ele>-4.370640994700601</ele>
      </trkpt>
      <trkpt lat="30.99461" lon="35.259369">
        <ele>-4.774519652228368</ele>
      </trkpt>
      <trkpt lat="30.99471" lon="35.258883">
        <ele>-1.4410336804799853</ele>
      </trkpt>
      <trkpt lat="30.994738" lon="35.25864">
        <ele>3.6157138490319705</ele>
      </trkpt>
      <trkpt lat="30.995022" lon="35.258383">
        <ele>11.00216624428402</ele>
      </trkpt>
      <trkpt lat="30.995223" lon="35.25786">
        <ele>14.063698568181717</ele>
      </trkpt>
      <trkpt lat="30.995279" lon="35.257645">
        <ele>12.013430432136783</ele>
      </trkpt>
      <trkpt lat="30.995106" lon="35.255693">
        <ele>12.676327869238097</ele>
      </trkpt>
      <trkpt lat="30.994958" lon="35.255366">
        <ele>11.965400999505903</ele>
      </trkpt>
      <trkpt lat="30.995046" lon="35.254675">
        <ele>10.401282857237257</ele>
      </trkpt>
      <trkpt lat="30.994958" lon="35.254493">
        <ele>10.46767360496272</ele>
      </trkpt>
      <trkpt lat="30.994766" lon="35.253737">
        <ele>13.32736349533046</ele>
      </trkpt>
      <trkpt lat="30.99463" lon="35.253452">
        <ele>14.249312468208279</ele>
      </trkpt>
      <trkpt lat="30.994526" lon="35.25312">
        <ele>16.455918904734073</ele>
      </trkpt>
      <trkpt lat="30.994554" lon="35.252938">
        <ele>18.100925538909177</ele>
      </trkpt>
      <trkpt lat="30.994726" lon="35.25277">
        <ele>22.25396029967511</ele>
      </trkpt>
      <trkpt lat="30.994874" lon="35.252499">
        <ele>24.984490826524166</ele>
      </trkpt>
      <trkpt lat="30.995207" lon="35.251589">
        <ele>18.990109976677115</ele>
      </trkpt>
      <trkpt lat="30.995679" lon="35.250813">
        <ele>22.558561792219667</ele>
      </trkpt>
      <trkpt lat="30.995719" lon="35.250449">
        <ele>21.579925319603838</ele>
      </trkpt>
      <trkpt lat="30.995879" lon="35.249781">
        <ele>26.967515330664064</ele>
      </trkpt>
      <trkpt lat="30.996171" lon="35.249366">
        <ele>28.00237169528743</ele>
      </trkpt>
      <trkpt lat="30.996656" lon="35.24853">
        <ele>37.00819885146701</ele>
      </trkpt>
      <trkpt lat="30.997016" lon="35.248203">
        <ele>38.7</ele>
      </trkpt>
      <trkpt lat="30.99712" lon="35.248025">
        <ele>38.7</ele>
      </trkpt>
      <trkpt lat="30.997398" lon="35.24777">
        <ele>39.15865172203337</ele>
      </trkpt>
      <trkpt lat="30.997467" lon="35.247632">
        <ele>38.77510850697578</ele>
      </trkpt>
      <trkpt lat="30.997504" lon="35.24731">
        <ele>38.2</ele>
      </trkpt>
      <trkpt lat="30.99774" lon="35.247041">
        <ele>39.35606595156743</ele>
      </trkpt>
      <trkpt lat="30.998111" lon="35.246885">
        <ele>40.270093893722425</ele>
      </trkpt>
      <trkpt lat="30.99829" lon="35.246885">
        <ele>41.066249568494186</ele>
      </trkpt>
      <trkpt lat="30.998322" lon="35.246866">
        <ele>41.22595267812731</ele>
      </trkpt>
      <extensions>
        <RoutingType xmlns="">Hike</RoutingType>
      </extensions>
    </trkseg>
    <trkseg>
      <trkpt lat="30.998322" lon="35.246866">
        <ele>41.4</ele>
      </trkpt>
      <trkpt lat="30.998484" lon="35.246769">
        <ele>42.749844338381344</ele>
      </trkpt>
      <trkpt lat="30.998905" lon="35.246475">
        <ele>41.950643593611346</ele>
      </trkpt>
      <trkpt lat="30.999094" lon="35.246104">
        <ele>42.50531252201623</ele>
      </trkpt>
      <trkpt lat="30.999246" lon="35.245975">
        <ele>43.38599509713347</ele>
      </trkpt>
      <trkpt lat="30.999471" lon="35.245675">
        <ele>44.16557970228624</ele>
      </trkpt>
      <trkpt lat="30.99968" lon="35.245608">
        <ele>43.31622101280581</ele>
      </trkpt>
      <trkpt lat="31.000085" lon="35.245337">
        <ele>44.37480867762042</ele>
      </trkpt>
      <trkpt lat="31.000363" lon="35.245197">
        <ele>49.2689116684691</ele>
      </trkpt>
      <trkpt lat="31.000717" lon="35.244883">
        <ele>53.99409917331311</ele>
      </trkpt>
      <trkpt lat="31.000956" lon="35.244513">
        <ele>52.69569840085258</ele>
      </trkpt>
      <trkpt lat="31.00108" lon="35.244022">
        <ele>53.1535870754411</ele>
      </trkpt>
      <trkpt lat="31.001073" lon="35.243365">
        <ele>53.58198146752699</ele>
      </trkpt>
      <trkpt lat="31.001007" lon="35.243003">
        <ele>52.60369544080767</ele>
      </trkpt>
      <trkpt lat="31.00108" lon="35.242789">
        <ele>52.57071086695791</ele>
      </trkpt>
      <trkpt lat="31.001469" lon="35.242435">
        <ele>58.670935965356534</ele>
      </trkpt>
      <trkpt lat="31.001607" lon="35.242276">
        <ele>62.26539097113209</ele>
      </trkpt>
      <trkpt lat="31.001673" lon="35.242054">
        <ele>64.38723833583416</ele>
      </trkpt>
      <trkpt lat="31.001508" lon="35.2417">
        <ele>64.66016311224523</ele>
      </trkpt>
      <trkpt lat="31.001293" lon="35.240846">
        <ele>66.70207861020718</ele>
      </trkpt>
      <trkpt lat="31.000974" lon="35.240606">
        <ele>64.16549037936437</ele>
      </trkpt>
      <trkpt lat="31.000943" lon="35.240293">
        <ele>63.28530688408896</ele>
      </trkpt>
      <trkpt lat="31.001007" lon="35.239992">
        <ele>65.69577565149882</ele>
      </trkpt>
      <trkpt lat="31.001154" lon="35.239887">
        <ele>68.63455921005769</ele>
      </trkpt>
      <trkpt lat="31.00134" lon="35.239858">
        <ele>71.40776371434583</ele>
      </trkpt>
      <trkpt lat="31.001404" lon="35.239834">
        <ele>72.25493885993438</ele>
      </trkpt>
      <trkpt lat="31.001673" lon="35.239716">
        <ele>74.73830637193403</ele>
      </trkpt>
      <trkpt lat="31.001999" lon="35.239537">
        <ele>76.91766279248046</ele>
      </trkpt>
      <trkpt lat="31.002249" lon="35.239395">
        <ele>80.5426259393492</ele>
      </trkpt>
      <trkpt lat="31.002345" lon="35.239285">
        <ele>82.53758259294298</ele>
      </trkpt>
      <trkpt lat="31.002549" lon="35.239238">
        <ele>85.3458840841504</ele>
      </trkpt>
      <trkpt lat="31.002758" lon="35.239082">
        <ele>87.9944668669308</ele>
      </trkpt>
      <trkpt lat="31.002955" lon="35.239017">
        <ele>89.66386971102654</ele>
      </trkpt>
      <trkpt lat="31.003082" lon="35.23896">
        <ele>89.84638000367254</ele>
      </trkpt>
      <trkpt lat="31.003234" lon="35.239096">
        <ele>90.27709669450513</ele>
      </trkpt>
      <trkpt lat="31.003593" lon="35.239163">
        <ele>93.90919126208883</ele>
      </trkpt>
      <trkpt lat="31.003788" lon="35.239301">
        <ele>98.14950833978477</ele>
      </trkpt>
      <trkpt lat="31.004049" lon="35.239521">
        <ele>103.72028222857098</ele>
      </trkpt>
      <trkpt lat="31.00385" lon="35.239567">
        <ele>105.9388101778137</ele>
      </trkpt>
      <trkpt lat="31.003774" lon="35.239701">
        <ele>106.90870914370053</ele>
      </trkpt>
      <trkpt lat="31.003644" lon="35.239869">
        <ele>110.31159989559757</ele>
      </trkpt>
      <trkpt lat="31.003496" lon="35.239991">
        <ele>114.00580746009817</ele>
      </trkpt>
      <trkpt lat="31.003388" lon="35.240194">
        <ele>118.18063215350026</ele>
      </trkpt>
      <trkpt lat="31.003342" lon="35.240319">
        <ele>122.10075342328263</ele>
      </trkpt>
      <trkpt lat="31.003379" lon="35.240442">
        <ele>125.86937546627249</ele>
      </trkpt>
      <trkpt lat="31.003481" lon="35.240486">
        <ele>130.07829071249787</ele>
      </trkpt>
      <trkpt lat="31.003606" lon="35.240593">
        <ele>136.57175646479942</ele>
      </trkpt>
      <trkpt lat="31.003602" lon="35.240684">
        <ele>139.7659306266865</ele>
      </trkpt>
      <trkpt lat="31.003599" lon="35.24076">
        <ele>142.32800910089392</ele>
      </trkpt>
      <trkpt lat="31.003542" lon="35.240838">
        <ele>145.7797994749351</ele>
      </trkpt>
      <trkpt lat="31.003603" lon="35.240902">
        <ele>149.00298463099895</ele>
      </trkpt>
      <trkpt lat="31.00358" lon="35.241038">
        <ele>153.46029325080502</ele>
      </trkpt>
      <trkpt lat="31.003552" lon="35.241131">
        <ele>156.62316152232845</ele>
      </trkpt>
      <trkpt lat="31.003455" lon="35.241233">
        <ele>161.00806058305668</ele>
      </trkpt>
      <trkpt lat="31.003515" lon="35.241273">
        <ele>163.00593115835431</ele>
      </trkpt>
      <trkpt lat="31.003502" lon="35.241384">
        <ele>165.78211132157128</ele>
      </trkpt>
      <trkpt lat="31.003533" lon="35.241516">
        <ele>168.13683972318591</ele>
      </trkpt>
      <trkpt lat="31.003612" lon="35.241572">
        <ele>169.4730761612545</ele>
      </trkpt>
      <trkpt lat="31.00355" lon="35.241703">
        <ele>171.3439660521277</ele>
      </trkpt>
      <trkpt lat="31.003535" lon="35.241864">
        <ele>173.45343655233947</ele>
      </trkpt>
      <trkpt lat="31.003542" lon="35.242013">
        <ele>175.60010017071127</ele>
      </trkpt>
      <trkpt lat="31.003583" lon="35.242149">
        <ele>178.76039395879113</ele>
      </trkpt>
      <trkpt lat="31.003689" lon="35.242266">
        <ele>182.57792598204867</ele>
      </trkpt>
      <trkpt lat="31.003837" lon="35.242417">
        <ele>188.48066737896627</ele>
      </trkpt>
      <trkpt lat="31.003939" lon="35.242535">
        <ele>192.95949043982102</ele>
      </trkpt>
      <trkpt lat="31.004014" lon="35.242618">
        <ele>196.25462581883528</ele>
      </trkpt>
      <trkpt lat="31.003999" lon="35.242683">
        <ele>198.09378332439448</ele>
      </trkpt>
      <trkpt lat="31.004076" lon="35.242688">
        <ele>200.44434889081955</ele>
      </trkpt>
      <trkpt lat="31.004157" lon="35.242782">
        <ele>203.87436899910327</ele>
      </trkpt>
      <trkpt lat="31.004126" lon="35.242857">
        <ele>206.01705316741104</ele>
      </trkpt>
      <trkpt lat="31.004229" lon="35.242984">
        <ele>210.65393468057627</ele>
      </trkpt>
      <trkpt lat="31.004297" lon="35.242937">
        <ele>213.11472608899174</ele>
      </trkpt>
      <trkpt lat="31.004413" lon="35.242988">
        <ele>217.24885705996925</ele>
      </trkpt>
      <trkpt lat="31.004464" lon="35.243109">
        <ele>221.40407899660337</ele>
      </trkpt>
      <trkpt lat="31.004575" lon="35.243134">
        <ele>225.40993387595384</ele>
      </trkpt>
      <trkpt lat="31.004678" lon="35.243242">
        <ele>229.87559805061017</ele>
      </trkpt>
      <trkpt lat="31.004803" lon="35.243172">
        <ele>234.08063347530407</ele>
      </trkpt>
      <trkpt lat="31.004926" lon="35.243188">
        <ele>236.64948875569794</ele>
      </trkpt>
      <trkpt lat="31.004985" lon="35.243283">
        <ele>238.73664647556188</ele>
      </trkpt>
      <trkpt lat="31.005007" lon="35.243372">
        <ele>240.1095698910336</ele>
      </trkpt>
      <trkpt lat="31.005134" lon="35.24338">
        <ele>242.1366363401033</ele>
      </trkpt>
      <trkpt lat="31.005333" lon="35.243278">
        <ele>245.0634378096699</ele>
      </trkpt>
      <trkpt lat="31.0055" lon="35.243277">
        <ele>247.022702679348</ele>
      </trkpt>
      <trkpt lat="31.005632" lon="35.243209">
        <ele>248.6271888942296</ele>
      </trkpt>
      <trkpt lat="31.005804" lon="35.243039">
        <ele>249.74779243572289</ele>
      </trkpt>
      <trkpt lat="31.005979" lon="35.242848">
        <ele>250.67872623121409</ele>
      </trkpt>
      <trkpt lat="31.006187" lon="35.24273">
        <ele>253.09358583035385</ele>
      </trkpt>
      <trkpt lat="31.006479" lon="35.242679">
        <ele>257.0579354405014</ele>
      </trkpt>
      <trkpt lat="31.00681" lon="35.242629">
        <ele>260.7309876422317</ele>
      </trkpt>
      <trkpt lat="31.007068" lon="35.242496">
        <ele>264.18100996535804</ele>
      </trkpt>
      <trkpt lat="31.007409" lon="35.242403">
        <ele>271.24907889910645</ele>
      </trkpt>
      <trkpt lat="31.007724" lon="35.242246">
        <ele>277.10373513628423</ele>
      </trkpt>
      <trkpt lat="31.008012" lon="35.242095">
        <ele>280.44553538045966</ele>
      </trkpt>
      <trkpt lat="31.00824" lon="35.241884">
        <ele>283.72575276957093</ele>
      </trkpt>
      <trkpt lat="31.008351" lon="35.241777">
        <ele>285.8070972370196</ele>
      </trkpt>
      <trkpt lat="31.008583" lon="35.241705">
        <ele>291.37821265981756</ele>
      </trkpt>
      <trkpt lat="31.008925" lon="35.241599">
        <ele>301.4154606945918</ele>
      </trkpt>
      <trkpt lat="31.009111" lon="35.241613">
        <ele>306.9421938093946</ele>
      </trkpt>
      <trkpt lat="31.009444" lon="35.241516">
        <ele>316.98490493595114</ele>
      </trkpt>
      <trkpt lat="31.009675" lon="35.241404">
        <ele>324.13686348240816</ele>
      </trkpt>
      <trkpt lat="31.009939" lon="35.241264">
        <ele>332.78240503854653</ele>
      </trkpt>
      <trkpt lat="31.010219" lon="35.241111">
        <ele>342.93466961351777</ele>
      </trkpt>
      <trkpt lat="31.010397" lon="35.241075">
        <ele>349.8984585096838</ele>
      </trkpt>
      <trkpt lat="31.010567" lon="35.240997">
        <ele>353.9529007735936</ele>
      </trkpt>
      <trkpt lat="31.010758" lon="35.240823">
        <ele>357.8264906343107</ele>
      </trkpt>
      <trkpt lat="31.010914" lon="35.240599">
        <ele>361.96315092578743</ele>
      </trkpt>
      <trkpt lat="31.011057" lon="35.24048">
        <ele>365.73911377566907</ele>
      </trkpt>
      <trkpt lat="31.01112" lon="35.240285">
        <ele>369.5787731744753</ele>
      </trkpt>
      <trkpt lat="31.011184" lon="35.240427">
        <ele>372.38639210993347</ele>
      </trkpt>
      <trkpt lat="31.011306" lon="35.24031">
        <ele>375.43015127208463</ele>
      </trkpt>
      <trkpt lat="31.011389" lon="35.240479">
        <ele>377.78989130663894</ele>
      </trkpt>
      <trkpt lat="31.011458" lon="35.240201">
        <ele>380.4901437061739</ele>
      </trkpt>
      <trkpt lat="31.011568" lon="35.240037">
        <ele>382.07786849122374</ele>
      </trkpt>
      <trkpt lat="31.011549" lon="35.23987">
        <ele>383.3622603854803</ele>
      </trkpt>
      <trkpt lat="31.011646" lon="35.239724">
        <ele>384.7706556706403</ele>
      </trkpt>
      <trkpt lat="31.011695" lon="35.239573">
        <ele>386.00164679041177</ele>
      </trkpt>
      <trkpt lat="31.011754" lon="35.239314">
        <ele>387.9929724555947</ele>
      </trkpt>
      <trkpt lat="31.011789" lon="35.239112">
        <ele>389.5854027742474</ele>
      </trkpt>
      <trkpt lat="31.011881" lon="35.238834">
        <ele>392.41611650382845</ele>
      </trkpt>
      <trkpt lat="31.011878" lon="35.238623">
        <ele>395.2987263009464</ele>
      </trkpt>
      <trkpt lat="31.012034" lon="35.238379">
        <ele>399.6084024352607</ele>
      </trkpt>
      <trkpt lat="31.012258" lon="35.238042">
        <ele>403.95706131480193</ele>
      </trkpt>
      <trkpt lat="31.012408" lon="35.237832">
        <ele>405.172833150594</ele>
      </trkpt>
      <trkpt lat="31.012585" lon="35.237637">
        <ele>405.72972908761176</ele>
      </trkpt>
      <trkpt lat="31.012729" lon="35.237495">
        <ele>407.13791998975904</ele>
      </trkpt>
      <trkpt lat="31.012823" lon="35.237362">
        <ele>408.3586585363696</ele>
      </trkpt>
      <trkpt lat="31.01295" lon="35.237295">
        <ele>409.3918699068063</ele>
      </trkpt>
      <trkpt lat="31.013115" lon="35.237141">
        <ele>410.5290963123255</ele>
      </trkpt>
      <trkpt lat="31.013296" lon="35.23697">
        <ele>410.83691550994104</ele>
      </trkpt>
      <trkpt lat="31.013496" lon="35.236761">
        <ele>409.6250790405229</ele>
      </trkpt>
      <trkpt lat="31.013717" lon="35.236437">
        <ele>407.71770539278725</ele>
      </trkpt>
      <trkpt lat="31.013861" lon="35.236143">
        <ele>408.07855268040856</ele>
      </trkpt>
      <trkpt lat="31.014056" lon="35.235774">
        <ele>409.7945970108907</ele>
      </trkpt>
      <trkpt lat="31.014275" lon="35.235622">
        <ele>411.4001934246912</ele>
      </trkpt>
      <trkpt lat="31.014542" lon="35.235499">
        <ele>413.09614288868454</ele>
      </trkpt>
      <trkpt lat="31.0147" lon="35.23527">
        <ele>414.49696135098196</ele>
      </trkpt>
      <trkpt lat="31.01481" lon="35.235144">
        <ele>415.6955652684117</ele>
      </trkpt>
      <trkpt lat="31.015005" lon="35.234977">
        <ele>417.48515832380986</ele>
      </trkpt>
      <trkpt lat="31.015217" lon="35.234785">
        <ele>418.7302867584683</ele>
      </trkpt>
      <trkpt lat="31.015384" lon="35.234666">
        <ele>419.223028508265</ele>
      </trkpt>
      <trkpt lat="31.01566" lon="35.234555">
        <ele>420.84298753182253</ele>
      </trkpt>
      <trkpt lat="31.015884" lon="35.234476">
        <ele>422.96521099647396</ele>
      </trkpt>
      <trkpt lat="31.016038" lon="35.234288">
        <ele>425.19569928261603</ele>
      </trkpt>
      <trkpt lat="31.016243" lon="35.234114">
        <ele>425.9306774677331</ele>
      </trkpt>
      <trkpt lat="31.016434" lon="35.23373">
        <ele>423.1085041752561</ele>
      </trkpt>
      <trkpt lat="31.01651" lon="35.233452">
        <ele>421.4902981067085</ele>
      </trkpt>
      <trkpt lat="31.016625" lon="35.233107">
        <ele>419.6303636179114</ele>
      </trkpt>
      <trkpt lat="31.01667" lon="35.23274">
        <ele>415.6186729764515</ele>
      </trkpt>
      <trkpt lat="31.016591" lon="35.232525">
        <ele>411.4564976239454</ele>
      </trkpt>
      <trkpt lat="31.016673" lon="35.232261">
        <ele>406.4102315139757</ele>
      </trkpt>
      <extensions>
        <RoutingType xmlns="">Hike</RoutingType>
      </extensions>
    </trkseg>
    <trkseg>
      <trkpt lat="31.016673" lon="35.232261">
        <ele>404.4</ele>
      </trkpt>
      <trkpt lat="31.016703" lon="35.232166">
        <ele>402.373888353562</ele>
      </trkpt>
      <trkpt lat="31.016858" lon="35.231931">
        <ele>396.7821517436168</ele>
      </trkpt>
      <trkpt lat="31.016898" lon="35.231766">
        <ele>394.05868935812583</ele>
      </trkpt>
      <trkpt lat="31.016894" lon="35.231521">
        <ele>389.87341364174887</ele>
      </trkpt>
      <trkpt lat="31.017009" lon="35.231319">
        <ele>385.70798450793575</ele>
      </trkpt>
      <trkpt lat="31.016999" lon="35.231">
        <ele>380.0741669601567</ele>
      </trkpt>
      <trkpt lat="31.016964" lon="35.230733">
        <ele>374.90329715330233</ele>
      </trkpt>
      <trkpt lat="31.016958" lon="35.230503">
        <ele>370.44457083614867</ele>
      </trkpt>
      <trkpt lat="31.01684" lon="35.2304">
        <ele>366.4041789696787</ele>
      </trkpt>
      <trkpt lat="31.016788" lon="35.230126">
        <ele>359.67852037885103</ele>
      </trkpt>
      <trkpt lat="31.016731" lon="35.229762">
        <ele>349.88603553174255</ele>
      </trkpt>
      <trkpt lat="31.016625" lon="35.229438">
        <ele>340.46826738400364</ele>
      </trkpt>
      <trkpt lat="31.016415" lon="35.229205">
        <ele>334.50579960352206</ele>
      </trkpt>
      <trkpt lat="31.016317" lon="35.228869">
        <ele>329.80792067781425</ele>
      </trkpt>
      <trkpt lat="31.016291" lon="35.228487">
        <ele>322.9930439460216</ele>
      </trkpt>
      <trkpt lat="31.016234" lon="35.228197">
        <ele>316.82285345774363</ele>
      </trkpt>
      <trkpt lat="31.016199" lon="35.227974">
        <ele>311.6377657156968</ele>
      </trkpt>
      <trkpt lat="31.016215" lon="35.227705">
        <ele>306.45493252268807</ele>
      </trkpt>
      <trkpt lat="31.016294" lon="35.227554">
        <ele>304.1937027233913</ele>
      </trkpt>
      <trkpt lat="31.016323" lon="35.227413">
        <ele>303.9173365984912</ele>
      </trkpt>
      <trkpt lat="31.016483" lon="35.22733">
        <ele>304.7324022317554</ele>
      </trkpt>
      <trkpt lat="31.016618" lon="35.227192">
        <ele>307.1272510340663</ele>
      </trkpt>
      <trkpt lat="31.016707" lon="35.227017">
        <ele>309.21493549875845</ele>
      </trkpt>
      <trkpt lat="31.016668" lon="35.226982">
        <ele>309.79849807678846</ele>
      </trkpt>
      <trkpt lat="31.016618" lon="35.226815">
        <ele>310.2601086246597</ele>
      </trkpt>
      <trkpt lat="31.016494" lon="35.226713">
        <ele>309.86647591853705</ele>
      </trkpt>
      <trkpt lat="31.016444" lon="35.226707">
        <ele>309.42551932471434</ele>
      </trkpt>
      <trkpt lat="31.016305" lon="35.226764">
        <ele>307.18653607342975</ele>
      </trkpt>
      <trkpt lat="31.016148" lon="35.226738">
        <ele>305.06949034849185</ele>
      </trkpt>
      <trkpt lat="31.016097" lon="35.226758">
        <ele>304.5111093256017</ele>
      </trkpt>
      <trkpt lat="31.015923" lon="35.226882">
        <ele>302.5393864135063</ele>
      </trkpt>
      <trkpt lat="31.015777" lon="35.226941">
        <ele>301.3940183379509</ele>
      </trkpt>
      <trkpt lat="31.015534" lon="35.226874">
        <ele>298.7967306115569</ele>
      </trkpt>
      <trkpt lat="31.015379" lon="35.226856">
        <ele>296.57206655867</ele>
      </trkpt>
      <trkpt lat="31.015339" lon="35.226827">
        <ele>295.734233107494</ele>
      </trkpt>
      <trkpt lat="31.015287" lon="35.226822">
        <ele>294.8059553770436</ele>
      </trkpt>
      <trkpt lat="31.015318" lon="35.226783">
        <ele>293.99490851158174</ele>
      </trkpt>
      <trkpt lat="31.015343" lon="35.226669">
        <ele>293.049957380866</ele>
      </trkpt>
      <trkpt lat="31.01532" lon="35.226493">
        <ele>293.2196193273228</ele>
      </trkpt>
      <trkpt lat="31.015325" lon="35.226434">
        <ele>293.27611896957035</ele>
      </trkpt>
      <trkpt lat="31.015379" lon="35.226256">
        <ele>292.5717105810307</ele>
      </trkpt>
      <trkpt lat="31.015392" lon="35.226134">
        <ele>292.02497386289707</ele>
      </trkpt>
      <trkpt lat="31.015385" lon="35.226022">
        <ele>290.61621969203634</ele>
      </trkpt>
      <trkpt lat="31.015345" lon="35.225996">
        <ele>289.801600579859</ele>
      </trkpt>
      <trkpt lat="31.015297" lon="35.226001">
        <ele>288.9442272703171</ele>
      </trkpt>
      <trkpt lat="31.015257" lon="35.226038">
        <ele>288.0360867099907</ele>
      </trkpt>
      <trkpt lat="31.015267" lon="35.225981">
        <ele>287.14895157082344</ele>
      </trkpt>
      <trkpt lat="31.015219" lon="35.225986">
        <ele>286.52736793109284</ele>
      </trkpt>
      <trkpt lat="31.015146" lon="35.226056">
        <ele>285.336616384871</ele>
      </trkpt>
      <trkpt lat="31.01511" lon="35.226168">
        <ele>284.0446960128251</ele>
      </trkpt>
      <trkpt lat="31.015096" lon="35.226283">
        <ele>283.6464813599434</ele>
      </trkpt>
      <trkpt lat="31.015098" lon="35.226337">
        <ele>283.6121422170528</ele>
      </trkpt>
      <trkpt lat="31.015119" lon="35.226397">
        <ele>283.5709669793298</ele>
      </trkpt>
      <trkpt lat="31.015103" lon="35.226507">
        <ele>283.50008275533787</ele>
      </trkpt>
      <trkpt lat="31.01507" lon="35.2264">
        <ele>282.3453788112482</ele>
      </trkpt>
      <trkpt lat="31.015002" lon="35.226326">
        <ele>281.24250726696187</ele>
      </trkpt>
      <trkpt lat="31.015004" lon="35.226272">
        <ele>280.69308043978646</ele>
      </trkpt>
      <trkpt lat="31.014975" lon="35.226111">
        <ele>280.6997666592152</ele>
      </trkpt>
      <trkpt lat="31.014931" lon="35.22601">
        <ele>281.05967289205785</ele>
      </trkpt>
      <trkpt lat="31.014833" lon="35.226028">
        <ele>281.60571796137106</ele>
      </trkpt>
      <trkpt lat="31.01479" lon="35.226043">
        <ele>282.00495716008834</ele>
      </trkpt>
      <trkpt lat="31.01474" lon="35.226028">
        <ele>282.4642028665416</ele>
      </trkpt>
      <trkpt lat="31.014728" lon="35.225977">
        <ele>282.8674056296645</ele>
      </trkpt>
      <trkpt lat="31.014641" lon="35.226067">
        <ele>283.86807436064987</ele>
      </trkpt>
      <trkpt lat="31.01463" lon="35.225955">
        <ele>284.5842900091679</ele>
      </trkpt>
      <trkpt lat="31.014697" lon="35.225807">
        <ele>285.6476789833765</ele>
      </trkpt>
      <trkpt lat="31.014737" lon="35.225769">
        <ele>286.37660442382946</ele>
      </trkpt>
      <trkpt lat="31.014742" lon="35.225716">
        <ele>287.07104841927844</ele>
      </trkpt>
      <trkpt lat="31.014796" lon="35.225621">
        <ele>288.5557326209132</ele>
      </trkpt>
      <trkpt lat="31.01481" lon="35.225566">
        <ele>289.30298180155944</ele>
      </trkpt>
      <trkpt lat="31.014755" lon="35.22554">
        <ele>290.1949149048389</ele>
      </trkpt>
      <trkpt lat="31.014744" lon="35.225488">
        <ele>290.8754764446265</ele>
      </trkpt>
      <trkpt lat="31.01477" lon="35.225444">
        <ele>291.5545663805416</ele>
      </trkpt>
      <trkpt lat="31.014779" lon="35.225388">
        <ele>292.2785268318214</ele>
      </trkpt>
      <trkpt lat="31.014893" lon="35.225286">
        <ele>294.27151681814325</ele>
      </trkpt>
      <trkpt lat="31.014915" lon="35.225236">
        <ele>294.82498699392755</ele>
      </trkpt>
      <trkpt lat="31.014965" lon="35.225227">
        <ele>295.4062899748954</ele>
      </trkpt>
      <trkpt lat="31.01505" lon="35.225159">
        <ele>296.5904632225471</ele>
      </trkpt>
      <trkpt lat="31.015101" lon="35.225065">
        <ele>297.78743646135007</ele>
      </trkpt>
      <trkpt lat="31.015045" lon="35.224978">
        <ele>298.9971372453168</ele>
      </trkpt>
      <trkpt lat="31.015004" lon="35.224954">
        <ele>299.5921993739488</ele>
      </trkpt>
      <trkpt lat="31.014955" lon="35.224952">
        <ele>300.2282525057955</ele>
      </trkpt>
      <trkpt lat="31.014859" lon="35.224976">
        <ele>301.313003360522</ele>
      </trkpt>
      <trkpt lat="31.014761" lon="35.224972">
        <ele>302.36703426701854</ele>
      </trkpt>
      <trkpt lat="31.014681" lon="35.22503">
        <ele>303.390372481935</ele>
      </trkpt>
      <trkpt lat="31.014636" lon="35.225044">
        <ele>303.9600168696023</ele>
      </trkpt>
      <trkpt lat="31.014578" lon="35.225128">
        <ele>305.0907941387578</ele>
      </trkpt>
      <trkpt lat="31.014536" lon="35.225154">
        <ele>305.6723383922811</ele>
      </trkpt>
      <trkpt lat="31.014539" lon="35.225098">
        <ele>306.2605205406408</ele>
      </trkpt>
      <trkpt lat="31.014521" lon="35.225047">
        <ele>307.07017140202095</ele>
      </trkpt>
      <trkpt lat="31.014472" lon="35.225047">
        <ele>308.25069087316035</ele>
      </trkpt>
      <trkpt lat="31.014398" lon="35.224976">
        <ele>310.5588578653788</ele>
      </trkpt>
      <trkpt lat="31.014161" lon="35.224907">
        <ele>317.72984776747757</ele>
      </trkpt>
      <trkpt lat="31.014121" lon="35.224875">
        <ele>319.34769827461275</ele>
      </trkpt>
      <trkpt lat="31.014027" lon="35.224876">
        <ele>322.53466227343966</ele>
      </trkpt>
      <trkpt lat="31.013832" lon="35.224827">
        <ele>330.0759087921696</ele>
      </trkpt>
      <trkpt lat="31.013688" lon="35.224895">
        <ele>334.9472915576139</ele>
      </trkpt>
      <trkpt lat="31.013589" lon="35.224853">
        <ele>337.83659011888665</ele>
      </trkpt>
      <trkpt lat="31.013554" lon="35.224804">
        <ele>339.33603055143266</ele>
      </trkpt>
      <trkpt lat="31.013577" lon="35.224736">
        <ele>339.0593610473384</ele>
      </trkpt>
      <trkpt lat="31.01355" lon="35.224686">
        <ele>338.40230522421496</ele>
      </trkpt>
      <trkpt lat="31.013472" lon="35.224616">
        <ele>337.1257462695802</ele>
      </trkpt>
      <trkpt lat="31.013391" lon="35.224559">
        <ele>336.36359550831776</ele>
      </trkpt>
      <trkpt lat="31.013245" lon="35.224512">
        <ele>337.4301930147906</ele>
      </trkpt>
      <trkpt lat="31.0132" lon="35.224508">
        <ele>337.74801683915297</ele>
      </trkpt>
      <trkpt lat="31.013162" lon="35.224539">
        <ele>338.0745482919467</ele>
      </trkpt>
      <trkpt lat="31.013115" lon="35.22454">
        <ele>337.90699354786443</ele>
      </trkpt>
      <trkpt lat="31.012954" lon="35.224405">
        <ele>337.0251635339581</ele>
      </trkpt>
      <trkpt lat="31.012898" lon="35.224302">
        <ele>335.76729660725744</ele>
      </trkpt>
      <trkpt lat="31.012847" lon="35.22428">
        <ele>334.9611503664496</ele>
      </trkpt>
      <trkpt lat="31.012703" lon="35.224246">
        <ele>332.8648802058455</ele>
      </trkpt>
      <trkpt lat="31.012598" lon="35.224257">
        <ele>332.3959828274099</ele>
      </trkpt>
      <trkpt lat="31.012389" lon="35.224231">
        <ele>331.1028113435327</ele>
      </trkpt>
      <trkpt lat="31.01234" lon="35.224247">
        <ele>330.5370221442156</ele>
      </trkpt>
      <trkpt lat="31.012293" lon="35.224236">
        <ele>330.00399582828356</ele>
      </trkpt>
      <trkpt lat="31.012204" lon="35.224185">
        <ele>328.9014513510358</ele>
      </trkpt>
      <trkpt lat="31.012135" lon="35.224111">
        <ele>329.28846507816615</ele>
      </trkpt>
      <trkpt lat="31.012091" lon="35.224094">
        <ele>329.6492338427584</ele>
      </trkpt>
      <trkpt lat="31.011983" lon="35.224108">
        <ele>330.4950396590377</ele>
      </trkpt>
      <trkpt lat="31.011908" lon="35.224179">
        <ele>331.62975522892566</ele>
      </trkpt>
      <trkpt lat="31.011815" lon="35.22421">
        <ele>333.0278867439376</ele>
      </trkpt>
      <trkpt lat="31.011671" lon="35.224189">
        <ele>334.57994432431934</ele>
      </trkpt>
      <trkpt lat="31.011591" lon="35.224123">
        <ele>334.1804727583752</ele>
      </trkpt>
      <trkpt lat="31.011543" lon="35.22411">
        <ele>333.97956658379803</ele>
      </trkpt>
      <trkpt lat="31.011432" lon="35.223992">
        <ele>333.43078470675874</ele>
      </trkpt>
      <trkpt lat="31.011424" lon="35.223934">
        <ele>333.2814888646744</ele>
      </trkpt>
      <trkpt lat="31.011399" lon="35.223887">
        <ele>333.1409108663511</ele>
      </trkpt>
      <trkpt lat="31.011352" lon="35.223862">
        <ele>332.98774754343157</ele>
      </trkpt>
      <trkpt lat="31.011337" lon="35.223806">
        <ele>332.838642504267</ele>
      </trkpt>
      <trkpt lat="31.011292" lon="35.223781">
        <ele>332.7181410958805</ele>
      </trkpt>
      <trkpt lat="31.011139" lon="35.223785">
        <ele>332.3777992144154</ele>
      </trkpt>
      <trkpt lat="31.011041" lon="35.223767">
        <ele>332.2785157137516</ele>
      </trkpt>
      <trkpt lat="31.010852" lon="35.223681">
        <ele>333.1056226843329</ele>
      </trkpt>
      <trkpt lat="31.010543" lon="35.223405">
        <ele>336.1453796335816</ele>
      </trkpt>
      <trkpt lat="31.01045" lon="35.223269">
        <ele>336.8638887565726</ele>
      </trkpt>
      <trkpt lat="31.010406" lon="35.22324">
        <ele>337.1022734021495</ele>
      </trkpt>
      <trkpt lat="31.010347" lon="35.223145">
        <ele>337.25135053739604</ele>
      </trkpt>
      <trkpt lat="31.010204" lon="35.222985">
        <ele>337.61273240364756</ele>
      </trkpt>
      <trkpt lat="31.009965" lon="35.222841">
        <ele>338.63167229113895</ele>
      </trkpt>
      <trkpt lat="31.009667" lon="35.222798">
        <ele>340.0562848048032</ele>
      </trkpt>
      <trkpt lat="31.009535" lon="35.222712">
        <ele>340.95287384069115</ele>
      </trkpt>
      <trkpt lat="31.009434" lon="35.222667">
        <ele>341.5756532483902</ele>
      </trkpt>
      <trkpt lat="31.009237" lon="35.222479">
        <ele>343.5752382320395</ele>
      </trkpt>
      <trkpt lat="31.009205" lon="35.222433">
        <ele>344.723309151911</ele>
      </trkpt>
      <trkpt lat="31.009156" lon="35.222417">
        <ele>345.87374998185277</ele>
      </trkpt>
      <trkpt lat="31.009119" lon="35.222376">
        <ele>347.0274738516038</ele>
      </trkpt>
      <trkpt lat="31.009062" lon="35.222359">
        <ele>348.35766195139877</ele>
      </trkpt>
      <trkpt lat="31.009024" lon="35.222328">
        <ele>349.55533053588385</ele>
      </trkpt>
      <trkpt lat="31.009038" lon="35.222277">
        <ele>350.8993039829822</ele>
      </trkpt>
      <trkpt lat="31.008997" lon="35.222244">
        <ele>352.35778937622166</ele>
      </trkpt>
      <trkpt lat="31.008979" lon="35.222191">
        <ele>353.7885303594704</ele>
      </trkpt>
      <trkpt lat="31.008937" lon="35.222172">
        <ele>355.10755267239307</ele>
      </trkpt>
      <trkpt lat="31.00889" lon="35.222177">
        <ele>356.48948412320595</ele>
      </trkpt>
      <trkpt lat="31.008872" lon="35.222129">
        <ele>356.9144231311262</ele>
      </trkpt>
      <trkpt lat="31.008898" lon="35.222079">
        <ele>357.0816318864095</ele>
      </trkpt>
      <trkpt lat="31.008935" lon="35.222048">
        <ele>357.2335851190423</ele>
      </trkpt>
      <trkpt lat="31.008978" lon="35.222064">
        <ele>357.384144500044</ele>
      </trkpt>
      <trkpt lat="31.009023" lon="35.22205">
        <ele>357.53950267249223</ele>
      </trkpt>
      <trkpt lat="31.009033" lon="35.22199">
        <ele>357.8077612000438</ele>
      </trkpt>
      <trkpt lat="31.008911" lon="35.221917">
        <ele>361.2634624822249</ele>
      </trkpt>
      <trkpt lat="31.008867" lon="35.221939">
        <ele>362.46998908680104</ele>
      </trkpt>
      <trkpt lat="31.00875" lon="35.222045">
        <ele>365.2014513351595</ele>
      </trkpt>
      <trkpt lat="31.008701" lon="35.222053">
        <ele>365.7149374930896</ele>
      </trkpt>
      <trkpt lat="31.008664" lon="35.222083">
        <ele>366.1825487236921</ele>
      </trkpt>
      <trkpt lat="31.008614" lon="35.222176">
        <ele>367.15906877228457</ele>
      </trkpt>
      <trkpt lat="31.008617" lon="35.222353">
        <ele>366.68551455538613</ele>
      </trkpt>
      <trkpt lat="31.008554" lon="35.222509">
        <ele>366.273738923108</ele>
      </trkpt>
      <trkpt lat="31.008551" lon="35.222623">
        <ele>367.3244850914922</ele>
      </trkpt>
      <trkpt lat="31.008514" lon="35.222802">
        <ele>369.02371875840174</ele>
      </trkpt>
      <trkpt lat="31.008386" lon="35.22305">
        <ele>372.05862469067125</ele>
      </trkpt>
      <trkpt lat="31.008252" lon="35.223228">
        <ele>371.960260707849</ele>
      </trkpt>
      <trkpt lat="31.0082" lon="35.223246">
        <ele>371.859739883963</ele>
      </trkpt>
      <trkpt lat="31.008088" lon="35.223234">
        <ele>370.6104213004878</ele>
      </trkpt>
      <trkpt lat="31.008029" lon="35.223243">
        <ele>369.72824329509706</ele>
      </trkpt>
      <trkpt lat="31.00736" lon="35.223683">
        <ele>369.31020213103966</ele>
      </trkpt>
      <trkpt lat="31.007257" lon="35.22369">
        <ele>369.84558505570044</ele>
      </trkpt>
      <trkpt lat="31.007162" lon="35.223719">
        <ele>370.21108165895674</ele>
      </trkpt>
      <trkpt lat="31.007123" lon="35.223686">
        <ele>370.2289383909274</ele>
      </trkpt>
      <trkpt lat="31.006872" lon="35.223622">
        <ele>370.7350109806407</ele>
      </trkpt>
      <trkpt lat="31.006767" lon="35.223613">
        <ele>371.43742694982717</ele>
      </trkpt>
      <trkpt lat="31.006718" lon="35.22362">
        <ele>371.7667815372665</ele>
      </trkpt>
      <trkpt lat="31.006681" lon="35.223652">
        <ele>372.0740610140137</ele>
      </trkpt>
      <trkpt lat="31.006628" lon="35.223642">
        <ele>372.4507134615248</ele>
      </trkpt>
      <trkpt lat="31.006498" lon="35.223724">
        <ele>373.49144924489804</ele>
      </trkpt>
      <trkpt lat="31.006467" lon="35.223773">
        <ele>373.85906107160883</ele>
      </trkpt>
      <trkpt lat="31.006422" lon="35.223885">
        <ele>373.8724859295645</ele>
      </trkpt>
      <trkpt lat="31.00643" lon="35.223992">
        <ele>373.73599937314816</ele>
      </trkpt>
      <trkpt lat="31.0064" lon="35.224159">
        <ele>373.5595865934131</ele>
      </trkpt>
      <trkpt lat="31.00637" lon="35.224205">
        <ele>373.5228605125811</ele>
      </trkpt>
      <trkpt lat="31.006339" lon="35.224322">
        <ele>373.4450506933607</ele>
      </trkpt>
      <trkpt lat="31.00627" lon="35.224412">
        <ele>373.4633427618797</ele>
      </trkpt>
      <trkpt lat="31.006191" lon="35.224474">
        <ele>373.604501101523</ele>
      </trkpt>
      <trkpt lat="31.00604" lon="35.224457">
        <ele>373.94706716189773</ele>
      </trkpt>
      <trkpt lat="31.005988" lon="35.224478">
        <ele>374.3549825070366</ele>
      </trkpt>
      <trkpt lat="31.005835" lon="35.224455">
        <ele>375.4985466793427</ele>
      </trkpt>
      <trkpt lat="31.005738" lon="35.224483">
        <ele>375.95375102130345</ele>
      </trkpt>
      <trkpt lat="31.005587" lon="35.22433">
        <ele>376.47265021703873</ele>
      </trkpt>
      <trkpt lat="31.005596" lon="35.224156">
        <ele>376.9632439356807</ele>
      </trkpt>
      <trkpt lat="31.005583" lon="35.224095">
        <ele>377.14296631745617</ele>
      </trkpt>
      <trkpt lat="31.005546" lon="35.223989">
        <ele>377.68084634863584</ele>
      </trkpt>
      <trkpt lat="31.005478" lon="35.223897">
        <ele>379.0702313810105</ele>
      </trkpt>
      <trkpt lat="31.005434" lon="35.223745">
        <ele>380.9051001592592</ele>
      </trkpt>
      <trkpt lat="31.00534" lon="35.223624">
        <ele>381.4431990207898</ele>
      </trkpt>
      <trkpt lat="31.005262" lon="35.223569">
        <ele>381.74722506004895</ele>
      </trkpt>
      <trkpt lat="31.005196" lon="35.223488">
        <ele>382.12236265520295</ele>
      </trkpt>
      <trkpt lat="31.005174" lon="35.223437">
        <ele>382.3400249529339</ele>
      </trkpt>
      <trkpt lat="31.005079" lon="35.223383">
        <ele>382.8100470344983</ele>
      </trkpt>
      <trkpt lat="31.004932" lon="35.223228">
        <ele>384.6276033730874</ele>
      </trkpt>
      <trkpt lat="31.004791" lon="35.223152">
        <ele>386.3574802177505</ele>
      </trkpt>
      <trkpt lat="31.004745" lon="35.22315">
        <ele>386.7498998669866</ele>
      </trkpt>
      <trkpt lat="31.004714" lon="35.223111">
        <ele>387.1385496654258</ele>
      </trkpt>
      <trkpt lat="31.004692" lon="35.223059">
        <ele>387.56227709876566</ele>
      </trkpt>
      <trkpt lat="31.004738" lon="35.222899">
        <ele>389.07796245797607</ele>
      </trkpt>
      <trkpt lat="31.004738" lon="35.222843">
        <ele>389.87854897725845</ele>
      </trkpt>
      <trkpt lat="31.004705" lon="35.22274">
        <ele>391.45056525827374</ele>
      </trkpt>
      <trkpt lat="31.004665" lon="35.222714">
        <ele>392.2142909435695</ele>
      </trkpt>
      <trkpt lat="31.004634" lon="35.222553">
        <ele>395.37749292507687</ele>
      </trkpt>
      <trkpt lat="31.004505" lon="35.22251">
        <ele>398.7589322545646</ele>
      </trkpt>
      <trkpt lat="31.004446" lon="35.22242">
        <ele>401.18601179748856</ele>
      </trkpt>
      <trkpt lat="31.004308" lon="35.222369">
        <ele>404.78086392126613</ele>
      </trkpt>
      <trkpt lat="31.004251" lon="35.222272">
        <ele>407.01499115906734</ele>
      </trkpt>
      <trkpt lat="31.004083" lon="35.222153">
        <ele>410.2202693569176</ele>
      </trkpt>
      <trkpt lat="31.003991" lon="35.222109">
        <ele>411.4993480446554</ele>
      </trkpt>
      <trkpt lat="31.003981" lon="35.222052">
        <ele>412.0169023018324</ele>
      </trkpt>
      <trkpt lat="31.0039" lon="35.221994">
        <ele>413.00323733171876</ele>
      </trkpt>
      <trkpt lat="31.003834" lon="35.221907">
        <ele>414.1088845203304</ele>
      </trkpt>
      <trkpt lat="31.00379" lon="35.221873">
        <ele>414.77397018024345</ele>
      </trkpt>
      <trkpt lat="31.003521" lon="35.221753">
        <ele>419.093272370054</ele>
      </trkpt>
      <trkpt lat="31.003423" lon="35.221736">
        <ele>421.00286832294216</ele>
      </trkpt>
      <trkpt lat="31.003381" lon="35.2217">
        <ele>422.00735436623654</ele>
      </trkpt>
      <trkpt lat="31.003236" lon="35.221678">
        <ele>424.5827423237447</ele>
      </trkpt>
      <trkpt lat="31.003148" lon="35.221642">
        <ele>426.20726277256654</ele>
      </trkpt>
      <trkpt lat="31.002969" lon="35.221465">
        <ele>428.61239642152884</ele>
      </trkpt>
      <trkpt lat="31.002802" lon="35.221326">
        <ele>430.26895437444</ele>
      </trkpt>
      <trkpt lat="31.002699" lon="35.221056">
        <ele>431.8803789358186</ele>
      </trkpt>
      <trkpt lat="31.002693" lon="35.22094">
        <ele>432.32342162410816</ele>
      </trkpt>
      <trkpt lat="31.002559" lon="35.220785">
        <ele>434.05367640060007</ele>
      </trkpt>
      <trkpt lat="31.002418" lon="35.220732">
        <ele>435.7593991104007</ele>
      </trkpt>
      <trkpt lat="31.002365" lon="35.22073">
        <ele>436.4080045545219</ele>
      </trkpt>
      <trkpt lat="31.002324" lon="35.220705">
        <ele>436.97385745622006</ele>
      </trkpt>
      <trkpt lat="31.00229" lon="35.220595">
        <ele>438.19980388997624</ele>
      </trkpt>
      <trkpt lat="31.00224" lon="35.220577">
        <ele>438.8398301549306</ele>
      </trkpt>
      <trkpt lat="31.002182" lon="35.220487">
        <ele>441.0406877661577</ele>
      </trkpt>
      <trkpt lat="31.002139" lon="35.220468">
        <ele>442.1655090417299</ele>
      </trkpt>
      <trkpt lat="31.002099" lon="35.220425">
        <ele>443.4960889172971</ele>
      </trkpt>
      <trkpt lat="31.001922" lon="35.220333">
        <ele>448.0365876131459</ele>
      </trkpt>
      <trkpt lat="31.001886" lon="35.220291">
        <ele>449.1876872262751</ele>
      </trkpt>
      <trkpt lat="31.001868" lon="35.220243">
        <ele>450.20304981405053</ele>
      </trkpt>
      <trkpt lat="31.001611" lon="35.220263">
        <ele>454.53714027643696</ele>
      </trkpt>
      <trkpt lat="31.001508" lon="35.220256">
        <ele>456.1126568483286</ele>
      </trkpt>
      <trkpt lat="31.001455" lon="35.220276">
        <ele>457.04174962649324</ele>
      </trkpt>
      <trkpt lat="31.001409" lon="35.220274">
        <ele>457.809527238339</ele>
      </trkpt>
      <trkpt lat="31.001309" lon="35.220258">
        <ele>459.4930638065164</ele>
      </trkpt>
      <trkpt lat="31.001066" lon="35.220137">
        <ele>462.33769476862375</ele>
      </trkpt>
      <trkpt lat="31.001016" lon="35.220148">
        <ele>462.82803191469554</ele>
      </trkpt>
      <trkpt lat="31.000863" lon="35.22013">
        <ele>464.30995460596364</ele>
      </trkpt>
      <trkpt lat="31.000763" lon="35.220161">
        <ele>465.30708530186325</ele>
      </trkpt>
      <trkpt lat="31.000662" lon="35.22016">
        <ele>466.51748992927094</ele>
      </trkpt>
      <trkpt lat="31.000549" lon="35.220194">
        <ele>467.94487057720147</ele>
      </trkpt>
      <trkpt lat="31.000499" lon="35.220176">
        <ele>468.58489785813566</ele>
      </trkpt>
      <trkpt lat="31.000366" lon="35.22009">
        <ele>469.8632290758866</ele>
      </trkpt>
      <trkpt lat="31.000215" lon="35.22004">
        <ele>470.92210574350406</ele>
      </trkpt>
      <trkpt lat="31.000088" lon="35.219951">
        <ele>471.03193026961935</ele>
      </trkpt>
      <trkpt lat="31.000029" lon="35.219855">
        <ele>471.1489272406722</ele>
      </trkpt>
      <trkpt lat="30.999884" lon="35.219798">
        <ele>471.9429125803557</ele>
      </trkpt>
      <trkpt lat="30.999798" lon="35.219733">
        <ele>472.47464356360024</ele>
      </trkpt>
      <trkpt lat="30.999652" lon="35.219659">
        <ele>474.6732279477913</ele>
      </trkpt>
      <trkpt lat="30.999496" lon="35.219511">
        <ele>476.87091240661533</ele>
      </trkpt>
      <trkpt lat="30.999441" lon="35.219501">
        <ele>477.24228528095205</ele>
      </trkpt>
      <trkpt lat="30.999192" lon="35.219307">
        <ele>477.97333978510954</ele>
      </trkpt>
      <trkpt lat="30.999059" lon="35.219131">
        <ele>478.20299661451173</ele>
      </trkpt>
      <trkpt lat="30.999046" lon="35.219061">
        <ele>478.3850432785092</ele>
      </trkpt>
      <trkpt lat="30.999018" lon="35.219012">
        <ele>478.53472371575816</ele>
      </trkpt>
      <trkpt lat="30.998906" lon="35.218897">
        <ele>478.97713575791056</ele>
      </trkpt>
      <trkpt lat="30.998887" lon="35.218839">
        <ele>479.1349530684808</ele>
      </trkpt>
      <trkpt lat="30.998869" lon="35.218657">
        <ele>479.6006115375598</ele>
      </trkpt>
      <trkpt lat="30.998848" lon="35.218601">
        <ele>479.7559716897962</ele>
      </trkpt>
      <trkpt lat="30.998835" lon="35.218378">
        <ele>480.3030100559243</ele>
      </trkpt>
      <trkpt lat="30.998847" lon="35.218143">
        <ele>480.3778049080787</ele>
      </trkpt>
      <trkpt lat="30.998823" lon="35.218025">
        <ele>480.20396888360057</ele>
      </trkpt>
      <trkpt lat="30.998729" lon="35.217895">
        <ele>479.5555454574148</ele>
      </trkpt>
      <trkpt lat="30.998674" lon="35.217788">
        <ele>479.15995869689476</ele>
      </trkpt>
      <trkpt lat="30.998623" lon="35.217606">
        <ele>478.9166178180186</ele>
      </trkpt>
      <trkpt lat="30.998591" lon="35.217428">
        <ele>478.3705659404253</ele>
      </trkpt>
      <trkpt lat="30.998559" lon="35.217378">
        <ele>478.0731899597827</ele>
      </trkpt>
      <trkpt lat="30.998529" lon="35.217258">
        <ele>477.4774788145071</ele>
      </trkpt>
      <trkpt lat="30.998488" lon="35.217219">
        <ele>477.0589438480262</ele>
      </trkpt>
      <trkpt lat="30.998436" lon="35.217127">
        <ele>475.9735659793628</ele>
      </trkpt>
      <trkpt lat="30.997999" lon="35.216648">
        <ele>471.03495981058427</ele>
      </trkpt>
      <trkpt lat="30.997569" lon="35.216244">
        <ele>471.9393597598904</ele>
      </trkpt>
      <trkpt lat="30.997437" lon="35.216137">
        <ele>472.0292570642672</ele>
      </trkpt>
      <trkpt lat="30.997333" lon="35.216009">
        <ele>472.08529088770524</ele>
      </trkpt>
      <trkpt lat="30.997124" lon="35.215696">
        <ele>469.9368622626036</ele>
      </trkpt>
      <trkpt lat="30.996999" lon="35.21559">
        <ele>468.1039572840812</ele>
      </trkpt>
      <trkpt lat="30.996833" lon="35.21536">
        <ele>465.49612950993605</ele>
      </trkpt>
      <trkpt lat="30.996453" lon="35.215094">
        <ele>462.4306453237642</ele>
      </trkpt>
      <trkpt lat="30.996224" lon="35.214787">
        <ele>460.92287939761206</ele>
      </trkpt>
      <trkpt lat="30.996178" lon="35.214773">
        <ele>460.7466737479051</ele>
      </trkpt>
      <trkpt lat="30.996089" lon="35.214704">
        <ele>460.1713028331529</ele>
      </trkpt>
      <trkpt lat="30.995843" lon="35.21457">
        <ele>457.66160233160764</ele>
      </trkpt>
      <trkpt lat="30.995673" lon="35.214368">
        <ele>454.10630036938574</ele>
      </trkpt>
      <trkpt lat="30.995581" lon="35.214316">
        <ele>453.46214646012163</ele>
      </trkpt>
      <trkpt lat="30.995546" lon="35.214274">
        <ele>453.14576151045003</ele>
      </trkpt>
      <trkpt lat="30.99548" lon="35.21455">
        <ele>454.19772845877196</ele>
      </trkpt>
      <trkpt lat="30.995475" lon="35.214563">
        <ele>454.3425963339785</ele>
      </trkpt>
      <extensions>
        <RoutingType xmlns="">Hike</RoutingType>
      </extensions>
    </trkseg>
    <trkseg>
      <trkpt lat="30.99547" lon="35.214560000000006">
        <ele>460.5</ele>
        <time>2021-11-13T17:17:20Z</time>
      </trkpt>
      <trkpt lat="30.995530000000002" lon="35.21428">
        <ele>454</ele>
        <time>2021-11-13T17:17:21Z</time>
      </trkpt>
      <trkpt lat="30.995490000000004" lon="35.214240000000004">
        <ele>454</ele>
        <time>2021-11-13T17:17:22Z</time>
      </trkpt>
      <trkpt lat="30.99527" lon="35.21417">
        <ele>454</ele>
        <time>2021-11-13T17:17:23Z</time>
      </trkpt>
      <trkpt lat="30.995120000000004" lon="35.21423">
        <ele>454</ele>
        <time>2021-11-13T17:17:24Z</time>
      </trkpt>
      <trkpt lat="30.994770000000003" lon="35.214650000000006">
        <ele>438</ele>
        <time>2021-11-13T17:17:25Z</time>
      </trkpt>
      <trkpt lat="30.994490000000003" lon="35.214870000000005">
        <ele>458</ele>
        <time>2021-11-13T17:17:26Z</time>
      </trkpt>
      <trkpt lat="30.99416" lon="35.214960000000005">
        <ele>442</ele>
        <time>2021-11-13T17:17:27Z</time>
      </trkpt>
      <trkpt lat="30.99416" lon="35.214960000000005">
        <ele>442</ele>
        <time>2021-11-13T17:17:28Z</time>
      </trkpt>
      <trkpt lat="30.99405" lon="35.21499">
        <ele>426</ele>
        <time>2021-11-13T17:17:29Z</time>
      </trkpt>
      <trkpt lat="30.99395" lon="35.21495">
        <ele>426</ele>
        <time>2021-11-13T17:17:30Z</time>
      </trkpt>
      <trkpt lat="30.993890000000004" lon="35.214850000000006">
        <ele>426</ele>
        <time>2021-11-13T17:17:31Z</time>
      </trkpt>
      <trkpt lat="30.993850000000002" lon="35.214330000000004">
        <ele>412</ele>
        <time>2021-11-13T17:17:32Z</time>
      </trkpt>
      <trkpt lat="30.993720000000003" lon="35.21425">
        <ele>412</ele>
        <time>2021-11-13T17:17:33Z</time>
      </trkpt>
      <trkpt lat="30.993550000000003" lon="35.21423">
        <ele>412</ele>
        <time>2021-11-13T17:17:34Z</time>
      </trkpt>
      <trkpt lat="30.9934" lon="35.21426">
        <ele>412</ele>
        <time>2021-11-13T17:17:35Z</time>
      </trkpt>
      <trkpt lat="30.99322" lon="35.21419">
        <ele>403</ele>
        <time>2021-11-13T17:17:36Z</time>
      </trkpt>
      <trkpt lat="30.993140000000004" lon="35.214090000000006">
        <ele>403</ele>
        <time>2021-11-13T17:17:37Z</time>
      </trkpt>
      <trkpt lat="30.993050000000004" lon="35.214000000000006">
        <ele>403</ele>
        <time>2021-11-13T17:17:38Z</time>
      </trkpt>
      <trkpt lat="30.993000000000002" lon="35.21379">
        <ele>388</ele>
        <time>2021-11-13T17:17:39Z</time>
      </trkpt>
      <trkpt lat="30.992980000000003" lon="35.21361">
        <ele>388</ele>
        <time>2021-11-13T17:17:40Z</time>
      </trkpt>
      <trkpt lat="30.992870000000003" lon="35.21343">
        <ele>388</ele>
        <time>2021-11-13T17:17:41Z</time>
      </trkpt>
      <trkpt lat="30.992850000000004" lon="35.213240000000006">
        <ele>388</ele>
        <time>2021-11-13T17:17:42Z</time>
      </trkpt>
      <trkpt lat="30.992790000000003" lon="35.2132">
        <ele>388</ele>
        <time>2021-11-13T17:17:43Z</time>
      </trkpt>
      <trkpt lat="30.992670000000004" lon="35.21323">
        <ele>388</ele>
        <time>2021-11-13T17:17:44Z</time>
      </trkpt>
      <trkpt lat="30.992490000000004" lon="35.21331">
        <ele>366</ele>
        <time>2021-11-13T17:17:45Z</time>
      </trkpt>
      <trkpt lat="30.992430000000002" lon="35.213390000000004">
        <ele>366</ele>
        <time>2021-11-13T17:17:46Z</time>
      </trkpt>
      <trkpt lat="30.992430000000002" lon="35.213390000000004">
        <ele>366</ele>
        <time>2021-11-13T17:17:47Z</time>
      </trkpt>
      <trkpt lat="30.992250000000002" lon="35.21359">
        <ele>366</ele>
        <time>2021-11-13T17:17:48Z</time>
      </trkpt>
      <trkpt lat="30.992020000000004" lon="35.2135">
        <ele>366</ele>
        <time>2021-11-13T17:17:49Z</time>
      </trkpt>
      <trkpt lat="30.991850000000003" lon="35.213550000000005">
        <ele>366</ele>
        <time>2021-11-13T17:17:50Z</time>
      </trkpt>
      <trkpt lat="30.9917" lon="35.2137">
        <ele>366</ele>
        <time>2021-11-13T17:17:51Z</time>
      </trkpt>
      <trkpt lat="30.991220000000002" lon="35.213910000000006">
        <ele>351</ele>
        <time>2021-11-13T17:17:52Z</time>
      </trkpt>
      <trkpt lat="30.990920000000003" lon="35.21367">
        <ele>351</ele>
        <time>2021-11-13T17:17:53Z</time>
      </trkpt>
      <trkpt lat="30.990810000000003" lon="35.21367">
        <ele>336</ele>
        <time>2021-11-13T17:17:54Z</time>
      </trkpt>
      <trkpt lat="30.99078" lon="35.21363">
        <ele>336</ele>
        <time>2021-11-13T17:17:55Z</time>
      </trkpt>
      <trkpt lat="30.990720000000003" lon="35.2136">
        <ele>336</ele>
        <time>2021-11-13T17:17:56Z</time>
      </trkpt>
      <trkpt lat="30.990560000000002" lon="35.213620000000006">
        <ele>336</ele>
        <time>2021-11-13T17:17:57Z</time>
      </trkpt>
      <trkpt lat="30.990560000000002" lon="35.213530000000006">
        <ele>336</ele>
        <time>2021-11-13T17:17:58Z</time>
      </trkpt>
      <trkpt lat="30.990530000000003" lon="35.213460000000005">
        <ele>336</ele>
        <time>2021-11-13T17:17:59Z</time>
      </trkpt>
      <trkpt lat="30.99022" lon="35.21358">
        <ele>336</ele>
        <time>2021-11-13T17:18:00Z</time>
      </trkpt>
      <trkpt lat="30.989870000000003" lon="35.21367">
        <ele>312</ele>
        <time>2021-11-13T17:18:01Z</time>
      </trkpt>
      <trkpt lat="30.989660000000004" lon="35.213660000000004">
        <ele>312</ele>
        <time>2021-11-13T17:18:02Z</time>
      </trkpt>
      <trkpt lat="30.989380000000004" lon="35.21376">
        <ele>312</ele>
        <time>2021-11-13T17:18:03Z</time>
      </trkpt>
      <trkpt lat="30.989230000000003" lon="35.21376">
        <ele>312</ele>
        <time>2021-11-13T17:18:04Z</time>
      </trkpt>
      <trkpt lat="30.98909" lon="35.21379">
        <ele>289</ele>
        <time>2021-11-13T17:18:05Z</time>
      </trkpt>
      <trkpt lat="30.988960000000002" lon="35.213750000000005">
        <ele>289</ele>
        <time>2021-11-13T17:18:06Z</time>
      </trkpt>
      <trkpt lat="30.988910000000004" lon="35.213680000000004">
        <ele>289</ele>
        <time>2021-11-13T17:18:07Z</time>
      </trkpt>
      <trkpt lat="30.98888" lon="35.213550000000005">
        <ele>289</ele>
        <time>2021-11-13T17:18:08Z</time>
      </trkpt>
      <trkpt lat="30.9888" lon="35.21338">
        <ele>289</ele>
        <time>2021-11-13T17:18:09Z</time>
      </trkpt>
      <trkpt lat="30.988650000000003" lon="35.21325">
        <ele>289</ele>
        <time>2021-11-13T17:18:10Z</time>
      </trkpt>
      <trkpt lat="30.98861" lon="35.21312">
        <ele>273</ele>
        <time>2021-11-13T17:18:11Z</time>
      </trkpt>
      <trkpt lat="30.98861" lon="35.21312">
        <ele>273</ele>
        <time>2021-11-13T17:18:12Z</time>
      </trkpt>
      <trkpt lat="30.988540000000004" lon="35.212830000000004">
        <ele>257</ele>
        <time>2021-11-13T17:18:13Z</time>
      </trkpt>
      <trkpt lat="30.98852" lon="35.21278">
        <ele>257</ele>
        <time>2021-11-13T17:18:14Z</time>
      </trkpt>
      <trkpt lat="30.988350000000004" lon="35.212860000000006">
        <ele>257</ele>
        <time>2021-11-13T17:18:15Z</time>
      </trkpt>
      <trkpt lat="30.988290000000003" lon="35.212810000000005">
        <ele>234</ele>
        <time>2021-11-13T17:18:16Z</time>
      </trkpt>
      <trkpt lat="30.988190000000003" lon="35.21285">
        <ele>234</ele>
        <time>2021-11-13T17:18:17Z</time>
      </trkpt>
      <trkpt lat="30.98804" lon="35.212810000000005">
        <ele>234</ele>
        <time>2021-11-13T17:18:18Z</time>
      </trkpt>
      <trkpt lat="30.98796" lon="35.21276">
        <ele>234</ele>
        <time>2021-11-13T17:18:19Z</time>
      </trkpt>
      <trkpt lat="30.987880000000004" lon="35.21251">
        <ele>234</ele>
        <time>2021-11-13T17:18:20Z</time>
      </trkpt>
      <trkpt lat="30.987820000000003" lon="35.21246">
        <ele>234</ele>
        <time>2021-11-13T17:18:21Z</time>
      </trkpt>
      <trkpt lat="30.98768" lon="35.212360000000004">
        <ele>234</ele>
        <time>2021-11-13T17:18:22Z</time>
      </trkpt>
      <trkpt lat="30.987420000000004" lon="35.212250000000004">
        <ele>183</ele>
        <time>2021-11-13T17:18:23Z</time>
      </trkpt>
      <trkpt lat="30.987130000000004" lon="35.212050000000005">
        <ele>183</ele>
        <time>2021-11-13T17:18:24Z</time>
      </trkpt>
      <trkpt lat="30.986960000000003" lon="35.21206">
        <ele>183</ele>
        <time>2021-11-13T17:18:25Z</time>
      </trkpt>
      <trkpt lat="30.986860000000004" lon="35.212050000000005">
        <ele>183</ele>
        <time>2021-11-13T17:18:26Z</time>
      </trkpt>
      <trkpt lat="30.986700000000003" lon="35.21182">
        <ele>183</ele>
        <time>2021-11-13T17:18:27Z</time>
      </trkpt>
      <trkpt lat="30.986340000000002" lon="35.211670000000005">
        <ele>178</ele>
        <time>2021-11-13T17:18:28Z</time>
      </trkpt>
      <trkpt lat="30.986010000000004" lon="35.211380000000005">
        <ele>149</ele>
        <time>2021-11-13T17:18:29Z</time>
      </trkpt>
      <trkpt lat="30.985750000000003" lon="35.211220000000004">
        <ele>154.5</ele>
        <time>2021-11-13T17:18:30Z</time>
      </trkpt>
      <trkpt lat="30.985750000000003" lon="35.211220000000004">
        <ele>154.5</ele>
        <time>2021-11-13T17:18:31Z</time>
      </trkpt>
      <trkpt lat="30.985640000000004" lon="35.21115">
        <ele>160</ele>
        <time>2021-11-13T17:18:32Z</time>
      </trkpt>
      <trkpt lat="30.985480000000003" lon="35.21101">
        <ele>160</ele>
        <time>2021-11-13T17:18:33Z</time>
      </trkpt>
      <trkpt lat="30.98522" lon="35.210860000000004">
        <ele>160</ele>
        <time>2021-11-13T17:18:34Z</time>
      </trkpt>
      <trkpt lat="30.984900000000003" lon="35.210910000000005">
        <ele>152</ele>
        <time>2021-11-13T17:18:35Z</time>
      </trkpt>
      <trkpt lat="30.98447" lon="35.210860000000004">
        <ele>152</ele>
        <time>2021-11-13T17:18:36Z</time>
      </trkpt>
      <trkpt lat="30.984180000000002" lon="35.21054">
        <ele>135</ele>
        <time>2021-11-13T17:18:37Z</time>
      </trkpt>
      <trkpt lat="30.98382" lon="35.21031">
        <ele>134</ele>
        <time>2021-11-13T17:18:38Z</time>
      </trkpt>
      <trkpt lat="30.98355" lon="35.21022">
        <ele>134</ele>
        <time>2021-11-13T17:18:39Z</time>
      </trkpt>
      <trkpt lat="30.983060000000002" lon="35.210100000000004">
        <ele>127</ele>
        <time>2021-11-13T17:18:40Z</time>
      </trkpt>
      <trkpt lat="30.982720000000004" lon="35.20998">
        <ele>127</ele>
        <time>2021-11-13T17:18:41Z</time>
      </trkpt>
      <trkpt lat="30.98232" lon="35.209920000000004">
        <ele>118</ele>
        <time>2021-11-13T17:18:42Z</time>
      </trkpt>
      <trkpt lat="30.981840000000002" lon="35.20976">
        <ele>101</ele>
        <time>2021-11-13T17:18:43Z</time>
      </trkpt>
      <trkpt lat="30.98158" lon="35.20971">
        <ele>99</ele>
        <time>2021-11-13T17:18:44Z</time>
      </trkpt>
      <trkpt lat="30.981160000000003" lon="35.209790000000005">
        <ele>99</ele>
        <time>2021-11-13T17:18:45Z</time>
      </trkpt>
      <trkpt lat="30.980680000000003" lon="35.20971">
        <ele>92</ele>
        <time>2021-11-13T17:18:46Z</time>
      </trkpt>
      <trkpt lat="30.980300000000003" lon="35.209610000000005">
        <ele>92</ele>
        <time>2021-11-13T17:18:47Z</time>
      </trkpt>
      <trkpt lat="30.980200000000004" lon="35.20956">
        <ele>90.5</ele>
        <time>2021-11-13T17:18:48Z</time>
      </trkpt>
      <extensions>
        <RoutingType xmlns="">Hike</RoutingType>
      </extensions>
    </trkseg>
    <trkseg>
      <trkpt lat="30.980200000000004" lon="35.20956">
        <ele>90.5</ele>
        <time>2021-11-13T17:18:48Z</time>
      </trkpt>
      <trkpt lat="30.980200000000004" lon="35.20956">
        <ele>90.5</ele>
        <time>2021-11-13T17:18:49Z</time>
      </trkpt>
      <trkpt lat="30.979920000000003" lon="35.20942">
        <ele>89</ele>
        <time>2021-11-13T17:18:50Z</time>
      </trkpt>
      <trkpt lat="30.979650000000003" lon="35.209390000000006">
        <ele>89</ele>
        <time>2021-11-13T17:18:51Z</time>
      </trkpt>
      <trkpt lat="30.97952" lon="35.209410000000005">
        <ele>89</ele>
        <time>2021-11-13T17:18:52Z</time>
      </trkpt>
      <trkpt lat="30.97931" lon="35.20935">
        <ele>89</ele>
        <time>2021-11-13T17:18:53Z</time>
      </trkpt>
      <trkpt lat="30.979150000000004" lon="35.20949">
        <ele>82</ele>
        <time>2021-11-13T17:18:54Z</time>
      </trkpt>
      <trkpt lat="30.979060000000004" lon="35.209610000000005">
        <ele>82</ele>
        <time>2021-11-13T17:18:55Z</time>
      </trkpt>
      <trkpt lat="30.97895" lon="35.2096">
        <ele>82</ele>
        <time>2021-11-13T17:18:56Z</time>
      </trkpt>
      <trkpt lat="30.97884" lon="35.209770000000006">
        <ele>82</ele>
        <time>2021-11-13T17:18:57Z</time>
      </trkpt>
      <trkpt lat="30.97877" lon="35.20984">
        <ele>74</ele>
        <time>2021-11-13T17:18:58Z</time>
      </trkpt>
      <trkpt lat="30.978630000000003" lon="35.209830000000004">
        <ele>74</ele>
        <time>2021-11-13T17:18:59Z</time>
      </trkpt>
      <trkpt lat="30.978420000000003" lon="35.209740000000004">
        <ele>82</ele>
        <time>2021-11-13T17:19:00Z</time>
      </trkpt>
      <trkpt lat="30.9783" lon="35.20964">
        <ele>67</ele>
        <time>2021-11-13T17:19:01Z</time>
      </trkpt>
      <trkpt lat="30.97809" lon="35.20957">
        <ele>67</ele>
        <time>2021-11-13T17:19:02Z</time>
      </trkpt>
      <trkpt lat="30.97783" lon="35.20958">
        <ele>67</ele>
        <time>2021-11-13T17:19:03Z</time>
      </trkpt>
      <trkpt lat="30.977740000000004" lon="35.20955">
        <ele>67</ele>
        <time>2021-11-13T17:19:04Z</time>
      </trkpt>
      <trkpt lat="30.977580000000003" lon="35.20944">
        <ele>67</ele>
        <time>2021-11-13T17:19:05Z</time>
      </trkpt>
      <trkpt lat="30.977430000000002" lon="35.20928">
        <ele>58</ele>
        <time>2021-11-13T17:19:06Z</time>
      </trkpt>
      <trkpt lat="30.977240000000002" lon="35.20913">
        <ele>58</ele>
        <time>2021-11-13T17:19:07Z</time>
      </trkpt>
      <trkpt lat="30.97689" lon="35.20913">
        <ele>58</ele>
        <time>2021-11-13T17:19:08Z</time>
      </trkpt>
      <trkpt lat="30.976470000000003" lon="35.209120000000006">
        <ele>57</ele>
        <time>2021-11-13T17:19:09Z</time>
      </trkpt>
      <trkpt lat="30.975810000000003" lon="35.20918">
        <ele>52</ele>
        <time>2021-11-13T17:19:10Z</time>
      </trkpt>
      <trkpt lat="30.975530000000003" lon="35.20929">
        <ele>52</ele>
        <time>2021-11-13T17:19:11Z</time>
      </trkpt>
      <trkpt lat="30.975230000000003" lon="35.209300000000006">
        <ele>52</ele>
        <time>2021-11-13T17:19:12Z</time>
      </trkpt>
      <trkpt lat="30.974990000000002" lon="35.20944">
        <ele>47</ele>
        <time>2021-11-13T17:19:13Z</time>
      </trkpt>
      <trkpt lat="30.974670000000003" lon="35.20947">
        <ele>47</ele>
        <time>2021-11-13T17:19:14Z</time>
      </trkpt>
      <trkpt lat="30.974090000000004" lon="35.20976">
        <ele>45</ele>
        <time>2021-11-13T17:19:15Z</time>
      </trkpt>
      <trkpt lat="30.97379" lon="35.20985">
        <ele>48</ele>
        <time>2021-11-13T17:19:16Z</time>
      </trkpt>
      <trkpt lat="30.973560000000003" lon="35.209880000000005">
        <ele>48</ele>
        <time>2021-11-13T17:19:17Z</time>
      </trkpt>
      <trkpt lat="30.973430000000004" lon="35.20994">
        <ele>48</ele>
        <time>2021-11-13T17:19:18Z</time>
      </trkpt>
      <trkpt lat="30.972810000000003" lon="35.209920000000004">
        <ele>42</ele>
        <time>2021-11-13T17:19:19Z</time>
      </trkpt>
      <trkpt lat="30.972810000000003" lon="35.209920000000004">
        <ele>42</ele>
        <time>2021-11-13T17:19:20Z</time>
      </trkpt>
      <trkpt lat="30.972540000000002" lon="35.209900000000005">
        <ele>42</ele>
        <time>2021-11-13T17:19:21Z</time>
      </trkpt>
      <trkpt lat="30.971570000000003" lon="35.20998">
        <ele>34</ele>
        <time>2021-11-13T17:19:22Z</time>
      </trkpt>
      <trkpt lat="30.97135" lon="35.21007">
        <ele>34</ele>
        <time>2021-11-13T17:19:23Z</time>
      </trkpt>
      <trkpt lat="30.971460000000004" lon="35.21025">
        <ele>34</ele>
        <time>2021-11-13T17:19:24Z</time>
      </trkpt>
      <trkpt lat="30.97144" lon="35.210350000000005">
        <ele>34</ele>
        <time>2021-11-13T17:19:25Z</time>
      </trkpt>
      <trkpt lat="30.971330000000002" lon="35.21041">
        <ele>34</ele>
        <time>2021-11-13T17:19:26Z</time>
      </trkpt>
      <trkpt lat="30.97126" lon="35.2105">
        <ele>34</ele>
        <time>2021-11-13T17:19:27Z</time>
      </trkpt>
      <trkpt lat="30.970850000000002" lon="35.21023">
        <ele>27</ele>
        <time>2021-11-13T17:19:28Z</time>
      </trkpt>
      <trkpt lat="30.970480000000002" lon="35.210190000000004">
        <ele>27</ele>
        <time>2021-11-13T17:19:29Z</time>
      </trkpt>
      <trkpt lat="30.969910000000002" lon="35.20985">
        <ele>30</ele>
        <time>2021-11-13T17:19:30Z</time>
      </trkpt>
      <trkpt lat="30.96843" lon="35.20922">
        <ele>25.5</ele>
        <time>2021-11-13T17:19:31Z</time>
      </trkpt>
      <trkpt lat="30.96843" lon="35.20922">
        <ele>25.5</ele>
        <time>2021-11-13T17:19:32Z</time>
      </trkpt>
      <trkpt lat="30.96797" lon="35.20902">
        <ele>21</ele>
        <time>2021-11-13T17:19:33Z</time>
      </trkpt>
      <trkpt lat="30.966950000000004" lon="35.208870000000005">
        <ele>17</ele>
        <time>2021-11-13T17:19:34Z</time>
      </trkpt>
      <trkpt lat="30.966390000000004" lon="35.20895">
        <ele>16</ele>
        <time>2021-11-13T17:19:35Z</time>
      </trkpt>
      <trkpt lat="30.96542" lon="35.208800000000004">
        <ele>13</ele>
        <time>2021-11-13T17:19:36Z</time>
      </trkpt>
      <trkpt lat="30.965100000000003" lon="35.20886">
        <ele>13</ele>
        <time>2021-11-13T17:19:37Z</time>
      </trkpt>
      <trkpt lat="30.96488" lon="35.208650000000006">
        <ele>11</ele>
        <time>2021-11-13T17:19:38Z</time>
      </trkpt>
      <trkpt lat="30.964430000000004" lon="35.208560000000006">
        <ele>11</ele>
        <time>2021-11-13T17:19:39Z</time>
      </trkpt>
      <trkpt lat="30.96355" lon="35.208560000000006">
        <ele>7</ele>
        <time>2021-11-13T17:19:40Z</time>
      </trkpt>
      <trkpt lat="30.96225" lon="35.20902">
        <ele>4</ele>
        <time>2021-11-13T17:19:41Z</time>
      </trkpt>
      <trkpt lat="30.96176" lon="35.209050000000005">
        <ele>4</ele>
        <time>2021-11-13T17:19:42Z</time>
      </trkpt>
      <trkpt lat="30.961380000000002" lon="35.2092">
        <ele>4</ele>
        <time>2021-11-13T17:19:43Z</time>
      </trkpt>
      <trkpt lat="30.961160000000003" lon="35.20958">
        <ele>4</ele>
        <time>2021-11-13T17:19:44Z</time>
      </trkpt>
      <trkpt lat="30.961160000000003" lon="35.20958">
        <ele>4</ele>
        <time>2021-11-13T17:19:45Z</time>
      </trkpt>
      <trkpt lat="30.96111" lon="35.209860000000006">
        <ele>4</ele>
        <time>2021-11-13T17:19:46Z</time>
      </trkpt>
      <trkpt lat="30.960820000000002" lon="35.209920000000004">
        <ele>-1</ele>
        <time>2021-11-13T17:19:47Z</time>
      </trkpt>
      <trkpt lat="30.960680000000004" lon="35.210170000000005">
        <ele>-1</ele>
        <time>2021-11-13T17:19:48Z</time>
      </trkpt>
      <trkpt lat="30.960570000000004" lon="35.210530000000006">
        <ele>-1</ele>
        <time>2021-11-13T17:19:49Z</time>
      </trkpt>
      <trkpt lat="30.960300000000004" lon="35.210800000000006">
        <ele>8</ele>
        <time>2021-11-13T17:19:50Z</time>
      </trkpt>
      <trkpt lat="30.960050000000003" lon="35.21096">
        <ele>8</ele>
        <time>2021-11-13T17:19:51Z</time>
      </trkpt>
      <trkpt lat="30.959770000000002" lon="35.210950000000004">
        <ele>4</ele>
        <time>2021-11-13T17:19:52Z</time>
      </trkpt>
      <trkpt lat="30.959460000000004" lon="35.21083">
        <ele>4</ele>
        <time>2021-11-13T17:19:53Z</time>
      </trkpt>
      <trkpt lat="30.95906" lon="35.21074">
        <ele>2</ele>
        <time>2021-11-13T17:19:54Z</time>
      </trkpt>
      <trkpt lat="30.958610000000004" lon="35.21074">
        <ele>2</ele>
        <time>2021-11-13T17:19:55Z</time>
      </trkpt>
      <trkpt lat="30.957900000000002" lon="35.211020000000005">
        <ele>-1</ele>
        <time>2021-11-13T17:19:56Z</time>
      </trkpt>
      <trkpt lat="30.957340000000002" lon="35.21096">
        <ele>-8</ele>
        <time>2021-11-13T17:19:57Z</time>
      </trkpt>
      <trkpt lat="30.95709" lon="35.211000000000006">
        <ele>-8</ele>
        <time>2021-11-13T17:19:58Z</time>
      </trkpt>
      <trkpt lat="30.95651" lon="35.211220000000004">
        <ele>-14</ele>
        <time>2021-11-13T17:19:59Z</time>
      </trkpt>
      <trkpt lat="30.95585" lon="35.21155">
        <ele>-12</ele>
        <time>2021-11-13T17:20:00Z</time>
      </trkpt>
      <trkpt lat="30.95549" lon="35.21164">
        <ele>-12</ele>
        <time>2021-11-13T17:20:01Z</time>
      </trkpt>
      <trkpt lat="30.954950000000004" lon="35.211870000000005">
        <ele>-15</ele>
        <time>2021-11-13T17:20:02Z</time>
      </trkpt>
      <trkpt lat="30.95454" lon="35.21211">
        <ele>-15</ele>
        <time>2021-11-13T17:20:03Z</time>
      </trkpt>
      <trkpt lat="30.954220000000003" lon="35.212360000000004">
        <ele>-13</ele>
        <time>2021-11-13T17:20:04Z</time>
      </trkpt>
      <trkpt lat="30.953720000000004" lon="35.21271">
        <ele>-20</ele>
        <time>2021-11-13T17:20:05Z</time>
      </trkpt>
      <trkpt lat="30.953090000000003" lon="35.21304">
        <ele>-19.5</ele>
        <time>2021-11-13T17:20:06Z</time>
      </trkpt>
      <trkpt lat="30.953090000000003" lon="35.21304">
        <ele>-19.5</ele>
        <time>2021-11-13T17:20:07Z</time>
      </trkpt>
      <trkpt lat="30.95305" lon="35.213060000000006">
        <ele>-19</ele>
        <time>2021-11-13T17:20:08Z</time>
      </trkpt>
      <trkpt lat="30.952840000000002" lon="35.213080000000005">
        <ele>-19</ele>
        <time>2021-11-13T17:20:09Z</time>
      </trkpt>
      <trkpt lat="30.952810000000003" lon="35.212990000000005">
        <ele>-19</ele>
        <time>2021-11-13T17:20:10Z</time>
      </trkpt>
      <trkpt lat="30.952780000000004" lon="35.21264">
        <ele>-19</ele>
        <time>2021-11-13T17:20:11Z</time>
      </trkpt>
      <trkpt lat="30.95267" lon="35.21242">
        <ele>-19</ele>
        <time>2021-11-13T17:20:12Z</time>
      </trkpt>
      <trkpt lat="30.952650000000002" lon="35.212210000000006">
        <ele>-17</ele>
        <time>2021-11-13T17:20:13Z</time>
      </trkpt>
      <trkpt lat="30.952650000000002" lon="35.21206">
        <ele>-17</ele>
        <time>2021-11-13T17:20:14Z</time>
      </trkpt>
      <trkpt lat="30.95268" lon="35.21186">
        <ele>-17</ele>
        <time>2021-11-13T17:20:15Z</time>
      </trkpt>
      <trkpt lat="30.952630000000003" lon="35.211650000000006">
        <ele>-17</ele>
        <time>2021-11-13T17:20:16Z</time>
      </trkpt>
      <extensions>
        <RoutingType xmlns="">Hike</RoutingType>
      </extensions>
    </trkseg>
    <trkseg>
      <trkpt lat="30.952630000000003" lon="35.211650000000006">
        <ele>-17</ele>
        <time>2021-11-13T17:20:16Z</time>
      </trkpt>
      <trkpt lat="30.952620000000003" lon="35.210770000000004">
        <ele>-15</ele>
        <time>2021-11-13T17:20:17Z</time>
      </trkpt>
      <trkpt lat="30.952630000000003" lon="35.210660000000004">
        <ele>-15</ele>
        <time>2021-11-13T17:20:18Z</time>
      </trkpt>
      <trkpt lat="30.952610000000004" lon="35.21045">
        <ele>-11</ele>
        <time>2021-11-13T17:20:19Z</time>
      </trkpt>
      <trkpt lat="30.95267" lon="35.21013">
        <ele>-11</ele>
        <time>2021-11-13T17:20:20Z</time>
      </trkpt>
      <trkpt lat="30.95266" lon="35.21003">
        <ele>-11</ele>
        <time>2021-11-13T17:20:21Z</time>
      </trkpt>
      <trkpt lat="30.952620000000003" lon="35.20985">
        <ele>-11</ele>
        <time>2021-11-13T17:20:22Z</time>
      </trkpt>
      <trkpt lat="30.952620000000003" lon="35.20985">
        <ele>-11</ele>
        <time>2021-11-13T17:20:23Z</time>
      </trkpt>
      <trkpt lat="30.952600000000004" lon="35.20958">
        <ele>-11</ele>
        <time>2021-11-13T17:20:24Z</time>
      </trkpt>
      <trkpt lat="30.952610000000004" lon="35.20947">
        <ele>-11</ele>
        <time>2021-11-13T17:20:25Z</time>
      </trkpt>
      <trkpt lat="30.952650000000002" lon="35.20926">
        <ele>-11</ele>
        <time>2021-11-13T17:20:26Z</time>
      </trkpt>
      <trkpt lat="30.952740000000002" lon="35.208960000000005">
        <ele>-12</ele>
        <time>2021-11-13T17:20:27Z</time>
      </trkpt>
      <trkpt lat="30.952890000000004" lon="35.208670000000005">
        <ele>-12</ele>
        <time>2021-11-13T17:20:28Z</time>
      </trkpt>
      <trkpt lat="30.952920000000002" lon="35.208560000000006">
        <ele>-12</ele>
        <time>2021-11-13T17:20:29Z</time>
      </trkpt>
      <trkpt lat="30.95294" lon="35.20824">
        <ele>-12</ele>
        <time>2021-11-13T17:20:30Z</time>
      </trkpt>
      <trkpt lat="30.952880000000004" lon="35.20769">
        <ele>-12</ele>
        <time>2021-11-13T17:20:31Z</time>
      </trkpt>
      <trkpt lat="30.952900000000003" lon="35.20759">
        <ele>-12</ele>
        <time>2021-11-13T17:20:32Z</time>
      </trkpt>
      <trkpt lat="30.952820000000003" lon="35.207260000000005">
        <ele>-10</ele>
        <time>2021-11-13T17:20:33Z</time>
      </trkpt>
      <trkpt lat="30.952780000000004" lon="35.20691">
        <ele>-10</ele>
        <time>2021-11-13T17:20:34Z</time>
      </trkpt>
      <trkpt lat="30.95267" lon="35.206630000000004">
        <ele>-10</ele>
        <time>2021-11-13T17:20:35Z</time>
      </trkpt>
      <trkpt lat="30.952650000000002" lon="35.206410000000005">
        <ele>-5</ele>
        <time>2021-11-13T17:20:36Z</time>
      </trkpt>
      <trkpt lat="30.95266" lon="35.206300000000006">
        <ele>-5</ele>
        <time>2021-11-13T17:20:37Z</time>
      </trkpt>
      <trkpt lat="30.952540000000003" lon="35.20611">
        <ele>-5</ele>
        <time>2021-11-13T17:20:38Z</time>
      </trkpt>
      <trkpt lat="30.952460000000002" lon="35.205920000000006">
        <ele>-6</ele>
        <time>2021-11-13T17:20:39Z</time>
      </trkpt>
      <trkpt lat="30.952410000000004" lon="35.20557">
        <ele>-7</ele>
        <time>2021-11-13T17:20:40Z</time>
      </trkpt>
      <trkpt lat="30.952360000000002" lon="35.20537">
        <ele>-7</ele>
        <time>2021-11-13T17:20:41Z</time>
      </trkpt>
      <trkpt lat="30.952370000000002" lon="35.20526">
        <ele>-7</ele>
        <time>2021-11-13T17:20:42Z</time>
      </trkpt>
      <trkpt lat="30.952350000000003" lon="35.20516">
        <ele>-7</ele>
        <time>2021-11-13T17:20:43Z</time>
      </trkpt>
      <trkpt lat="30.952370000000002" lon="35.205040000000004">
        <ele>-7</ele>
        <time>2021-11-13T17:20:44Z</time>
      </trkpt>
      <trkpt lat="30.952370000000002" lon="35.204930000000004">
        <ele>-7</ele>
        <time>2021-11-13T17:20:45Z</time>
      </trkpt>
      <trkpt lat="30.95249" lon="35.204060000000005">
        <ele>-6</ele>
        <time>2021-11-13T17:20:46Z</time>
      </trkpt>
      <trkpt lat="30.952540000000003" lon="35.203520000000005">
        <ele>-4</ele>
        <time>2021-11-13T17:20:47Z</time>
      </trkpt>
      <trkpt lat="30.952620000000003" lon="35.20331">
        <ele>-4</ele>
        <time>2021-11-13T17:20:48Z</time>
      </trkpt>
      <trkpt lat="30.952640000000002" lon="35.20304">
        <ele>2</ele>
        <time>2021-11-13T17:20:49Z</time>
      </trkpt>
      <trkpt lat="30.952640000000002" lon="35.20304">
        <ele>2</ele>
        <time>2021-11-13T17:20:50Z</time>
      </trkpt>
      <trkpt lat="30.95267" lon="35.20288">
        <ele>2</ele>
        <time>2021-11-13T17:20:51Z</time>
      </trkpt>
      <trkpt lat="30.952600000000004" lon="35.202690000000004">
        <ele>2</ele>
        <time>2021-11-13T17:20:52Z</time>
      </trkpt>
      <trkpt lat="30.952540000000003" lon="35.202600000000004">
        <ele>2</ele>
        <time>2021-11-13T17:20:53Z</time>
      </trkpt>
      <trkpt lat="30.952090000000002" lon="35.20217">
        <ele>6</ele>
        <time>2021-11-13T17:20:54Z</time>
      </trkpt>
      <trkpt lat="30.95163" lon="35.20179">
        <ele>1</ele>
        <time>2021-11-13T17:20:55Z</time>
      </trkpt>
      <trkpt lat="30.95126" lon="35.201440000000005">
        <ele>6</ele>
        <time>2021-11-13T17:20:56Z</time>
      </trkpt>
      <trkpt lat="30.951230000000002" lon="35.201330000000006">
        <ele>6</ele>
        <time>2021-11-13T17:20:57Z</time>
      </trkpt>
      <trkpt lat="30.951240000000002" lon="35.201220000000006">
        <ele>6</ele>
        <time>2021-11-13T17:20:58Z</time>
      </trkpt>
      <trkpt lat="30.951300000000003" lon="35.201010000000004">
        <ele>6</ele>
        <time>2021-11-13T17:20:59Z</time>
      </trkpt>
      <trkpt lat="30.95144" lon="35.20071">
        <ele>6</ele>
        <time>2021-11-13T17:21:00Z</time>
      </trkpt>
      <trkpt lat="30.951510000000003" lon="35.20028">
        <ele>8</ele>
        <time>2021-11-13T17:21:01Z</time>
      </trkpt>
      <trkpt lat="30.951500000000003" lon="35.20017">
        <ele>8</ele>
        <time>2021-11-13T17:21:02Z</time>
      </trkpt>
      <trkpt lat="30.951410000000003" lon="35.20002">
        <ele>8</ele>
        <time>2021-11-13T17:21:03Z</time>
      </trkpt>
      <trkpt lat="30.951430000000002" lon="35.1998">
        <ele>11</ele>
        <time>2021-11-13T17:21:04Z</time>
      </trkpt>
      <trkpt lat="30.951390000000004" lon="35.1997">
        <ele>11</ele>
        <time>2021-11-13T17:21:05Z</time>
      </trkpt>
      <trkpt lat="30.951430000000002" lon="35.199600000000004">
        <ele>11</ele>
        <time>2021-11-13T17:21:06Z</time>
      </trkpt>
      <trkpt lat="30.951430000000002" lon="35.1995">
        <ele>11</ele>
        <time>2021-11-13T17:21:07Z</time>
      </trkpt>
      <trkpt lat="30.951390000000004" lon="35.199070000000006">
        <ele>11</ele>
        <time>2021-11-13T17:21:08Z</time>
      </trkpt>
      <trkpt lat="30.951340000000002" lon="35.19887">
        <ele>11</ele>
        <time>2021-11-13T17:21:09Z</time>
      </trkpt>
      <trkpt lat="30.951310000000003" lon="35.19865">
        <ele>11</ele>
        <time>2021-11-13T17:21:10Z</time>
      </trkpt>
      <trkpt lat="30.951320000000003" lon="35.19856">
        <ele>11</ele>
        <time>2021-11-13T17:21:11Z</time>
      </trkpt>
      <trkpt lat="30.951320000000003" lon="35.19848">
        <ele>11</ele>
        <time>2021-11-13T17:21:12Z</time>
      </trkpt>
      <trkpt lat="30.951280000000004" lon="35.198280000000004">
        <ele>11</ele>
        <time>2021-11-13T17:21:13Z</time>
      </trkpt>
      <trkpt lat="30.951290000000004" lon="35.198060000000005">
        <ele>14</ele>
        <time>2021-11-13T17:21:14Z</time>
      </trkpt>
      <trkpt lat="30.951310000000003" lon="35.19792">
        <ele>14</ele>
        <time>2021-11-13T17:21:15Z</time>
      </trkpt>
      <trkpt lat="30.951310000000003" lon="35.19792">
        <ele>14</ele>
        <time>2021-11-13T17:21:16Z</time>
      </trkpt>
      <trkpt lat="30.95135" lon="35.19765">
        <ele>14</ele>
        <time>2021-11-13T17:21:17Z</time>
      </trkpt>
      <trkpt lat="30.95136" lon="35.19722">
        <ele>21</ele>
        <time>2021-11-13T17:21:18Z</time>
      </trkpt>
      <trkpt lat="30.95135" lon="35.19668">
        <ele>21</ele>
        <time>2021-11-13T17:21:19Z</time>
      </trkpt>
      <trkpt lat="30.951320000000003" lon="35.196580000000004">
        <ele>21</ele>
        <time>2021-11-13T17:21:20Z</time>
      </trkpt>
      <trkpt lat="30.95135" lon="35.196490000000004">
        <ele>24</ele>
        <time>2021-11-13T17:21:21Z</time>
      </trkpt>
      <trkpt lat="30.951320000000003" lon="35.196290000000005">
        <ele>24</ele>
        <time>2021-11-13T17:21:22Z</time>
      </trkpt>
      <trkpt lat="30.95135" lon="35.19608">
        <ele>24</ele>
        <time>2021-11-13T17:21:23Z</time>
      </trkpt>
      <trkpt lat="30.951340000000002" lon="35.195980000000006">
        <ele>24</ele>
        <time>2021-11-13T17:21:24Z</time>
      </trkpt>
      <trkpt lat="30.95117" lon="35.19536">
        <ele>28</ele>
        <time>2021-11-13T17:21:25Z</time>
      </trkpt>
      <trkpt lat="30.951190000000004" lon="35.195130000000006">
        <ele>28</ele>
        <time>2021-11-13T17:21:26Z</time>
      </trkpt>
      <trkpt lat="30.951190000000004" lon="35.1948">
        <ele>30</ele>
        <time>2021-11-13T17:21:27Z</time>
      </trkpt>
      <trkpt lat="30.951150000000002" lon="35.194590000000005">
        <ele>30</ele>
        <time>2021-11-13T17:21:28Z</time>
      </trkpt>
      <trkpt lat="30.951200000000004" lon="35.19438">
        <ele>30</ele>
        <time>2021-11-13T17:21:29Z</time>
      </trkpt>
      <trkpt lat="30.951210000000003" lon="35.19407">
        <ele>30</ele>
        <time>2021-11-13T17:21:30Z</time>
      </trkpt>
      <trkpt lat="30.951280000000004" lon="35.19362">
        <ele>34</ele>
        <time>2021-11-13T17:21:31Z</time>
      </trkpt>
      <trkpt lat="30.95127" lon="35.193290000000005">
        <ele>34</ele>
        <time>2021-11-13T17:21:32Z</time>
      </trkpt>
      <trkpt lat="30.95125" lon="35.19319">
        <ele>34</ele>
        <time>2021-11-13T17:21:33Z</time>
      </trkpt>
      <trkpt lat="30.951240000000002" lon="35.19297">
        <ele>36</ele>
        <time>2021-11-13T17:21:34Z</time>
      </trkpt>
      <trkpt lat="30.95126" lon="35.192750000000004">
        <ele>36</ele>
        <time>2021-11-13T17:21:35Z</time>
      </trkpt>
      <trkpt lat="30.951290000000004" lon="35.19265">
        <ele>36</ele>
        <time>2021-11-13T17:21:36Z</time>
      </trkpt>
      <trkpt lat="30.951290000000004" lon="35.192440000000005">
        <ele>36</ele>
        <time>2021-11-13T17:21:37Z</time>
      </trkpt>
      <trkpt lat="30.951330000000002" lon="35.19223">
        <ele>34</ele>
        <time>2021-11-13T17:21:38Z</time>
      </trkpt>
      <trkpt lat="30.951340000000002" lon="35.19202">
        <ele>34</ele>
        <time>2021-11-13T17:21:39Z</time>
      </trkpt>
      <trkpt lat="30.951310000000003" lon="35.191790000000005">
        <ele>34</ele>
        <time>2021-11-13T17:21:40Z</time>
      </trkpt>
      <trkpt lat="30.95118" lon="35.191390000000006">
        <ele>41</ele>
        <time>2021-11-13T17:21:41Z</time>
      </trkpt>
      <trkpt lat="30.95117" lon="35.191280000000006">
        <ele>41</ele>
        <time>2021-11-13T17:21:42Z</time>
      </trkpt>
      <trkpt lat="30.95117" lon="35.19117">
        <ele>41</ele>
        <time>2021-11-13T17:21:43Z</time>
      </trkpt>
      <trkpt lat="30.951230000000002" lon="35.190760000000004">
        <ele>41</ele>
        <time>2021-11-13T17:21:44Z</time>
      </trkpt>
      <extensions>
        <RoutingType xmlns="">Hike</RoutingType>
      </extensions>
    </trkseg>
    <trkseg>
      <trkpt lat="30.951230000000002" lon="35.190760000000004">
        <ele>41</ele>
        <time>2021-11-13T17:21:44Z</time>
      </trkpt>
      <trkpt lat="30.95117" lon="35.190540000000006">
        <ele>42</ele>
        <time>2021-11-13T17:21:45Z</time>
      </trkpt>
      <trkpt lat="30.951190000000004" lon="35.19033">
        <ele>42</ele>
        <time>2021-11-13T17:21:46Z</time>
      </trkpt>
      <trkpt lat="30.95118" lon="35.19023">
        <ele>42</ele>
        <time>2021-11-13T17:21:47Z</time>
      </trkpt>
      <trkpt lat="30.951100000000004" lon="35.19015">
        <ele>42</ele>
        <time>2021-11-13T17:21:48Z</time>
      </trkpt>
      <trkpt lat="30.951110000000003" lon="35.19005">
        <ele>42</ele>
        <time>2021-11-13T17:21:49Z</time>
      </trkpt>
      <trkpt lat="30.951060000000002" lon="35.18961">
        <ele>47</ele>
        <time>2021-11-13T17:21:50Z</time>
      </trkpt>
      <trkpt lat="30.95107" lon="35.189510000000006">
        <ele>47</ele>
        <time>2021-11-13T17:21:51Z</time>
      </trkpt>
      <trkpt lat="30.951120000000003" lon="35.18941">
        <ele>47</ele>
        <time>2021-11-13T17:21:52Z</time>
      </trkpt>
      <trkpt lat="30.951140000000002" lon="35.1893">
        <ele>47</ele>
        <time>2021-11-13T17:21:53Z</time>
      </trkpt>
      <trkpt lat="30.95117" lon="35.18896">
        <ele>45</ele>
        <time>2021-11-13T17:21:54Z</time>
      </trkpt>
      <trkpt lat="30.95116" lon="35.18885">
        <ele>45</ele>
        <time>2021-11-13T17:21:55Z</time>
      </trkpt>
      <trkpt lat="30.95117" lon="35.18862">
        <ele>45</ele>
        <time>2021-11-13T17:21:56Z</time>
      </trkpt>
      <trkpt lat="30.95117" lon="35.188410000000005">
        <ele>45</ele>
        <time>2021-11-13T17:21:57Z</time>
      </trkpt>
      <trkpt lat="30.95118" lon="35.187760000000004">
        <ele>48</ele>
        <time>2021-11-13T17:21:58Z</time>
      </trkpt>
      <trkpt lat="30.951200000000004" lon="35.187670000000004">
        <ele>48</ele>
        <time>2021-11-13T17:21:59Z</time>
      </trkpt>
      <trkpt lat="30.951200000000004" lon="35.18744">
        <ele>48</ele>
        <time>2021-11-13T17:22:00Z</time>
      </trkpt>
      <trkpt lat="30.951230000000002" lon="35.18713">
        <ele>51</ele>
        <time>2021-11-13T17:22:01Z</time>
      </trkpt>
      <trkpt lat="30.95127" lon="35.18703">
        <ele>51</ele>
        <time>2021-11-13T17:22:02Z</time>
      </trkpt>
      <trkpt lat="30.95127" lon="35.186840000000004">
        <ele>51.5</ele>
        <time>2021-11-13T17:22:03Z</time>
      </trkpt>
      <trkpt lat="30.95127" lon="35.186840000000004">
        <ele>51.5</ele>
        <time>2021-11-13T17:22:04Z</time>
      </trkpt>
      <trkpt lat="30.951220000000003" lon="35.186260000000004">
        <ele>52</ele>
        <time>2021-11-13T17:22:05Z</time>
      </trkpt>
      <trkpt lat="30.951050000000002" lon="35.18573">
        <ele>52</ele>
        <time>2021-11-13T17:22:06Z</time>
      </trkpt>
      <trkpt lat="30.950960000000002" lon="35.18531">
        <ele>50</ele>
        <time>2021-11-13T17:22:07Z</time>
      </trkpt>
      <trkpt lat="30.950960000000002" lon="35.185100000000006">
        <ele>50</ele>
        <time>2021-11-13T17:22:08Z</time>
      </trkpt>
      <trkpt lat="30.950870000000002" lon="35.18478">
        <ele>53</ele>
        <time>2021-11-13T17:22:09Z</time>
      </trkpt>
      <trkpt lat="30.950850000000003" lon="35.18444">
        <ele>56</ele>
        <time>2021-11-13T17:22:10Z</time>
      </trkpt>
      <trkpt lat="30.950840000000003" lon="35.184340000000006">
        <ele>56</ele>
        <time>2021-11-13T17:22:11Z</time>
      </trkpt>
      <trkpt lat="30.950810000000004" lon="35.18424">
        <ele>56</ele>
        <time>2021-11-13T17:22:12Z</time>
      </trkpt>
      <trkpt lat="30.9508" lon="35.184140000000006">
        <ele>56</ele>
        <time>2021-11-13T17:22:13Z</time>
      </trkpt>
      <trkpt lat="30.950840000000003" lon="35.184050000000006">
        <ele>56</ele>
        <time>2021-11-13T17:22:14Z</time>
      </trkpt>
      <trkpt lat="30.950850000000003" lon="35.18383">
        <ele>59</ele>
        <time>2021-11-13T17:22:15Z</time>
      </trkpt>
      <trkpt lat="30.950820000000004" lon="35.183510000000005">
        <ele>59</ele>
        <time>2021-11-13T17:22:16Z</time>
      </trkpt>
      <trkpt lat="30.950760000000002" lon="35.1833">
        <ele>59</ele>
        <time>2021-11-13T17:22:17Z</time>
      </trkpt>
      <trkpt lat="30.9507" lon="35.18298">
        <ele>63</ele>
        <time>2021-11-13T17:22:18Z</time>
      </trkpt>
      <trkpt lat="30.950380000000003" lon="35.182300000000005">
        <ele>63</ele>
        <time>2021-11-13T17:22:19Z</time>
      </trkpt>
      <trkpt lat="30.950440000000004" lon="35.18211">
        <ele>63</ele>
        <time>2021-11-13T17:22:20Z</time>
      </trkpt>
      <trkpt lat="30.950560000000003" lon="35.181940000000004">
        <ele>63</ele>
        <time>2021-11-13T17:22:21Z</time>
      </trkpt>
      <trkpt lat="30.950570000000003" lon="35.181850000000004">
        <ele>63</ele>
        <time>2021-11-13T17:22:22Z</time>
      </trkpt>
      <trkpt lat="30.950530000000004" lon="35.181520000000006">
        <ele>63</ele>
        <time>2021-11-13T17:22:23Z</time>
      </trkpt>
      <trkpt lat="30.950570000000003" lon="35.18131">
        <ele>67</ele>
        <time>2021-11-13T17:22:24Z</time>
      </trkpt>
      <trkpt lat="30.950570000000003" lon="35.181200000000004">
        <ele>67</ele>
        <time>2021-11-13T17:22:25Z</time>
      </trkpt>
      <trkpt lat="30.95061" lon="35.1811">
        <ele>67</ele>
        <time>2021-11-13T17:22:26Z</time>
      </trkpt>
      <trkpt lat="30.950670000000002" lon="35.180780000000006">
        <ele>67</ele>
        <time>2021-11-13T17:22:27Z</time>
      </trkpt>
      <trkpt lat="30.950750000000003" lon="35.18059">
        <ele>72</ele>
        <time>2021-11-13T17:22:28Z</time>
      </trkpt>
      <trkpt lat="30.950770000000002" lon="35.180490000000006">
        <ele>72</ele>
        <time>2021-11-13T17:22:29Z</time>
      </trkpt>
      <trkpt lat="30.950770000000002" lon="35.18037">
        <ele>72</ele>
        <time>2021-11-13T17:22:30Z</time>
      </trkpt>
      <trkpt lat="30.950830000000003" lon="35.17994">
        <ele>72</ele>
        <time>2021-11-13T17:22:31Z</time>
      </trkpt>
      <trkpt lat="30.950850000000003" lon="35.17989">
        <ele>72</ele>
        <time>2021-11-13T17:22:32Z</time>
      </trkpt>
      <trkpt lat="30.95089" lon="35.17963">
        <ele>77</ele>
        <time>2021-11-13T17:22:33Z</time>
      </trkpt>
      <trkpt lat="30.950910000000004" lon="35.17936">
        <ele>77</ele>
        <time>2021-11-13T17:22:34Z</time>
      </trkpt>
      <trkpt lat="30.95098" lon="35.17916">
        <ele>77</ele>
        <time>2021-11-13T17:22:35Z</time>
      </trkpt>
      <trkpt lat="30.951040000000003" lon="35.17884">
        <ele>79</ele>
        <time>2021-11-13T17:22:36Z</time>
      </trkpt>
      <trkpt lat="30.95118" lon="35.17835">
        <ele>79</ele>
        <time>2021-11-13T17:22:37Z</time>
      </trkpt>
      <trkpt lat="30.95118" lon="35.17835">
        <ele>79</ele>
        <time>2021-11-13T17:22:38Z</time>
      </trkpt>
      <trkpt lat="30.95125" lon="35.177870000000006">
        <ele>84</ele>
        <time>2021-11-13T17:22:39Z</time>
      </trkpt>
      <trkpt lat="30.951220000000003" lon="35.17766">
        <ele>84</ele>
        <time>2021-11-13T17:22:40Z</time>
      </trkpt>
      <trkpt lat="30.951240000000002" lon="35.17734">
        <ele>88</ele>
        <time>2021-11-13T17:22:41Z</time>
      </trkpt>
      <trkpt lat="30.951210000000003" lon="35.177130000000005">
        <ele>88</ele>
        <time>2021-11-13T17:22:42Z</time>
      </trkpt>
      <trkpt lat="30.951210000000003" lon="35.17691">
        <ele>88</ele>
        <time>2021-11-13T17:22:43Z</time>
      </trkpt>
      <trkpt lat="30.951240000000002" lon="35.176700000000004">
        <ele>88</ele>
        <time>2021-11-13T17:22:44Z</time>
      </trkpt>
      <trkpt lat="30.951230000000002" lon="35.17636">
        <ele>93</ele>
        <time>2021-11-13T17:22:45Z</time>
      </trkpt>
      <trkpt lat="30.95126" lon="35.17615">
        <ele>93</ele>
        <time>2021-11-13T17:22:46Z</time>
      </trkpt>
      <trkpt lat="30.95125" lon="35.17604">
        <ele>93</ele>
        <time>2021-11-13T17:22:47Z</time>
      </trkpt>
      <trkpt lat="30.951220000000003" lon="35.175830000000005">
        <ele>93</ele>
        <time>2021-11-13T17:22:48Z</time>
      </trkpt>
      <trkpt lat="30.95117" lon="35.17573">
        <ele>93</ele>
        <time>2021-11-13T17:22:49Z</time>
      </trkpt>
      <trkpt lat="30.951100000000004" lon="35.17541">
        <ele>96</ele>
        <time>2021-11-13T17:22:50Z</time>
      </trkpt>
      <trkpt lat="30.95097" lon="35.17501">
        <ele>96</ele>
        <time>2021-11-13T17:22:51Z</time>
      </trkpt>
      <trkpt lat="30.950950000000002" lon="35.1749">
        <ele>96</ele>
        <time>2021-11-13T17:22:52Z</time>
      </trkpt>
      <trkpt lat="30.950960000000002" lon="35.174850000000006">
        <ele>101</ele>
        <time>2021-11-13T17:22:53Z</time>
      </trkpt>
      <trkpt lat="30.950870000000002" lon="35.17452">
        <ele>101</ele>
        <time>2021-11-13T17:22:54Z</time>
      </trkpt>
      <trkpt lat="30.950860000000002" lon="35.1743">
        <ele>101</ele>
        <time>2021-11-13T17:22:55Z</time>
      </trkpt>
      <trkpt lat="30.950860000000002" lon="35.173970000000004">
        <ele>106</ele>
        <time>2021-11-13T17:22:56Z</time>
      </trkpt>
      <trkpt lat="30.95079" lon="35.17344">
        <ele>106</ele>
        <time>2021-11-13T17:22:57Z</time>
      </trkpt>
      <trkpt lat="30.950740000000003" lon="35.17324">
        <ele>106</ele>
        <time>2021-11-13T17:22:58Z</time>
      </trkpt>
      <trkpt lat="30.950680000000002" lon="35.173030000000004">
        <ele>111</ele>
        <time>2021-11-13T17:22:59Z</time>
      </trkpt>
      <trkpt lat="30.950650000000003" lon="35.172830000000005">
        <ele>111</ele>
        <time>2021-11-13T17:23:00Z</time>
      </trkpt>
      <trkpt lat="30.9507" lon="35.172630000000005">
        <ele>111</ele>
        <time>2021-11-13T17:23:01Z</time>
      </trkpt>
      <trkpt lat="30.9507" lon="35.172180000000004">
        <ele>114</ele>
        <time>2021-11-13T17:23:02Z</time>
      </trkpt>
      <trkpt lat="30.95071" lon="35.172090000000004">
        <ele>114</ele>
        <time>2021-11-13T17:23:03Z</time>
      </trkpt>
      <trkpt lat="30.950760000000002" lon="35.17199">
        <ele>114</ele>
        <time>2021-11-13T17:23:04Z</time>
      </trkpt>
      <trkpt lat="30.950840000000003" lon="35.171910000000004">
        <ele>114</ele>
        <time>2021-11-13T17:23:05Z</time>
      </trkpt>
      <trkpt lat="30.951000000000004" lon="35.17179">
        <ele>116</ele>
        <time>2021-11-13T17:23:06Z</time>
      </trkpt>
      <trkpt lat="30.95107" lon="35.171710000000004">
        <ele>116</ele>
        <time>2021-11-13T17:23:07Z</time>
      </trkpt>
      <trkpt lat="30.951150000000002" lon="35.171400000000006">
        <ele>116</ele>
        <time>2021-11-13T17:23:08Z</time>
      </trkpt>
      <trkpt lat="30.951280000000004" lon="35.17112">
        <ele>116</ele>
        <time>2021-11-13T17:23:09Z</time>
      </trkpt>
      <trkpt lat="30.951290000000004" lon="35.171020000000006">
        <ele>116</ele>
        <time>2021-11-13T17:23:10Z</time>
      </trkpt>
      <trkpt lat="30.951330000000002" lon="35.17092">
        <ele>116</ele>
        <time>2021-11-13T17:23:11Z</time>
      </trkpt>
      <trkpt lat="30.95136" lon="35.170820000000006">
        <ele>116</ele>
        <time>2021-11-13T17:23:12Z</time>
      </trkpt>
      <extensions>
        <RoutingType xmlns="">Hike</RoutingType>
      </extensions>
    </trkseg>
    <trkseg>
      <trkpt lat="30.95136" lon="35.170820000000006">
        <ele>116</ele>
        <time>2021-11-13T17:23:12Z</time>
      </trkpt>
      <trkpt lat="30.951370000000004" lon="35.170590000000004">
        <ele>121</ele>
        <time>2021-11-13T17:23:13Z</time>
      </trkpt>
      <trkpt lat="30.951390000000004" lon="35.17049">
        <ele>121</ele>
        <time>2021-11-13T17:23:14Z</time>
      </trkpt>
      <trkpt lat="30.951410000000003" lon="35.169830000000005">
        <ele>126</ele>
        <time>2021-11-13T17:23:15Z</time>
      </trkpt>
      <trkpt lat="30.95136" lon="35.169520000000006">
        <ele>126</ele>
        <time>2021-11-13T17:23:16Z</time>
      </trkpt>
      <trkpt lat="30.951280000000004" lon="35.16888">
        <ele>129</ele>
        <time>2021-11-13T17:23:17Z</time>
      </trkpt>
      <trkpt lat="30.951210000000003" lon="35.16845">
        <ele>129</ele>
        <time>2021-11-13T17:23:18Z</time>
      </trkpt>
      <trkpt lat="30.95107" lon="35.168040000000005">
        <ele>131</ele>
        <time>2021-11-13T17:23:19Z</time>
      </trkpt>
      <trkpt lat="30.950920000000004" lon="35.167170000000006">
        <ele>133</ele>
        <time>2021-11-13T17:23:20Z</time>
      </trkpt>
      <trkpt lat="30.950920000000004" lon="35.167170000000006">
        <ele>133</ele>
        <time>2021-11-13T17:23:21Z</time>
      </trkpt>
      <trkpt lat="30.950870000000002" lon="35.166830000000004">
        <ele>135</ele>
        <time>2021-11-13T17:23:22Z</time>
      </trkpt>
      <trkpt lat="30.950910000000004" lon="35.16653">
        <ele>135</ele>
        <time>2021-11-13T17:23:23Z</time>
      </trkpt>
      <trkpt lat="30.950950000000002" lon="35.166430000000005">
        <ele>147</ele>
        <time>2021-11-13T17:23:24Z</time>
      </trkpt>
      <trkpt lat="30.950960000000002" lon="35.16622">
        <ele>147</ele>
        <time>2021-11-13T17:23:25Z</time>
      </trkpt>
      <trkpt lat="30.950900000000004" lon="35.16602">
        <ele>147</ele>
        <time>2021-11-13T17:23:26Z</time>
      </trkpt>
      <trkpt lat="30.950740000000003" lon="35.16575">
        <ele>161</ele>
        <time>2021-11-13T17:23:27Z</time>
      </trkpt>
      <trkpt lat="30.9507" lon="35.16555">
        <ele>181</ele>
        <time>2021-11-13T17:23:28Z</time>
      </trkpt>
      <trkpt lat="30.95069" lon="35.16525">
        <ele>181</ele>
        <time>2021-11-13T17:23:29Z</time>
      </trkpt>
      <trkpt lat="30.950650000000003" lon="35.16517">
        <ele>181</ele>
        <time>2021-11-13T17:23:30Z</time>
      </trkpt>
      <trkpt lat="30.950640000000003" lon="35.16507">
        <ele>181</ele>
        <time>2021-11-13T17:23:31Z</time>
      </trkpt>
      <trkpt lat="30.950580000000002" lon="35.16503">
        <ele>181</ele>
        <time>2021-11-13T17:23:32Z</time>
      </trkpt>
      <trkpt lat="30.95052" lon="35.164970000000004">
        <ele>181</ele>
        <time>2021-11-13T17:23:33Z</time>
      </trkpt>
      <trkpt lat="30.950540000000004" lon="35.16479">
        <ele>197</ele>
        <time>2021-11-13T17:23:34Z</time>
      </trkpt>
      <trkpt lat="30.950590000000002" lon="35.16471">
        <ele>197</ele>
        <time>2021-11-13T17:23:35Z</time>
      </trkpt>
      <trkpt lat="30.9505" lon="35.164590000000004">
        <ele>197</ele>
        <time>2021-11-13T17:23:36Z</time>
      </trkpt>
      <trkpt lat="30.950540000000004" lon="35.16451">
        <ele>197</ele>
        <time>2021-11-13T17:23:37Z</time>
      </trkpt>
      <trkpt lat="30.950470000000003" lon="35.164460000000005">
        <ele>197</ele>
        <time>2021-11-13T17:23:38Z</time>
      </trkpt>
      <trkpt lat="30.95041" lon="35.1644">
        <ele>197</ele>
        <time>2021-11-13T17:23:39Z</time>
      </trkpt>
      <trkpt lat="30.950470000000003" lon="35.16434">
        <ele>197</ele>
        <time>2021-11-13T17:23:40Z</time>
      </trkpt>
      <trkpt lat="30.95051" lon="35.16424">
        <ele>197</ele>
        <time>2021-11-13T17:23:41Z</time>
      </trkpt>
      <trkpt lat="30.950470000000003" lon="35.16396">
        <ele>196</ele>
        <time>2021-11-13T17:23:42Z</time>
      </trkpt>
      <trkpt lat="30.95042" lon="35.16389">
        <ele>196</ele>
        <time>2021-11-13T17:23:43Z</time>
      </trkpt>
      <trkpt lat="30.950390000000002" lon="35.1638">
        <ele>196</ele>
        <time>2021-11-13T17:23:44Z</time>
      </trkpt>
      <trkpt lat="30.95031" lon="35.16375">
        <ele>196</ele>
        <time>2021-11-13T17:23:45Z</time>
      </trkpt>
      <trkpt lat="30.95024" lon="35.16369">
        <ele>196</ele>
        <time>2021-11-13T17:23:46Z</time>
      </trkpt>
      <trkpt lat="30.950170000000004" lon="35.16367">
        <ele>196</ele>
        <time>2021-11-13T17:23:47Z</time>
      </trkpt>
      <trkpt lat="30.950080000000003" lon="35.16362">
        <ele>196</ele>
        <time>2021-11-13T17:23:48Z</time>
      </trkpt>
      <trkpt lat="30.949930000000002" lon="35.163560000000004">
        <ele>242</ele>
        <time>2021-11-13T17:23:49Z</time>
      </trkpt>
      <trkpt lat="30.949800000000003" lon="35.163450000000005">
        <ele>242</ele>
        <time>2021-11-13T17:23:50Z</time>
      </trkpt>
      <trkpt lat="30.94977" lon="35.163270000000004">
        <ele>242</ele>
        <time>2021-11-13T17:23:51Z</time>
      </trkpt>
      <trkpt lat="30.94976" lon="35.163070000000005">
        <ele>279</ele>
        <time>2021-11-13T17:23:52Z</time>
      </trkpt>
      <trkpt lat="30.949800000000003" lon="35.16295">
        <ele>279</ele>
        <time>2021-11-13T17:23:53Z</time>
      </trkpt>
      <trkpt lat="30.94975" lon="35.16288">
        <ele>279</ele>
        <time>2021-11-13T17:23:54Z</time>
      </trkpt>
      <trkpt lat="30.949730000000002" lon="35.16281">
        <ele>279</ele>
        <time>2021-11-13T17:23:55Z</time>
      </trkpt>
      <trkpt lat="30.94967" lon="35.162800000000004">
        <ele>279</ele>
        <time>2021-11-13T17:23:56Z</time>
      </trkpt>
      <trkpt lat="30.949650000000002" lon="35.16275">
        <ele>279</ele>
        <time>2021-11-13T17:23:57Z</time>
      </trkpt>
      <trkpt lat="30.949640000000002" lon="35.162710000000004">
        <ele>279</ele>
        <time>2021-11-13T17:23:58Z</time>
      </trkpt>
      <trkpt lat="30.94966" lon="35.16264">
        <ele>279</ele>
        <time>2021-11-13T17:23:59Z</time>
      </trkpt>
      <trkpt lat="30.949620000000003" lon="35.162560000000006">
        <ele>279</ele>
        <time>2021-11-13T17:24:00Z</time>
      </trkpt>
      <trkpt lat="30.949620000000003" lon="35.16243">
        <ele>279</ele>
        <time>2021-11-13T17:24:01Z</time>
      </trkpt>
      <trkpt lat="30.94956" lon="35.16234">
        <ele>309</ele>
        <time>2021-11-13T17:24:02Z</time>
      </trkpt>
      <trkpt lat="30.949600000000004" lon="35.16227">
        <ele>309</ele>
        <time>2021-11-13T17:24:03Z</time>
      </trkpt>
      <trkpt lat="30.94958" lon="35.162240000000004">
        <ele>309</ele>
        <time>2021-11-13T17:24:04Z</time>
      </trkpt>
      <trkpt lat="30.949510000000004" lon="35.16216">
        <ele>309</ele>
        <time>2021-11-13T17:24:05Z</time>
      </trkpt>
      <trkpt lat="30.94928" lon="35.16198">
        <ele>309</ele>
        <time>2021-11-13T17:24:06Z</time>
      </trkpt>
      <trkpt lat="30.94921" lon="35.161910000000006">
        <ele>309</ele>
        <time>2021-11-13T17:24:07Z</time>
      </trkpt>
      <trkpt lat="30.949180000000002" lon="35.16181">
        <ele>329</ele>
        <time>2021-11-13T17:24:08Z</time>
      </trkpt>
      <trkpt lat="30.949170000000002" lon="35.16171">
        <ele>329</ele>
        <time>2021-11-13T17:24:09Z</time>
      </trkpt>
      <trkpt lat="30.94911" lon="35.16163">
        <ele>329</ele>
        <time>2021-11-13T17:24:10Z</time>
      </trkpt>
      <trkpt lat="30.948980000000002" lon="35.161530000000006">
        <ele>329</ele>
        <time>2021-11-13T17:24:11Z</time>
      </trkpt>
      <trkpt lat="30.948950000000004" lon="35.161440000000006">
        <ele>348</ele>
        <time>2021-11-13T17:24:12Z</time>
      </trkpt>
      <trkpt lat="30.948880000000003" lon="35.16136">
        <ele>348</ele>
        <time>2021-11-13T17:24:13Z</time>
      </trkpt>
      <trkpt lat="30.94873" lon="35.161440000000006">
        <ele>348</ele>
        <time>2021-11-13T17:24:14Z</time>
      </trkpt>
      <trkpt lat="30.948650000000004" lon="35.161440000000006">
        <ele>348</ele>
        <time>2021-11-13T17:24:15Z</time>
      </trkpt>
      <trkpt lat="30.948600000000003" lon="35.16138">
        <ele>348</ele>
        <time>2021-11-13T17:24:16Z</time>
      </trkpt>
      <trkpt lat="30.948510000000002" lon="35.1614">
        <ele>348</ele>
        <time>2021-11-13T17:24:17Z</time>
      </trkpt>
      <trkpt lat="30.94844" lon="35.1614">
        <ele>348</ele>
        <time>2021-11-13T17:24:18Z</time>
      </trkpt>
      <trkpt lat="30.948370000000004" lon="35.16143">
        <ele>348</ele>
        <time>2021-11-13T17:24:19Z</time>
      </trkpt>
      <trkpt lat="30.948240000000002" lon="35.16142">
        <ele>365</ele>
        <time>2021-11-13T17:24:20Z</time>
      </trkpt>
      <trkpt lat="30.948140000000002" lon="35.16151">
        <ele>365</ele>
        <time>2021-11-13T17:24:21Z</time>
      </trkpt>
      <trkpt lat="30.948110000000003" lon="35.1614">
        <ele>365</ele>
        <time>2021-11-13T17:24:22Z</time>
      </trkpt>
      <trkpt lat="30.948040000000002" lon="35.16134">
        <ele>365</ele>
        <time>2021-11-13T17:24:23Z</time>
      </trkpt>
      <trkpt lat="30.947960000000002" lon="35.16131">
        <ele>365</ele>
        <time>2021-11-13T17:24:24Z</time>
      </trkpt>
      <trkpt lat="30.94788" lon="35.16132">
        <ele>365</ele>
        <time>2021-11-13T17:24:25Z</time>
      </trkpt>
      <trkpt lat="30.947730000000004" lon="35.161210000000004">
        <ele>365</ele>
        <time>2021-11-13T17:24:26Z</time>
      </trkpt>
      <trkpt lat="30.947660000000003" lon="35.16114">
        <ele>365</ele>
        <time>2021-11-13T17:24:27Z</time>
      </trkpt>
      <trkpt lat="30.9477" lon="35.16107">
        <ele>365</ele>
        <time>2021-11-13T17:24:28Z</time>
      </trkpt>
      <trkpt lat="30.947560000000003" lon="35.160790000000006">
        <ele>365</ele>
        <time>2021-11-13T17:24:29Z</time>
      </trkpt>
      <trkpt lat="30.94752" lon="35.160630000000005">
        <ele>428</ele>
        <time>2021-11-13T17:24:30Z</time>
      </trkpt>
      <trkpt lat="30.947440000000004" lon="35.1606">
        <ele>428</ele>
        <time>2021-11-13T17:24:31Z</time>
      </trkpt>
      <trkpt lat="30.947400000000002" lon="35.16055">
        <ele>428</ele>
        <time>2021-11-13T17:24:32Z</time>
      </trkpt>
      <trkpt lat="30.94742" lon="35.160470000000004">
        <ele>428</ele>
        <time>2021-11-13T17:24:33Z</time>
      </trkpt>
      <trkpt lat="30.947380000000003" lon="35.1604">
        <ele>428</ele>
        <time>2021-11-13T17:24:34Z</time>
      </trkpt>
      <trkpt lat="30.947200000000002" lon="35.16033">
        <ele>428</ele>
        <time>2021-11-13T17:24:35Z</time>
      </trkpt>
      <trkpt lat="30.94712" lon="35.16028">
        <ele>428</ele>
        <time>2021-11-13T17:24:36Z</time>
      </trkpt>
      <trkpt lat="30.947020000000002" lon="35.16028">
        <ele>428</ele>
        <time>2021-11-13T17:24:37Z</time>
      </trkpt>
      <trkpt lat="30.946930000000002" lon="35.16024">
        <ele>428</ele>
        <time>2021-11-13T17:24:38Z</time>
      </trkpt>
      <trkpt lat="30.94667" lon="35.160180000000004">
        <ele>434</ele>
        <time>2021-11-13T17:24:39Z</time>
      </trkpt>
      <trkpt lat="30.94638" lon="35.160050000000005">
        <ele>434</ele>
        <time>2021-11-13T17:24:40Z</time>
      </trkpt>
      <extensions>
        <RoutingType xmlns="">Hike</RoutingType>
      </extensions>
    </trkseg>
    <trkseg>
      <trkpt lat="30.94638" lon="35.160050000000005">
        <ele>434</ele>
        <time>2021-11-13T17:24:40Z</time>
      </trkpt>
      <trkpt lat="30.9462" lon="35.16008">
        <ele>434</ele>
        <time>2021-11-13T17:24:41Z</time>
      </trkpt>
      <trkpt lat="30.946080000000002" lon="35.16013">
        <ele>434</ele>
        <time>2021-11-13T17:24:42Z</time>
      </trkpt>
      <trkpt lat="30.94609" lon="35.160090000000004">
        <ele>434</ele>
        <time>2021-11-13T17:24:43Z</time>
      </trkpt>
      <trkpt lat="30.946170000000002" lon="35.16004">
        <ele>434</ele>
        <time>2021-11-13T17:24:44Z</time>
      </trkpt>
      <trkpt lat="30.94628" lon="35.15992">
        <ele>434</ele>
        <time>2021-11-13T17:24:45Z</time>
      </trkpt>
      <trkpt lat="30.946260000000002" lon="35.159870000000005">
        <ele>434</ele>
        <time>2021-11-13T17:24:46Z</time>
      </trkpt>
      <trkpt lat="30.94628" lon="35.15981">
        <ele>483</ele>
        <time>2021-11-13T17:24:47Z</time>
      </trkpt>
      <trkpt lat="30.946250000000003" lon="35.15977">
        <ele>483</ele>
        <time>2021-11-13T17:24:48Z</time>
      </trkpt>
      <trkpt lat="30.946210000000004" lon="35.15979">
        <ele>483</ele>
        <time>2021-11-13T17:24:49Z</time>
      </trkpt>
      <trkpt lat="30.946160000000003" lon="35.15972">
        <ele>483</ele>
        <time>2021-11-13T17:24:50Z</time>
      </trkpt>
      <trkpt lat="30.94609" lon="35.159490000000005">
        <ele>483</ele>
        <time>2021-11-13T17:24:51Z</time>
      </trkpt>
      <trkpt lat="30.946" lon="35.15957">
        <ele>483</ele>
        <time>2021-11-13T17:24:52Z</time>
      </trkpt>
      <trkpt lat="30.945960000000003" lon="35.159530000000004">
        <ele>483</ele>
        <time>2021-11-13T17:24:53Z</time>
      </trkpt>
      <trkpt lat="30.94592" lon="35.15952">
        <ele>483</ele>
        <time>2021-11-13T17:24:54Z</time>
      </trkpt>
      <trkpt lat="30.945870000000003" lon="35.159560000000006">
        <ele>479</ele>
        <time>2021-11-13T17:24:55Z</time>
      </trkpt>
      <trkpt lat="30.945780000000003" lon="35.15943">
        <ele>479</ele>
        <time>2021-11-13T17:24:56Z</time>
      </trkpt>
      <trkpt lat="30.945790000000002" lon="35.159090000000006">
        <ele>479</ele>
        <time>2021-11-13T17:24:57Z</time>
      </trkpt>
      <trkpt lat="30.94572" lon="35.15878">
        <ele>485</ele>
        <time>2021-11-13T17:24:58Z</time>
      </trkpt>
      <trkpt lat="30.945690000000003" lon="35.158680000000004">
        <ele>485</ele>
        <time>2021-11-13T17:24:59Z</time>
      </trkpt>
      <trkpt lat="30.94562" lon="35.158590000000004">
        <ele>485</ele>
        <time>2021-11-13T17:25:00Z</time>
      </trkpt>
      <trkpt lat="30.94525" lon="35.158390000000004">
        <ele>485</ele>
        <time>2021-11-13T17:25:01Z</time>
      </trkpt>
      <trkpt lat="30.94525" lon="35.158390000000004">
        <ele>485</ele>
        <time>2021-11-13T17:25:02Z</time>
      </trkpt>
      <trkpt lat="30.945180000000004" lon="35.158350000000006">
        <ele>485</ele>
        <time>2021-11-13T17:25:03Z</time>
      </trkpt>
      <trkpt lat="30.94507" lon="35.158170000000005">
        <ele>491</ele>
        <time>2021-11-13T17:25:04Z</time>
      </trkpt>
      <trkpt lat="30.945000000000004" lon="35.158100000000005">
        <ele>494</ele>
        <time>2021-11-13T17:25:05Z</time>
      </trkpt>
      <trkpt lat="30.944820000000004" lon="35.15814">
        <ele>494</ele>
        <time>2021-11-13T17:25:06Z</time>
      </trkpt>
      <trkpt lat="30.944730000000003" lon="35.15811">
        <ele>494</ele>
        <time>2021-11-13T17:25:07Z</time>
      </trkpt>
      <trkpt lat="30.944650000000003" lon="35.15807">
        <ele>494</ele>
        <time>2021-11-13T17:25:08Z</time>
      </trkpt>
      <trkpt lat="30.944380000000002" lon="35.15833">
        <ele>485</ele>
        <time>2021-11-13T17:25:09Z</time>
      </trkpt>
      <trkpt lat="30.944200000000002" lon="35.15858">
        <ele>491</ele>
        <time>2021-11-13T17:25:10Z</time>
      </trkpt>
      <trkpt lat="30.94404" lon="35.15867">
        <ele>491</ele>
        <time>2021-11-13T17:25:11Z</time>
      </trkpt>
      <trkpt lat="30.94384" lon="35.15889">
        <ele>491</ele>
        <time>2021-11-13T17:25:12Z</time>
      </trkpt>
      <trkpt lat="30.943780000000004" lon="35.15898">
        <ele>491</ele>
        <time>2021-11-13T17:25:13Z</time>
      </trkpt>
      <trkpt lat="30.94365" lon="35.159380000000006">
        <ele>491</ele>
        <time>2021-11-13T17:25:14Z</time>
      </trkpt>
      <trkpt lat="30.943610000000003" lon="35.15948">
        <ele>491</ele>
        <time>2021-11-13T17:25:15Z</time>
      </trkpt>
      <trkpt lat="30.943540000000002" lon="35.159560000000006">
        <ele>491</ele>
        <time>2021-11-13T17:25:16Z</time>
      </trkpt>
      <trkpt lat="30.943450000000002" lon="35.159560000000006">
        <ele>491</ele>
        <time>2021-11-13T17:25:17Z</time>
      </trkpt>
      <trkpt lat="30.943360000000002" lon="35.159530000000004">
        <ele>501</ele>
        <time>2021-11-13T17:25:18Z</time>
      </trkpt>
      <trkpt lat="30.943140000000003" lon="35.15936">
        <ele>501</ele>
        <time>2021-11-13T17:25:19Z</time>
      </trkpt>
      <trkpt lat="30.943" lon="35.159380000000006">
        <ele>501</ele>
        <time>2021-11-13T17:25:20Z</time>
      </trkpt>
      <trkpt lat="30.942880000000002" lon="35.159330000000004">
        <ele>501</ele>
        <time>2021-11-13T17:25:21Z</time>
      </trkpt>
      <trkpt lat="30.94271" lon="35.15907">
        <ele>501</ele>
        <time>2021-11-13T17:25:22Z</time>
      </trkpt>
      <trkpt lat="30.942280000000004" lon="35.158680000000004">
        <ele>498</ele>
        <time>2021-11-13T17:25:23Z</time>
      </trkpt>
      <trkpt lat="30.941820000000003" lon="35.15818">
        <ele>502</ele>
        <time>2021-11-13T17:25:24Z</time>
      </trkpt>
      <trkpt lat="30.941640000000003" lon="35.158060000000006">
        <ele>494</ele>
        <time>2021-11-13T17:25:25Z</time>
      </trkpt>
      <trkpt lat="30.941470000000002" lon="35.15805">
        <ele>494</ele>
        <time>2021-11-13T17:25:26Z</time>
      </trkpt>
      <trkpt lat="30.941330000000004" lon="35.158080000000005">
        <ele>494</ele>
        <time>2021-11-13T17:25:27Z</time>
      </trkpt>
      <trkpt lat="30.94121" lon="35.158080000000005">
        <ele>494</ele>
        <time>2021-11-13T17:25:28Z</time>
      </trkpt>
      <trkpt lat="30.94103" lon="35.15805">
        <ele>491</ele>
        <time>2021-11-13T17:25:29Z</time>
      </trkpt>
      <trkpt lat="30.94103" lon="35.15805">
        <ele>491</ele>
        <time>2021-11-13T17:25:30Z</time>
      </trkpt>
      <trkpt lat="30.940520000000003" lon="35.15796">
        <ele>488</ele>
        <time>2021-11-13T17:25:31Z</time>
      </trkpt>
      <trkpt lat="30.94029" lon="35.157990000000005">
        <ele>488</ele>
        <time>2021-11-13T17:25:32Z</time>
      </trkpt>
      <trkpt lat="30.940130000000003" lon="35.15804">
        <ele>488</ele>
        <time>2021-11-13T17:25:33Z</time>
      </trkpt>
      <trkpt lat="30.939980000000002" lon="35.15814">
        <ele>486</ele>
        <time>2021-11-13T17:25:34Z</time>
      </trkpt>
      <trkpt lat="30.9398" lon="35.158350000000006">
        <ele>485</ele>
        <time>2021-11-13T17:25:35Z</time>
      </trkpt>
      <trkpt lat="30.939560000000004" lon="35.15849">
        <ele>485</ele>
        <time>2021-11-13T17:25:36Z</time>
      </trkpt>
      <trkpt lat="30.939460000000004" lon="35.15852">
        <ele>485</ele>
        <time>2021-11-13T17:25:37Z</time>
      </trkpt>
      <trkpt lat="30.939210000000003" lon="35.15851">
        <ele>491</ele>
        <time>2021-11-13T17:25:38Z</time>
      </trkpt>
      <trkpt lat="30.938560000000003" lon="35.15831">
        <ele>491</ele>
        <time>2021-11-13T17:25:39Z</time>
      </trkpt>
      <trkpt lat="30.9383" lon="35.158030000000004">
        <ele>490</ele>
        <time>2021-11-13T17:25:40Z</time>
      </trkpt>
      <trkpt lat="30.937860000000004" lon="35.1574">
        <ele>490</ele>
        <time>2021-11-13T17:25:41Z</time>
      </trkpt>
      <trkpt lat="30.937860000000004" lon="35.1574">
        <ele>490</ele>
        <time>2021-11-13T17:25:42Z</time>
      </trkpt>
      <trkpt lat="30.93776" lon="35.1572">
        <ele>490</ele>
        <time>2021-11-13T17:25:43Z</time>
      </trkpt>
      <trkpt lat="30.937700000000003" lon="35.156960000000005">
        <ele>490</ele>
        <time>2021-11-13T17:25:44Z</time>
      </trkpt>
      <trkpt lat="30.937670000000004" lon="35.15675">
        <ele>490</ele>
        <time>2021-11-13T17:25:45Z</time>
      </trkpt>
      <trkpt lat="30.937420000000003" lon="35.156180000000006">
        <ele>492</ele>
        <time>2021-11-13T17:25:46Z</time>
      </trkpt>
      <trkpt lat="30.93727" lon="35.15563">
        <ele>493</ele>
        <time>2021-11-13T17:25:47Z</time>
      </trkpt>
      <trkpt lat="30.93708" lon="35.15541">
        <ele>493</ele>
        <time>2021-11-13T17:25:48Z</time>
      </trkpt>
      <trkpt lat="30.936930000000004" lon="35.15531">
        <ele>493</ele>
        <time>2021-11-13T17:25:49Z</time>
      </trkpt>
      <trkpt lat="30.936850000000003" lon="35.155060000000006">
        <ele>493</ele>
        <time>2021-11-13T17:25:50Z</time>
      </trkpt>
      <trkpt lat="30.936770000000003" lon="35.15494">
        <ele>493</ele>
        <time>2021-11-13T17:25:51Z</time>
      </trkpt>
      <trkpt lat="30.936570000000003" lon="35.15447">
        <ele>486</ele>
        <time>2021-11-13T17:25:52Z</time>
      </trkpt>
      <trkpt lat="30.936450000000004" lon="35.1542">
        <ele>486</ele>
        <time>2021-11-13T17:25:53Z</time>
      </trkpt>
      <trkpt lat="30.936110000000003" lon="35.153870000000005">
        <ele>479</ele>
        <time>2021-11-13T17:25:54Z</time>
      </trkpt>
      <trkpt lat="30.936040000000002" lon="35.15359">
        <ele>479</ele>
        <time>2021-11-13T17:25:55Z</time>
      </trkpt>
      <trkpt lat="30.93586" lon="35.153270000000006">
        <ele>471</ele>
        <time>2021-11-13T17:25:56Z</time>
      </trkpt>
      <trkpt lat="30.935750000000002" lon="35.15303">
        <ele>465</ele>
        <time>2021-11-13T17:25:57Z</time>
      </trkpt>
      <trkpt lat="30.93568" lon="35.15281">
        <ele>465</ele>
        <time>2021-11-13T17:25:58Z</time>
      </trkpt>
      <trkpt lat="30.935620000000004" lon="35.15272">
        <ele>465</ele>
        <time>2021-11-13T17:25:59Z</time>
      </trkpt>
      <trkpt lat="30.93539" lon="35.15265">
        <ele>465</ele>
        <time>2021-11-13T17:26:00Z</time>
      </trkpt>
      <trkpt lat="30.93521" lon="35.1524">
        <ele>465</ele>
        <time>2021-11-13T17:26:01Z</time>
      </trkpt>
      <trkpt lat="30.935230000000004" lon="35.15213">
        <ele>463</ele>
        <time>2021-11-13T17:26:02Z</time>
      </trkpt>
      <trkpt lat="30.935230000000004" lon="35.15213">
        <ele>463</ele>
        <time>2021-11-13T17:26:03Z</time>
      </trkpt>
      <trkpt lat="30.935240000000004" lon="35.15204">
        <ele>461</ele>
        <time>2021-11-13T17:26:04Z</time>
      </trkpt>
      <trkpt lat="30.935230000000004" lon="35.151830000000004">
        <ele>461</ele>
        <time>2021-11-13T17:26:05Z</time>
      </trkpt>
      <trkpt lat="30.935160000000003" lon="35.151610000000005">
        <ele>461</ele>
        <time>2021-11-13T17:26:06Z</time>
      </trkpt>
      <trkpt lat="30.93502" lon="35.15149">
        <ele>459</ele>
        <time>2021-11-13T17:26:07Z</time>
      </trkpt>
      <trkpt lat="30.934880000000003" lon="35.15133">
        <ele>459</ele>
        <time>2021-11-13T17:26:08Z</time>
      </trkpt>
      <extensions>
        <RoutingType xmlns="">Hike</RoutingType>
      </extensions>
    </trkseg>
    <trkseg>
      <trkpt lat="30.934880000000003" lon="35.15133">
        <ele>459</ele>
        <time>2021-11-13T17:26:08Z</time>
      </trkpt>
      <trkpt lat="30.93475" lon="35.15113">
        <ele>459</ele>
        <time>2021-11-13T17:26:09Z</time>
      </trkpt>
      <trkpt lat="30.934700000000003" lon="35.15142">
        <ele>459</ele>
        <time>2021-11-13T17:26:10Z</time>
      </trkpt>
      <trkpt lat="30.934639975731667" lon="35.15141435279747">
        <ele>459</ele>
        <time>2021-11-13T17:26:11Z</time>
      </trkpt>
      <trkpt lat="30.93404130270986" lon="35.15153573572114">
        <ele>459</ele>
        <time>2021-11-13T17:26:12Z</time>
      </trkpt>
      <extensions>
        <RoutingType xmlns="">Hike</RoutingType>
      </extensions>
    </trkseg>
  </trk>
</gpx>
