<?xml version="1.0" encoding="UTF-8" standalone="yes"?>
<gpx xmlns="http://www.topografix.com/GPX/1/1" xmlns:xsi="http://www.w3.org/2001/XMLSchema-instance" version="1.1" creator="IsraelHikingMap" xsi:schemaLocation="http://www.topografix.com/GPX/1/1 http://www.topografix.com/GPX/1/1/gpx.xsd">
  <metadata>
    <bounds maxlat="30.836005" maxlon="34.895303970199166" minlat="30.7295450558007" minlon="34.812020000000004"></bounds>
  </metadata>
  <trk>
    <name>43 - חוד עקב לנחל חווה</name>
    <desc></desc>
    <extensions>
      <Color xmlns="">#0000FF</Color>
      <Opacity xmlns="">0.4</Opacity>
      <Weight xmlns="">9</Weight>
    </extensions>
    <trkseg>
      <trkpt lat="30.836005" lon="34.831156">
        <ele>339</ele>
      </trkpt>
      <trkpt lat="30.836005" lon="34.831156">
        <ele>339</ele>
      </trkpt>
      <extensions>
        <RoutingType xmlns="">Hike</RoutingType>
      </extensions>
    </trkseg>
    <trkseg>
      <trkpt lat="30.836005" lon="34.831156">
        <ele>339</ele>
      </trkpt>
      <trkpt lat="30.835957" lon="34.831045">
        <ele>339.47464006160635</ele>
      </trkpt>
      <trkpt lat="30.835801" lon="34.830855">
        <ele>340.43217720228125</ele>
      </trkpt>
      <trkpt lat="30.835639" lon="34.830644">
        <ele>341.3462986609941</ele>
      </trkpt>
      <trkpt lat="30.835494" lon="34.830424">
        <ele>342.32347292233953</ele>
      </trkpt>
      <trkpt lat="30.835323" lon="34.830169">
        <ele>343.88621038064315</ele>
      </trkpt>
      <trkpt lat="30.83511" lon="34.829876">
        <ele>346.2076541270377</ele>
      </trkpt>
      <trkpt lat="30.835038" lon="34.829641">
        <ele>347.70416979857475</ele>
      </trkpt>
      <trkpt lat="30.834737" lon="34.829348">
        <ele>350.279102539348</ele>
      </trkpt>
      <trkpt lat="30.834684" lon="34.829239">
        <ele>351.03655947949375</ele>
      </trkpt>
      <trkpt lat="30.834468" lon="34.828914">
        <ele>353.5775715230212</ele>
      </trkpt>
      <trkpt lat="30.834098" lon="34.828458">
        <ele>354.44990536565126</ele>
      </trkpt>
      <trkpt lat="30.83398" lon="34.828272">
        <ele>355.62752229350417</ele>
      </trkpt>
      <trkpt lat="30.833912" lon="34.828093">
        <ele>357.8373145236333</ele>
      </trkpt>
      <trkpt lat="30.833751" lon="34.827957">
        <ele>360.3760185080611</ele>
      </trkpt>
      <trkpt lat="30.833667" lon="34.827918">
        <ele>361.41506191602053</ele>
      </trkpt>
      <trkpt lat="30.833573" lon="34.827668">
        <ele>364.0039819196496</ele>
      </trkpt>
      <trkpt lat="30.833562" lon="34.827528">
        <ele>365.3015241234057</ele>
      </trkpt>
      <trkpt lat="30.833616" lon="34.827278">
        <ele>370.2762133739935</ele>
      </trkpt>
      <trkpt lat="30.833568" lon="34.826944">
        <ele>377.0448791704754</ele>
      </trkpt>
      <trkpt lat="30.83365" lon="34.826848">
        <ele>377.5457308420261</ele>
      </trkpt>
      <trkpt lat="30.83376" lon="34.826824">
        <ele>377.0479613088248</ele>
      </trkpt>
      <trkpt lat="30.83389" lon="34.826677">
        <ele>377.76858212173704</ele>
      </trkpt>
      <trkpt lat="30.833879" lon="34.826547">
        <ele>378.9326633895021</ele>
      </trkpt>
      <trkpt lat="30.833841" lon="34.826489">
        <ele>379.671500311352</ele>
      </trkpt>
      <trkpt lat="30.833733" lon="34.826447">
        <ele>382.11927266379524</ele>
      </trkpt>
      <trkpt lat="30.833686" lon="34.826489">
        <ele>383.3928336260737</ele>
      </trkpt>
      <trkpt lat="30.833566" lon="34.826355">
        <ele>386.909335901375</ele>
      </trkpt>
      <trkpt lat="30.83311" lon="34.826222">
        <ele>397.7498428460719</ele>
      </trkpt>
      <trkpt lat="30.833079" lon="34.826165">
        <ele>399.553634379373</ele>
      </trkpt>
      <trkpt lat="30.832963" lon="34.826134">
        <ele>403.25911372007295</ele>
      </trkpt>
      <trkpt lat="30.832865" lon="34.825967">
        <ele>408.93024663926707</ele>
      </trkpt>
      <trkpt lat="30.832645" lon="34.825894">
        <ele>416.7484870338157</ele>
      </trkpt>
      <trkpt lat="30.832625" lon="34.825834">
        <ele>418.65352608977906</ele>
      </trkpt>
      <trkpt lat="30.832376" lon="34.82564">
        <ele>428.4385537991177</ele>
      </trkpt>
      <trkpt lat="30.832292" lon="34.825454">
        <ele>434.39114299233074</ele>
      </trkpt>
      <trkpt lat="30.832297" lon="34.825321">
        <ele>439.0942086795681</ele>
      </trkpt>
      <trkpt lat="30.832354" lon="34.825315">
        <ele>441.4488695857323</ele>
      </trkpt>
      <trkpt lat="30.832161" lon="34.825185">
        <ele>456.2340305346554</ele>
      </trkpt>
      <trkpt lat="30.832275" lon="34.825109">
        <ele>465.6778061353473</ele>
      </trkpt>
      <trkpt lat="30.832178" lon="34.825036">
        <ele>472.9549448665942</ele>
      </trkpt>
      <trkpt lat="30.832165" lon="34.824916">
        <ele>479.4990533625613</ele>
      </trkpt>
      <trkpt lat="30.832044" lon="34.824872">
        <ele>484.5364877980377</ele>
      </trkpt>
      <trkpt lat="30.832135" lon="34.824805">
        <ele>488.32740694741585</ele>
      </trkpt>
      <trkpt lat="30.832099" lon="34.824753">
        <ele>490.32028878155677</ele>
      </trkpt>
      <trkpt lat="30.832039" lon="34.824764">
        <ele>491.2433161898709</ele>
      </trkpt>
      <trkpt lat="30.831801" lon="34.824784">
        <ele>494.81226154299924</ele>
      </trkpt>
      <trkpt lat="30.830773" lon="34.82474">
        <ele>501.1620013322072</ele>
      </trkpt>
      <trkpt lat="30.830715" lon="34.824708">
        <ele>501.5644017403211</ele>
      </trkpt>
      <trkpt lat="30.83041" lon="34.824977">
        <ele>503.42500869911265</ele>
      </trkpt>
      <trkpt lat="30.830217" lon="34.825062">
        <ele>504.6355429664445</ele>
      </trkpt>
      <trkpt lat="30.829938" lon="34.825436">
        <ele>509.9922765424118</ele>
      </trkpt>
      <trkpt lat="30.829866" lon="34.825591">
        <ele>512.3890557830591</ele>
      </trkpt>
      <trkpt lat="30.829768" lon="34.825694">
        <ele>514.493020194439</ele>
      </trkpt>
      <trkpt lat="30.829759" lon="34.825837">
        <ele>515.2472118476802</ele>
      </trkpt>
      <trkpt lat="30.829679" lon="34.826086">
        <ele>517.099484862909</ele>
      </trkpt>
      <trkpt lat="30.82955" lon="34.82621">
        <ele>519.3314081081073</ele>
      </trkpt>
      <trkpt lat="30.829411" lon="34.826225">
        <ele>522.0656355032213</ele>
      </trkpt>
      <trkpt lat="30.82931" lon="34.82614">
        <ele>524.6983418157713</ele>
      </trkpt>
      <trkpt lat="30.829219" lon="34.826178">
        <ele>525.2353446712216</ele>
      </trkpt>
      <trkpt lat="30.829107" lon="34.826223">
        <ele>524.9279463981732</ele>
      </trkpt>
      <trkpt lat="30.829111" lon="34.826343">
        <ele>524.5472282865002</ele>
      </trkpt>
      <trkpt lat="30.829019" lon="34.826462">
        <ele>523.1712061190866</ele>
      </trkpt>
      <trkpt lat="30.828713" lon="34.826557">
        <ele>523.2580342004221</ele>
      </trkpt>
      <trkpt lat="30.828435" lon="34.826582">
        <ele>523.9320482360647</ele>
      </trkpt>
      <trkpt lat="30.828389" lon="34.826516">
        <ele>524.0836822320218</ele>
      </trkpt>
      <trkpt lat="30.828348" lon="34.826472">
        <ele>524.4763244577409</ele>
      </trkpt>
      <trkpt lat="30.828293" lon="34.826279">
        <ele>525.7060470789834</ele>
      </trkpt>
      <trkpt lat="30.828251" lon="34.826231">
        <ele>525.1805880723433</ele>
      </trkpt>
      <trkpt lat="30.828143" lon="34.826147">
        <ele>522.1960738998697</ele>
      </trkpt>
      <trkpt lat="30.827973" lon="34.826086">
        <ele>519.0324622768121</ele>
      </trkpt>
      <trkpt lat="30.827933" lon="34.82603">
        <ele>518.4296799663151</ele>
      </trkpt>
      <trkpt lat="30.827929" lon="34.825747">
        <ele>516.2432296460192</ele>
      </trkpt>
      <trkpt lat="30.82795" lon="34.825685">
        <ele>515.7765431565173</ele>
      </trkpt>
      <trkpt lat="30.827836" lon="34.825542">
        <ele>513.1413462243852</ele>
      </trkpt>
      <trkpt lat="30.827739" lon="34.825474">
        <ele>509.82612669043345</ele>
      </trkpt>
      <trkpt lat="30.827513" lon="34.825508">
        <ele>502.0823908114531</ele>
      </trkpt>
      <trkpt lat="30.827298" lon="34.825465">
        <ele>494.6545339188564</ele>
      </trkpt>
      <trkpt lat="30.827207" lon="34.825545">
        <ele>491.44269086807043</ele>
      </trkpt>
      <trkpt lat="30.827029" lon="34.82558">
        <ele>487.44162105731624</ele>
      </trkpt>
      <trkpt lat="30.827022" lon="34.825655">
        <ele>486.2890515557647</ele>
      </trkpt>
      <trkpt lat="30.826984" lon="34.825705">
        <ele>485.2689640895998</ele>
      </trkpt>
      <trkpt lat="30.82682" lon="34.82577">
        <ele>482.5241833260845</ele>
      </trkpt>
      <trkpt lat="30.826767" lon="34.825892">
        <ele>480.73998704349157</ele>
      </trkpt>
      <trkpt lat="30.826586" lon="34.825894">
        <ele>477.9892713871879</ele>
      </trkpt>
      <trkpt lat="30.826492" lon="34.825982">
        <ele>476.1774353324446</ele>
      </trkpt>
      <trkpt lat="30.826401" lon="34.82617">
        <ele>473.77331378316705</ele>
      </trkpt>
      <trkpt lat="30.826252" lon="34.826281">
        <ele>472.4602352932969</ele>
      </trkpt>
      <trkpt lat="30.826183" lon="34.826399">
        <ele>472.05128851839993</ele>
      </trkpt>
      <trkpt lat="30.826144" lon="34.826583">
        <ele>472.5526875443361</ele>
      </trkpt>
      <trkpt lat="30.826101" lon="34.826632">
        <ele>472.8871756579173</ele>
      </trkpt>
      <trkpt lat="30.825989" lon="34.826678">
        <ele>473.2918618486574</ele>
      </trkpt>
      <trkpt lat="30.825684" lon="34.82717">
        <ele>470.54557307556956</ele>
      </trkpt>
      <trkpt lat="30.825533" lon="34.827273">
        <ele>467.1727001392411</ele>
      </trkpt>
      <trkpt lat="30.825313" lon="34.827501">
        <ele>464.19114477323666</ele>
      </trkpt>
      <trkpt lat="30.825177" lon="34.827972">
        <ele>466.1429999347077</ele>
      </trkpt>
      <trkpt lat="30.825028" lon="34.828205">
        <ele>464.3056889547404</ele>
      </trkpt>
      <trkpt lat="30.82497" lon="34.828209">
        <ele>463.53041624044715</ele>
      </trkpt>
      <trkpt lat="30.824839" lon="34.828351">
        <ele>460.7860562764472</ele>
      </trkpt>
      <trkpt lat="30.824728" lon="34.828323">
        <ele>458.3023729943915</ele>
      </trkpt>
      <trkpt lat="30.824627" lon="34.828371">
        <ele>455.9168146142675</ele>
      </trkpt>
      <trkpt lat="30.824538" lon="34.828461">
        <ele>455.09093056220416</ele>
      </trkpt>
      <trkpt lat="30.824434" lon="34.828512">
        <ele>454.379886887414</ele>
      </trkpt>
      <trkpt lat="30.824322" lon="34.828656">
        <ele>452.55724368481367</ele>
      </trkpt>
      <trkpt lat="30.824101" lon="34.8286">
        <ele>449.3565400773853</ele>
      </trkpt>
      <trkpt lat="30.824019" lon="34.828504">
        <ele>447.3740352526595</ele>
      </trkpt>
      <trkpt lat="30.823915" lon="34.828442">
        <ele>445.77221205718234</ele>
      </trkpt>
      <trkpt lat="30.823743" lon="34.828233">
        <ele>443.83728519629125</ele>
      </trkpt>
      <trkpt lat="30.823586" lon="34.82813">
        <ele>442.4346604409761</ele>
      </trkpt>
      <trkpt lat="30.82319" lon="34.827299">
        <ele>426.6398784023419</ele>
      </trkpt>
      <trkpt lat="30.823076" lon="34.827252">
        <ele>424.5254615398135</ele>
      </trkpt>
      <trkpt lat="30.822967" lon="34.827085">
        <ele>421.85480795530316</ele>
      </trkpt>
      <trkpt lat="30.822748" lon="34.826842">
        <ele>417.9691671659149</ele>
      </trkpt>
      <trkpt lat="30.822381" lon="34.826617">
        <ele>411.12144228971624</ele>
      </trkpt>
      <trkpt lat="30.822176" lon="34.82628">
        <ele>404.5892555212117</ele>
      </trkpt>
      <trkpt lat="30.822124" lon="34.826298">
        <ele>403.7791821063236</ele>
      </trkpt>
      <trkpt lat="30.821957" lon="34.826254">
        <ele>402.5099191130597</ele>
      </trkpt>
      <trkpt lat="30.821743" lon="34.826132">
        <ele>401.4952686227358</ele>
      </trkpt>
      <trkpt lat="30.821452" lon="34.8261">
        <ele>401.8615771987085</ele>
      </trkpt>
      <trkpt lat="30.82143" lon="34.826042">
        <ele>402.06339904827104</ele>
      </trkpt>
      <trkpt lat="30.821213" lon="34.825837">
        <ele>402.82937706972575</ele>
      </trkpt>
      <trkpt lat="30.820981" lon="34.825712">
        <ele>402.56135756178406</ele>
      </trkpt>
      <trkpt lat="30.82094" lon="34.825584">
        <ele>402.5</ele>
      </trkpt>
      <trkpt lat="30.820839" lon="34.825508">
        <ele>402.5</ele>
      </trkpt>
      <trkpt lat="30.820824" lon="34.82535">
        <ele>402.5</ele>
      </trkpt>
      <trkpt lat="30.82076" lon="34.825233">
        <ele>402.5</ele>
      </trkpt>
      <trkpt lat="30.820596" lon="34.825018">
        <ele>402.14597554464166</ele>
      </trkpt>
      <trkpt lat="30.820337" lon="34.824834">
        <ele>401.25687717472584</ele>
      </trkpt>
      <trkpt lat="30.820288" lon="34.824784">
        <ele>401.039540854115</ele>
      </trkpt>
      <trkpt lat="30.820241" lon="34.824661">
        <ele>400.5384924793828</ele>
      </trkpt>
      <trkpt lat="30.820042" lon="34.824504">
        <ele>399.4693572718532</ele>
      </trkpt>
      <trkpt lat="30.81988" lon="34.824222">
        <ele>398.06678270890666</ele>
      </trkpt>
      <trkpt lat="30.819826" lon="34.824101">
        <ele>397.41570238082613</ele>
      </trkpt>
      <trkpt lat="30.81973" lon="34.823708">
        <ele>395.57296916385934</ele>
      </trkpt>
      <trkpt lat="30.819689" lon="34.823661">
        <ele>395.5089943015725</ele>
      </trkpt>
      <trkpt lat="30.819699" lon="34.823518">
        <ele>395.3719881825675</ele>
      </trkpt>
      <trkpt lat="30.81965" lon="34.823325">
        <ele>395.1397367863674</ele>
      </trkpt>
      <trkpt lat="30.819683" lon="34.82319">
        <ele>394.961022884478</ele>
      </trkpt>
      <trkpt lat="30.819624" lon="34.823009">
        <ele>394.11173181911346</ele>
      </trkpt>
      <trkpt lat="30.819628" lon="34.82261">
        <ele>392.9064705581148</ele>
      </trkpt>
      <trkpt lat="30.819546" lon="34.822426">
        <ele>392.8</ele>
      </trkpt>
      <trkpt lat="30.819258" lon="34.82198">
        <ele>392.4320454511665</ele>
      </trkpt>
      <trkpt lat="30.819115" lon="34.821692">
        <ele>391.48220138149327</ele>
      </trkpt>
      <trkpt lat="30.819144" lon="34.821638">
        <ele>390.93483325913525</ele>
      </trkpt>
      <trkpt lat="30.819062" lon="34.821151">
        <ele>384.8820367175338</ele>
      </trkpt>
      <trkpt lat="30.819157" lon="34.820985">
        <ele>383.86608414951684</ele>
      </trkpt>
      <trkpt lat="30.819168" lon="34.82072">
        <ele>383.15278907009736</ele>
      </trkpt>
      <trkpt lat="30.819333" lon="34.820334">
        <ele>382.2231481792666</ele>
      </trkpt>
      <trkpt lat="30.81942" lon="34.819803">
        <ele>381.47516261379013</ele>
      </trkpt>
      <trkpt lat="30.819425" lon="34.819321">
        <ele>381.19899827887906</ele>
      </trkpt>
      <trkpt lat="30.819384" lon="34.819187">
        <ele>380.42924347934746</ele>
      </trkpt>
      <trkpt lat="30.819418" lon="34.818694">
        <ele>376.8127908671286</ele>
      </trkpt>
      <trkpt lat="30.819496" lon="34.81851">
        <ele>376.42089696355765</ele>
      </trkpt>
      <trkpt lat="30.81989" lon="34.818105">
        <ele>378.3971729842709</ele>
      </trkpt>
      <trkpt lat="30.820017" lon="34.817873">
        <ele>378.72444164116314</ele>
      </trkpt>
      <trkpt lat="30.82005" lon="34.817739">
        <ele>378.91208231504766</ele>
      </trkpt>
      <trkpt lat="30.820046" lon="34.817628">
        <ele>379.51325591298115</ele>
      </trkpt>
      <trkpt lat="30.820001" lon="34.817428">
        <ele>380.7019245476682</ele>
      </trkpt>
      <trkpt lat="30.81989" lon="34.81719">
        <ele>382.9433317708307</ele>
      </trkpt>
      <trkpt lat="30.819896" lon="34.816714">
        <ele>384.65504923437436</ele>
      </trkpt>
      <trkpt lat="30.819708" lon="34.816377">
        <ele>386.3747275432787</ele>
      </trkpt>
      <trkpt lat="30.819697" lon="34.816109">
        <ele>389.32944876702845</ele>
      </trkpt>
      <trkpt lat="30.81963" lon="34.815992">
        <ele>391.18608356285296</ele>
      </trkpt>
      <trkpt lat="30.819407" lon="34.815931">
        <ele>393.2238015568053</ele>
      </trkpt>
      <trkpt lat="30.819326" lon="34.81576">
        <ele>394.3611082825608</ele>
      </trkpt>
      <trkpt lat="30.819164" lon="34.815679">
        <ele>394.9439968674376</ele>
      </trkpt>
      <trkpt lat="30.819128" lon="34.81563">
        <ele>394.6155802823701</ele>
      </trkpt>
      <trkpt lat="30.819168" lon="34.8155">
        <ele>393.9122829237508</ele>
      </trkpt>
      <trkpt lat="30.819154" lon="34.815435">
        <ele>393.5927470215829</ele>
      </trkpt>
      <trkpt lat="30.819057" lon="34.815344">
        <ele>393.40806735189756</ele>
      </trkpt>
      <trkpt lat="30.819055" lon="34.815207">
        <ele>393.2336081963121</ele>
      </trkpt>
      <trkpt lat="30.819028" lon="34.815151">
        <ele>393.4408085028402</ele>
      </trkpt>
      <trkpt lat="30.818924" lon="34.815091">
        <ele>394.3011974724182</ele>
      </trkpt>
      <trkpt lat="30.818944" lon="34.814955">
        <ele>395.1796043978345</ele>
      </trkpt>
      <trkpt lat="30.818928" lon="34.81481">
        <ele>395.88272022877555</ele>
      </trkpt>
      <trkpt lat="30.818861" lon="34.814702">
        <ele>396.5188547388211</ele>
      </trkpt>
      <trkpt lat="30.81871" lon="34.814625">
        <ele>396.6509767001118</ele>
      </trkpt>
      <trkpt lat="30.818668" lon="34.814569">
        <ele>396.62731054982635</ele>
      </trkpt>
      <trkpt lat="30.818631" lon="34.814372">
        <ele>396.3787264722232</ele>
      </trkpt>
      <trkpt lat="30.818276" lon="34.813939">
        <ele>394.57879844475065</ele>
      </trkpt>
      <trkpt lat="30.818187" lon="34.813669">
        <ele>393.00510479508057</ele>
      </trkpt>
      <trkpt lat="30.818144" lon="34.813623">
        <ele>392.78867516392825</ele>
      </trkpt>
      <trkpt lat="30.817931" lon="34.813696">
        <ele>391.9891343078123</ele>
      </trkpt>
      <trkpt lat="30.817616" lon="34.813374">
        <ele>389.4090046226566</ele>
      </trkpt>
      <trkpt lat="30.817617" lon="34.813237">
        <ele>388.3623474050188</ele>
      </trkpt>
      <trkpt lat="30.81752" lon="34.813218">
        <ele>387.4873512997166</ele>
      </trkpt>
      <trkpt lat="30.817468" lon="34.813252">
        <ele>386.95684262750797</ele>
      </trkpt>
      <trkpt lat="30.817359" lon="34.813251">
        <ele>385.9658258039096</ele>
      </trkpt>
      <trkpt lat="30.817182" lon="34.813204">
        <ele>384.28359438493464</ele>
      </trkpt>
      <trkpt lat="30.817093" lon="34.813112">
        <ele>383.5412533651478</ele>
      </trkpt>
      <trkpt lat="30.816929" lon="34.813038">
        <ele>382.62857950636777</ele>
      </trkpt>
      <trkpt lat="30.816873" lon="34.813063">
        <ele>382.76150585817237</ele>
      </trkpt>
      <trkpt lat="30.816758" lon="34.813036">
        <ele>383.10936639303713</ele>
      </trkpt>
      <trkpt lat="30.816614" lon="34.813016">
        <ele>383.76587691652685</ele>
      </trkpt>
      <trkpt lat="30.816358" lon="34.813104">
        <ele>385.8925798648695</ele>
      </trkpt>
      <trkpt lat="30.816003" lon="34.813123">
        <ele>389.48654375069293</ele>
      </trkpt>
      <trkpt lat="30.815824" lon="34.813158">
        <ele>391.79874095883486</ele>
      </trkpt>
      <trkpt lat="30.815713" lon="34.81322">
        <ele>393.578346547511</ele>
      </trkpt>
      <trkpt lat="30.815453" lon="34.813201">
        <ele>396.308377471254</ele>
      </trkpt>
      <trkpt lat="30.815281" lon="34.813398">
        <ele>396.4015705521519</ele>
      </trkpt>
      <trkpt lat="30.815109" lon="34.813479">
        <ele>395.1223609921534</ele>
      </trkpt>
      <trkpt lat="30.814815" lon="34.813517">
        <ele>393.3030024368744</ele>
      </trkpt>
      <trkpt lat="30.814719" lon="34.813618">
        <ele>393.68665034620983</ele>
      </trkpt>
      <trkpt lat="30.814605" lon="34.813658">
        <ele>394.2143193276719</ele>
      </trkpt>
      <trkpt lat="30.814492" lon="34.813635">
        <ele>394.9796528035895</ele>
      </trkpt>
      <trkpt lat="30.814465" lon="34.813571">
        <ele>395.38821819135103</ele>
      </trkpt>
      <trkpt lat="30.814501" lon="34.81352">
        <ele>395.54857635878795</ele>
      </trkpt>
      <trkpt lat="30.814759" lon="34.81345">
        <ele>391.6677770279905</ele>
      </trkpt>
      <trkpt lat="30.814912" lon="34.813292">
        <ele>394.39655940239425</ele>
      </trkpt>
      <trkpt lat="30.814956" lon="34.81317">
        <ele>395.8138948678325</ele>
      </trkpt>
      <trkpt lat="30.814941" lon="34.8131">
        <ele>396.52583456969006</ele>
      </trkpt>
      <trkpt lat="30.814911" lon="34.813075">
        <ele>396.9497241789533</ele>
      </trkpt>
      <trkpt lat="30.814774" lon="34.813128">
        <ele>398.0910273074552</ele>
      </trkpt>
      <trkpt lat="30.814611" lon="34.813225">
        <ele>396.6661960579805</ele>
      </trkpt>
      <trkpt lat="30.814503" lon="34.813267">
        <ele>396.78011621290005</ele>
      </trkpt>
      <trkpt lat="30.813787" lon="34.813231">
        <ele>405.04091355129987</ele>
      </trkpt>
      <trkpt lat="30.813679" lon="34.813188">
        <ele>405.9309040527471</ele>
      </trkpt>
      <trkpt lat="30.813319" lon="34.813202">
        <ele>408.0374076015133</ele>
      </trkpt>
      <trkpt lat="30.813151" lon="34.813158">
        <ele>408.65165377368737</ele>
      </trkpt>
      <trkpt lat="30.812803" lon="34.813271">
        <ele>409.39591817037285</ele>
      </trkpt>
      <trkpt lat="30.812615" lon="34.813267">
        <ele>409.8887742107149</ele>
      </trkpt>
      <trkpt lat="30.81226" lon="34.813416">
        <ele>411.2874598820184</ele>
      </trkpt>
      <trkpt lat="30.811656" lon="34.813512">
        <ele>413.26816780234014</ele>
      </trkpt>
      <trkpt lat="30.811204" lon="34.813729">
        <ele>413.1481777569369</ele>
      </trkpt>
      <trkpt lat="30.811055" lon="34.81384">
        <ele>413.30737366883415</ele>
      </trkpt>
      <trkpt lat="30.810873" lon="34.813835">
        <ele>413.698469411012</ele>
      </trkpt>
      <trkpt lat="30.810679" lon="34.813982">
        <ele>414.6421842008266</ele>
      </trkpt>
      <trkpt lat="30.810506" lon="34.814062">
        <ele>414.7</ele>
      </trkpt>
      <trkpt lat="30.810212" lon="34.814124">
        <ele>414.551034763997</ele>
      </trkpt>
      <trkpt lat="30.809859" lon="34.814272">
        <ele>413.7135462676094</ele>
      </trkpt>
      <trkpt lat="30.809387" lon="34.814688">
        <ele>415.32742077400906</ele>
      </trkpt>
      <trkpt lat="30.809324" lon="34.814673">
        <ele>415.70876762619366</ele>
      </trkpt>
      <trkpt lat="30.809269" lon="34.814698">
        <ele>416.05891437042277</ele>
      </trkpt>
      <trkpt lat="30.809053" lon="34.814872">
        <ele>417.84469607469583</ele>
      </trkpt>
      <trkpt lat="30.808824" lon="34.814992">
        <ele>419.2676222167429</ele>
      </trkpt>
      <trkpt lat="30.808744" lon="34.815082">
        <ele>419.78278691329956</ele>
      </trkpt>
      <trkpt lat="30.808061" lon="34.815442">
        <ele>421.05294010363167</ele>
      </trkpt>
      <trkpt lat="30.807879" lon="34.81541">
        <ele>421.72103953541466</ele>
      </trkpt>
      <trkpt lat="30.807722" lon="34.815318">
        <ele>422.37283887178836</ele>
      </trkpt>
      <trkpt lat="30.807534" lon="34.815289">
        <ele>422.93516740869677</ele>
      </trkpt>
      <trkpt lat="30.80742" lon="34.815219">
        <ele>423.0396662190558</ele>
      </trkpt>
      <trkpt lat="30.80721" lon="34.814886">
        <ele>423.1</ele>
      </trkpt>
      <trkpt lat="30.80692" lon="34.814624">
        <ele>422.9361836967034</ele>
      </trkpt>
      <trkpt lat="30.806408" lon="34.814395">
        <ele>425.42114455483625</ele>
      </trkpt>
      <trkpt lat="30.805865" lon="34.814327">
        <ele>428.6777264059208</ele>
      </trkpt>
      <trkpt lat="30.805386" lon="34.81447">
        <ele>429.0075212106347</ele>
      </trkpt>
      <trkpt lat="30.805127" lon="34.814711">
        <ele>429.22347827553904</ele>
      </trkpt>
      <trkpt lat="30.804747" lon="34.814943">
        <ele>430.38519355884483</ele>
      </trkpt>
      <trkpt lat="30.804687" lon="34.814954">
        <ele>430.80476770524587</ele>
      </trkpt>
      <trkpt lat="30.804565" lon="34.814908">
        <ele>431.1374881522202</ele>
      </trkpt>
      <trkpt lat="30.804196" lon="34.815473">
        <ele>431.2258224623439</ele>
      </trkpt>
      <trkpt lat="30.804095" lon="34.815538">
        <ele>431.36951847898104</ele>
      </trkpt>
      <trkpt lat="30.804077" lon="34.815598">
        <ele>431.5718503967812</ele>
      </trkpt>
      <trkpt lat="30.803975" lon="34.815672">
        <ele>432.017307885228</ele>
      </trkpt>
      <trkpt lat="30.803899" lon="34.815777">
        <ele>432.58167520922007</ele>
      </trkpt>
      <trkpt lat="30.803664" lon="34.816225">
        <ele>434.2553874066626</ele>
      </trkpt>
      <trkpt lat="30.803564" lon="34.816298">
        <ele>434.26368697566244</ele>
      </trkpt>
      <trkpt lat="30.803561" lon="34.816298">
        <ele>434.26257502639487</ele>
      </trkpt>
      <extensions>
        <RoutingType xmlns="">Hike</RoutingType>
      </extensions>
    </trkseg>
    <trkseg>
      <trkpt lat="30.80356" lon="34.81629">
        <ele>453</ele>
        <time>2021-11-04T08:50:43Z</time>
      </trkpt>
      <trkpt lat="30.80326" lon="34.816340000000004">
        <ele>437</ele>
        <time>2021-11-04T08:50:44Z</time>
      </trkpt>
      <trkpt lat="30.803140000000003" lon="34.81631">
        <ele>437</ele>
        <time>2021-11-04T08:50:45Z</time>
      </trkpt>
      <trkpt lat="30.80309" lon="34.816340000000004">
        <ele>437</ele>
        <time>2021-11-04T08:50:46Z</time>
      </trkpt>
      <trkpt lat="30.802970000000002" lon="34.816340000000004">
        <ele>437</ele>
        <time>2021-11-04T08:50:47Z</time>
      </trkpt>
      <trkpt lat="30.802870000000002" lon="34.8164">
        <ele>437</ele>
        <time>2021-11-04T08:50:48Z</time>
      </trkpt>
      <trkpt lat="30.80251" lon="34.816320000000005">
        <ele>439</ele>
        <time>2021-11-04T08:50:49Z</time>
      </trkpt>
      <trkpt lat="30.801910000000003" lon="34.815870000000004">
        <ele>441</ele>
        <time>2021-11-04T08:50:50Z</time>
      </trkpt>
      <trkpt lat="30.801470000000002" lon="34.815690000000004">
        <ele>440</ele>
        <time>2021-11-04T08:50:51Z</time>
      </trkpt>
      <trkpt lat="30.801370000000002" lon="34.81562">
        <ele>440</ele>
        <time>2021-11-04T08:50:52Z</time>
      </trkpt>
      <trkpt lat="30.801190000000002" lon="34.81557">
        <ele>440</ele>
        <time>2021-11-04T08:50:53Z</time>
      </trkpt>
      <trkpt lat="30.801140000000004" lon="34.81559">
        <ele>440</ele>
        <time>2021-11-04T08:50:54Z</time>
      </trkpt>
      <trkpt lat="30.801090000000002" lon="34.815560000000005">
        <ele>440</ele>
        <time>2021-11-04T08:50:55Z</time>
      </trkpt>
      <trkpt lat="30.800670000000004" lon="34.81577">
        <ele>446</ele>
        <time>2021-11-04T08:50:56Z</time>
      </trkpt>
      <trkpt lat="30.80055" lon="34.81579">
        <ele>446</ele>
        <time>2021-11-04T08:50:57Z</time>
      </trkpt>
      <trkpt lat="30.800440000000002" lon="34.815850000000005">
        <ele>446</ele>
        <time>2021-11-04T08:50:58Z</time>
      </trkpt>
      <trkpt lat="30.80026" lon="34.81586">
        <ele>446</ele>
        <time>2021-11-04T08:50:59Z</time>
      </trkpt>
      <trkpt lat="30.79998" lon="34.815960000000004">
        <ele>447</ele>
        <time>2021-11-04T08:51:00Z</time>
      </trkpt>
      <trkpt lat="30.79951" lon="34.81593">
        <ele>447</ele>
        <time>2021-11-04T08:51:01Z</time>
      </trkpt>
      <trkpt lat="30.799260000000004" lon="34.81597">
        <ele>451</ele>
        <time>2021-11-04T08:51:02Z</time>
      </trkpt>
      <trkpt lat="30.79887" lon="34.8158">
        <ele>451</ele>
        <time>2021-11-04T08:51:03Z</time>
      </trkpt>
      <trkpt lat="30.798710000000003" lon="34.81589">
        <ele>451</ele>
        <time>2021-11-04T08:51:04Z</time>
      </trkpt>
      <trkpt lat="30.798600000000004" lon="34.81606">
        <ele>471</ele>
        <time>2021-11-04T08:51:05Z</time>
      </trkpt>
      <trkpt lat="30.79838" lon="34.816140000000004">
        <ele>469</ele>
        <time>2021-11-04T08:51:06Z</time>
      </trkpt>
      <trkpt lat="30.798220000000004" lon="34.81607">
        <ele>469</ele>
        <time>2021-11-04T08:51:07Z</time>
      </trkpt>
      <trkpt lat="30.798160000000003" lon="34.81607">
        <ele>469</ele>
        <time>2021-11-04T08:51:08Z</time>
      </trkpt>
      <trkpt lat="30.798050000000003" lon="34.816010000000006">
        <ele>469</ele>
        <time>2021-11-04T08:51:09Z</time>
      </trkpt>
      <trkpt lat="30.797690000000003" lon="34.815920000000006">
        <ele>453</ele>
        <time>2021-11-04T08:51:10Z</time>
      </trkpt>
      <trkpt lat="30.797530000000002" lon="34.815810000000006">
        <ele>454</ele>
        <time>2021-11-04T08:51:11Z</time>
      </trkpt>
      <trkpt lat="30.79735" lon="34.815630000000006">
        <ele>454</ele>
        <time>2021-11-04T08:51:12Z</time>
      </trkpt>
      <trkpt lat="30.797240000000002" lon="34.81557">
        <ele>454</ele>
        <time>2021-11-04T08:51:13Z</time>
      </trkpt>
      <trkpt lat="30.797060000000002" lon="34.81541">
        <ele>454</ele>
        <time>2021-11-04T08:51:14Z</time>
      </trkpt>
      <trkpt lat="30.796850000000003" lon="34.815160000000006">
        <ele>454</ele>
        <time>2021-11-04T08:51:15Z</time>
      </trkpt>
      <trkpt lat="30.796760000000003" lon="34.81497">
        <ele>456</ele>
        <time>2021-11-04T08:51:16Z</time>
      </trkpt>
      <trkpt lat="30.79671" lon="34.814930000000004">
        <ele>456</ele>
        <time>2021-11-04T08:51:17Z</time>
      </trkpt>
      <trkpt lat="30.796650000000003" lon="34.814930000000004">
        <ele>456</ele>
        <time>2021-11-04T08:51:18Z</time>
      </trkpt>
      <trkpt lat="30.796570000000003" lon="34.81483">
        <ele>456</ele>
        <time>2021-11-04T08:51:19Z</time>
      </trkpt>
      <trkpt lat="30.79641" lon="34.81476">
        <ele>456</ele>
        <time>2021-11-04T08:51:20Z</time>
      </trkpt>
      <trkpt lat="30.79605" lon="34.8145">
        <ele>456</ele>
        <time>2021-11-04T08:51:21Z</time>
      </trkpt>
      <trkpt lat="30.795910000000003" lon="34.81419">
        <ele>456</ele>
        <time>2021-11-04T08:51:22Z</time>
      </trkpt>
      <trkpt lat="30.795720000000003" lon="34.81403">
        <ele>456</ele>
        <time>2021-11-04T08:51:23Z</time>
      </trkpt>
      <trkpt lat="30.79566" lon="34.81392">
        <ele>456</ele>
        <time>2021-11-04T08:51:24Z</time>
      </trkpt>
      <trkpt lat="30.795520000000003" lon="34.81378">
        <ele>456</ele>
        <time>2021-11-04T08:51:25Z</time>
      </trkpt>
      <trkpt lat="30.795510000000004" lon="34.81372">
        <ele>456</ele>
        <time>2021-11-04T08:51:26Z</time>
      </trkpt>
      <trkpt lat="30.795360000000002" lon="34.81363">
        <ele>456</ele>
        <time>2021-11-04T08:51:27Z</time>
      </trkpt>
      <trkpt lat="30.7953" lon="34.81351">
        <ele>456</ele>
        <time>2021-11-04T08:51:28Z</time>
      </trkpt>
      <trkpt lat="30.79521" lon="34.81342">
        <ele>468</ele>
        <time>2021-11-04T08:51:29Z</time>
      </trkpt>
      <trkpt lat="30.795270000000002" lon="34.813390000000005">
        <ele>468</ele>
        <time>2021-11-04T08:51:30Z</time>
      </trkpt>
      <trkpt lat="30.795350000000003" lon="34.813050000000004">
        <ele>468</ele>
        <time>2021-11-04T08:51:31Z</time>
      </trkpt>
      <trkpt lat="30.795340000000003" lon="34.812920000000005">
        <ele>468</ele>
        <time>2021-11-04T08:51:32Z</time>
      </trkpt>
      <trkpt lat="30.79529" lon="34.812740000000005">
        <ele>468</ele>
        <time>2021-11-04T08:51:33Z</time>
      </trkpt>
      <trkpt lat="30.795340000000003" lon="34.81248">
        <ele>489</ele>
        <time>2021-11-04T08:51:34Z</time>
      </trkpt>
      <trkpt lat="30.795070000000003" lon="34.812200000000004">
        <ele>462</ele>
        <time>2021-11-04T08:51:35Z</time>
      </trkpt>
      <trkpt lat="30.794780000000003" lon="34.81217">
        <ele>462</ele>
        <time>2021-11-04T08:51:36Z</time>
      </trkpt>
      <trkpt lat="30.794670000000004" lon="34.81212">
        <ele>462</ele>
        <time>2021-11-04T08:51:37Z</time>
      </trkpt>
      <trkpt lat="30.794430000000002" lon="34.81213">
        <ele>462</ele>
        <time>2021-11-04T08:51:38Z</time>
      </trkpt>
      <trkpt lat="30.794320000000003" lon="34.812290000000004">
        <ele>474</ele>
        <time>2021-11-04T08:51:39Z</time>
      </trkpt>
      <trkpt lat="30.793850000000003" lon="34.81232">
        <ele>474</ele>
        <time>2021-11-04T08:51:40Z</time>
      </trkpt>
      <trkpt lat="30.79352" lon="34.81217">
        <ele>474</ele>
        <time>2021-11-04T08:51:41Z</time>
      </trkpt>
      <trkpt lat="30.793250000000004" lon="34.812090000000005">
        <ele>481</ele>
        <time>2021-11-04T08:51:42Z</time>
      </trkpt>
      <extensions>
        <RoutingType xmlns="">Hike</RoutingType>
      </extensions>
    </trkseg>
    <trkseg>
      <trkpt lat="30.793250000000004" lon="34.812090000000005">
        <ele>481</ele>
        <time>2021-11-04T08:51:42Z</time>
      </trkpt>
      <trkpt lat="30.792920000000002" lon="34.812110000000004">
        <ele>481</ele>
        <time>2021-11-04T08:51:43Z</time>
      </trkpt>
      <trkpt lat="30.792400000000004" lon="34.812020000000004">
        <ele>481</ele>
        <time>2021-11-04T08:51:44Z</time>
      </trkpt>
      <trkpt lat="30.79221" lon="34.812090000000005">
        <ele>481</ele>
        <time>2021-11-04T08:51:45Z</time>
      </trkpt>
      <trkpt lat="30.79221" lon="34.812090000000005">
        <ele>481</ele>
        <time>2021-11-04T08:51:46Z</time>
      </trkpt>
      <trkpt lat="30.792050000000003" lon="34.81214">
        <ele>481</ele>
        <time>2021-11-04T08:51:47Z</time>
      </trkpt>
      <trkpt lat="30.791860000000003" lon="34.81239">
        <ele>481</ele>
        <time>2021-11-04T08:51:48Z</time>
      </trkpt>
      <trkpt lat="30.791710000000002" lon="34.81248">
        <ele>479</ele>
        <time>2021-11-04T08:51:49Z</time>
      </trkpt>
      <trkpt lat="30.79153" lon="34.812470000000005">
        <ele>479</ele>
        <time>2021-11-04T08:51:50Z</time>
      </trkpt>
      <trkpt lat="30.791290000000004" lon="34.812400000000004">
        <ele>479</ele>
        <time>2021-11-04T08:51:51Z</time>
      </trkpt>
      <trkpt lat="30.791240000000002" lon="34.812430000000006">
        <ele>479</ele>
        <time>2021-11-04T08:51:52Z</time>
      </trkpt>
      <trkpt lat="30.79117" lon="34.81264">
        <ele>479</ele>
        <time>2021-11-04T08:51:53Z</time>
      </trkpt>
      <trkpt lat="30.791200000000003" lon="34.81279">
        <ele>490</ele>
        <time>2021-11-04T08:51:54Z</time>
      </trkpt>
      <trkpt lat="30.791180000000004" lon="34.812850000000005">
        <ele>490</ele>
        <time>2021-11-04T08:51:55Z</time>
      </trkpt>
      <trkpt lat="30.791130000000003" lon="34.81289">
        <ele>490</ele>
        <time>2021-11-04T08:51:56Z</time>
      </trkpt>
      <trkpt lat="30.79106" lon="34.813010000000006">
        <ele>490</ele>
        <time>2021-11-04T08:51:57Z</time>
      </trkpt>
      <trkpt lat="30.791050000000002" lon="34.81327">
        <ele>490</ele>
        <time>2021-11-04T08:51:58Z</time>
      </trkpt>
      <trkpt lat="30.79098" lon="34.81355">
        <ele>486</ele>
        <time>2021-11-04T08:51:59Z</time>
      </trkpt>
      <trkpt lat="30.791000000000004" lon="34.81362">
        <ele>486</ele>
        <time>2021-11-04T08:52:00Z</time>
      </trkpt>
      <trkpt lat="30.791120000000003" lon="34.81378">
        <ele>488</ele>
        <time>2021-11-04T08:52:01Z</time>
      </trkpt>
      <trkpt lat="30.791240000000002" lon="34.81416">
        <ele>488</ele>
        <time>2021-11-04T08:52:02Z</time>
      </trkpt>
      <trkpt lat="30.79134" lon="34.81432">
        <ele>481</ele>
        <time>2021-11-04T08:52:03Z</time>
      </trkpt>
      <trkpt lat="30.79153" lon="34.8145">
        <ele>481</ele>
        <time>2021-11-04T08:52:04Z</time>
      </trkpt>
      <trkpt lat="30.79155" lon="34.81456">
        <ele>481</ele>
        <time>2021-11-04T08:52:05Z</time>
      </trkpt>
      <trkpt lat="30.791660000000004" lon="34.814620000000005">
        <ele>481</ele>
        <time>2021-11-04T08:52:06Z</time>
      </trkpt>
      <trkpt lat="30.79192" lon="34.814890000000005">
        <ele>502</ele>
        <time>2021-11-04T08:52:07Z</time>
      </trkpt>
      <trkpt lat="30.7921" lon="34.815400000000004">
        <ele>505</ele>
        <time>2021-11-04T08:52:08Z</time>
      </trkpt>
      <trkpt lat="30.79211" lon="34.8156">
        <ele>505</ele>
        <time>2021-11-04T08:52:09Z</time>
      </trkpt>
      <trkpt lat="30.792030000000004" lon="34.81577">
        <ele>505</ele>
        <time>2021-11-04T08:52:10Z</time>
      </trkpt>
      <trkpt lat="30.792040000000004" lon="34.81584">
        <ele>505</ele>
        <time>2021-11-04T08:52:11Z</time>
      </trkpt>
      <trkpt lat="30.792140000000003" lon="34.81602">
        <ele>520</ele>
        <time>2021-11-04T08:52:12Z</time>
      </trkpt>
      <trkpt lat="30.7921" lon="34.816230000000004">
        <ele>520</ele>
        <time>2021-11-04T08:52:13Z</time>
      </trkpt>
      <trkpt lat="30.792060000000003" lon="34.816300000000005">
        <ele>520</ele>
        <time>2021-11-04T08:52:14Z</time>
      </trkpt>
      <trkpt lat="30.792" lon="34.81633">
        <ele>520</ele>
        <time>2021-11-04T08:52:15Z</time>
      </trkpt>
      <trkpt lat="30.79174" lon="34.816250000000004">
        <ele>488</ele>
        <time>2021-11-04T08:52:16Z</time>
      </trkpt>
      <trkpt lat="30.79164" lon="34.81633">
        <ele>488</ele>
        <time>2021-11-04T08:52:17Z</time>
      </trkpt>
      <trkpt lat="30.79154" lon="34.81665">
        <ele>488</ele>
        <time>2021-11-04T08:52:18Z</time>
      </trkpt>
      <trkpt lat="30.791580000000003" lon="34.816900000000004">
        <ele>496</ele>
        <time>2021-11-04T08:52:19Z</time>
      </trkpt>
      <trkpt lat="30.79172" lon="34.81725">
        <ele>496</ele>
        <time>2021-11-04T08:52:20Z</time>
      </trkpt>
      <trkpt lat="30.791890000000002" lon="34.817530000000005">
        <ele>520</ele>
        <time>2021-11-04T08:52:21Z</time>
      </trkpt>
      <trkpt lat="30.792080000000002" lon="34.817710000000005">
        <ele>513</ele>
        <time>2021-11-04T08:52:22Z</time>
      </trkpt>
      <trkpt lat="30.7922" lon="34.817750000000004">
        <ele>513</ele>
        <time>2021-11-04T08:52:23Z</time>
      </trkpt>
      <trkpt lat="30.79229" lon="34.81785">
        <ele>513</ele>
        <time>2021-11-04T08:52:24Z</time>
      </trkpt>
      <trkpt lat="30.792680000000004" lon="34.81803">
        <ele>519</ele>
        <time>2021-11-04T08:52:25Z</time>
      </trkpt>
      <trkpt lat="30.792720000000003" lon="34.818090000000005">
        <ele>519</ele>
        <time>2021-11-04T08:52:26Z</time>
      </trkpt>
      <trkpt lat="30.792730000000002" lon="34.81815">
        <ele>519</ele>
        <time>2021-11-04T08:52:27Z</time>
      </trkpt>
      <trkpt lat="30.792700000000004" lon="34.81828">
        <ele>519</ele>
        <time>2021-11-04T08:52:28Z</time>
      </trkpt>
      <trkpt lat="30.792550000000002" lon="34.818560000000005">
        <ele>516</ele>
        <time>2021-11-04T08:52:29Z</time>
      </trkpt>
      <trkpt lat="30.79267" lon="34.81871">
        <ele>520</ele>
        <time>2021-11-04T08:52:30Z</time>
      </trkpt>
      <trkpt lat="30.792820000000003" lon="34.81907">
        <ele>520</ele>
        <time>2021-11-04T08:52:31Z</time>
      </trkpt>
      <trkpt lat="30.79305" lon="34.81931">
        <ele>520</ele>
        <time>2021-11-04T08:52:32Z</time>
      </trkpt>
      <trkpt lat="30.793150000000004" lon="34.819700000000005">
        <ele>520</ele>
        <time>2021-11-04T08:52:33Z</time>
      </trkpt>
      <trkpt lat="30.793150000000004" lon="34.81983">
        <ele>520</ele>
        <time>2021-11-04T08:52:34Z</time>
      </trkpt>
      <trkpt lat="30.793150000000004" lon="34.81983">
        <ele>520</ele>
        <time>2021-11-04T08:52:35Z</time>
      </trkpt>
      <trkpt lat="30.793200000000002" lon="34.82005">
        <ele>520</ele>
        <time>2021-11-04T08:52:36Z</time>
      </trkpt>
      <trkpt lat="30.793440000000004" lon="34.82056">
        <ele>521</ele>
        <time>2021-11-04T08:52:37Z</time>
      </trkpt>
      <trkpt lat="30.793460000000003" lon="34.821340000000006">
        <ele>523</ele>
        <time>2021-11-04T08:52:38Z</time>
      </trkpt>
      <trkpt lat="30.793550000000003" lon="34.821600000000004">
        <ele>522</ele>
        <time>2021-11-04T08:52:39Z</time>
      </trkpt>
      <trkpt lat="30.79361" lon="34.82193">
        <ele>526</ele>
        <time>2021-11-04T08:52:40Z</time>
      </trkpt>
      <trkpt lat="30.79398" lon="34.823240000000006">
        <ele>528</ele>
        <time>2021-11-04T08:52:41Z</time>
      </trkpt>
      <extensions>
        <RoutingType xmlns="">Hike</RoutingType>
      </extensions>
    </trkseg>
    <trkseg>
      <trkpt lat="30.79398" lon="34.823240000000006">
        <ele>528</ele>
        <time>2021-11-04T08:52:41Z</time>
      </trkpt>
      <trkpt lat="30.79417" lon="34.82367">
        <ele>531</ele>
        <time>2021-11-04T08:52:42Z</time>
      </trkpt>
      <trkpt lat="30.79435" lon="34.82386">
        <ele>528</ele>
        <time>2021-11-04T08:52:43Z</time>
      </trkpt>
      <trkpt lat="30.794600000000003" lon="34.8239">
        <ele>528</ele>
        <time>2021-11-04T08:52:44Z</time>
      </trkpt>
      <trkpt lat="30.794710000000002" lon="34.82397">
        <ele>528</ele>
        <time>2021-11-04T08:52:45Z</time>
      </trkpt>
      <trkpt lat="30.794800000000002" lon="34.82406">
        <ele>528</ele>
        <time>2021-11-04T08:52:46Z</time>
      </trkpt>
      <trkpt lat="30.794860000000003" lon="34.824180000000005">
        <ele>528</ele>
        <time>2021-11-04T08:52:47Z</time>
      </trkpt>
      <trkpt lat="30.795050000000003" lon="34.82434">
        <ele>532</ele>
        <time>2021-11-04T08:52:48Z</time>
      </trkpt>
      <trkpt lat="30.795140000000004" lon="34.824510000000004">
        <ele>532</ele>
        <time>2021-11-04T08:52:49Z</time>
      </trkpt>
      <trkpt lat="30.795330000000003" lon="34.824670000000005">
        <ele>530</ele>
        <time>2021-11-04T08:52:50Z</time>
      </trkpt>
      <trkpt lat="30.795540000000003" lon="34.824780000000004">
        <ele>530</ele>
        <time>2021-11-04T08:52:51Z</time>
      </trkpt>
      <trkpt lat="30.79567" lon="34.82477">
        <ele>530</ele>
        <time>2021-11-04T08:52:52Z</time>
      </trkpt>
      <trkpt lat="30.79615" lon="34.824830000000006">
        <ele>525</ele>
        <time>2021-11-04T08:52:53Z</time>
      </trkpt>
      <trkpt lat="30.796200000000002" lon="34.82486">
        <ele>525</ele>
        <time>2021-11-04T08:52:54Z</time>
      </trkpt>
      <trkpt lat="30.796340000000004" lon="34.82509">
        <ele>525</ele>
        <time>2021-11-04T08:52:55Z</time>
      </trkpt>
      <trkpt lat="30.79643" lon="34.825430000000004">
        <ele>527</ele>
        <time>2021-11-04T08:52:56Z</time>
      </trkpt>
      <trkpt lat="30.796660000000003" lon="34.82576">
        <ele>527</ele>
        <time>2021-11-04T08:52:57Z</time>
      </trkpt>
      <trkpt lat="30.796720000000004" lon="34.825880000000005">
        <ele>527</ele>
        <time>2021-11-04T08:52:58Z</time>
      </trkpt>
      <trkpt lat="30.796820000000004" lon="34.82594">
        <ele>527</ele>
        <time>2021-11-04T08:52:59Z</time>
      </trkpt>
      <trkpt lat="30.796930000000003" lon="34.82592">
        <ele>520</ele>
        <time>2021-11-04T08:53:00Z</time>
      </trkpt>
      <trkpt lat="30.797100000000004" lon="34.82596">
        <ele>520</ele>
        <time>2021-11-04T08:53:01Z</time>
      </trkpt>
      <trkpt lat="30.79717" lon="34.826060000000005">
        <ele>522</ele>
        <time>2021-11-04T08:53:02Z</time>
      </trkpt>
      <trkpt lat="30.797200000000004" lon="34.82627">
        <ele>522</ele>
        <time>2021-11-04T08:53:03Z</time>
      </trkpt>
      <trkpt lat="30.79736" lon="34.82638">
        <ele>522</ele>
        <time>2021-11-04T08:53:04Z</time>
      </trkpt>
      <trkpt lat="30.797380000000004" lon="34.826440000000005">
        <ele>522</ele>
        <time>2021-11-04T08:53:05Z</time>
      </trkpt>
      <trkpt lat="30.797490000000003" lon="34.826440000000005">
        <ele>522</ele>
        <time>2021-11-04T08:53:06Z</time>
      </trkpt>
      <trkpt lat="30.797590000000003" lon="34.82652">
        <ele>522</ele>
        <time>2021-11-04T08:53:07Z</time>
      </trkpt>
      <trkpt lat="30.797750000000004" lon="34.82681">
        <ele>529</ele>
        <time>2021-11-04T08:53:08Z</time>
      </trkpt>
      <trkpt lat="30.797790000000003" lon="34.826950000000004">
        <ele>529</ele>
        <time>2021-11-04T08:53:09Z</time>
      </trkpt>
      <trkpt lat="30.797760000000004" lon="34.82768">
        <ele>530.5</ele>
        <time>2021-11-04T08:53:10Z</time>
      </trkpt>
      <trkpt lat="30.797760000000004" lon="34.82768">
        <ele>530.5</ele>
        <time>2021-11-04T08:53:11Z</time>
      </trkpt>
      <trkpt lat="30.797770000000003" lon="34.828230000000005">
        <ele>532</ele>
        <time>2021-11-04T08:53:12Z</time>
      </trkpt>
      <trkpt lat="30.797690000000003" lon="34.828770000000006">
        <ele>543</ele>
        <time>2021-11-04T08:53:13Z</time>
      </trkpt>
      <trkpt lat="30.797610000000002" lon="34.82896">
        <ele>531</ele>
        <time>2021-11-04T08:53:14Z</time>
      </trkpt>
      <trkpt lat="30.79744" lon="34.82977">
        <ele>536</ele>
        <time>2021-11-04T08:53:15Z</time>
      </trkpt>
      <trkpt lat="30.797300000000003" lon="34.829980000000006">
        <ele>536</ele>
        <time>2021-11-04T08:53:16Z</time>
      </trkpt>
      <trkpt lat="30.797050000000002" lon="34.83015">
        <ele>545</ele>
        <time>2021-11-04T08:53:17Z</time>
      </trkpt>
      <trkpt lat="30.796950000000002" lon="34.830470000000005">
        <ele>545</ele>
        <time>2021-11-04T08:53:18Z</time>
      </trkpt>
      <trkpt lat="30.797010000000004" lon="34.83109">
        <ele>553</ele>
        <time>2021-11-04T08:53:19Z</time>
      </trkpt>
      <trkpt lat="30.796940000000003" lon="34.831360000000004">
        <ele>553</ele>
        <time>2021-11-04T08:53:20Z</time>
      </trkpt>
      <trkpt lat="30.796960000000002" lon="34.831500000000005">
        <ele>553</ele>
        <time>2021-11-04T08:53:21Z</time>
      </trkpt>
      <trkpt lat="30.796870000000002" lon="34.83176">
        <ele>553</ele>
        <time>2021-11-04T08:53:22Z</time>
      </trkpt>
      <trkpt lat="30.796830000000003" lon="34.83203">
        <ele>565</ele>
        <time>2021-11-04T08:53:23Z</time>
      </trkpt>
      <trkpt lat="30.79688" lon="34.83249">
        <ele>565</ele>
        <time>2021-11-04T08:53:24Z</time>
      </trkpt>
      <trkpt lat="30.796840000000003" lon="34.83269">
        <ele>576</ele>
        <time>2021-11-04T08:53:25Z</time>
      </trkpt>
      <trkpt lat="30.796720000000004" lon="34.83305">
        <ele>557</ele>
        <time>2021-11-04T08:53:26Z</time>
      </trkpt>
      <trkpt lat="30.79671" lon="34.83319">
        <ele>557</ele>
        <time>2021-11-04T08:53:27Z</time>
      </trkpt>
      <trkpt lat="30.79679" lon="34.83357">
        <ele>559</ele>
        <time>2021-11-04T08:53:28Z</time>
      </trkpt>
      <trkpt lat="30.79679" lon="34.833780000000004">
        <ele>559</ele>
        <time>2021-11-04T08:53:29Z</time>
      </trkpt>
      <trkpt lat="30.796820000000004" lon="34.83391">
        <ele>559</ele>
        <time>2021-11-04T08:53:30Z</time>
      </trkpt>
      <trkpt lat="30.7968" lon="34.834030000000006">
        <ele>559</ele>
        <time>2021-11-04T08:53:31Z</time>
      </trkpt>
      <trkpt lat="30.79662" lon="34.83437">
        <ele>570</ele>
        <time>2021-11-04T08:53:32Z</time>
      </trkpt>
      <trkpt lat="30.7966" lon="34.83465">
        <ele>570</ele>
        <time>2021-11-04T08:53:33Z</time>
      </trkpt>
      <trkpt lat="30.796540000000004" lon="34.83484">
        <ele>570</ele>
        <time>2021-11-04T08:53:34Z</time>
      </trkpt>
      <trkpt lat="30.796310000000002" lon="34.83513">
        <ele>581</ele>
        <time>2021-11-04T08:53:35Z</time>
      </trkpt>
      <trkpt lat="30.796180000000003" lon="34.835840000000005">
        <ele>581</ele>
        <time>2021-11-04T08:53:36Z</time>
      </trkpt>
      <trkpt lat="30.79614" lon="34.83597">
        <ele>590</ele>
        <time>2021-11-04T08:53:37Z</time>
      </trkpt>
      <trkpt lat="30.796160000000004" lon="34.83617">
        <ele>590</ele>
        <time>2021-11-04T08:53:38Z</time>
      </trkpt>
      <trkpt lat="30.796070000000004" lon="34.83648">
        <ele>590</ele>
        <time>2021-11-04T08:53:39Z</time>
      </trkpt>
      <trkpt lat="30.796070000000004" lon="34.83663">
        <ele>590</ele>
        <time>2021-11-04T08:53:40Z</time>
      </trkpt>
      <extensions>
        <RoutingType xmlns="">Hike</RoutingType>
      </extensions>
    </trkseg>
    <trkseg>
      <trkpt lat="30.796070000000004" lon="34.83663">
        <ele>590</ele>
        <time>2021-11-04T08:53:40Z</time>
      </trkpt>
      <trkpt lat="30.796020000000002" lon="34.836650000000006">
        <ele>590</ele>
        <time>2021-11-04T08:53:41Z</time>
      </trkpt>
      <trkpt lat="30.795820000000003" lon="34.83691">
        <ele>596</ele>
        <time>2021-11-04T08:53:42Z</time>
      </trkpt>
      <trkpt lat="30.795730000000002" lon="34.837070000000004">
        <ele>596</ele>
        <time>2021-11-04T08:53:43Z</time>
      </trkpt>
      <trkpt lat="30.795710000000003" lon="34.837770000000006">
        <ele>594</ele>
        <time>2021-11-04T08:53:44Z</time>
      </trkpt>
      <trkpt lat="30.795410000000004" lon="34.83811">
        <ele>594</ele>
        <time>2021-11-04T08:53:45Z</time>
      </trkpt>
      <trkpt lat="30.794840000000004" lon="34.838530000000006">
        <ele>576</ele>
        <time>2021-11-04T08:53:46Z</time>
      </trkpt>
      <trkpt lat="30.794800000000002" lon="34.83858">
        <ele>576</ele>
        <time>2021-11-04T08:53:47Z</time>
      </trkpt>
      <trkpt lat="30.794570000000004" lon="34.838800000000006">
        <ele>576</ele>
        <time>2021-11-04T08:53:48Z</time>
      </trkpt>
      <trkpt lat="30.79454" lon="34.839020000000005">
        <ele>576</ele>
        <time>2021-11-04T08:53:49Z</time>
      </trkpt>
      <trkpt lat="30.79444" lon="34.839240000000004">
        <ele>576</ele>
        <time>2021-11-04T08:53:50Z</time>
      </trkpt>
      <trkpt lat="30.794390000000003" lon="34.83926">
        <ele>576</ele>
        <time>2021-11-04T08:53:51Z</time>
      </trkpt>
      <trkpt lat="30.794280000000004" lon="34.839360000000006">
        <ele>568</ele>
        <time>2021-11-04T08:53:52Z</time>
      </trkpt>
      <trkpt lat="30.794280000000004" lon="34.839360000000006">
        <ele>568</ele>
        <time>2021-11-04T08:53:53Z</time>
      </trkpt>
      <trkpt lat="30.794100000000004" lon="34.83957">
        <ele>560</ele>
        <time>2021-11-04T08:53:54Z</time>
      </trkpt>
      <trkpt lat="30.794000000000004" lon="34.83975">
        <ele>560</ele>
        <time>2021-11-04T08:53:55Z</time>
      </trkpt>
      <trkpt lat="30.793930000000003" lon="34.83982">
        <ele>560</ele>
        <time>2021-11-04T08:53:56Z</time>
      </trkpt>
      <trkpt lat="30.793840000000003" lon="34.839870000000005">
        <ele>560</ele>
        <time>2021-11-04T08:53:57Z</time>
      </trkpt>
      <trkpt lat="30.7937" lon="34.84001">
        <ele>560</ele>
        <time>2021-11-04T08:53:58Z</time>
      </trkpt>
      <trkpt lat="30.79342" lon="34.840140000000005">
        <ele>538</ele>
        <time>2021-11-04T08:53:59Z</time>
      </trkpt>
      <trkpt lat="30.79333" lon="34.84017">
        <ele>538</ele>
        <time>2021-11-04T08:54:00Z</time>
      </trkpt>
      <trkpt lat="30.793250000000004" lon="34.84024">
        <ele>538</ele>
        <time>2021-11-04T08:54:01Z</time>
      </trkpt>
      <trkpt lat="30.793000000000003" lon="34.840410000000006">
        <ele>538</ele>
        <time>2021-11-04T08:54:02Z</time>
      </trkpt>
      <trkpt lat="30.792910000000003" lon="34.840430000000005">
        <ele>538</ele>
        <time>2021-11-04T08:54:03Z</time>
      </trkpt>
      <trkpt lat="30.792700000000004" lon="34.840410000000006">
        <ele>538</ele>
        <time>2021-11-04T08:54:04Z</time>
      </trkpt>
      <trkpt lat="30.792320000000004" lon="34.840500000000006">
        <ele>537</ele>
        <time>2021-11-04T08:54:05Z</time>
      </trkpt>
      <trkpt lat="30.792130000000004" lon="34.84051">
        <ele>537</ele>
        <time>2021-11-04T08:54:06Z</time>
      </trkpt>
      <trkpt lat="30.792080000000002" lon="34.840590000000006">
        <ele>537</ele>
        <time>2021-11-04T08:54:07Z</time>
      </trkpt>
      <trkpt lat="30.791990000000002" lon="34.840630000000004">
        <ele>537</ele>
        <time>2021-11-04T08:54:08Z</time>
      </trkpt>
      <trkpt lat="30.79191" lon="34.84071">
        <ele>537</ele>
        <time>2021-11-04T08:54:09Z</time>
      </trkpt>
      <trkpt lat="30.79181" lon="34.84102">
        <ele>513</ele>
        <time>2021-11-04T08:54:10Z</time>
      </trkpt>
      <trkpt lat="30.791750000000004" lon="34.84109">
        <ele>513</ele>
        <time>2021-11-04T08:54:11Z</time>
      </trkpt>
      <trkpt lat="30.791660000000004" lon="34.84129">
        <ele>513</ele>
        <time>2021-11-04T08:54:12Z</time>
      </trkpt>
      <trkpt lat="30.791600000000003" lon="34.841370000000005">
        <ele>513</ele>
        <time>2021-11-04T08:54:13Z</time>
      </trkpt>
      <trkpt lat="30.791470000000004" lon="34.84167">
        <ele>513</ele>
        <time>2021-11-04T08:54:14Z</time>
      </trkpt>
      <trkpt lat="30.791400000000003" lon="34.84174">
        <ele>513</ele>
        <time>2021-11-04T08:54:15Z</time>
      </trkpt>
      <trkpt lat="30.791370000000004" lon="34.841840000000005">
        <ele>512</ele>
        <time>2021-11-04T08:54:16Z</time>
      </trkpt>
      <trkpt lat="30.791310000000003" lon="34.84192">
        <ele>512</ele>
        <time>2021-11-04T08:54:17Z</time>
      </trkpt>
      <trkpt lat="30.791090000000004" lon="34.84214">
        <ele>512</ele>
        <time>2021-11-04T08:54:18Z</time>
      </trkpt>
      <trkpt lat="30.791020000000003" lon="34.842240000000004">
        <ele>512</ele>
        <time>2021-11-04T08:54:19Z</time>
      </trkpt>
      <trkpt lat="30.791010000000004" lon="34.84232">
        <ele>512</ele>
        <time>2021-11-04T08:54:20Z</time>
      </trkpt>
      <trkpt lat="30.791010000000004" lon="34.84243">
        <ele>512</ele>
        <time>2021-11-04T08:54:21Z</time>
      </trkpt>
      <trkpt lat="30.79099" lon="34.84254">
        <ele>518</ele>
        <time>2021-11-04T08:54:22Z</time>
      </trkpt>
      <trkpt lat="30.791010000000004" lon="34.84264">
        <ele>510</ele>
        <time>2021-11-04T08:54:23Z</time>
      </trkpt>
      <trkpt lat="30.79098" lon="34.842980000000004">
        <ele>517</ele>
        <time>2021-11-04T08:54:24Z</time>
      </trkpt>
      <trkpt lat="30.79099" lon="34.843320000000006">
        <ele>517</ele>
        <time>2021-11-04T08:54:25Z</time>
      </trkpt>
      <trkpt lat="30.791050000000002" lon="34.843650000000004">
        <ele>514</ele>
        <time>2021-11-04T08:54:26Z</time>
      </trkpt>
      <trkpt lat="30.791230000000002" lon="34.84418">
        <ele>514</ele>
        <time>2021-11-04T08:54:27Z</time>
      </trkpt>
      <trkpt lat="30.791280000000004" lon="34.844280000000005">
        <ele>514</ele>
        <time>2021-11-04T08:54:28Z</time>
      </trkpt>
      <trkpt lat="30.791590000000003" lon="34.84449">
        <ele>512</ele>
        <time>2021-11-04T08:54:29Z</time>
      </trkpt>
      <trkpt lat="30.791650000000004" lon="34.84458">
        <ele>512</ele>
        <time>2021-11-04T08:54:30Z</time>
      </trkpt>
      <trkpt lat="30.791710000000002" lon="34.844640000000005">
        <ele>512</ele>
        <time>2021-11-04T08:54:31Z</time>
      </trkpt>
      <trkpt lat="30.791990000000002" lon="34.84478">
        <ele>485</ele>
        <time>2021-11-04T08:54:32Z</time>
      </trkpt>
      <trkpt lat="30.792050000000003" lon="34.84479">
        <ele>485</ele>
        <time>2021-11-04T08:54:33Z</time>
      </trkpt>
      <trkpt lat="30.79228" lon="34.845000000000006">
        <ele>485</ele>
        <time>2021-11-04T08:54:34Z</time>
      </trkpt>
      <trkpt lat="30.792350000000003" lon="34.845090000000006">
        <ele>485</ele>
        <time>2021-11-04T08:54:35Z</time>
      </trkpt>
      <trkpt lat="30.792370000000002" lon="34.845200000000006">
        <ele>489</ele>
        <time>2021-11-04T08:54:36Z</time>
      </trkpt>
      <trkpt lat="30.79247" lon="34.84539">
        <ele>489</ele>
        <time>2021-11-04T08:54:37Z</time>
      </trkpt>
      <trkpt lat="30.79249" lon="34.845510000000004">
        <ele>489</ele>
        <time>2021-11-04T08:54:38Z</time>
      </trkpt>
      <trkpt lat="30.79258" lon="34.8457">
        <ele>489</ele>
        <time>2021-11-04T08:54:39Z</time>
      </trkpt>
      <extensions>
        <RoutingType xmlns="">Hike</RoutingType>
      </extensions>
    </trkseg>
    <trkseg>
      <trkpt lat="30.79258" lon="34.8457">
        <ele>489</ele>
        <time>2021-11-04T08:54:39Z</time>
      </trkpt>
      <trkpt lat="30.792590000000004" lon="34.845800000000004">
        <ele>489</ele>
        <time>2021-11-04T08:54:40Z</time>
      </trkpt>
      <trkpt lat="30.792650000000002" lon="34.846030000000006">
        <ele>477</ele>
        <time>2021-11-04T08:54:41Z</time>
      </trkpt>
      <trkpt lat="30.792700000000004" lon="34.846070000000005">
        <ele>451</ele>
        <time>2021-11-04T08:54:42Z</time>
      </trkpt>
      <trkpt lat="30.792800000000003" lon="34.84624">
        <ele>451</ele>
        <time>2021-11-04T08:54:43Z</time>
      </trkpt>
      <trkpt lat="30.793080000000003" lon="34.846560000000004">
        <ele>451</ele>
        <time>2021-11-04T08:54:44Z</time>
      </trkpt>
      <trkpt lat="30.793200000000002" lon="34.846720000000005">
        <ele>451</ele>
        <time>2021-11-04T08:54:45Z</time>
      </trkpt>
      <trkpt lat="30.793260000000004" lon="34.84678">
        <ele>451</ele>
        <time>2021-11-04T08:54:46Z</time>
      </trkpt>
      <trkpt lat="30.793290000000002" lon="34.84686">
        <ele>442</ele>
        <time>2021-11-04T08:54:47Z</time>
      </trkpt>
      <trkpt lat="30.793300000000002" lon="34.846940000000004">
        <ele>442</ele>
        <time>2021-11-04T08:54:48Z</time>
      </trkpt>
      <trkpt lat="30.793370000000003" lon="34.84698">
        <ele>442</ele>
        <time>2021-11-04T08:54:49Z</time>
      </trkpt>
      <trkpt lat="30.793280000000003" lon="34.847150000000006">
        <ele>442</ele>
        <time>2021-11-04T08:54:50Z</time>
      </trkpt>
      <trkpt lat="30.793280000000003" lon="34.84723">
        <ele>442</ele>
        <time>2021-11-04T08:54:51Z</time>
      </trkpt>
      <trkpt lat="30.793300000000002" lon="34.84734">
        <ele>442</ele>
        <time>2021-11-04T08:54:52Z</time>
      </trkpt>
      <trkpt lat="30.793280000000003" lon="34.847660000000005">
        <ele>417</ele>
        <time>2021-11-04T08:54:53Z</time>
      </trkpt>
      <trkpt lat="30.793210000000002" lon="34.847710000000006">
        <ele>417</ele>
        <time>2021-11-04T08:54:54Z</time>
      </trkpt>
      <trkpt lat="30.792880000000004" lon="34.847530000000006">
        <ele>442</ele>
        <time>2021-11-04T08:54:55Z</time>
      </trkpt>
      <trkpt lat="30.79277" lon="34.84751">
        <ele>442</ele>
        <time>2021-11-04T08:54:56Z</time>
      </trkpt>
      <trkpt lat="30.79248" lon="34.84756">
        <ele>433</ele>
        <time>2021-11-04T08:54:57Z</time>
      </trkpt>
      <trkpt lat="30.79239" lon="34.847590000000004">
        <ele>433</ele>
        <time>2021-11-04T08:54:58Z</time>
      </trkpt>
      <trkpt lat="30.792310000000004" lon="34.84767">
        <ele>401</ele>
        <time>2021-11-04T08:54:59Z</time>
      </trkpt>
      <trkpt lat="30.792250000000003" lon="34.84776">
        <ele>401</ele>
        <time>2021-11-04T08:55:00Z</time>
      </trkpt>
      <trkpt lat="30.792170000000002" lon="34.847750000000005">
        <ele>401</ele>
        <time>2021-11-04T08:55:01Z</time>
      </trkpt>
      <trkpt lat="30.791900000000002" lon="34.84785">
        <ele>401</ele>
        <time>2021-11-04T08:55:02Z</time>
      </trkpt>
      <trkpt lat="30.791850000000004" lon="34.848040000000005">
        <ele>401</ele>
        <time>2021-11-04T08:55:03Z</time>
      </trkpt>
      <trkpt lat="30.791870000000003" lon="34.84827">
        <ele>401</ele>
        <time>2021-11-04T08:55:04Z</time>
      </trkpt>
      <trkpt lat="30.791930000000004" lon="34.84836">
        <ele>401</ele>
        <time>2021-11-04T08:55:05Z</time>
      </trkpt>
      <trkpt lat="30.791890000000002" lon="34.84845">
        <ele>401</ele>
        <time>2021-11-04T08:55:06Z</time>
      </trkpt>
      <trkpt lat="30.791760000000004" lon="34.848600000000005">
        <ele>394</ele>
        <time>2021-11-04T08:55:07Z</time>
      </trkpt>
      <trkpt lat="30.791790000000002" lon="34.848710000000004">
        <ele>394</ele>
        <time>2021-11-04T08:55:08Z</time>
      </trkpt>
      <trkpt lat="30.791770000000003" lon="34.84881">
        <ele>394</ele>
        <time>2021-11-04T08:55:09Z</time>
      </trkpt>
      <trkpt lat="30.791760000000004" lon="34.84902">
        <ele>394</ele>
        <time>2021-11-04T08:55:10Z</time>
      </trkpt>
      <trkpt lat="30.791610000000002" lon="34.849430000000005">
        <ele>380</ele>
        <time>2021-11-04T08:55:11Z</time>
      </trkpt>
      <trkpt lat="30.79154" lon="34.84949">
        <ele>380</ele>
        <time>2021-11-04T08:55:12Z</time>
      </trkpt>
      <trkpt lat="30.791470000000004" lon="34.84957">
        <ele>380</ele>
        <time>2021-11-04T08:55:13Z</time>
      </trkpt>
      <trkpt lat="30.79145" lon="34.84967">
        <ele>380</ele>
        <time>2021-11-04T08:55:14Z</time>
      </trkpt>
      <trkpt lat="30.79155" lon="34.85009">
        <ele>380</ele>
        <time>2021-11-04T08:55:15Z</time>
      </trkpt>
      <trkpt lat="30.791560000000004" lon="34.85043">
        <ele>377</ele>
        <time>2021-11-04T08:55:16Z</time>
      </trkpt>
      <trkpt lat="30.79163" lon="34.850500000000004">
        <ele>377</ele>
        <time>2021-11-04T08:55:17Z</time>
      </trkpt>
      <trkpt lat="30.791660000000004" lon="34.850590000000004">
        <ele>377</ele>
        <time>2021-11-04T08:55:18Z</time>
      </trkpt>
      <trkpt lat="30.79173" lon="34.85065">
        <ele>377</ele>
        <time>2021-11-04T08:55:19Z</time>
      </trkpt>
      <trkpt lat="30.791760000000004" lon="34.8507">
        <ele>374.5</ele>
        <time>2021-11-04T08:55:20Z</time>
      </trkpt>
      <trkpt lat="30.791760000000004" lon="34.8507">
        <ele>374.5</ele>
        <time>2021-11-04T08:55:21Z</time>
      </trkpt>
      <trkpt lat="30.791840000000004" lon="34.85083">
        <ele>372</ele>
        <time>2021-11-04T08:55:22Z</time>
      </trkpt>
      <trkpt lat="30.791860000000003" lon="34.851040000000005">
        <ele>371</ele>
        <time>2021-11-04T08:55:23Z</time>
      </trkpt>
      <trkpt lat="30.791900000000002" lon="34.85119">
        <ele>371</ele>
        <time>2021-11-04T08:55:24Z</time>
      </trkpt>
      <trkpt lat="30.791880000000003" lon="34.85126">
        <ele>371</ele>
        <time>2021-11-04T08:55:25Z</time>
      </trkpt>
      <trkpt lat="30.79172" lon="34.85136">
        <ele>375</ele>
        <time>2021-11-04T08:55:26Z</time>
      </trkpt>
      <trkpt lat="30.79164" lon="34.85143">
        <ele>375</ele>
        <time>2021-11-04T08:55:27Z</time>
      </trkpt>
      <trkpt lat="30.79155" lon="34.851420000000005">
        <ele>375</ele>
        <time>2021-11-04T08:55:28Z</time>
      </trkpt>
      <trkpt lat="30.791470000000004" lon="34.85137">
        <ele>375</ele>
        <time>2021-11-04T08:55:29Z</time>
      </trkpt>
      <trkpt lat="30.791370000000004" lon="34.851400000000005">
        <ele>375</ele>
        <time>2021-11-04T08:55:30Z</time>
      </trkpt>
      <trkpt lat="30.791220000000003" lon="34.8513">
        <ele>375</ele>
        <time>2021-11-04T08:55:31Z</time>
      </trkpt>
      <trkpt lat="30.791230000000002" lon="34.85126">
        <ele>375</ele>
        <time>2021-11-04T08:55:32Z</time>
      </trkpt>
      <trkpt lat="30.791130000000003" lon="34.85125">
        <ele>375</ele>
        <time>2021-11-04T08:55:33Z</time>
      </trkpt>
      <trkpt lat="30.791090000000004" lon="34.85116">
        <ele>375</ele>
        <time>2021-11-04T08:55:34Z</time>
      </trkpt>
      <trkpt lat="30.791010000000004" lon="34.8511">
        <ele>375</ele>
        <time>2021-11-04T08:55:35Z</time>
      </trkpt>
      <trkpt lat="30.790820000000004" lon="34.851060000000004">
        <ele>383</ele>
        <time>2021-11-04T08:55:36Z</time>
      </trkpt>
      <trkpt lat="30.790730000000003" lon="34.851020000000005">
        <ele>383</ele>
        <time>2021-11-04T08:55:37Z</time>
      </trkpt>
      <trkpt lat="30.790470000000003" lon="34.85085">
        <ele>379</ele>
        <time>2021-11-04T08:55:38Z</time>
      </trkpt>
      <extensions>
        <RoutingType xmlns="">Hike</RoutingType>
      </extensions>
    </trkseg>
    <trkseg>
      <trkpt lat="30.790470000000003" lon="34.85085">
        <ele>379</ele>
        <time>2021-11-04T08:55:38Z</time>
      </trkpt>
      <trkpt lat="30.790450000000003" lon="34.850080000000005">
        <ele>383</ele>
        <time>2021-11-04T08:55:39Z</time>
      </trkpt>
      <trkpt lat="30.790380000000003" lon="34.849880000000006">
        <ele>383</ele>
        <time>2021-11-04T08:55:40Z</time>
      </trkpt>
      <trkpt lat="30.79033" lon="34.849790000000006">
        <ele>383</ele>
        <time>2021-11-04T08:55:41Z</time>
      </trkpt>
      <trkpt lat="30.790300000000002" lon="34.849560000000004">
        <ele>383</ele>
        <time>2021-11-04T08:55:42Z</time>
      </trkpt>
      <trkpt lat="30.79033" lon="34.84946">
        <ele>383</ele>
        <time>2021-11-04T08:55:43Z</time>
      </trkpt>
      <trkpt lat="30.79031" lon="34.84935">
        <ele>383</ele>
        <time>2021-11-04T08:55:44Z</time>
      </trkpt>
      <trkpt lat="30.790210000000002" lon="34.849320000000006">
        <ele>383</ele>
        <time>2021-11-04T08:55:45Z</time>
      </trkpt>
      <trkpt lat="30.790010000000002" lon="34.84933">
        <ele>387</ele>
        <time>2021-11-04T08:55:46Z</time>
      </trkpt>
      <trkpt lat="30.78986" lon="34.84946">
        <ele>387</ele>
        <time>2021-11-04T08:55:47Z</time>
      </trkpt>
      <trkpt lat="30.78966" lon="34.84957">
        <ele>387</ele>
        <time>2021-11-04T08:55:48Z</time>
      </trkpt>
      <trkpt lat="30.78958" lon="34.849610000000006">
        <ele>387</ele>
        <time>2021-11-04T08:55:49Z</time>
      </trkpt>
      <trkpt lat="30.789510000000003" lon="34.84962">
        <ele>387</ele>
        <time>2021-11-04T08:55:50Z</time>
      </trkpt>
      <trkpt lat="30.789420000000003" lon="34.84966">
        <ele>387</ele>
        <time>2021-11-04T08:55:51Z</time>
      </trkpt>
      <trkpt lat="30.789320000000004" lon="34.84967">
        <ele>394</ele>
        <time>2021-11-04T08:55:52Z</time>
      </trkpt>
      <trkpt lat="30.789250000000003" lon="34.849650000000004">
        <ele>394</ele>
        <time>2021-11-04T08:55:53Z</time>
      </trkpt>
      <trkpt lat="30.788930000000004" lon="34.8494">
        <ele>394</ele>
        <time>2021-11-04T08:55:54Z</time>
      </trkpt>
      <trkpt lat="30.788660000000004" lon="34.84911">
        <ele>389</ele>
        <time>2021-11-04T08:55:55Z</time>
      </trkpt>
      <trkpt lat="30.788470000000004" lon="34.849070000000005">
        <ele>401</ele>
        <time>2021-11-04T08:55:56Z</time>
      </trkpt>
      <trkpt lat="30.788300000000003" lon="34.84908">
        <ele>401</ele>
        <time>2021-11-04T08:55:57Z</time>
      </trkpt>
      <trkpt lat="30.788030000000003" lon="34.84917">
        <ele>401</ele>
        <time>2021-11-04T08:55:58Z</time>
      </trkpt>
      <trkpt lat="30.787750000000003" lon="34.849140000000006">
        <ele>401</ele>
        <time>2021-11-04T08:55:59Z</time>
      </trkpt>
      <trkpt lat="30.787480000000002" lon="34.849050000000005">
        <ele>428</ele>
        <time>2021-11-04T08:56:00Z</time>
      </trkpt>
      <trkpt lat="30.78731" lon="34.848960000000005">
        <ele>428</ele>
        <time>2021-11-04T08:56:01Z</time>
      </trkpt>
      <trkpt lat="30.787160000000004" lon="34.84881">
        <ele>428</ele>
        <time>2021-11-04T08:56:02Z</time>
      </trkpt>
      <trkpt lat="30.787010000000002" lon="34.84872">
        <ele>428</ele>
        <time>2021-11-04T08:56:03Z</time>
      </trkpt>
      <trkpt lat="30.786770000000004" lon="34.84854">
        <ele>482</ele>
        <time>2021-11-04T08:56:04Z</time>
      </trkpt>
      <trkpt lat="30.786630000000002" lon="34.84841">
        <ele>464</ele>
        <time>2021-11-04T08:56:05Z</time>
      </trkpt>
      <trkpt lat="30.78656" lon="34.848330000000004">
        <ele>464</ele>
        <time>2021-11-04T08:56:06Z</time>
      </trkpt>
      <trkpt lat="30.78648" lon="34.84828">
        <ele>464</ele>
        <time>2021-11-04T08:56:07Z</time>
      </trkpt>
      <trkpt lat="30.786330000000003" lon="34.848150000000004">
        <ele>464</ele>
        <time>2021-11-04T08:56:08Z</time>
      </trkpt>
      <trkpt lat="30.786150000000003" lon="34.848090000000006">
        <ele>464</ele>
        <time>2021-11-04T08:56:09Z</time>
      </trkpt>
      <trkpt lat="30.786120000000004" lon="34.848000000000006">
        <ele>464</ele>
        <time>2021-11-04T08:56:10Z</time>
      </trkpt>
      <trkpt lat="30.78611" lon="34.84789">
        <ele>464</ele>
        <time>2021-11-04T08:56:11Z</time>
      </trkpt>
      <trkpt lat="30.786040000000003" lon="34.847590000000004">
        <ele>441</ele>
        <time>2021-11-04T08:56:12Z</time>
      </trkpt>
      <trkpt lat="30.786080000000002" lon="34.847500000000004">
        <ele>441</ele>
        <time>2021-11-04T08:56:13Z</time>
      </trkpt>
      <trkpt lat="30.78609" lon="34.84742">
        <ele>441</ele>
        <time>2021-11-04T08:56:14Z</time>
      </trkpt>
      <trkpt lat="30.786" lon="34.847530000000006">
        <ele>483</ele>
        <time>2021-11-04T08:56:15Z</time>
      </trkpt>
      <trkpt lat="30.785980000000002" lon="34.84763">
        <ele>503</ele>
        <time>2021-11-04T08:56:16Z</time>
      </trkpt>
      <trkpt lat="30.78592" lon="34.84765">
        <ele>503</ele>
        <time>2021-11-04T08:56:17Z</time>
      </trkpt>
      <trkpt lat="30.785870000000003" lon="34.84756">
        <ele>483</ele>
        <time>2021-11-04T08:56:18Z</time>
      </trkpt>
      <trkpt lat="30.78581" lon="34.847530000000006">
        <ele>483</ele>
        <time>2021-11-04T08:56:19Z</time>
      </trkpt>
      <trkpt lat="30.78572" lon="34.84758">
        <ele>483</ele>
        <time>2021-11-04T08:56:20Z</time>
      </trkpt>
      <trkpt lat="30.785470000000004" lon="34.847460000000005">
        <ele>483</ele>
        <time>2021-11-04T08:56:21Z</time>
      </trkpt>
      <trkpt lat="30.785380000000004" lon="34.84745">
        <ele>483</ele>
        <time>2021-11-04T08:56:22Z</time>
      </trkpt>
      <trkpt lat="30.785270000000004" lon="34.84747">
        <ele>483</ele>
        <time>2021-11-04T08:56:23Z</time>
      </trkpt>
      <trkpt lat="30.785200000000003" lon="34.847530000000006">
        <ele>483</ele>
        <time>2021-11-04T08:56:24Z</time>
      </trkpt>
      <trkpt lat="30.785110000000003" lon="34.84752">
        <ele>503</ele>
        <time>2021-11-04T08:56:25Z</time>
      </trkpt>
      <trkpt lat="30.78498" lon="34.847370000000005">
        <ele>503</ele>
        <time>2021-11-04T08:56:26Z</time>
      </trkpt>
      <trkpt lat="30.78487" lon="34.84718">
        <ele>503</ele>
        <time>2021-11-04T08:56:27Z</time>
      </trkpt>
      <trkpt lat="30.784800000000004" lon="34.847120000000004">
        <ele>503</ele>
        <time>2021-11-04T08:56:28Z</time>
      </trkpt>
      <trkpt lat="30.784720000000004" lon="34.84709">
        <ele>503</ele>
        <time>2021-11-04T08:56:29Z</time>
      </trkpt>
      <trkpt lat="30.784580000000002" lon="34.846970000000006">
        <ele>503</ele>
        <time>2021-11-04T08:56:30Z</time>
      </trkpt>
      <trkpt lat="30.784470000000002" lon="34.846990000000005">
        <ele>503</ele>
        <time>2021-11-04T08:56:31Z</time>
      </trkpt>
      <trkpt lat="30.784370000000003" lon="34.846970000000006">
        <ele>503</ele>
        <time>2021-11-04T08:56:32Z</time>
      </trkpt>
      <trkpt lat="30.784190000000002" lon="34.84702">
        <ele>516</ele>
        <time>2021-11-04T08:56:33Z</time>
      </trkpt>
      <trkpt lat="30.78402" lon="34.84718">
        <ele>516</ele>
        <time>2021-11-04T08:56:34Z</time>
      </trkpt>
      <trkpt lat="30.78393" lon="34.847150000000006">
        <ele>516</ele>
        <time>2021-11-04T08:56:35Z</time>
      </trkpt>
      <trkpt lat="30.783870000000004" lon="34.847080000000005">
        <ele>516</ele>
        <time>2021-11-04T08:56:36Z</time>
      </trkpt>
      <trkpt lat="30.783870000000004" lon="34.84696">
        <ele>516</ele>
        <time>2021-11-04T08:56:37Z</time>
      </trkpt>
      <extensions>
        <RoutingType xmlns="">Hike</RoutingType>
      </extensions>
    </trkseg>
    <trkseg>
      <trkpt lat="30.783870000000004" lon="34.84696">
        <ele>516</ele>
        <time>2021-11-04T08:56:37Z</time>
      </trkpt>
      <trkpt lat="30.783780000000004" lon="34.846900000000005">
        <ele>516</ele>
        <time>2021-11-04T08:56:38Z</time>
      </trkpt>
      <trkpt lat="30.783580000000004" lon="34.84685">
        <ele>516</ele>
        <time>2021-11-04T08:56:39Z</time>
      </trkpt>
      <trkpt lat="30.783390000000004" lon="34.846830000000004">
        <ele>520</ele>
        <time>2021-11-04T08:56:40Z</time>
      </trkpt>
      <trkpt lat="30.783310000000004" lon="34.846790000000006">
        <ele>501</ele>
        <time>2021-11-04T08:56:41Z</time>
      </trkpt>
      <trkpt lat="30.783210000000004" lon="34.84677">
        <ele>501</ele>
        <time>2021-11-04T08:56:42Z</time>
      </trkpt>
      <trkpt lat="30.783110000000004" lon="34.846810000000005">
        <ele>520</ele>
        <time>2021-11-04T08:56:43Z</time>
      </trkpt>
      <trkpt lat="30.783020000000004" lon="34.846900000000005">
        <ele>520</ele>
        <time>2021-11-04T08:56:44Z</time>
      </trkpt>
      <trkpt lat="30.7829" lon="34.847080000000005">
        <ele>520</ele>
        <time>2021-11-04T08:56:45Z</time>
      </trkpt>
      <trkpt lat="30.782850000000003" lon="34.847170000000006">
        <ele>520</ele>
        <time>2021-11-04T08:56:46Z</time>
      </trkpt>
      <trkpt lat="30.78282" lon="34.847260000000006">
        <ele>520</ele>
        <time>2021-11-04T08:56:47Z</time>
      </trkpt>
      <trkpt lat="30.782670000000003" lon="34.8474">
        <ele>505</ele>
        <time>2021-11-04T08:56:48Z</time>
      </trkpt>
      <trkpt lat="30.782580000000003" lon="34.84745">
        <ele>505</ele>
        <time>2021-11-04T08:56:49Z</time>
      </trkpt>
      <trkpt lat="30.782400000000003" lon="34.84742">
        <ele>505</ele>
        <time>2021-11-04T08:56:50Z</time>
      </trkpt>
      <trkpt lat="30.782300000000003" lon="34.847460000000005">
        <ele>505</ele>
        <time>2021-11-04T08:56:51Z</time>
      </trkpt>
      <trkpt lat="30.782210000000003" lon="34.84747">
        <ele>505</ele>
        <time>2021-11-04T08:56:52Z</time>
      </trkpt>
      <trkpt lat="30.782120000000003" lon="34.84745">
        <ele>505</ele>
        <time>2021-11-04T08:56:53Z</time>
      </trkpt>
      <trkpt lat="30.782040000000002" lon="34.84751">
        <ele>505</ele>
        <time>2021-11-04T08:56:54Z</time>
      </trkpt>
      <trkpt lat="30.78197" lon="34.847460000000005">
        <ele>505</ele>
        <time>2021-11-04T08:56:55Z</time>
      </trkpt>
      <trkpt lat="30.782080000000004" lon="34.847150000000006">
        <ele>505</ele>
        <time>2021-11-04T08:56:56Z</time>
      </trkpt>
      <trkpt lat="30.782090000000004" lon="34.84705">
        <ele>505</ele>
        <time>2021-11-04T08:56:57Z</time>
      </trkpt>
      <trkpt lat="30.782020000000003" lon="34.846970000000006">
        <ele>505</ele>
        <time>2021-11-04T08:56:58Z</time>
      </trkpt>
      <trkpt lat="30.781930000000003" lon="34.846920000000004">
        <ele>505</ele>
        <time>2021-11-04T08:56:59Z</time>
      </trkpt>
      <trkpt lat="30.781750000000002" lon="34.84696">
        <ele>508</ele>
        <time>2021-11-04T08:57:00Z</time>
      </trkpt>
      <trkpt lat="30.781650000000003" lon="34.84702">
        <ele>508</ele>
        <time>2021-11-04T08:57:01Z</time>
      </trkpt>
      <trkpt lat="30.781650000000003" lon="34.84702">
        <ele>508</ele>
        <time>2021-11-04T08:57:02Z</time>
      </trkpt>
      <trkpt lat="30.78149" lon="34.847030000000004">
        <ele>508</ele>
        <time>2021-11-04T08:57:03Z</time>
      </trkpt>
      <trkpt lat="30.781450000000003" lon="34.84714">
        <ele>508</ele>
        <time>2021-11-04T08:57:04Z</time>
      </trkpt>
      <trkpt lat="30.781450000000003" lon="34.847260000000006">
        <ele>508</ele>
        <time>2021-11-04T08:57:05Z</time>
      </trkpt>
      <trkpt lat="30.781420000000004" lon="34.847350000000006">
        <ele>508</ele>
        <time>2021-11-04T08:57:06Z</time>
      </trkpt>
      <trkpt lat="30.781330000000004" lon="34.8474">
        <ele>508</ele>
        <time>2021-11-04T08:57:07Z</time>
      </trkpt>
      <trkpt lat="30.781170000000003" lon="34.84733">
        <ele>508</ele>
        <time>2021-11-04T08:57:08Z</time>
      </trkpt>
      <trkpt lat="30.781090000000003" lon="34.84733">
        <ele>508</ele>
        <time>2021-11-04T08:57:09Z</time>
      </trkpt>
      <trkpt lat="30.780690000000003" lon="34.84761">
        <ele>537</ele>
        <time>2021-11-04T08:57:10Z</time>
      </trkpt>
      <trkpt lat="30.780620000000003" lon="34.847680000000004">
        <ele>528</ele>
        <time>2021-11-04T08:57:11Z</time>
      </trkpt>
      <trkpt lat="30.78056" lon="34.847770000000004">
        <ele>528</ele>
        <time>2021-11-04T08:57:12Z</time>
      </trkpt>
      <trkpt lat="30.780390000000004" lon="34.847840000000005">
        <ele>528</ele>
        <time>2021-11-04T08:57:13Z</time>
      </trkpt>
      <trkpt lat="30.780220000000003" lon="34.847860000000004">
        <ele>528</ele>
        <time>2021-11-04T08:57:14Z</time>
      </trkpt>
      <trkpt lat="30.780050000000003" lon="34.84796">
        <ele>562</ele>
        <time>2021-11-04T08:57:15Z</time>
      </trkpt>
      <trkpt lat="30.779980000000002" lon="34.84798">
        <ele>562</ele>
        <time>2021-11-04T08:57:16Z</time>
      </trkpt>
      <trkpt lat="30.779920000000004" lon="34.848060000000004">
        <ele>562</ele>
        <time>2021-11-04T08:57:17Z</time>
      </trkpt>
      <trkpt lat="30.77989" lon="34.848290000000006">
        <ele>562</ele>
        <time>2021-11-04T08:57:18Z</time>
      </trkpt>
      <trkpt lat="30.779920000000004" lon="34.8485">
        <ele>566</ele>
        <time>2021-11-04T08:57:19Z</time>
      </trkpt>
      <trkpt lat="30.779870000000003" lon="34.848600000000005">
        <ele>566</ele>
        <time>2021-11-04T08:57:20Z</time>
      </trkpt>
      <trkpt lat="30.779860000000003" lon="34.8487">
        <ele>566</ele>
        <time>2021-11-04T08:57:21Z</time>
      </trkpt>
      <trkpt lat="30.7798" lon="34.84877">
        <ele>566</ele>
        <time>2021-11-04T08:57:22Z</time>
      </trkpt>
      <trkpt lat="30.779790000000002" lon="34.848850000000006">
        <ele>566</ele>
        <time>2021-11-04T08:57:23Z</time>
      </trkpt>
      <trkpt lat="30.779760000000003" lon="34.848960000000005">
        <ele>566</ele>
        <time>2021-11-04T08:57:24Z</time>
      </trkpt>
      <trkpt lat="30.779750000000003" lon="34.849180000000004">
        <ele>566</ele>
        <time>2021-11-04T08:57:25Z</time>
      </trkpt>
      <trkpt lat="30.779670000000003" lon="34.849500000000006">
        <ele>561</ele>
        <time>2021-11-04T08:57:26Z</time>
      </trkpt>
      <trkpt lat="30.779580000000003" lon="34.85016">
        <ele>554</ele>
        <time>2021-11-04T08:57:27Z</time>
      </trkpt>
      <trkpt lat="30.77954" lon="34.850260000000006">
        <ele>554</ele>
        <time>2021-11-04T08:57:28Z</time>
      </trkpt>
      <trkpt lat="30.779490000000003" lon="34.85034">
        <ele>554</ele>
        <time>2021-11-04T08:57:29Z</time>
      </trkpt>
      <trkpt lat="30.779460000000004" lon="34.85045">
        <ele>554</ele>
        <time>2021-11-04T08:57:30Z</time>
      </trkpt>
      <trkpt lat="30.779300000000003" lon="34.85074">
        <ele>584</ele>
        <time>2021-11-04T08:57:31Z</time>
      </trkpt>
      <trkpt lat="30.779230000000002" lon="34.850930000000005">
        <ele>584</ele>
        <time>2021-11-04T08:57:32Z</time>
      </trkpt>
      <trkpt lat="30.77907" lon="34.851200000000006">
        <ele>583</ele>
        <time>2021-11-04T08:57:33Z</time>
      </trkpt>
      <trkpt lat="30.779010000000003" lon="34.85128">
        <ele>583</ele>
        <time>2021-11-04T08:57:34Z</time>
      </trkpt>
      <trkpt lat="30.778920000000003" lon="34.851470000000006">
        <ele>583</ele>
        <time>2021-11-04T08:57:35Z</time>
      </trkpt>
      <trkpt lat="30.778740000000003" lon="34.85157">
        <ele>583</ele>
        <time>2021-11-04T08:57:36Z</time>
      </trkpt>
      <extensions>
        <RoutingType xmlns="">Hike</RoutingType>
      </extensions>
    </trkseg>
    <trkseg>
      <trkpt lat="30.778740000000003" lon="34.85157">
        <ele>583</ele>
        <time>2021-11-04T08:57:36Z</time>
      </trkpt>
      <trkpt lat="30.7786" lon="34.85172">
        <ele>583</ele>
        <time>2021-11-04T08:57:37Z</time>
      </trkpt>
      <trkpt lat="30.778520000000004" lon="34.85177">
        <ele>583</ele>
        <time>2021-11-04T08:57:38Z</time>
      </trkpt>
      <trkpt lat="30.778330000000004" lon="34.85202">
        <ele>606</ele>
        <time>2021-11-04T08:57:39Z</time>
      </trkpt>
      <trkpt lat="30.778260000000003" lon="34.85208">
        <ele>606</ele>
        <time>2021-11-04T08:57:40Z</time>
      </trkpt>
      <trkpt lat="30.778180000000003" lon="34.8521">
        <ele>606</ele>
        <time>2021-11-04T08:57:41Z</time>
      </trkpt>
      <trkpt lat="30.778100000000002" lon="34.852160000000005">
        <ele>606</ele>
        <time>2021-11-04T08:57:42Z</time>
      </trkpt>
      <trkpt lat="30.77793" lon="34.852410000000006">
        <ele>606</ele>
        <time>2021-11-04T08:57:43Z</time>
      </trkpt>
      <trkpt lat="30.777880000000003" lon="34.852630000000005">
        <ele>608</ele>
        <time>2021-11-04T08:57:44Z</time>
      </trkpt>
      <trkpt lat="30.777790000000003" lon="34.85269">
        <ele>608</ele>
        <time>2021-11-04T08:57:45Z</time>
      </trkpt>
      <trkpt lat="30.777630000000002" lon="34.852970000000006">
        <ele>608</ele>
        <time>2021-11-04T08:57:46Z</time>
      </trkpt>
      <trkpt lat="30.777490000000004" lon="34.85313">
        <ele>608</ele>
        <time>2021-11-04T08:57:47Z</time>
      </trkpt>
      <trkpt lat="30.777400000000004" lon="34.853170000000006">
        <ele>608</ele>
        <time>2021-11-04T08:57:48Z</time>
      </trkpt>
      <trkpt lat="30.777390000000004" lon="34.853280000000005">
        <ele>608</ele>
        <time>2021-11-04T08:57:49Z</time>
      </trkpt>
      <trkpt lat="30.777410000000003" lon="34.853390000000005">
        <ele>608</ele>
        <time>2021-11-04T08:57:50Z</time>
      </trkpt>
      <trkpt lat="30.777410000000003" lon="34.85351">
        <ele>618</ele>
        <time>2021-11-04T08:57:51Z</time>
      </trkpt>
      <trkpt lat="30.77737" lon="34.853730000000006">
        <ele>618</ele>
        <time>2021-11-04T08:57:52Z</time>
      </trkpt>
      <trkpt lat="30.777210000000004" lon="34.85401">
        <ele>618</ele>
        <time>2021-11-04T08:57:53Z</time>
      </trkpt>
      <trkpt lat="30.776870000000002" lon="34.85443">
        <ele>626</ele>
        <time>2021-11-04T08:57:54Z</time>
      </trkpt>
      <trkpt lat="30.776750000000003" lon="34.854600000000005">
        <ele>617</ele>
        <time>2021-11-04T08:57:55Z</time>
      </trkpt>
      <trkpt lat="30.77661" lon="34.85475">
        <ele>617</ele>
        <time>2021-11-04T08:57:56Z</time>
      </trkpt>
      <trkpt lat="30.776570000000003" lon="34.854850000000006">
        <ele>617</ele>
        <time>2021-11-04T08:57:57Z</time>
      </trkpt>
      <trkpt lat="30.776570000000003" lon="34.85497">
        <ele>617</ele>
        <time>2021-11-04T08:57:58Z</time>
      </trkpt>
      <trkpt lat="30.776410000000002" lon="34.85513">
        <ele>631</ele>
        <time>2021-11-04T08:57:59Z</time>
      </trkpt>
      <trkpt lat="30.776170000000004" lon="34.85557">
        <ele>631</ele>
        <time>2021-11-04T08:58:00Z</time>
      </trkpt>
      <trkpt lat="30.776030000000002" lon="34.85587">
        <ele>631</ele>
        <time>2021-11-04T08:58:01Z</time>
      </trkpt>
      <trkpt lat="30.775940000000002" lon="34.85589">
        <ele>613</ele>
        <time>2021-11-04T08:58:02Z</time>
      </trkpt>
      <trkpt lat="30.77586" lon="34.85596">
        <ele>632</ele>
        <time>2021-11-04T08:58:03Z</time>
      </trkpt>
      <trkpt lat="30.775820000000003" lon="34.85607">
        <ele>632</ele>
        <time>2021-11-04T08:58:04Z</time>
      </trkpt>
      <trkpt lat="30.775660000000002" lon="34.85622">
        <ele>632</ele>
        <time>2021-11-04T08:58:05Z</time>
      </trkpt>
      <trkpt lat="30.775570000000002" lon="34.85627">
        <ele>632</ele>
        <time>2021-11-04T08:58:06Z</time>
      </trkpt>
      <trkpt lat="30.775530000000003" lon="34.856370000000005">
        <ele>632</ele>
        <time>2021-11-04T08:58:07Z</time>
      </trkpt>
      <trkpt lat="30.775470000000002" lon="34.856460000000006">
        <ele>632</ele>
        <time>2021-11-04T08:58:08Z</time>
      </trkpt>
      <trkpt lat="30.775280000000002" lon="34.85651">
        <ele>632</ele>
        <time>2021-11-04T08:58:09Z</time>
      </trkpt>
      <trkpt lat="30.7752" lon="34.856590000000004">
        <ele>632</ele>
        <time>2021-11-04T08:58:10Z</time>
      </trkpt>
      <trkpt lat="30.774910000000002" lon="34.85667">
        <ele>618</ele>
        <time>2021-11-04T08:58:11Z</time>
      </trkpt>
      <trkpt lat="30.774820000000002" lon="34.85672">
        <ele>618</ele>
        <time>2021-11-04T08:58:12Z</time>
      </trkpt>
      <trkpt lat="30.774770000000004" lon="34.856820000000006">
        <ele>636</ele>
        <time>2021-11-04T08:58:13Z</time>
      </trkpt>
      <trkpt lat="30.77445" lon="34.8571">
        <ele>636</ele>
        <time>2021-11-04T08:58:14Z</time>
      </trkpt>
      <trkpt lat="30.774330000000003" lon="34.857400000000005">
        <ele>621</ele>
        <time>2021-11-04T08:58:15Z</time>
      </trkpt>
      <trkpt lat="30.774320000000003" lon="34.857530000000004">
        <ele>621</ele>
        <time>2021-11-04T08:58:16Z</time>
      </trkpt>
      <trkpt lat="30.77427" lon="34.85761">
        <ele>621</ele>
        <time>2021-11-04T08:58:17Z</time>
      </trkpt>
      <trkpt lat="30.77417" lon="34.85763">
        <ele>633</ele>
        <time>2021-11-04T08:58:18Z</time>
      </trkpt>
      <trkpt lat="30.774070000000002" lon="34.8577">
        <ele>633</ele>
        <time>2021-11-04T08:58:19Z</time>
      </trkpt>
      <trkpt lat="30.77398" lon="34.857710000000004">
        <ele>633</ele>
        <time>2021-11-04T08:58:20Z</time>
      </trkpt>
      <trkpt lat="30.773920000000004" lon="34.857800000000005">
        <ele>633</ele>
        <time>2021-11-04T08:58:21Z</time>
      </trkpt>
      <trkpt lat="30.773820000000004" lon="34.858000000000004">
        <ele>633</ele>
        <time>2021-11-04T08:58:22Z</time>
      </trkpt>
      <trkpt lat="30.773740000000004" lon="34.85806">
        <ele>633</ele>
        <time>2021-11-04T08:58:23Z</time>
      </trkpt>
      <trkpt lat="30.773550000000004" lon="34.8581">
        <ele>633</ele>
        <time>2021-11-04T08:58:24Z</time>
      </trkpt>
      <trkpt lat="30.773460000000004" lon="34.858140000000006">
        <ele>630</ele>
        <time>2021-11-04T08:58:25Z</time>
      </trkpt>
      <trkpt lat="30.773270000000004" lon="34.858140000000006">
        <ele>630</ele>
        <time>2021-11-04T08:58:26Z</time>
      </trkpt>
      <trkpt lat="30.773180000000004" lon="34.85817">
        <ele>630</ele>
        <time>2021-11-04T08:58:27Z</time>
      </trkpt>
      <trkpt lat="30.772920000000003" lon="34.85835">
        <ele>630</ele>
        <time>2021-11-04T08:58:28Z</time>
      </trkpt>
      <trkpt lat="30.772850000000002" lon="34.85844">
        <ele>630</ele>
        <time>2021-11-04T08:58:29Z</time>
      </trkpt>
      <trkpt lat="30.772740000000002" lon="34.858630000000005">
        <ele>641</ele>
        <time>2021-11-04T08:58:30Z</time>
      </trkpt>
      <trkpt lat="30.772620000000003" lon="34.858810000000005">
        <ele>629</ele>
        <time>2021-11-04T08:58:31Z</time>
      </trkpt>
      <trkpt lat="30.772540000000003" lon="34.859010000000005">
        <ele>629</ele>
        <time>2021-11-04T08:58:32Z</time>
      </trkpt>
      <trkpt lat="30.772470000000002" lon="34.85911">
        <ele>629</ele>
        <time>2021-11-04T08:58:33Z</time>
      </trkpt>
      <trkpt lat="30.772470000000002" lon="34.85911">
        <ele>629</ele>
        <time>2021-11-04T08:58:34Z</time>
      </trkpt>
      <trkpt lat="30.772280000000002" lon="34.85934">
        <ele>638</ele>
        <time>2021-11-04T08:58:35Z</time>
      </trkpt>
      <extensions>
        <RoutingType xmlns="">Hike</RoutingType>
      </extensions>
    </trkseg>
    <trkseg>
      <trkpt lat="30.772280000000002" lon="34.85934">
        <ele>638</ele>
        <time>2021-11-04T08:58:35Z</time>
      </trkpt>
      <trkpt lat="30.772100000000002" lon="34.859460000000006">
        <ele>638</ele>
        <time>2021-11-04T08:58:36Z</time>
      </trkpt>
      <trkpt lat="30.771880000000003" lon="34.859700000000004">
        <ele>638</ele>
        <time>2021-11-04T08:58:37Z</time>
      </trkpt>
      <trkpt lat="30.771620000000002" lon="34.85983">
        <ele>632</ele>
        <time>2021-11-04T08:58:38Z</time>
      </trkpt>
      <trkpt lat="30.77135" lon="34.85994">
        <ele>632</ele>
        <time>2021-11-04T08:58:39Z</time>
      </trkpt>
      <trkpt lat="30.77099" lon="34.8601">
        <ele>636</ele>
        <time>2021-11-04T08:58:40Z</time>
      </trkpt>
      <trkpt lat="30.7707" lon="34.86018">
        <ele>639</ele>
        <time>2021-11-04T08:58:41Z</time>
      </trkpt>
      <trkpt lat="30.770360000000004" lon="34.86034">
        <ele>639</ele>
        <time>2021-11-04T08:58:42Z</time>
      </trkpt>
      <trkpt lat="30.770280000000003" lon="34.86039">
        <ele>639</ele>
        <time>2021-11-04T08:58:43Z</time>
      </trkpt>
      <trkpt lat="30.769640000000003" lon="34.86061">
        <ele>643</ele>
        <time>2021-11-04T08:58:44Z</time>
      </trkpt>
      <trkpt lat="30.769360000000002" lon="34.86074">
        <ele>643</ele>
        <time>2021-11-04T08:58:45Z</time>
      </trkpt>
      <trkpt lat="30.769260000000003" lon="34.860760000000006">
        <ele>651</ele>
        <time>2021-11-04T08:58:46Z</time>
      </trkpt>
      <trkpt lat="30.768900000000002" lon="34.860910000000004">
        <ele>651</ele>
        <time>2021-11-04T08:58:47Z</time>
      </trkpt>
      <trkpt lat="30.768240000000002" lon="34.861140000000006">
        <ele>653</ele>
        <time>2021-11-04T08:58:48Z</time>
      </trkpt>
      <trkpt lat="30.76779" lon="34.861360000000005">
        <ele>653</ele>
        <time>2021-11-04T08:58:49Z</time>
      </trkpt>
      <trkpt lat="30.767350000000004" lon="34.8616">
        <ele>658</ele>
        <time>2021-11-04T08:58:50Z</time>
      </trkpt>
      <trkpt lat="30.766840000000002" lon="34.861940000000004">
        <ele>656</ele>
        <time>2021-11-04T08:58:51Z</time>
      </trkpt>
      <trkpt lat="30.766220000000004" lon="34.862300000000005">
        <ele>656</ele>
        <time>2021-11-04T08:58:52Z</time>
      </trkpt>
      <trkpt lat="30.76544" lon="34.862790000000004">
        <ele>650</ele>
        <time>2021-11-04T08:58:53Z</time>
      </trkpt>
      <trkpt lat="30.764930000000003" lon="34.863130000000005">
        <ele>660</ele>
        <time>2021-11-04T08:58:54Z</time>
      </trkpt>
      <trkpt lat="30.764580000000002" lon="34.863310000000006">
        <ele>660</ele>
        <time>2021-11-04T08:58:55Z</time>
      </trkpt>
      <trkpt lat="30.763640000000002" lon="34.8639">
        <ele>652</ele>
        <time>2021-11-04T08:58:56Z</time>
      </trkpt>
      <trkpt lat="30.76339" lon="34.86404">
        <ele>656</ele>
        <time>2021-11-04T08:58:57Z</time>
      </trkpt>
      <trkpt lat="30.763160000000003" lon="34.864200000000004">
        <ele>656</ele>
        <time>2021-11-04T08:58:58Z</time>
      </trkpt>
      <trkpt lat="30.763060000000003" lon="34.86424">
        <ele>656</ele>
        <time>2021-11-04T08:58:59Z</time>
      </trkpt>
      <trkpt lat="30.76272" lon="34.864450000000005">
        <ele>651</ele>
        <time>2021-11-04T08:59:00Z</time>
      </trkpt>
      <trkpt lat="30.762480000000004" lon="34.86466">
        <ele>657</ele>
        <time>2021-11-04T08:59:01Z</time>
      </trkpt>
      <trkpt lat="30.76226" lon="34.86489">
        <ele>657</ele>
        <time>2021-11-04T08:59:02Z</time>
      </trkpt>
      <trkpt lat="30.76207" lon="34.865120000000005">
        <ele>658</ele>
        <time>2021-11-04T08:59:03Z</time>
      </trkpt>
      <trkpt lat="30.761680000000002" lon="34.86547">
        <ele>660</ele>
        <time>2021-11-04T08:59:04Z</time>
      </trkpt>
      <trkpt lat="30.76103" lon="34.86619">
        <ele>665</ele>
        <time>2021-11-04T08:59:05Z</time>
      </trkpt>
      <trkpt lat="30.760800000000003" lon="34.86641">
        <ele>667</ele>
        <time>2021-11-04T08:59:06Z</time>
      </trkpt>
      <trkpt lat="30.760220000000004" lon="34.867020000000004">
        <ele>667</ele>
        <time>2021-11-04T08:59:07Z</time>
      </trkpt>
      <trkpt lat="30.75972" lon="34.867580000000004">
        <ele>668</ele>
        <time>2021-11-04T08:59:08Z</time>
      </trkpt>
      <trkpt lat="30.758150000000004" lon="34.869220000000006">
        <ele>669</ele>
        <time>2021-11-04T08:59:09Z</time>
      </trkpt>
      <trkpt lat="30.758020000000002" lon="34.86916">
        <ele>669</ele>
        <time>2021-11-04T08:59:10Z</time>
      </trkpt>
      <trkpt lat="30.756100000000004" lon="34.87109">
        <ele>656</ele>
        <time>2021-11-04T08:59:11Z</time>
      </trkpt>
      <trkpt lat="30.753980000000002" lon="34.873450000000005">
        <ele>655.5</ele>
        <time>2021-11-04T08:59:12Z</time>
      </trkpt>
      <trkpt lat="30.753980000000002" lon="34.873450000000005">
        <ele>655.5</ele>
        <time>2021-11-04T08:59:13Z</time>
      </trkpt>
      <trkpt lat="30.752660000000002" lon="34.87492">
        <ele>655</ele>
        <time>2021-11-04T08:59:14Z</time>
      </trkpt>
      <trkpt lat="30.751970000000004" lon="34.87624">
        <ele>643</ele>
        <time>2021-11-04T08:59:15Z</time>
      </trkpt>
      <trkpt lat="30.750450000000004" lon="34.87984">
        <ele>614</ele>
        <time>2021-11-04T08:59:16Z</time>
      </trkpt>
      <trkpt lat="30.749390000000002" lon="34.880660000000006">
        <ele>613</ele>
        <time>2021-11-04T08:59:17Z</time>
      </trkpt>
      <trkpt lat="30.74735" lon="34.88293">
        <ele>632</ele>
        <time>2021-11-04T08:59:18Z</time>
      </trkpt>
      <trkpt lat="30.745240000000003" lon="34.883840000000006">
        <ele>626</ele>
        <time>2021-11-04T08:59:19Z</time>
      </trkpt>
      <trkpt lat="30.743290000000002" lon="34.88459">
        <ele>623</ele>
        <time>2021-11-04T08:59:20Z</time>
      </trkpt>
      <trkpt lat="30.739940000000004" lon="34.88794">
        <ele>630</ele>
        <time>2021-11-04T08:59:21Z</time>
      </trkpt>
      <trkpt lat="30.736780000000003" lon="34.89088">
        <ele>624</ele>
        <time>2021-11-04T08:59:22Z</time>
      </trkpt>
      <trkpt lat="30.73487" lon="34.892610000000005">
        <ele>612</ele>
        <time>2021-11-04T08:59:23Z</time>
      </trkpt>
      <trkpt lat="30.733020000000003" lon="34.89313">
        <ele>602</ele>
        <time>2021-11-04T08:59:24Z</time>
      </trkpt>
      <trkpt lat="30.732850000000003" lon="34.893170000000005">
        <ele>602</ele>
        <time>2021-11-04T08:59:25Z</time>
      </trkpt>
      <trkpt lat="30.732650000000003" lon="34.893190000000004">
        <ele>605</ele>
        <time>2021-11-04T08:59:26Z</time>
      </trkpt>
      <trkpt lat="30.732300000000002" lon="34.893390000000004">
        <ele>605</ele>
        <time>2021-11-04T08:59:27Z</time>
      </trkpt>
      <trkpt lat="30.73205" lon="34.89352">
        <ele>604</ele>
        <time>2021-11-04T08:59:28Z</time>
      </trkpt>
      <trkpt lat="30.731870000000004" lon="34.89354">
        <ele>620</ele>
        <time>2021-11-04T08:59:29Z</time>
      </trkpt>
      <trkpt lat="30.731690000000004" lon="34.893600000000006">
        <ele>620</ele>
        <time>2021-11-04T08:59:30Z</time>
      </trkpt>
      <trkpt lat="30.731160000000003" lon="34.893840000000004">
        <ele>620</ele>
        <time>2021-11-04T08:59:31Z</time>
      </trkpt>
      <trkpt lat="30.730880000000003" lon="34.893950000000004">
        <ele>625.5</ele>
        <time>2021-11-04T08:59:32Z</time>
      </trkpt>
      <trkpt lat="30.730880295146253" lon="34.89395141601563">
        <ele>625.5</ele>
        <time>2021-11-04T08:59:33Z</time>
      </trkpt>
      <trkpt lat="30.729740692001233" lon="34.89526603803551">
        <ele>632</ele>
        <time>2021-11-04T08:59:34Z</time>
      </trkpt>
      <extensions>
        <RoutingType xmlns="">Hike</RoutingType>
      </extensions>
    </trkseg>
    <trkseg>
      <trkpt lat="30.729740692001233" lon="34.89526603803551">
        <ele>632</ele>
        <time>2021-11-04T08:59:34Z</time>
      </trkpt>
      <trkpt lat="30.729740692001233" lon="34.89526603803551">
        <ele>632</ele>
        <time>2021-11-04T08:59:35Z</time>
      </trkpt>
      <trkpt lat="30.7295450558007" lon="34.895303970199166">
        <ele>632</ele>
        <time>2021-11-04T08:59:36Z</time>
      </trkpt>
      <extensions>
        <RoutingType xmlns="">Hike</RoutingType>
      </extensions>
    </trkseg>
  </trk>
</gpx>
