<?xml version="1.0" encoding="UTF-8" standalone="yes"?>
<gpx xmlns="http://www.topografix.com/GPX/1/1" xmlns:xsi="http://www.w3.org/2001/XMLSchema-instance" version="1.1" creator="IsraelHikingMap" xsi:schemaLocation="http://www.topografix.com/GPX/1/1 http://www.topografix.com/GPX/1/1/gpx.xsd">
  <metadata>
    <bounds maxlat="30.73313" maxlon="34.9287" minlat="30.60248" minlon="34.786604"></bounds>
  </metadata>
  <trk>
    <name>43 - נחל חווה למצפה רמון</name>
    <desc>🏞️ קושי: מטיבי לכת | מכתשים
🥾 נחל חווה למצפה רמון
💦 טבילה: גבי חווה
⛺ לילה: מצפה רמון
📝 יום הליכה ארוך (30 ק״מ) – מומלץ לצאת מוקדם למסלול
🛒 קניות בקרבת המסלול:
• מצפה רמון — א׳-ה׳: ראשון-רביעי 08:00-20:000. חמישי 08:00-21:00 | ו׳: 08:00-14:00 | שבת: סגור | ☎ 08-6588406 | שופרסל דיל, רחוב בן גוריון 1
• מצפה רמון — א׳-ה׳: 06:00-21:00 | ו׳: 06:00-15:30 | שבת: סגור | ☎ 08-6587034 | סופר במדבר - מרכז חכמוב 1 (נחל ציה 1)</desc>
    <trkseg>
      <trkpt lat="30.729200000000002" lon="34.89602">
        <ele>634</ele>
        <time>2022-01-11T10:14:18Z</time>
      </trkpt>
      <trkpt lat="30.729200000000002" lon="34.89602">
        <ele>634</ele>
        <time>2022-01-11T10:14:18Z</time>
      </trkpt>
      <extensions>
        <RoutingType xmlns="">Hike</RoutingType>
      </extensions>
    </trkseg>
    <trkseg>
      <trkpt lat="30.729200000000002" lon="34.89602">
        <ele>634</ele>
        <time>2022-01-11T10:14:18Z</time>
      </trkpt>
      <trkpt lat="30.729060000000004" lon="34.89623">
        <ele>634</ele>
        <time>2022-01-11T10:14:17Z</time>
      </trkpt>
      <trkpt lat="30.72886" lon="34.89645">
        <ele>634</ele>
        <time>2022-01-11T10:14:16Z</time>
      </trkpt>
      <trkpt lat="30.72875" lon="34.89663">
        <ele>634</ele>
        <time>2022-01-11T10:14:15Z</time>
      </trkpt>
      <trkpt lat="30.728550000000002" lon="34.89687">
        <ele>619</ele>
        <time>2022-01-11T10:14:14Z</time>
      </trkpt>
      <trkpt lat="30.728350000000002" lon="34.8971">
        <ele>619</ele>
        <time>2022-01-11T10:14:13Z</time>
      </trkpt>
      <trkpt lat="30.728140000000003" lon="34.89732">
        <ele>619</ele>
        <time>2022-01-11T10:14:12Z</time>
      </trkpt>
      <extensions>
        <RoutingType xmlns="">Hike</RoutingType>
      </extensions>
    </trkseg>
    <trkseg>
      <trkpt lat="30.728142" lon="34.897322">
        <ele>616.9</ele>
      </trkpt>
      <trkpt lat="30.728022" lon="34.897498">
        <ele>613.3929003427952</ele>
      </trkpt>
      <trkpt lat="30.727939" lon="34.897557">
        <ele>611.9084876929797</ele>
      </trkpt>
      <trkpt lat="30.727889" lon="34.897641">
        <ele>611.5178453488584</ele>
      </trkpt>
      <trkpt lat="30.72776" lon="34.89779">
        <ele>610.9209293387984</ele>
      </trkpt>
      <trkpt lat="30.727908" lon="34.898188">
        <ele>611.439830463739</ele>
      </trkpt>
      <trkpt lat="30.727053" lon="34.898999">
        <ele>596.0774207113487</ele>
      </trkpt>
      <trkpt lat="30.726433" lon="34.899587">
        <ele>580.1421439166022</ele>
      </trkpt>
      <trkpt lat="30.725296" lon="34.900881">
        <ele>543.7847455563708</ele>
      </trkpt>
      <trkpt lat="30.725458" lon="34.900896">
        <ele>544.2310454349522</ele>
      </trkpt>
      <trkpt lat="30.725574" lon="34.900926">
        <ele>545.7285779963613</ele>
      </trkpt>
      <trkpt lat="30.725623" lon="34.901009">
        <ele>546.81934353346</ele>
      </trkpt>
      <trkpt lat="30.725669" lon="34.901022">
        <ele>547.4159009219366</ele>
      </trkpt>
      <trkpt lat="30.725789" lon="34.901012">
        <ele>547.4041136619205</ele>
      </trkpt>
      <trkpt lat="30.725846" lon="34.90099">
        <ele>547.2928160524276</ele>
      </trkpt>
      <trkpt lat="30.726038" lon="34.900975">
        <ele>546.0188591138814</ele>
      </trkpt>
      <trkpt lat="30.726329" lon="34.900965">
        <ele>543.0679764735377</ele>
      </trkpt>
      <trkpt lat="30.726459" lon="34.90097">
        <ele>542.2001821375081</ele>
      </trkpt>
      <trkpt lat="30.726502" lon="34.900923">
        <ele>541.7850378732905</ele>
      </trkpt>
      <trkpt lat="30.726704" lon="34.900879">
        <ele>540.2615892047907</ele>
      </trkpt>
      <trkpt lat="30.726896" lon="34.900871">
        <ele>538.6048577791087</ele>
      </trkpt>
      <trkpt lat="30.727019" lon="34.900893">
        <ele>537.591486876206</ele>
      </trkpt>
      <trkpt lat="30.727063" lon="34.900924">
        <ele>537.5533541445457</ele>
      </trkpt>
      <trkpt lat="30.727149" lon="34.901072">
        <ele>537.4395181179246</ele>
      </trkpt>
      <trkpt lat="30.727205" lon="34.901312">
        <ele>537.0431478256395</ele>
      </trkpt>
      <trkpt lat="30.727239" lon="34.901415">
        <ele>536.8322254480654</ele>
      </trkpt>
      <trkpt lat="30.727263" lon="34.901609">
        <ele>536.6287688959594</ele>
      </trkpt>
      <trkpt lat="30.727238" lon="34.901748">
        <ele>536.5673781772259</ele>
      </trkpt>
      <trkpt lat="30.727231" lon="34.901817">
        <ele>537.2093494819642</ele>
      </trkpt>
      <trkpt lat="30.727181" lon="34.901915">
        <ele>538.2623342116574</ele>
      </trkpt>
      <trkpt lat="30.727161" lon="34.901965">
        <ele>538.771893270998</ele>
      </trkpt>
      <trkpt lat="30.727122" lon="34.902023">
        <ele>539.5045680180027</ele>
      </trkpt>
      <trkpt lat="30.727078" lon="34.902112">
        <ele>541.4018613651969</ele>
      </trkpt>
      <trkpt lat="30.727039" lon="34.902188">
        <ele>543.0375324708345</ele>
      </trkpt>
      <trkpt lat="30.727016" lon="34.902308">
        <ele>545.3510973412638</ele>
      </trkpt>
      <trkpt lat="30.726978" lon="34.902472">
        <ele>549.6805219219815</ele>
      </trkpt>
      <trkpt lat="30.726933" lon="34.90252">
        <ele>551.490872123007</ele>
      </trkpt>
      <trkpt lat="30.726922" lon="34.902599">
        <ele>553.3943244613569</ele>
      </trkpt>
      <trkpt lat="30.726984" lon="34.902737">
        <ele>555.7260904691927</ele>
      </trkpt>
      <trkpt lat="30.72702" lon="34.902947">
        <ele>556.2080595514706</ele>
      </trkpt>
      <trkpt lat="30.727269" lon="34.903049">
        <ele>549.7837852064519</ele>
      </trkpt>
      <trkpt lat="30.727375" lon="34.903127">
        <ele>548.807515277301</ele>
      </trkpt>
      <trkpt lat="30.727406" lon="34.903187">
        <ele>548.3391277652948</ele>
      </trkpt>
      <trkpt lat="30.727393" lon="34.903311">
        <ele>549.0092411192934</ele>
      </trkpt>
      <trkpt lat="30.727375" lon="34.903349">
        <ele>549.4516040562644</ele>
      </trkpt>
      <trkpt lat="30.727383" lon="34.90338">
        <ele>549.7816044936912</ele>
      </trkpt>
      <trkpt lat="30.727443" lon="34.903455">
        <ele>550.8261933793701</ele>
      </trkpt>
      <trkpt lat="30.727449" lon="34.903527">
        <ele>551.5966849455507</ele>
      </trkpt>
      <trkpt lat="30.72753" lon="34.903732">
        <ele>554.1845566489457</ele>
      </trkpt>
      <trkpt lat="30.72755" lon="34.903809">
        <ele>554.8136707979677</ele>
      </trkpt>
      <trkpt lat="30.727539" lon="34.903884">
        <ele>554.4500512310525</ele>
      </trkpt>
      <trkpt lat="30.72755" lon="34.903961">
        <ele>554.0770059726033</ele>
      </trkpt>
      <trkpt lat="30.727723" lon="34.90414">
        <ele>552.8711373640165</ele>
      </trkpt>
      <trkpt lat="30.727742" lon="34.904272">
        <ele>552.316786481842</ele>
      </trkpt>
      <trkpt lat="30.727811" lon="34.904331">
        <ele>551.6179412423929</ele>
      </trkpt>
      <trkpt lat="30.727925" lon="34.904491">
        <ele>549.4991269697402</ele>
      </trkpt>
      <trkpt lat="30.727952" lon="34.904501">
        <ele>549.1630473329076</ele>
      </trkpt>
      <trkpt lat="30.728065" lon="34.90468">
        <ele>545.6479941769333</ele>
      </trkpt>
      <trkpt lat="30.728221" lon="34.904788">
        <ele>542.8649219881162</ele>
      </trkpt>
      <trkpt lat="30.728241" lon="34.904857">
        <ele>542.2153129343742</ele>
      </trkpt>
      <trkpt lat="30.728296" lon="34.904932">
        <ele>541.3358332514123</ele>
      </trkpt>
      <trkpt lat="30.728328" lon="34.90494">
        <ele>540.9961490495953</ele>
      </trkpt>
      <trkpt lat="30.728398" lon="34.905016">
        <ele>541.8937237136578</ele>
      </trkpt>
      <trkpt lat="30.728405" lon="34.905108">
        <ele>542.8059526910283</ele>
      </trkpt>
      <trkpt lat="30.728344" lon="34.905269">
        <ele>544.7542356153631</ele>
      </trkpt>
      <trkpt lat="30.728312" lon="34.905415">
        <ele>546.818469046097</ele>
      </trkpt>
      <trkpt lat="30.728371" lon="34.905503">
        <ele>548.2624872560247</ele>
      </trkpt>
      <trkpt lat="30.728515" lon="34.905448">
        <ele>546.3524822682882</ele>
      </trkpt>
      <trkpt lat="30.728787" lon="34.905469">
        <ele>542.6255807100276</ele>
      </trkpt>
      <trkpt lat="30.728802" lon="34.905487">
        <ele>542.3140672574426</ele>
      </trkpt>
      <extensions>
        <RoutingType xmlns="">Hike</RoutingType>
      </extensions>
    </trkseg>
    <trkseg>
      <trkpt lat="30.728802" lon="34.905487">
        <ele>541</ele>
      </trkpt>
      <trkpt lat="30.728993" lon="34.905705">
        <ele>544.6695407892557</ele>
      </trkpt>
      <trkpt lat="30.729123" lon="34.905769">
        <ele>543.9790250478931</ele>
      </trkpt>
      <trkpt lat="30.729172" lon="34.905821">
        <ele>543.6348590898788</ele>
      </trkpt>
      <trkpt lat="30.729267" lon="34.905887">
        <ele>542.4452873410822</ele>
      </trkpt>
      <trkpt lat="30.729556" lon="34.905989">
        <ele>539.1709965734966</ele>
      </trkpt>
      <trkpt lat="30.729616" lon="34.906048">
        <ele>540.0445730010173</ele>
      </trkpt>
      <trkpt lat="30.729631" lon="34.906106">
        <ele>540.6234952898907</ele>
      </trkpt>
      <trkpt lat="30.729687" lon="34.906193">
        <ele>541.3120786647266</ele>
      </trkpt>
      <trkpt lat="30.729729" lon="34.906222">
        <ele>541.3301814316318</ele>
      </trkpt>
      <trkpt lat="30.729828" lon="34.906209">
        <ele>541.3671087746195</ele>
      </trkpt>
      <trkpt lat="30.729872" lon="34.906261">
        <ele>541.3903563876312</ele>
      </trkpt>
      <trkpt lat="30.729944" lon="34.906246">
        <ele>541.0506457475033</ele>
      </trkpt>
      <trkpt lat="30.730011" lon="34.906254">
        <ele>540.5513658754529</ele>
      </trkpt>
      <trkpt lat="30.730066" lon="34.906236">
        <ele>540.1278250047479</ele>
      </trkpt>
      <trkpt lat="30.730098" lon="34.906295">
        <ele>539.6832888760454</ele>
      </trkpt>
      <trkpt lat="30.73015" lon="34.906299">
        <ele>539.1115198667442</ele>
      </trkpt>
      <trkpt lat="30.730213" lon="34.906265">
        <ele>537.6700117611326</ele>
      </trkpt>
      <trkpt lat="30.730213" lon="34.906219">
        <ele>536.849287330464</ele>
      </trkpt>
      <trkpt lat="30.730291" lon="34.906216">
        <ele>535.2294046406104</ele>
      </trkpt>
      <trkpt lat="30.730611" lon="34.906383">
        <ele>524.6614207011676</ele>
      </trkpt>
      <trkpt lat="30.730645" lon="34.906343">
        <ele>524.1058153031038</ele>
      </trkpt>
      <trkpt lat="30.730552" lon="34.906168">
        <ele>522.0737451898706</ele>
      </trkpt>
      <trkpt lat="30.730443" lon="34.906094">
        <ele>519.9639665196778</ele>
      </trkpt>
      <trkpt lat="30.730411" lon="34.906055">
        <ele>519.1050830213167</ele>
      </trkpt>
      <trkpt lat="30.730522" lon="34.90592">
        <ele>516.2889309781814</ele>
      </trkpt>
      <trkpt lat="30.730732" lon="34.905547">
        <ele>513.7417490579941</ele>
      </trkpt>
      <trkpt lat="30.73082" lon="34.905581">
        <ele>514.1541761479435</ele>
      </trkpt>
      <trkpt lat="30.73098" lon="34.905706">
        <ele>510.8022814487141</ele>
      </trkpt>
      <trkpt lat="30.731062" lon="34.905897">
        <ele>506.59792664098103</ele>
      </trkpt>
      <trkpt lat="30.731245" lon="34.906209">
        <ele>503.32462701742855</ele>
      </trkpt>
      <trkpt lat="30.731445" lon="34.906471">
        <ele>505.88923904537063</ele>
      </trkpt>
      <trkpt lat="30.731495" lon="34.906561">
        <ele>506.40136365656855</ele>
      </trkpt>
      <trkpt lat="30.731587" lon="34.906776">
        <ele>505.0312268723851</ele>
      </trkpt>
      <trkpt lat="30.731591" lon="34.906894">
        <ele>504.33947552274935</ele>
      </trkpt>
      <trkpt lat="30.731534" lon="34.90694">
        <ele>504.1337747041759</ele>
      </trkpt>
      <trkpt lat="30.731767" lon="34.907259">
        <ele>504.2664833367668</ele>
      </trkpt>
      <trkpt lat="30.731905" lon="34.907414">
        <ele>502.939153374031</ele>
      </trkpt>
      <trkpt lat="30.732014" lon="34.907605">
        <ele>500.415783320357</ele>
      </trkpt>
      <trkpt lat="30.732181" lon="34.907715">
        <ele>501.83840511667506</ele>
      </trkpt>
      <trkpt lat="30.732333" lon="34.907864">
        <ele>503.75658132429885</ele>
      </trkpt>
      <trkpt lat="30.732606" lon="34.907997">
        <ele>506.2405774858738</ele>
      </trkpt>
      <trkpt lat="30.732767" lon="34.908128">
        <ele>504.49875664778796</ele>
      </trkpt>
      <trkpt lat="30.733013" lon="34.908339">
        <ele>496.43685700956945</ele>
      </trkpt>
      <trkpt lat="30.733083" lon="34.90842">
        <ele>493.4727360965314</ele>
      </trkpt>
      <trkpt lat="30.733112" lon="34.908525">
        <ele>490.25659993504473</ele>
      </trkpt>
      <trkpt lat="30.733085" lon="34.908606">
        <ele>487.57176814922167</ele>
      </trkpt>
      <trkpt lat="30.733113" lon="34.908705">
        <ele>484.3509394458592</ele>
      </trkpt>
      <trkpt lat="30.73313" lon="34.908946">
        <ele>478.7096270201198</ele>
      </trkpt>
      <trkpt lat="30.733068" lon="34.908997">
        <ele>476.82395888791444</ele>
      </trkpt>
      <trkpt lat="30.733039" lon="34.909123">
        <ele>475.3927095611318</ele>
      </trkpt>
      <trkpt lat="30.732994" lon="34.909212">
        <ele>474.63608291064685</ele>
      </trkpt>
      <trkpt lat="30.732916" lon="34.909251">
        <ele>473.91232683998356</ele>
      </trkpt>
      <trkpt lat="30.732908" lon="34.9093">
        <ele>473.6789284545673</ele>
      </trkpt>
      <trkpt lat="30.732753" lon="34.909558">
        <ele>472.03381386425036</ele>
      </trkpt>
      <trkpt lat="30.732719" lon="34.909651">
        <ele>470.13412841493454</ele>
      </trkpt>
      <trkpt lat="30.732704" lon="34.909872">
        <ele>465.2469960017882</ele>
      </trkpt>
      <trkpt lat="30.732762" lon="34.910108">
        <ele>456.6448271977332</ele>
      </trkpt>
      <trkpt lat="30.732772" lon="34.910264">
        <ele>453.5234297787421</ele>
      </trkpt>
      <trkpt lat="30.732654" lon="34.910545">
        <ele>450.77616915953377</ele>
      </trkpt>
      <trkpt lat="30.732564" lon="34.910666">
        <ele>451.23498401737885</ele>
      </trkpt>
      <trkpt lat="30.732454" lon="34.910982">
        <ele>452.71394953971577</ele>
      </trkpt>
      <trkpt lat="30.732459" lon="34.911048">
        <ele>452.9250385203436</ele>
      </trkpt>
      <trkpt lat="30.732498" lon="34.911134">
        <ele>453.2348254580763</ele>
      </trkpt>
      <trkpt lat="30.732483" lon="34.911241">
        <ele>453.5802278701544</ele>
      </trkpt>
      <trkpt lat="30.732384" lon="34.911443">
        <ele>453.4515781933634</ele>
      </trkpt>
      <trkpt lat="30.732272" lon="34.911617">
        <ele>452.64140080836336</ele>
      </trkpt>
      <trkpt lat="30.732147" lon="34.911777">
        <ele>451.1960556945391</ele>
      </trkpt>
      <trkpt lat="30.732072" lon="34.911787">
        <ele>450.74836438762355</ele>
      </trkpt>
      <trkpt lat="30.732009" lon="34.911857">
        <ele>450.2317254986885</ele>
      </trkpt>
      <trkpt lat="30.731952" lon="34.911955">
        <ele>449.6285435645373</ele>
      </trkpt>
      <trkpt lat="30.73186" lon="34.911969">
        <ele>449.0130868727003</ele>
      </trkpt>
      <trkpt lat="30.73166" lon="34.912206">
        <ele>447.3389507545011</ele>
      </trkpt>
      <trkpt lat="30.731626" lon="34.912306">
        <ele>446.9278094968844</ele>
      </trkpt>
      <trkpt lat="30.731623" lon="34.912403">
        <ele>446.6216401698155</ele>
      </trkpt>
      <trkpt lat="30.73158" lon="34.912618">
        <ele>447.0436120932547</ele>
      </trkpt>
      <trkpt lat="30.73146" lon="34.913015">
        <ele>444.8397612914036</ele>
      </trkpt>
      <trkpt lat="30.731427" lon="34.91323">
        <ele>443.4481111627831</ele>
      </trkpt>
      <trkpt lat="30.731373" lon="34.913309">
        <ele>443.10727113903636</ele>
      </trkpt>
      <trkpt lat="30.731303" lon="34.913377">
        <ele>443.47908628353093</ele>
      </trkpt>
      <trkpt lat="30.731205" lon="34.913376">
        <ele>443.8786620893898</ele>
      </trkpt>
      <trkpt lat="30.731117" lon="34.913435">
        <ele>443.66188949807344</ele>
      </trkpt>
      <trkpt lat="30.73105" lon="34.913509">
        <ele>442.80582449664416</ele>
      </trkpt>
      <trkpt lat="30.731006" lon="34.913604">
        <ele>441.94629335354796</ele>
      </trkpt>
      <trkpt lat="30.730722" lon="34.913606">
        <ele>439.4060465997495</ele>
      </trkpt>
      <trkpt lat="30.730466" lon="34.913655">
        <ele>439.8130373333966</ele>
      </trkpt>
      <trkpt lat="30.730383" lon="34.913645">
        <ele>441.0103138505246</ele>
      </trkpt>
      <trkpt lat="30.730299" lon="34.913578">
        <ele>443.2752904931971</ele>
      </trkpt>
      <trkpt lat="30.730118" lon="34.913338">
        <ele>450.48027910035535</ele>
      </trkpt>
      <trkpt lat="30.729985" lon="34.913287">
        <ele>454.1854576917379</ele>
      </trkpt>
      <trkpt lat="30.729943" lon="34.913377">
        <ele>455.45793675304463</ele>
      </trkpt>
      <trkpt lat="30.729851" lon="34.913396">
        <ele>456.80862093545596</ele>
      </trkpt>
      <trkpt lat="30.729698" lon="34.913305">
        <ele>460.47679644430747</ele>
      </trkpt>
      <trkpt lat="30.729604" lon="34.913308">
        <ele>462.8468810477148</ele>
      </trkpt>
      <trkpt lat="30.72952" lon="34.913358">
        <ele>464.99048896907846</ele>
      </trkpt>
      <trkpt lat="30.729433" lon="34.913376">
        <ele>466.49710513507034</ele>
      </trkpt>
      <trkpt lat="30.729398" lon="34.913435">
        <ele>467.5477288625157</ele>
      </trkpt>
      <trkpt lat="30.729343" lon="34.913471">
        <ele>468.62371178478156</ele>
      </trkpt>
      <trkpt lat="30.729245" lon="34.913465">
        <ele>469.386218378957</ele>
      </trkpt>
      <trkpt lat="30.729178" lon="34.913484">
        <ele>469.6673861623649</ele>
      </trkpt>
      <trkpt lat="30.729014" lon="34.9136">
        <ele>470.2908833140072</ele>
      </trkpt>
      <trkpt lat="30.728954" lon="34.913681">
        <ele>470.4271529076324</ele>
      </trkpt>
      <trkpt lat="30.728855" lon="34.913754">
        <ele>470.59976723637027</ele>
      </trkpt>
      <trkpt lat="30.728682" lon="34.9138">
        <ele>470.5339912385619</ele>
      </trkpt>
      <trkpt lat="30.728605" lon="34.913765">
        <ele>470.50334999981476</ele>
      </trkpt>
      <trkpt lat="30.728536" lon="34.913672">
        <ele>470.39262575965626</ele>
      </trkpt>
      <trkpt lat="30.728386" lon="34.913534">
        <ele>470.32679764402485</ele>
      </trkpt>
      <trkpt lat="30.728334" lon="34.913445">
        <ele>470.9782399361557</ele>
      </trkpt>
      <trkpt lat="30.728267" lon="34.913366">
        <ele>471.6500571932417</ele>
      </trkpt>
      <trkpt lat="30.728213" lon="34.913264">
        <ele>472.5780413007595</ele>
      </trkpt>
      <trkpt lat="30.728141" lon="34.913066">
        <ele>474.83845631090435</ele>
      </trkpt>
      <trkpt lat="30.72817" lon="34.912981">
        <ele>475.7030148665086</ele>
      </trkpt>
      <trkpt lat="30.728141" lon="34.912808">
        <ele>477.10696451636215</ele>
      </trkpt>
      <trkpt lat="30.728089" lon="34.912723">
        <ele>477.9820140140271</ele>
      </trkpt>
      <trkpt lat="30.727983" lon="34.912682">
        <ele>480.21780923850497</ele>
      </trkpt>
      <trkpt lat="30.727883" lon="34.912682">
        <ele>482.2193179181024</ele>
      </trkpt>
      <trkpt lat="30.72768" lon="34.91265">
        <ele>486.4872632853607</ele>
      </trkpt>
      <trkpt lat="30.727589" lon="34.912655">
        <ele>488.41196677347847</ele>
      </trkpt>
      <trkpt lat="30.727406" lon="34.912717">
        <ele>487.9743813791833</ele>
      </trkpt>
      <trkpt lat="30.727327" lon="34.912728">
        <ele>487.4730457594227</ele>
      </trkpt>
      <trkpt lat="30.727206" lon="34.912675">
        <ele>488.47003956987817</ele>
      </trkpt>
      <trkpt lat="30.727133" lon="34.91269">
        <ele>489.3218040006013</ele>
      </trkpt>
      <trkpt lat="30.726982" lon="34.912649">
        <ele>491.2849835106791</ele>
      </trkpt>
      <trkpt lat="30.726914" lon="34.912581">
        <ele>492.58120329946223</ele>
      </trkpt>
      <trkpt lat="30.72691" lon="34.912392">
        <ele>495.3022172892356</ele>
      </trkpt>
      <trkpt lat="30.726866" lon="34.912304">
        <ele>497.3132618319035</ele>
      </trkpt>
      <trkpt lat="30.72676" lon="34.912151">
        <ele>500.892381244494</ele>
      </trkpt>
      <trkpt lat="30.726679" lon="34.912082">
        <ele>502.19477445911554</ele>
      </trkpt>
      <trkpt lat="30.726615" lon="34.91199">
        <ele>503.51457905388173</ele>
      </trkpt>
      <trkpt lat="30.726539" lon="34.911913">
        <ele>505.62052980801565</ele>
      </trkpt>
      <trkpt lat="30.72624" lon="34.911795">
        <ele>514.8298463015481</ele>
      </trkpt>
      <trkpt lat="30.726091" lon="34.911794">
        <ele>520.1869363688284</ele>
      </trkpt>
      <trkpt lat="30.726031" lon="34.911744">
        <ele>523.9953897937665</ele>
      </trkpt>
      <trkpt lat="30.725933" lon="34.91174">
        <ele>529.3382558495666</ele>
      </trkpt>
      <trkpt lat="30.725888" lon="34.911754">
        <ele>531.8762715475624</ele>
      </trkpt>
      <trkpt lat="30.725834" lon="34.911699">
        <ele>535.7537260383706</ele>
      </trkpt>
      <trkpt lat="30.725688" lon="34.911624">
        <ele>543.8581270384528</ele>
      </trkpt>
      <trkpt lat="30.725539" lon="34.911627">
        <ele>550.5578785598335</ele>
      </trkpt>
      <trkpt lat="30.72548" lon="34.911597">
        <ele>552.6580954760806</ele>
      </trkpt>
      <trkpt lat="30.725416" lon="34.911536">
        <ele>555.3567909986077</ele>
      </trkpt>
      <trkpt lat="30.725313" lon="34.9115">
        <ele>558.4170541732005</ele>
      </trkpt>
      <trkpt lat="30.725192" lon="34.911329">
        <ele>562.0160495504655</ele>
      </trkpt>
      <trkpt lat="30.725061" lon="34.911296">
        <ele>564.0645336926704</ele>
      </trkpt>
      <trkpt lat="30.724913" lon="34.91129">
        <ele>566.0405544482006</ele>
      </trkpt>
      <trkpt lat="30.724725" lon="34.911317">
        <ele>567.9936690543625</ele>
      </trkpt>
      <trkpt lat="30.724515" lon="34.911489">
        <ele>569.5737850609104</ele>
      </trkpt>
      <trkpt lat="30.724493" lon="34.911565">
        <ele>569.8037479837927</ele>
      </trkpt>
      <trkpt lat="30.724528" lon="34.911737">
        <ele>570.3106069324004</ele>
      </trkpt>
      <trkpt lat="30.724627" lon="34.911901">
        <ele>570.885267268381</ele>
      </trkpt>
      <trkpt lat="30.724614" lon="34.912123">
        <ele>574.5015821068683</ele>
      </trkpt>
      <trkpt lat="30.724729" lon="34.912472">
        <ele>583.0796495683703</ele>
      </trkpt>
      <trkpt lat="30.724738" lon="34.912523">
        <ele>584.3605178853802</ele>
      </trkpt>
      <trkpt lat="30.724728" lon="34.912616">
        <ele>586.5405014916602</ele>
      </trkpt>
      <trkpt lat="30.724719" lon="34.912736">
        <ele>589.3422361500113</ele>
      </trkpt>
      <trkpt lat="30.724681" lon="34.912933">
        <ele>592.8004306223477</ele>
      </trkpt>
      <trkpt lat="30.724769" lon="34.913094">
        <ele>595.2320178883429</ele>
      </trkpt>
      <trkpt lat="30.724804" lon="34.913181">
        <ele>596.6007682063765</ele>
      </trkpt>
      <trkpt lat="30.724836" lon="34.913269">
        <ele>597.9707571652779</ele>
      </trkpt>
      <trkpt lat="30.724871" lon="34.913314">
        <ele>598.8408643399182</ele>
      </trkpt>
      <trkpt lat="30.724966" lon="34.91351">
        <ele>602.2181738238435</ele>
      </trkpt>
      <trkpt lat="30.724993" lon="34.91373">
        <ele>605.002536376135</ele>
      </trkpt>
      <trkpt lat="30.724926" lon="34.913952">
        <ele>606.4269030932434</ele>
      </trkpt>
      <trkpt lat="30.724897" lon="34.914171">
        <ele>606.767015965608</ele>
      </trkpt>
      <trkpt lat="30.724841" lon="34.914392">
        <ele>606.297526574705</ele>
      </trkpt>
      <trkpt lat="30.724849" lon="34.914501">
        <ele>605.7746843933093</ele>
      </trkpt>
      <trkpt lat="30.724833" lon="34.914611">
        <ele>605.2097824034258</ele>
      </trkpt>
      <trkpt lat="30.724798" lon="34.914705">
        <ele>604.622275305384</ele>
      </trkpt>
      <trkpt lat="30.72468" lon="34.914881">
        <ele>603.6716181422054</ele>
      </trkpt>
      <trkpt lat="30.724573" lon="34.915303">
        <ele>604.9721496719584</ele>
      </trkpt>
      <trkpt lat="30.724415" lon="34.915716">
        <ele>605.3058255564265</ele>
      </trkpt>
      <trkpt lat="30.724235" lon="34.915972">
        <ele>606.8117635838431</ele>
      </trkpt>
      <trkpt lat="30.724079" lon="34.916265">
        <ele>606.9351937552411</ele>
      </trkpt>
      <trkpt lat="30.723722" lon="34.917075">
        <ele>604.2774143700004</ele>
      </trkpt>
      <trkpt lat="30.723651" lon="34.917153">
        <ele>604.0602341749296</ele>
      </trkpt>
      <trkpt lat="30.723632" lon="34.91725">
        <ele>603.8700408331007</ele>
      </trkpt>
      <trkpt lat="30.723664" lon="34.917313">
        <ele>603.7301467366775</ele>
      </trkpt>
      <trkpt lat="30.723507" lon="34.917436">
        <ele>604.2210740890921</ele>
      </trkpt>
      <trkpt lat="30.723389" lon="34.917602">
        <ele>604.5675341203504</ele>
      </trkpt>
      <trkpt lat="30.723189" lon="34.917843">
        <ele>604.5380018829928</ele>
      </trkpt>
      <trkpt lat="30.722973" lon="34.918205">
        <ele>603.8954744730205</ele>
      </trkpt>
      <trkpt lat="30.722816" lon="34.918507">
        <ele>602.1195514777763</ele>
      </trkpt>
      <trkpt lat="30.722757" lon="34.918588">
        <ele>601.2116024324356</ele>
      </trkpt>
      <trkpt lat="30.722565" lon="34.919064">
        <ele>595.4059377435273</ele>
      </trkpt>
      <trkpt lat="30.72251" lon="34.919144">
        <ele>594.6254600380342</ele>
      </trkpt>
      <trkpt lat="30.722486" lon="34.919202">
        <ele>594.1947494130893</ele>
      </trkpt>
      <extensions>
        <RoutingType xmlns="">Hike</RoutingType>
      </extensions>
    </trkseg>
    <trkseg>
      <trkpt lat="30.722486" lon="34.919202">
        <ele>593.1</ele>
      </trkpt>
      <trkpt lat="30.722466" lon="34.919249">
        <ele>592.7658018084081</ele>
      </trkpt>
      <trkpt lat="30.722401" lon="34.919306">
        <ele>592.162381374823</ele>
      </trkpt>
      <trkpt lat="30.722387" lon="34.919408">
        <ele>591.5041431368453</ele>
      </trkpt>
      <trkpt lat="30.72235" lon="34.919508">
        <ele>591.2593002451556</ele>
      </trkpt>
      <trkpt lat="30.722255" lon="34.919689">
        <ele>592.0025890616469</ele>
      </trkpt>
      <trkpt lat="30.722194" lon="34.919756">
        <ele>592.5155823540618</ele>
      </trkpt>
      <trkpt lat="30.722013" lon="34.920127">
        <ele>595.5323581074609</ele>
      </trkpt>
      <trkpt lat="30.721949" lon="34.920212">
        <ele>596.2164211086595</ele>
      </trkpt>
      <trkpt lat="30.721783" lon="34.920347">
        <ele>595.3571871446209</ele>
      </trkpt>
      <trkpt lat="30.721716" lon="34.920424">
        <ele>594.6939116481808</ele>
      </trkpt>
      <trkpt lat="30.721632" lon="34.920465">
        <ele>593.7065308124712</ele>
      </trkpt>
      <trkpt lat="30.721547" lon="34.920466">
        <ele>592.7298187587297</ele>
      </trkpt>
      <trkpt lat="30.721464" lon="34.920667">
        <ele>590.997932965841</ele>
      </trkpt>
      <trkpt lat="30.721357" lon="34.920869">
        <ele>589.8022697853522</ele>
      </trkpt>
      <trkpt lat="30.721301" lon="34.920945">
        <ele>589.3557488878519</ele>
      </trkpt>
      <trkpt lat="30.721206" lon="34.920944">
        <ele>588.8627645300593</ele>
      </trkpt>
      <trkpt lat="30.72114" lon="34.921026">
        <ele>588.4802384555071</ele>
      </trkpt>
      <trkpt lat="30.721049" lon="34.921011">
        <ele>588.412106295005</ele>
      </trkpt>
      <trkpt lat="30.720858" lon="34.92104">
        <ele>588.5761463113009</ele>
      </trkpt>
      <trkpt lat="30.720754" lon="34.921029">
        <ele>589.2728650100177</ele>
      </trkpt>
      <trkpt lat="30.720374" lon="34.920942">
        <ele>592.442330061117</ele>
      </trkpt>
      <trkpt lat="30.720306" lon="34.921023">
        <ele>593.0724207118278</ele>
      </trkpt>
      <trkpt lat="30.720225" lon="34.921055">
        <ele>593.6114372389267</ele>
      </trkpt>
      <trkpt lat="30.720161" lon="34.921136">
        <ele>594.2039025885466</ele>
      </trkpt>
      <trkpt lat="30.720109" lon="34.921233">
        <ele>594.5317266934175</ele>
      </trkpt>
      <trkpt lat="30.720025" lon="34.921281">
        <ele>594.8439225636829</ele>
      </trkpt>
      <trkpt lat="30.719953" lon="34.921352">
        <ele>595.2567832081702</ele>
      </trkpt>
      <trkpt lat="30.719915" lon="34.921461">
        <ele>596.1562742232381</ele>
      </trkpt>
      <trkpt lat="30.719814" lon="34.92164">
        <ele>598.2219111181856</ele>
      </trkpt>
      <trkpt lat="30.719751" lon="34.921712">
        <ele>600.1532946750156</ele>
      </trkpt>
      <trkpt lat="30.719705" lon="34.921811">
        <ele>602.2689209147126</ele>
      </trkpt>
      <trkpt lat="30.719687" lon="34.921909">
        <ele>604.2932385818269</ele>
      </trkpt>
      <trkpt lat="30.71964" lon="34.92199">
        <ele>606.4729481277436</ele>
      </trkpt>
      <trkpt lat="30.719544" lon="34.922124">
        <ele>610.363585857317</ele>
      </trkpt>
      <trkpt lat="30.719452" lon="34.922093">
        <ele>612.5338676064772</ele>
      </trkpt>
      <trkpt lat="30.71939" lon="34.922168">
        <ele>614.5562797533854</ele>
      </trkpt>
      <trkpt lat="30.719338" lon="34.922264">
        <ele>616.7445789560954</ele>
      </trkpt>
      <trkpt lat="30.719193" lon="34.922389">
        <ele>620.5575651257451</ele>
      </trkpt>
      <trkpt lat="30.719059" lon="34.922653">
        <ele>622.8198715012668</ele>
      </trkpt>
      <trkpt lat="30.718973" lon="34.922659">
        <ele>623.1153476873096</ele>
      </trkpt>
      <trkpt lat="30.718895" lon="34.922727">
        <ele>623.8018009547891</ele>
      </trkpt>
      <trkpt lat="30.718809" lon="34.922775">
        <ele>624.4735531211334</ele>
      </trkpt>
      <trkpt lat="30.71868" lon="34.922941">
        <ele>625.0871888713783</ele>
      </trkpt>
      <trkpt lat="30.718608" lon="34.922998">
        <ele>625.1517509372962</ele>
      </trkpt>
      <trkpt lat="30.71842" lon="34.923049">
        <ele>625.5794198579381</ele>
      </trkpt>
      <trkpt lat="30.718342" lon="34.923093">
        <ele>625.8364672705044</ele>
      </trkpt>
      <trkpt lat="30.718208" lon="34.92325">
        <ele>628.1022368386375</ele>
      </trkpt>
      <trkpt lat="30.718155" lon="34.923334">
        <ele>629.4966922881047</ele>
      </trkpt>
      <trkpt lat="30.718085" lon="34.923497">
        <ele>632.9266849919353</ele>
      </trkpt>
      <trkpt lat="30.71804" lon="34.923691">
        <ele>637.195237974664</ele>
      </trkpt>
      <trkpt lat="30.71803" lon="34.923986">
        <ele>644.1566518507199</ele>
      </trkpt>
      <trkpt lat="30.718" lon="34.924061">
        <ele>646.6484136172365</ele>
      </trkpt>
      <trkpt lat="30.71798" lon="34.924222">
        <ele>651.5727001324606</ele>
      </trkpt>
      <trkpt lat="30.718005" lon="34.924306">
        <ele>654.2101598444881</ele>
      </trkpt>
      <trkpt lat="30.718016" lon="34.924595">
        <ele>662.1375093667233</ele>
      </trkpt>
      <trkpt lat="30.717994" lon="34.924683">
        <ele>663.6110181260096</ele>
      </trkpt>
      <trkpt lat="30.717814" lon="34.925074">
        <ele>668.7474026525707</ele>
      </trkpt>
      <trkpt lat="30.717749" lon="34.925273">
        <ele>669.974172134993</ele>
      </trkpt>
      <trkpt lat="30.717681" lon="34.925341">
        <ele>670.4062629823079</ele>
      </trkpt>
      <trkpt lat="30.717499" lon="34.925409">
        <ele>670.8</ele>
      </trkpt>
      <trkpt lat="30.71733" lon="34.925505">
        <ele>670.7177967589668</ele>
      </trkpt>
      <trkpt lat="30.716779" lon="34.925681">
        <ele>668.1131721934843</ele>
      </trkpt>
      <trkpt lat="30.71632" lon="34.925732">
        <ele>668.3085622689806</ele>
      </trkpt>
      <trkpt lat="30.71613" lon="34.925796">
        <ele>669.924513474584</ele>
      </trkpt>
      <trkpt lat="30.716039" lon="34.925831">
        <ele>670.7307424101361</ele>
      </trkpt>
      <trkpt lat="30.715886" lon="34.925959">
        <ele>671.9182586382669</ele>
      </trkpt>
      <trkpt lat="30.715799" lon="34.926003">
        <ele>672.447775055103</ele>
      </trkpt>
      <trkpt lat="30.715708" lon="34.926021">
        <ele>672.6872684443806</ele>
      </trkpt>
      <trkpt lat="30.715526" lon="34.926097">
        <ele>673.4432231473561</ele>
      </trkpt>
      <trkpt lat="30.715428" lon="34.926111">
        <ele>674.431331378918</ele>
      </trkpt>
      <trkpt lat="30.715147" lon="34.926088">
        <ele>676.7669365617202</ele>
      </trkpt>
      <trkpt lat="30.715052" lon="34.926095">
        <ele>677.4020180872067</ele>
      </trkpt>
      <trkpt lat="30.714962" lon="34.926103">
        <ele>677.8021107194227</ele>
      </trkpt>
      <trkpt lat="30.714873" lon="34.926136">
        <ele>678.113720666065</ele>
      </trkpt>
      <trkpt lat="30.714602" lon="34.926138">
        <ele>679.6505635905738</ele>
      </trkpt>
      <trkpt lat="30.71433" lon="34.9262">
        <ele>682.1873499784696</ele>
      </trkpt>
      <trkpt lat="30.714242" lon="34.9262">
        <ele>683.1006309759939</ele>
      </trkpt>
      <trkpt lat="30.714162" lon="34.926156">
        <ele>683.8906276620029</ele>
      </trkpt>
      <trkpt lat="30.713812" lon="34.92627">
        <ele>686.9891342281844</ele>
      </trkpt>
      <trkpt lat="30.713623" lon="34.926291">
        <ele>688.4230702604398</ele>
      </trkpt>
      <trkpt lat="30.713434" lon="34.926339">
        <ele>689.6222485562378</ele>
      </trkpt>
      <trkpt lat="30.713167" lon="34.926423">
        <ele>690.579866526896</ele>
      </trkpt>
      <trkpt lat="30.713079" lon="34.926478">
        <ele>691.172310218512</ele>
      </trkpt>
      <trkpt lat="30.712854" lon="34.926663">
        <ele>692.8505200263892</ele>
      </trkpt>
      <trkpt lat="30.712669" lon="34.926743">
        <ele>693.7307840597966</ele>
      </trkpt>
      <trkpt lat="30.712591" lon="34.926801">
        <ele>693.5935294290066</ele>
      </trkpt>
      <trkpt lat="30.712502" lon="34.926786">
        <ele>693.4602000847755</ele>
      </trkpt>
      <trkpt lat="30.712204" lon="34.926792">
        <ele>690.1557147940429</ele>
      </trkpt>
      <trkpt lat="30.712052" lon="34.926701">
        <ele>688.3540507507947</ele>
      </trkpt>
      <trkpt lat="30.71196" lon="34.926727">
        <ele>687.3714778934389</ele>
      </trkpt>
      <trkpt lat="30.711773" lon="34.926718">
        <ele>686.4410407474375</ele>
      </trkpt>
      <trkpt lat="30.71159" lon="34.926769">
        <ele>685.4720745887917</ele>
      </trkpt>
      <trkpt lat="30.711206" lon="34.926765">
        <ele>686.73524711124</ele>
      </trkpt>
      <trkpt lat="30.711118" lon="34.926728">
        <ele>687.6802413657422</ele>
      </trkpt>
      <trkpt lat="30.711026" lon="34.92676">
        <ele>688.3208949602193</ele>
      </trkpt>
      <trkpt lat="30.710777" lon="34.926906">
        <ele>689.3979219384942</ele>
      </trkpt>
      <trkpt lat="30.710687" lon="34.926921">
        <ele>689.4653203577319</ele>
      </trkpt>
      <trkpt lat="30.710304" lon="34.926926">
        <ele>690.5216517911958</ele>
      </trkpt>
      <trkpt lat="30.71021" lon="34.926947">
        <ele>690.8409532847869</ele>
      </trkpt>
      <trkpt lat="30.710029" lon="34.926945">
        <ele>691.0640172319021</ele>
      </trkpt>
      <trkpt lat="30.70968" lon="34.926976">
        <ele>689.3336803275108</ele>
      </trkpt>
      <trkpt lat="30.709587" lon="34.926952">
        <ele>688.4862715275673</ele>
      </trkpt>
      <trkpt lat="30.709495" lon="34.926951">
        <ele>688.2473200942655</ele>
      </trkpt>
      <trkpt lat="30.709426" lon="34.926861">
        <ele>688.1704657886762</ele>
      </trkpt>
      <trkpt lat="30.709362" lon="34.926871">
        <ele>688.1225964326123</ele>
      </trkpt>
      <trkpt lat="30.70928" lon="34.926933">
        <ele>688.4243834630308</ele>
      </trkpt>
      <trkpt lat="30.70919" lon="34.92697">
        <ele>688.8843362244393</ele>
      </trkpt>
      <trkpt lat="30.708996" lon="34.926972">
        <ele>688.9163635074025</ele>
      </trkpt>
      <trkpt lat="30.708904" lon="34.926963">
        <ele>688.4030608219848</ele>
      </trkpt>
      <trkpt lat="30.708818" lon="34.926923">
        <ele>687.8674978201237</ele>
      </trkpt>
      <trkpt lat="30.708728" lon="34.926722">
        <ele>684.906496450363</ele>
      </trkpt>
      <trkpt lat="30.708651" lon="34.926662">
        <ele>683.7852694642257</ele>
      </trkpt>
      <trkpt lat="30.708508" lon="34.926717">
        <ele>683.6736180342746</ele>
      </trkpt>
      <trkpt lat="30.708452" lon="34.926855">
        <ele>684.0255379191083</ele>
      </trkpt>
      <trkpt lat="30.708387" lon="34.926949">
        <ele>685.4094425465961</ele>
      </trkpt>
      <trkpt lat="30.708301" lon="34.926994">
        <ele>686.6677545156418</ele>
      </trkpt>
      <trkpt lat="30.708209" lon="34.927015">
        <ele>687.3397596383136</ele>
      </trkpt>
      <trkpt lat="30.707907" lon="34.927015">
        <ele>688.4104302203559</ele>
      </trkpt>
      <trkpt lat="30.707631" lon="34.926947">
        <ele>688.9529314917241</ele>
      </trkpt>
      <trkpt lat="30.707543" lon="34.926909">
        <ele>688.4310419317999</ele>
      </trkpt>
      <trkpt lat="30.707212" lon="34.926744">
        <ele>684.7383492635882</ele>
      </trkpt>
      <trkpt lat="30.707125" lon="34.926671">
        <ele>684.2214399734867</ele>
      </trkpt>
      <trkpt lat="30.706946" lon="34.926584">
        <ele>683.1061371965694</ele>
      </trkpt>
      <trkpt lat="30.706849" lon="34.926568">
        <ele>682.234630182821</ele>
      </trkpt>
      <trkpt lat="30.706661" lon="34.926594">
        <ele>680.6191675277129</ele>
      </trkpt>
      <trkpt lat="30.706566" lon="34.926618">
        <ele>679.8624785444241</ele>
      </trkpt>
      <trkpt lat="30.706482" lon="34.926661">
        <ele>679.1481254138043</ele>
      </trkpt>
      <trkpt lat="30.706069" lon="34.926905">
        <ele>676.1950110013477</ele>
      </trkpt>
      <trkpt lat="30.705925" lon="34.927042">
        <ele>676.1703709976496</ele>
      </trkpt>
      <trkpt lat="30.705784" lon="34.927208">
        <ele>677.3069852367275</ele>
      </trkpt>
      <trkpt lat="30.705613" lon="34.927323">
        <ele>679.2105509369424</ele>
      </trkpt>
      <trkpt lat="30.705343" lon="34.927444">
        <ele>681.0263392194237</ele>
      </trkpt>
      <trkpt lat="30.705259" lon="34.927503">
        <ele>680.5305551119242</ele>
      </trkpt>
      <trkpt lat="30.705068" lon="34.92754">
        <ele>678.5927820964516</ele>
      </trkpt>
      <trkpt lat="30.704888" lon="34.927622">
        <ele>676.9992493905748</ele>
      </trkpt>
      <trkpt lat="30.704802" lon="34.927667">
        <ele>676.2904922186659</ele>
      </trkpt>
      <trkpt lat="30.704479" lon="34.92791">
        <ele>674.9934426163194</ele>
      </trkpt>
      <trkpt lat="30.704202" lon="34.927983">
        <ele>672.3712895338122</ele>
      </trkpt>
      <trkpt lat="30.704029" lon="34.928093">
        <ele>670.9276855967128</ele>
      </trkpt>
      <trkpt lat="30.703897" lon="34.928257">
        <ele>670.7129100277242</ele>
      </trkpt>
      <trkpt lat="30.70381" lon="34.92831">
        <ele>670.218514636566</ele>
      </trkpt>
      <trkpt lat="30.703741" lon="34.928294">
        <ele>669.8273416255132</ele>
      </trkpt>
      <trkpt lat="30.70366" lon="34.928298">
        <ele>669.3765964037414</ele>
      </trkpt>
      <trkpt lat="30.703482" lon="34.928261">
        <ele>668.2055356782239</ele>
      </trkpt>
      <trkpt lat="30.703377" lon="34.928264">
        <ele>667.5047962862225</ele>
      </trkpt>
      <trkpt lat="30.703293" lon="34.928214">
        <ele>666.2338666179776</ele>
      </trkpt>
      <trkpt lat="30.703102" lon="34.928155">
        <ele>663.318334859095</ele>
      </trkpt>
      <trkpt lat="30.703" lon="34.928143">
        <ele>662.0263617396799</ele>
      </trkpt>
      <trkpt lat="30.702904" lon="34.92809">
        <ele>660.6871740554924</ele>
      </trkpt>
      <trkpt lat="30.702709" lon="34.928042">
        <ele>657.8533277288411</ele>
      </trkpt>
      <trkpt lat="30.702526" lon="34.927948">
        <ele>655.3880329657419</ele>
      </trkpt>
      <trkpt lat="30.702338" lon="34.927904">
        <ele>653.8242930567827</ele>
      </trkpt>
      <trkpt lat="30.702245" lon="34.927899">
        <ele>654.134030091172</ele>
      </trkpt>
      <trkpt lat="30.702071" lon="34.92785">
        <ele>654.797597612341</ele>
      </trkpt>
      <trkpt lat="30.701887" lon="34.927911">
        <ele>655.4360840802656</ele>
      </trkpt>
      <trkpt lat="30.70172" lon="34.927989">
        <ele>655.4009632652143</ele>
      </trkpt>
      <trkpt lat="30.701553" lon="34.928033">
        <ele>654.872061799252</ele>
      </trkpt>
      <trkpt lat="30.701395" lon="34.928154">
        <ele>652.558138283685</ele>
      </trkpt>
      <trkpt lat="30.701323" lon="34.928237">
        <ele>651.2669122890376</ele>
      </trkpt>
      <trkpt lat="30.701134" lon="34.928256">
        <ele>648.5246653530719</ele>
      </trkpt>
      <trkpt lat="30.701043" lon="34.928302">
        <ele>647.1528757840264</ele>
      </trkpt>
      <trkpt lat="30.700891" lon="34.928431">
        <ele>644.71182053146</ele>
      </trkpt>
      <trkpt lat="30.700623" lon="34.928543">
        <ele>640.9265467325965</ele>
      </trkpt>
      <trkpt lat="30.700371" lon="34.9287">
        <ele>638.2746164148526</ele>
      </trkpt>
      <trkpt lat="30.700273" lon="34.928695">
        <ele>638.2</ele>
      </trkpt>
      <trkpt lat="30.700183" lon="34.928649">
        <ele>638.2</ele>
      </trkpt>
      <trkpt lat="30.699999" lon="34.928588">
        <ele>638.1593962431878</ele>
      </trkpt>
      <trkpt lat="30.699429" lon="34.928516">
        <ele>636.881300252013</ele>
      </trkpt>
      <trkpt lat="30.699385" lon="34.928433">
        <ele>636.6948450034555</ele>
      </trkpt>
      <trkpt lat="30.699254" lon="34.928309">
        <ele>636.4596072483587</ele>
      </trkpt>
      <trkpt lat="30.69898" lon="34.928197">
        <ele>637.4433658380096</ele>
      </trkpt>
      <trkpt lat="30.698812" lon="34.928085">
        <ele>639.0292953096713</ele>
      </trkpt>
      <trkpt lat="30.698559" lon="34.927749">
        <ele>642.8568586240388</ele>
      </trkpt>
      <trkpt lat="30.698314" lon="34.927506">
        <ele>644.9428456727702</ele>
      </trkpt>
      <trkpt lat="30.698128" lon="34.927217">
        <ele>644.2674234608851</ele>
      </trkpt>
      <trkpt lat="30.698069" lon="34.927096">
        <ele>643.7797620366632</ele>
      </trkpt>
      <trkpt lat="30.697465" lon="34.927176">
        <ele>642.0917015739351</ele>
      </trkpt>
      <trkpt lat="30.697072" lon="34.927194">
        <ele>643.0494544558917</ele>
      </trkpt>
      <trkpt lat="30.696862" lon="34.927227">
        <ele>644.5417870630088</ele>
      </trkpt>
      <trkpt lat="30.696765" lon="34.92723">
        <ele>644.7974113952378</ele>
      </trkpt>
      <trkpt lat="30.696501" lon="34.927203">
        <ele>645.4490487367337</ele>
      </trkpt>
      <trkpt lat="30.696181" lon="34.927083">
        <ele>646.5575288226147</ele>
      </trkpt>
      <trkpt lat="30.695761" lon="34.926899">
        <ele>648.3652651039909</ele>
      </trkpt>
      <trkpt lat="30.695494" lon="34.926824">
        <ele>649.3</ele>
      </trkpt>
      <trkpt lat="30.694832" lon="34.926477">
        <ele>648.1347106373871</ele>
      </trkpt>
      <trkpt lat="30.694372" lon="34.926285">
        <ele>650.3357082631472</ele>
      </trkpt>
      <trkpt lat="30.694101" lon="34.926222">
        <ele>652.3327885620405</ele>
      </trkpt>
      <trkpt lat="30.694027" lon="34.926214">
        <ele>652.816743090858</ele>
      </trkpt>
      <trkpt lat="30.693715" lon="34.926098">
        <ele>653.2</ele>
      </trkpt>
      <trkpt lat="30.692857" lon="34.925825">
        <ele>654.2530119102461</ele>
      </trkpt>
      <trkpt lat="30.692547" lon="34.925748">
        <ele>654.9183831508548</ele>
      </trkpt>
      <trkpt lat="30.692233" lon="34.925641">
        <ele>655</ele>
      </trkpt>
      <trkpt lat="30.692081" lon="34.925598">
        <ele>654.7917835682523</ele>
      </trkpt>
      <trkpt lat="30.691645" lon="34.925473">
        <ele>657.2768389671293</ele>
      </trkpt>
      <trkpt lat="30.691609" lon="34.925463">
        <ele>657.8530279607825</ele>
      </trkpt>
      <trkpt lat="30.691392" lon="34.925401">
        <ele>661.1210640752702</ele>
      </trkpt>
      <trkpt lat="30.690913" lon="34.925285">
        <ele>663.8855528249427</ele>
      </trkpt>
      <trkpt lat="30.690645" lon="34.925263">
        <ele>664.1879085989934</ele>
      </trkpt>
      <trkpt lat="30.690448" lon="34.925239">
        <ele>664.477548577927</ele>
      </trkpt>
      <trkpt lat="30.689978" lon="34.925204">
        <ele>663.3528608624644</ele>
      </trkpt>
      <trkpt lat="30.689732" lon="34.925158">
        <ele>662.4726010261887</ele>
      </trkpt>
      <trkpt lat="30.689567" lon="34.925037">
        <ele>662.8494856266133</ele>
      </trkpt>
      <trkpt lat="30.689498" lon="34.924957">
        <ele>663.8968135419814</ele>
      </trkpt>
      <trkpt lat="30.689452" lon="34.924868">
        <ele>664.8566338448009</ele>
      </trkpt>
      <extensions>
        <RoutingType xmlns="">Hike</RoutingType>
      </extensions>
    </trkseg>
    <trkseg>
      <trkpt lat="30.689452" lon="34.924868">
        <ele>665.5</ele>
      </trkpt>
      <trkpt lat="30.689393" lon="34.924755">
        <ele>666.6798219937998</ele>
      </trkpt>
      <trkpt lat="30.689331" lon="34.924617">
        <ele>668.0693844697585</ele>
      </trkpt>
      <trkpt lat="30.689245" lon="34.924407">
        <ele>669.0908175139074</ele>
      </trkpt>
      <trkpt lat="30.68907" lon="34.923947">
        <ele>671.0934303297207</ele>
      </trkpt>
      <trkpt lat="30.688865" lon="34.9235">
        <ele>672.2</ele>
      </trkpt>
      <trkpt lat="30.688809" lon="34.923206">
        <ele>671.446866403246</ele>
      </trkpt>
      <trkpt lat="30.688648" lon="34.922963">
        <ele>670.4854221083638</ele>
      </trkpt>
      <trkpt lat="30.688615" lon="34.922863">
        <ele>670.70555412773</ele>
      </trkpt>
      <trkpt lat="30.688617" lon="34.922746">
        <ele>671.6753576963998</ele>
      </trkpt>
      <trkpt lat="30.688645" lon="34.922588">
        <ele>673.0813462803677</ele>
      </trkpt>
      <trkpt lat="30.688677" lon="34.922365">
        <ele>676.1079562470134</ele>
      </trkpt>
      <trkpt lat="30.688735" lon="34.922226">
        <ele>677.4075010550511</ele>
      </trkpt>
      <trkpt lat="30.688834" lon="34.922118">
        <ele>678.0112677639131</ele>
      </trkpt>
      <trkpt lat="30.689059" lon="34.922058">
        <ele>678.4229997797278</ele>
      </trkpt>
      <trkpt lat="30.689347" lon="34.922011">
        <ele>678.7078792561973</ele>
      </trkpt>
      <trkpt lat="30.689628" lon="34.921888">
        <ele>680.9756605281856</ele>
      </trkpt>
      <trkpt lat="30.689721" lon="34.921786">
        <ele>682.3109415232101</ele>
      </trkpt>
      <trkpt lat="30.689617" lon="34.921183">
        <ele>689.0916719162869</ele>
      </trkpt>
      <trkpt lat="30.689577" lon="34.92104">
        <ele>690.6733701969818</ele>
      </trkpt>
      <trkpt lat="30.689535" lon="34.920956">
        <ele>691.6115643750031</ele>
      </trkpt>
      <trkpt lat="30.689361" lon="34.920879">
        <ele>691.8875848986122</ele>
      </trkpt>
      <trkpt lat="30.689288" lon="34.920805">
        <ele>691.8363882699634</ele>
      </trkpt>
      <trkpt lat="30.689241" lon="34.920729">
        <ele>691.209797017473</ele>
      </trkpt>
      <trkpt lat="30.689195" lon="34.920548">
        <ele>689.9464674740209</ele>
      </trkpt>
      <trkpt lat="30.689198" lon="34.920471">
        <ele>689.7435122210561</ele>
      </trkpt>
      <trkpt lat="30.689237" lon="34.920337">
        <ele>689.4278754028605</ele>
      </trkpt>
      <trkpt lat="30.689291" lon="34.92023">
        <ele>689.1860183647692</ele>
      </trkpt>
      <trkpt lat="30.68939" lon="34.920084">
        <ele>689.0674929892986</ele>
      </trkpt>
      <trkpt lat="30.689468" lon="34.919999">
        <ele>688.9706259470283</ele>
      </trkpt>
      <trkpt lat="30.689555" lon="34.919928">
        <ele>688.773650334312</ele>
      </trkpt>
      <trkpt lat="30.689675" lon="34.919861">
        <ele>688.5269548800571</ele>
      </trkpt>
      <trkpt lat="30.690036" lon="34.91969">
        <ele>686.418227185777</ele>
      </trkpt>
      <trkpt lat="30.690101" lon="34.919638">
        <ele>685.8333703936754</ele>
      </trkpt>
      <trkpt lat="30.690248" lon="34.919461">
        <ele>684.1244549141143</ele>
      </trkpt>
      <trkpt lat="30.690427" lon="34.919138">
        <ele>681.5844221911457</ele>
      </trkpt>
      <trkpt lat="30.690449" lon="34.919029">
        <ele>680.9605821361187</ele>
      </trkpt>
      <trkpt lat="30.690488" lon="34.918502">
        <ele>680.7881735394441</ele>
      </trkpt>
      <trkpt lat="30.690489" lon="34.918321">
        <ele>681.5930659696095</ele>
      </trkpt>
      <trkpt lat="30.690473" lon="34.918198">
        <ele>682.3464248317052</ele>
      </trkpt>
      <trkpt lat="30.690432" lon="34.918109">
        <ele>682.8939080082334</ele>
      </trkpt>
      <trkpt lat="30.690354" lon="34.918068">
        <ele>682.8304539480775</ele>
      </trkpt>
      <trkpt lat="30.690022" lon="34.918074">
        <ele>681.8901895382843</ele>
      </trkpt>
      <trkpt lat="30.689945" lon="34.918062">
        <ele>681.4870569137912</ele>
      </trkpt>
      <trkpt lat="30.689836" lon="34.917976">
        <ele>681.3709220892143</ele>
      </trkpt>
      <trkpt lat="30.689788" lon="34.917891">
        <ele>681.4357461869868</ele>
      </trkpt>
      <trkpt lat="30.68975" lon="34.917713">
        <ele>681.4210082942845</ele>
      </trkpt>
      <trkpt lat="30.689756" lon="34.917537">
        <ele>681.2525825060158</ele>
      </trkpt>
      <trkpt lat="30.689786" lon="34.917398">
        <ele>680.4399196745035</ele>
      </trkpt>
      <trkpt lat="30.689843" lon="34.91727">
        <ele>679.19942822899</ele>
      </trkpt>
      <trkpt lat="30.689951" lon="34.917106">
        <ele>677.5814946939679</ele>
      </trkpt>
      <trkpt lat="30.690036" lon="34.916999">
        <ele>676.5136105032636</ele>
      </trkpt>
      <trkpt lat="30.690198" lon="34.916841">
        <ele>675.7468680333544</ele>
      </trkpt>
      <extensions>
        <RoutingType xmlns="">Hike</RoutingType>
      </extensions>
    </trkseg>
    <trkseg>
      <trkpt lat="30.69019" lon="34.916830000000004">
        <ele>684</ele>
        <time>2022-01-11T10:11:02Z</time>
      </trkpt>
      <trkpt lat="30.690320000000003" lon="34.916740000000004">
        <ele>681</ele>
        <time>2022-01-11T10:11:01Z</time>
      </trkpt>
      <trkpt lat="30.69055" lon="34.91664">
        <ele>674</ele>
        <time>2022-01-11T10:11:00Z</time>
      </trkpt>
      <trkpt lat="30.690640000000002" lon="34.91662">
        <ele>674</ele>
        <time>2022-01-11T10:10:59Z</time>
      </trkpt>
      <trkpt lat="30.690830000000002" lon="34.916630000000005">
        <ele>674</ele>
        <time>2022-01-11T10:10:58Z</time>
      </trkpt>
      <trkpt lat="30.690910000000002" lon="34.91666">
        <ele>674</ele>
        <time>2022-01-11T10:10:57Z</time>
      </trkpt>
      <trkpt lat="30.691150000000004" lon="34.91686">
        <ele>678</ele>
        <time>2022-01-11T10:10:56Z</time>
      </trkpt>
      <trkpt lat="30.691250000000004" lon="34.916880000000006">
        <ele>678</ele>
        <time>2022-01-11T10:10:55Z</time>
      </trkpt>
      <trkpt lat="30.69132" lon="34.916850000000004">
        <ele>678</ele>
        <time>2022-01-11T10:10:54Z</time>
      </trkpt>
      <trkpt lat="30.691380000000002" lon="34.916790000000006">
        <ele>678</ele>
        <time>2022-01-11T10:10:53Z</time>
      </trkpt>
      <trkpt lat="30.691520000000004" lon="34.916540000000005">
        <ele>673</ele>
        <time>2022-01-11T10:10:52Z</time>
      </trkpt>
      <trkpt lat="30.691630000000004" lon="34.916270000000004">
        <ele>673</ele>
        <time>2022-01-11T10:10:51Z</time>
      </trkpt>
      <trkpt lat="30.691760000000002" lon="34.916050000000006">
        <ele>673</ele>
        <time>2022-01-11T10:10:50Z</time>
      </trkpt>
      <trkpt lat="30.69179" lon="34.91597">
        <ele>673</ele>
        <time>2022-01-11T10:10:49Z</time>
      </trkpt>
      <trkpt lat="30.69177" lon="34.91566">
        <ele>665</ele>
        <time>2022-01-11T10:10:48Z</time>
      </trkpt>
      <trkpt lat="30.69178" lon="34.91537">
        <ele>665</ele>
        <time>2022-01-11T10:10:47Z</time>
      </trkpt>
      <trkpt lat="30.69189" lon="34.915000000000006">
        <ele>654</ele>
        <time>2022-01-11T10:10:46Z</time>
      </trkpt>
      <trkpt lat="30.691910000000004" lon="34.914820000000006">
        <ele>654</ele>
        <time>2022-01-11T10:10:45Z</time>
      </trkpt>
      <trkpt lat="30.691950000000002" lon="34.914660000000005">
        <ele>654</ele>
        <time>2022-01-11T10:10:44Z</time>
      </trkpt>
      <trkpt lat="30.692010000000003" lon="34.914590000000004">
        <ele>654</ele>
        <time>2022-01-11T10:10:43Z</time>
      </trkpt>
      <trkpt lat="30.692180000000004" lon="34.914530000000006">
        <ele>654</ele>
        <time>2022-01-11T10:10:42Z</time>
      </trkpt>
      <trkpt lat="30.69236" lon="34.914390000000004">
        <ele>654</ele>
        <time>2022-01-11T10:10:41Z</time>
      </trkpt>
      <trkpt lat="30.692500000000003" lon="34.91433">
        <ele>654</ele>
        <time>2022-01-11T10:10:40Z</time>
      </trkpt>
      <trkpt lat="30.692740000000004" lon="34.914280000000005">
        <ele>654</ele>
        <time>2022-01-11T10:10:39Z</time>
      </trkpt>
      <trkpt lat="30.693070000000002" lon="34.91427">
        <ele>642</ele>
        <time>2022-01-11T10:10:38Z</time>
      </trkpt>
      <trkpt lat="30.693270000000002" lon="34.91422">
        <ele>638</ele>
        <time>2022-01-11T10:10:37Z</time>
      </trkpt>
      <trkpt lat="30.693430000000003" lon="34.91424">
        <ele>642</ele>
        <time>2022-01-11T10:10:36Z</time>
      </trkpt>
      <trkpt lat="30.693500000000004" lon="34.914210000000004">
        <ele>638</ele>
        <time>2022-01-11T10:10:35Z</time>
      </trkpt>
      <trkpt lat="30.693690000000004" lon="34.914">
        <ele>635</ele>
        <time>2022-01-11T10:10:34Z</time>
      </trkpt>
      <trkpt lat="30.69384" lon="34.91386">
        <ele>635</ele>
        <time>2022-01-11T10:10:33Z</time>
      </trkpt>
      <trkpt lat="30.69393" lon="34.913700000000006">
        <ele>635</ele>
        <time>2022-01-11T10:10:32Z</time>
      </trkpt>
      <trkpt lat="30.69395" lon="34.913540000000005">
        <ele>635</ele>
        <time>2022-01-11T10:10:31Z</time>
      </trkpt>
      <trkpt lat="30.69394" lon="34.913120000000006">
        <ele>637</ele>
        <time>2022-01-11T10:10:30Z</time>
      </trkpt>
      <trkpt lat="30.693960000000004" lon="34.91286">
        <ele>637</ele>
        <time>2022-01-11T10:10:29Z</time>
      </trkpt>
      <trkpt lat="30.694010000000002" lon="34.912600000000005">
        <ele>638</ele>
        <time>2022-01-11T10:10:28Z</time>
      </trkpt>
      <trkpt lat="30.694010000000002" lon="34.912600000000005">
        <ele>638</ele>
        <time>2022-01-11T10:10:27Z</time>
      </trkpt>
      <trkpt lat="30.694050000000004" lon="34.91237">
        <ele>639</ele>
        <time>2022-01-11T10:10:26Z</time>
      </trkpt>
      <trkpt lat="30.694200000000002" lon="34.9119">
        <ele>639</ele>
        <time>2022-01-11T10:10:25Z</time>
      </trkpt>
      <trkpt lat="30.694280000000003" lon="34.911570000000005">
        <ele>641</ele>
        <time>2022-01-11T10:10:24Z</time>
      </trkpt>
      <trkpt lat="30.694470000000003" lon="34.91116">
        <ele>650</ele>
        <time>2022-01-11T10:10:23Z</time>
      </trkpt>
      <trkpt lat="30.694550000000003" lon="34.910810000000005">
        <ele>650</ele>
        <time>2022-01-11T10:10:22Z</time>
      </trkpt>
      <trkpt lat="30.694580000000002" lon="34.910410000000006">
        <ele>650</ele>
        <time>2022-01-11T10:10:21Z</time>
      </trkpt>
      <trkpt lat="30.694650000000003" lon="34.910120000000006">
        <ele>650</ele>
        <time>2022-01-11T10:10:20Z</time>
      </trkpt>
      <trkpt lat="30.694650000000003" lon="34.909980000000004">
        <ele>648</ele>
        <time>2022-01-11T10:10:19Z</time>
      </trkpt>
      <trkpt lat="30.694620000000004" lon="34.90977">
        <ele>648</ele>
        <time>2022-01-11T10:10:18Z</time>
      </trkpt>
      <trkpt lat="30.694640000000003" lon="34.90943">
        <ele>648</ele>
        <time>2022-01-11T10:10:17Z</time>
      </trkpt>
      <trkpt lat="30.6946" lon="34.909310000000005">
        <ele>648</ele>
        <time>2022-01-11T10:10:16Z</time>
      </trkpt>
      <trkpt lat="30.694550000000003" lon="34.909240000000004">
        <ele>648</ele>
        <time>2022-01-11T10:10:15Z</time>
      </trkpt>
      <trkpt lat="30.694450000000003" lon="34.90917">
        <ele>647</ele>
        <time>2022-01-11T10:10:14Z</time>
      </trkpt>
      <trkpt lat="30.69423" lon="34.90905">
        <ele>648</ele>
        <time>2022-01-11T10:10:13Z</time>
      </trkpt>
      <trkpt lat="30.694150000000004" lon="34.909020000000005">
        <ele>648</ele>
        <time>2022-01-11T10:10:12Z</time>
      </trkpt>
      <trkpt lat="30.69395" lon="34.90903">
        <ele>648</ele>
        <time>2022-01-11T10:10:11Z</time>
      </trkpt>
      <trkpt lat="30.69395" lon="34.90903">
        <ele>648</ele>
        <time>2022-01-11T10:10:10Z</time>
      </trkpt>
      <trkpt lat="30.693810000000003" lon="34.909020000000005">
        <ele>648</ele>
        <time>2022-01-11T10:10:09Z</time>
      </trkpt>
      <trkpt lat="30.693590000000004" lon="34.90894">
        <ele>648</ele>
        <time>2022-01-11T10:10:08Z</time>
      </trkpt>
      <trkpt lat="30.693230000000003" lon="34.908840000000005">
        <ele>653</ele>
        <time>2022-01-11T10:10:07Z</time>
      </trkpt>
      <trkpt lat="30.692830000000004" lon="34.908660000000005">
        <ele>653</ele>
        <time>2022-01-11T10:10:06Z</time>
      </trkpt>
      <trkpt lat="30.69262" lon="34.908660000000005">
        <ele>655</ele>
        <time>2022-01-11T10:10:05Z</time>
      </trkpt>
      <trkpt lat="30.692520000000002" lon="34.9087">
        <ele>655</ele>
        <time>2022-01-11T10:10:04Z</time>
      </trkpt>
      <trkpt lat="30.692320000000002" lon="34.90883">
        <ele>655</ele>
        <time>2022-01-11T10:10:03Z</time>
      </trkpt>
      <trkpt lat="30.692210000000003" lon="34.908860000000004">
        <ele>655</ele>
        <time>2022-01-11T10:10:02Z</time>
      </trkpt>
      <trkpt lat="30.692130000000002" lon="34.90885">
        <ele>655</ele>
        <time>2022-01-11T10:10:01Z</time>
      </trkpt>
      <trkpt lat="30.6917" lon="34.908680000000004">
        <ele>657</ele>
        <time>2022-01-11T10:10:00Z</time>
      </trkpt>
      <trkpt lat="30.691580000000002" lon="34.9086">
        <ele>657</ele>
        <time>2022-01-11T10:09:59Z</time>
      </trkpt>
      <trkpt lat="30.691430000000004" lon="34.90842">
        <ele>657</ele>
        <time>2022-01-11T10:09:58Z</time>
      </trkpt>
      <trkpt lat="30.691100000000002" lon="34.90816">
        <ele>654</ele>
        <time>2022-01-11T10:09:57Z</time>
      </trkpt>
      <trkpt lat="30.690990000000003" lon="34.907990000000005">
        <ele>654</ele>
        <time>2022-01-11T10:09:56Z</time>
      </trkpt>
      <trkpt lat="30.69093" lon="34.90795">
        <ele>654</ele>
        <time>2022-01-11T10:09:55Z</time>
      </trkpt>
      <trkpt lat="30.690890000000003" lon="34.90796">
        <ele>654</ele>
        <time>2022-01-11T10:09:54Z</time>
      </trkpt>
      <trkpt lat="30.690710000000003" lon="34.908060000000006">
        <ele>654</ele>
        <time>2022-01-11T10:09:53Z</time>
      </trkpt>
      <trkpt lat="30.690640000000002" lon="34.908060000000006">
        <ele>654</ele>
        <time>2022-01-11T10:09:52Z</time>
      </trkpt>
      <trkpt lat="30.690320000000003" lon="34.90785">
        <ele>654</ele>
        <time>2022-01-11T10:09:51Z</time>
      </trkpt>
      <trkpt lat="30.6902" lon="34.90782">
        <ele>660</ele>
        <time>2022-01-11T10:09:50Z</time>
      </trkpt>
      <trkpt lat="30.690030000000004" lon="34.907810000000005">
        <ele>660</ele>
        <time>2022-01-11T10:09:49Z</time>
      </trkpt>
      <trkpt lat="30.6899" lon="34.907770000000006">
        <ele>660</ele>
        <time>2022-01-11T10:09:48Z</time>
      </trkpt>
      <trkpt lat="30.689790000000002" lon="34.907770000000006">
        <ele>660</ele>
        <time>2022-01-11T10:09:47Z</time>
      </trkpt>
      <trkpt lat="30.68973" lon="34.907810000000005">
        <ele>660</ele>
        <time>2022-01-11T10:09:46Z</time>
      </trkpt>
      <trkpt lat="30.689670000000003" lon="34.90789">
        <ele>660</ele>
        <time>2022-01-11T10:09:45Z</time>
      </trkpt>
      <trkpt lat="30.689670000000003" lon="34.90789">
        <ele>660</ele>
        <time>2022-01-11T10:09:44Z</time>
      </trkpt>
      <trkpt lat="30.689510000000002" lon="34.90818">
        <ele>660</ele>
        <time>2022-01-11T10:09:43Z</time>
      </trkpt>
      <trkpt lat="30.689320000000002" lon="34.908480000000004">
        <ele>660</ele>
        <time>2022-01-11T10:09:42Z</time>
      </trkpt>
      <trkpt lat="30.689120000000003" lon="34.90863">
        <ele>660</ele>
        <time>2022-01-11T10:09:41Z</time>
      </trkpt>
      <trkpt lat="30.68905" lon="34.908710000000006">
        <ele>660</ele>
        <time>2022-01-11T10:09:40Z</time>
      </trkpt>
      <trkpt lat="30.688940000000002" lon="34.908910000000006">
        <ele>660</ele>
        <time>2022-01-11T10:09:39Z</time>
      </trkpt>
      <trkpt lat="30.688850000000002" lon="34.90903">
        <ele>660</ele>
        <time>2022-01-11T10:09:38Z</time>
      </trkpt>
      <trkpt lat="30.688760000000002" lon="34.909110000000005">
        <ele>660</ele>
        <time>2022-01-11T10:09:37Z</time>
      </trkpt>
      <trkpt lat="30.688560000000003" lon="34.90921">
        <ele>657</ele>
        <time>2022-01-11T10:09:36Z</time>
      </trkpt>
      <trkpt lat="30.688100000000002" lon="34.90936">
        <ele>661</ele>
        <time>2022-01-11T10:09:35Z</time>
      </trkpt>
      <trkpt lat="30.687980000000003" lon="34.909380000000006">
        <ele>661</ele>
        <time>2022-01-11T10:09:34Z</time>
      </trkpt>
      <trkpt lat="30.68784" lon="34.90936">
        <ele>661</ele>
        <time>2022-01-11T10:09:33Z</time>
      </trkpt>
      <trkpt lat="30.687630000000002" lon="34.909290000000006">
        <ele>674</ele>
        <time>2022-01-11T10:09:32Z</time>
      </trkpt>
      <trkpt lat="30.687390000000004" lon="34.90919">
        <ele>661</ele>
        <time>2022-01-11T10:09:31Z</time>
      </trkpt>
      <trkpt lat="30.686840000000004" lon="34.90883">
        <ele>665</ele>
        <time>2022-01-11T10:09:30Z</time>
      </trkpt>
      <trkpt lat="30.686760000000003" lon="34.90876">
        <ele>665</ele>
        <time>2022-01-11T10:09:29Z</time>
      </trkpt>
      <trkpt lat="30.686680000000003" lon="34.90865">
        <ele>665</ele>
        <time>2022-01-11T10:09:28Z</time>
      </trkpt>
      <trkpt lat="30.686570000000003" lon="34.90838">
        <ele>663</ele>
        <time>2022-01-11T10:09:27Z</time>
      </trkpt>
      <extensions>
        <RoutingType xmlns="">Hike</RoutingType>
      </extensions>
    </trkseg>
    <trkseg>
      <trkpt lat="30.686570000000003" lon="34.90838">
        <ele>663</ele>
        <time>2022-01-11T10:09:27Z</time>
      </trkpt>
      <trkpt lat="30.686500000000002" lon="34.90818">
        <ele>663</ele>
        <time>2022-01-11T10:09:26Z</time>
      </trkpt>
      <trkpt lat="30.686500000000002" lon="34.90818">
        <ele>663</ele>
        <time>2022-01-11T10:09:25Z</time>
      </trkpt>
      <trkpt lat="30.686390000000003" lon="34.90795">
        <ele>663</ele>
        <time>2022-01-11T10:09:24Z</time>
      </trkpt>
      <trkpt lat="30.68634" lon="34.90782">
        <ele>663</ele>
        <time>2022-01-11T10:09:23Z</time>
      </trkpt>
      <trkpt lat="30.686280000000004" lon="34.907410000000006">
        <ele>667</ele>
        <time>2022-01-11T10:09:22Z</time>
      </trkpt>
      <trkpt lat="30.68624" lon="34.90724">
        <ele>667</ele>
        <time>2022-01-11T10:09:21Z</time>
      </trkpt>
      <trkpt lat="30.686010000000003" lon="34.90675">
        <ele>665</ele>
        <time>2022-01-11T10:09:20Z</time>
      </trkpt>
      <trkpt lat="30.685900000000004" lon="34.906620000000004">
        <ele>666</ele>
        <time>2022-01-11T10:09:19Z</time>
      </trkpt>
      <trkpt lat="30.68568" lon="34.90643">
        <ele>666</ele>
        <time>2022-01-11T10:09:18Z</time>
      </trkpt>
      <trkpt lat="30.68559" lon="34.906290000000006">
        <ele>666</ele>
        <time>2022-01-11T10:09:17Z</time>
      </trkpt>
      <trkpt lat="30.685440000000003" lon="34.905950000000004">
        <ele>666</ele>
        <time>2022-01-11T10:09:16Z</time>
      </trkpt>
      <trkpt lat="30.685230000000004" lon="34.905620000000006">
        <ele>668</ele>
        <time>2022-01-11T10:09:15Z</time>
      </trkpt>
      <trkpt lat="30.685070000000003" lon="34.90542">
        <ele>668</ele>
        <time>2022-01-11T10:09:14Z</time>
      </trkpt>
      <trkpt lat="30.684910000000002" lon="34.905300000000004">
        <ele>668</ele>
        <time>2022-01-11T10:09:13Z</time>
      </trkpt>
      <trkpt lat="30.684810000000002" lon="34.9052">
        <ele>668</ele>
        <time>2022-01-11T10:09:12Z</time>
      </trkpt>
      <trkpt lat="30.684730000000002" lon="34.905080000000005">
        <ele>668</ele>
        <time>2022-01-11T10:09:11Z</time>
      </trkpt>
      <trkpt lat="30.68465" lon="34.904900000000005">
        <ele>678</ele>
        <time>2022-01-11T10:09:10Z</time>
      </trkpt>
      <trkpt lat="30.684620000000002" lon="34.90478">
        <ele>678</ele>
        <time>2022-01-11T10:09:09Z</time>
      </trkpt>
      <trkpt lat="30.684620000000002" lon="34.90458">
        <ele>678</ele>
        <time>2022-01-11T10:09:08Z</time>
      </trkpt>
      <trkpt lat="30.684690000000003" lon="34.90391">
        <ele>681</ele>
        <time>2022-01-11T10:09:07Z</time>
      </trkpt>
      <trkpt lat="30.684700000000003" lon="34.90368">
        <ele>681</ele>
        <time>2022-01-11T10:09:06Z</time>
      </trkpt>
      <trkpt lat="30.684690000000003" lon="34.90352">
        <ele>681</ele>
        <time>2022-01-11T10:09:05Z</time>
      </trkpt>
      <trkpt lat="30.68465" lon="34.903330000000004">
        <ele>683</ele>
        <time>2022-01-11T10:09:04Z</time>
      </trkpt>
      <trkpt lat="30.684610000000003" lon="34.90323">
        <ele>683</ele>
        <time>2022-01-11T10:09:03Z</time>
      </trkpt>
      <trkpt lat="30.684340000000002" lon="34.902860000000004">
        <ele>678</ele>
        <time>2022-01-11T10:09:02Z</time>
      </trkpt>
      <trkpt lat="30.68427" lon="34.90272">
        <ele>678</ele>
        <time>2022-01-11T10:09:01Z</time>
      </trkpt>
      <trkpt lat="30.684200000000004" lon="34.902440000000006">
        <ele>684</ele>
        <time>2022-01-11T10:09:00Z</time>
      </trkpt>
      <trkpt lat="30.684040000000003" lon="34.901920000000004">
        <ele>684</ele>
        <time>2022-01-11T10:08:59Z</time>
      </trkpt>
      <trkpt lat="30.684020000000004" lon="34.9018">
        <ele>684</ele>
        <time>2022-01-11T10:08:58Z</time>
      </trkpt>
      <trkpt lat="30.684020000000004" lon="34.901590000000006">
        <ele>690</ele>
        <time>2022-01-11T10:08:57Z</time>
      </trkpt>
      <trkpt lat="30.68382" lon="34.90149">
        <ele>690</ele>
        <time>2022-01-11T10:08:56Z</time>
      </trkpt>
      <trkpt lat="30.683480000000003" lon="34.901430000000005">
        <ele>686</ele>
        <time>2022-01-11T10:08:55Z</time>
      </trkpt>
      <trkpt lat="30.683170000000004" lon="34.90122">
        <ele>686</ele>
        <time>2022-01-11T10:08:54Z</time>
      </trkpt>
      <trkpt lat="30.683040000000002" lon="34.90122">
        <ele>686</ele>
        <time>2022-01-11T10:08:53Z</time>
      </trkpt>
      <trkpt lat="30.682810000000003" lon="34.901250000000005">
        <ele>686</ele>
        <time>2022-01-11T10:08:52Z</time>
      </trkpt>
      <trkpt lat="30.682710000000004" lon="34.901210000000006">
        <ele>690</ele>
        <time>2022-01-11T10:08:51Z</time>
      </trkpt>
      <trkpt lat="30.682630000000003" lon="34.901140000000005">
        <ele>690</ele>
        <time>2022-01-11T10:08:50Z</time>
      </trkpt>
      <trkpt lat="30.682540000000003" lon="34.901030000000006">
        <ele>690</ele>
        <time>2022-01-11T10:08:49Z</time>
      </trkpt>
      <trkpt lat="30.682420000000004" lon="34.900800000000004">
        <ele>696</ele>
        <time>2022-01-11T10:08:48Z</time>
      </trkpt>
      <trkpt lat="30.682320000000004" lon="34.900670000000005">
        <ele>696</ele>
        <time>2022-01-11T10:08:47Z</time>
      </trkpt>
      <trkpt lat="30.682040000000004" lon="34.90037">
        <ele>696</ele>
        <time>2022-01-11T10:08:46Z</time>
      </trkpt>
      <trkpt lat="30.68193" lon="34.9003">
        <ele>696</ele>
        <time>2022-01-11T10:08:45Z</time>
      </trkpt>
      <trkpt lat="30.681850000000004" lon="34.90028">
        <ele>691</ele>
        <time>2022-01-11T10:08:44Z</time>
      </trkpt>
      <trkpt lat="30.681630000000002" lon="34.900270000000006">
        <ele>691</ele>
        <time>2022-01-11T10:08:43Z</time>
      </trkpt>
      <trkpt lat="30.681420000000003" lon="34.900240000000004">
        <ele>691</ele>
        <time>2022-01-11T10:08:42Z</time>
      </trkpt>
      <trkpt lat="30.68127" lon="34.900200000000005">
        <ele>691</ele>
        <time>2022-01-11T10:08:41Z</time>
      </trkpt>
      <trkpt lat="30.68109" lon="34.90012">
        <ele>697</ele>
        <time>2022-01-11T10:08:40Z</time>
      </trkpt>
      <trkpt lat="30.680840000000003" lon="34.8999">
        <ele>697</ele>
        <time>2022-01-11T10:08:39Z</time>
      </trkpt>
      <trkpt lat="30.68063" lon="34.89976">
        <ele>697</ele>
        <time>2022-01-11T10:08:38Z</time>
      </trkpt>
      <trkpt lat="30.68034" lon="34.89945">
        <ele>697</ele>
        <time>2022-01-11T10:08:37Z</time>
      </trkpt>
      <trkpt lat="30.680200000000003" lon="34.89932">
        <ele>702</ele>
        <time>2022-01-11T10:08:36Z</time>
      </trkpt>
      <trkpt lat="30.680070000000004" lon="34.89925">
        <ele>702</ele>
        <time>2022-01-11T10:08:35Z</time>
      </trkpt>
      <trkpt lat="30.679810000000003" lon="34.899170000000005">
        <ele>701</ele>
        <time>2022-01-11T10:08:34Z</time>
      </trkpt>
      <trkpt lat="30.679700000000004" lon="34.899100000000004">
        <ele>701</ele>
        <time>2022-01-11T10:08:33Z</time>
      </trkpt>
      <trkpt lat="30.679370000000002" lon="34.89882">
        <ele>703</ele>
        <time>2022-01-11T10:08:32Z</time>
      </trkpt>
      <trkpt lat="30.679250000000003" lon="34.89869">
        <ele>703</ele>
        <time>2022-01-11T10:08:31Z</time>
      </trkpt>
      <trkpt lat="30.678230000000003" lon="34.89732">
        <ele>701</ele>
        <time>2022-01-11T10:08:30Z</time>
      </trkpt>
      <trkpt lat="30.677740000000004" lon="34.89683">
        <ele>711</ele>
        <time>2022-01-11T10:08:29Z</time>
      </trkpt>
      <trkpt lat="30.67714" lon="34.89612">
        <ele>705</ele>
        <time>2022-01-11T10:08:28Z</time>
      </trkpt>
      <trkpt lat="30.67677" lon="34.895830000000004">
        <ele>709</ele>
        <time>2022-01-11T10:08:27Z</time>
      </trkpt>
      <trkpt lat="30.676470000000002" lon="34.89547">
        <ele>709</ele>
        <time>2022-01-11T10:08:26Z</time>
      </trkpt>
      <trkpt lat="30.67592" lon="34.894980000000004">
        <ele>715</ele>
        <time>2022-01-11T10:08:25Z</time>
      </trkpt>
      <trkpt lat="30.675780000000003" lon="34.894870000000004">
        <ele>715</ele>
        <time>2022-01-11T10:08:24Z</time>
      </trkpt>
      <trkpt lat="30.675530000000002" lon="34.89475">
        <ele>715</ele>
        <time>2022-01-11T10:08:23Z</time>
      </trkpt>
      <trkpt lat="30.675250000000002" lon="34.8947">
        <ele>717</ele>
        <time>2022-01-11T10:08:22Z</time>
      </trkpt>
      <trkpt lat="30.674590000000002" lon="34.894510000000004">
        <ele>717</ele>
        <time>2022-01-11T10:08:21Z</time>
      </trkpt>
      <trkpt lat="30.674360000000004" lon="34.8945">
        <ele>722</ele>
        <time>2022-01-11T10:08:20Z</time>
      </trkpt>
      <trkpt lat="30.674280000000003" lon="34.89452">
        <ele>722</ele>
        <time>2022-01-11T10:08:19Z</time>
      </trkpt>
      <trkpt lat="30.674280000000003" lon="34.89452">
        <ele>722</ele>
        <time>2022-01-11T10:08:18Z</time>
      </trkpt>
      <trkpt lat="30.674030000000002" lon="34.894580000000005">
        <ele>722</ele>
        <time>2022-01-11T10:08:17Z</time>
      </trkpt>
      <trkpt lat="30.673920000000003" lon="34.89457">
        <ele>722</ele>
        <time>2022-01-11T10:08:16Z</time>
      </trkpt>
      <trkpt lat="30.67385" lon="34.89453">
        <ele>722</ele>
        <time>2022-01-11T10:08:15Z</time>
      </trkpt>
      <trkpt lat="30.673780000000004" lon="34.894470000000005">
        <ele>722</ele>
        <time>2022-01-11T10:08:14Z</time>
      </trkpt>
      <trkpt lat="30.673710000000003" lon="34.894360000000006">
        <ele>722</ele>
        <time>2022-01-11T10:08:13Z</time>
      </trkpt>
      <trkpt lat="30.673600000000004" lon="34.894110000000005">
        <ele>692</ele>
        <time>2022-01-11T10:08:12Z</time>
      </trkpt>
      <trkpt lat="30.673560000000002" lon="34.89399">
        <ele>692</ele>
        <time>2022-01-11T10:08:11Z</time>
      </trkpt>
      <trkpt lat="30.673510000000004" lon="34.89356">
        <ele>692</ele>
        <time>2022-01-11T10:08:10Z</time>
      </trkpt>
      <trkpt lat="30.673370000000002" lon="34.89296">
        <ele>702</ele>
        <time>2022-01-11T10:08:09Z</time>
      </trkpt>
      <trkpt lat="30.673260000000003" lon="34.892590000000006">
        <ele>702</ele>
        <time>2022-01-11T10:08:08Z</time>
      </trkpt>
      <trkpt lat="30.673140000000004" lon="34.892320000000005">
        <ele>720</ele>
        <time>2022-01-11T10:08:07Z</time>
      </trkpt>
      <trkpt lat="30.67312" lon="34.89224">
        <ele>720</ele>
        <time>2022-01-11T10:08:06Z</time>
      </trkpt>
      <trkpt lat="30.67311" lon="34.89215">
        <ele>720</ele>
        <time>2022-01-11T10:08:05Z</time>
      </trkpt>
      <trkpt lat="30.673130000000004" lon="34.89197">
        <ele>720</ele>
        <time>2022-01-11T10:08:04Z</time>
      </trkpt>
      <trkpt lat="30.67312" lon="34.89186">
        <ele>720</ele>
        <time>2022-01-11T10:08:03Z</time>
      </trkpt>
      <trkpt lat="30.67292" lon="34.891540000000006">
        <ele>740</ele>
        <time>2022-01-11T10:08:02Z</time>
      </trkpt>
      <trkpt lat="30.672770000000003" lon="34.891200000000005">
        <ele>692</ele>
        <time>2022-01-11T10:08:01Z</time>
      </trkpt>
      <trkpt lat="30.672680000000003" lon="34.89092">
        <ele>692</ele>
        <time>2022-01-11T10:08:00Z</time>
      </trkpt>
      <trkpt lat="30.672670000000004" lon="34.890530000000005">
        <ele>711</ele>
        <time>2022-01-11T10:07:59Z</time>
      </trkpt>
      <trkpt lat="30.672680000000003" lon="34.8904">
        <ele>711</ele>
        <time>2022-01-11T10:07:58Z</time>
      </trkpt>
      <trkpt lat="30.672790000000003" lon="34.88982">
        <ele>743</ele>
        <time>2022-01-11T10:07:57Z</time>
      </trkpt>
      <trkpt lat="30.672800000000002" lon="34.88964">
        <ele>743</ele>
        <time>2022-01-11T10:07:56Z</time>
      </trkpt>
      <trkpt lat="30.672790000000003" lon="34.88924">
        <ele>743</ele>
        <time>2022-01-11T10:07:55Z</time>
      </trkpt>
      <trkpt lat="30.672760000000004" lon="34.88911">
        <ele>733</ele>
        <time>2022-01-11T10:07:54Z</time>
      </trkpt>
      <trkpt lat="30.672680000000003" lon="34.888960000000004">
        <ele>733</ele>
        <time>2022-01-11T10:07:53Z</time>
      </trkpt>
      <trkpt lat="30.67255" lon="34.888830000000006">
        <ele>733</ele>
        <time>2022-01-11T10:07:52Z</time>
      </trkpt>
      <extensions>
        <RoutingType xmlns="">Hike</RoutingType>
      </extensions>
    </trkseg>
    <trkseg>
      <trkpt lat="30.67255" lon="34.888830000000006">
        <ele>733</ele>
        <time>2022-01-11T10:07:52Z</time>
      </trkpt>
      <trkpt lat="30.67236" lon="34.88866">
        <ele>733</ele>
        <time>2022-01-11T10:07:51Z</time>
      </trkpt>
      <trkpt lat="30.672150000000002" lon="34.88844">
        <ele>733</ele>
        <time>2022-01-11T10:07:50Z</time>
      </trkpt>
      <trkpt lat="30.67207" lon="34.888380000000005">
        <ele>739</ele>
        <time>2022-01-11T10:07:49Z</time>
      </trkpt>
      <trkpt lat="30.671920000000004" lon="34.8883">
        <ele>732</ele>
        <time>2022-01-11T10:07:48Z</time>
      </trkpt>
      <trkpt lat="30.671810000000004" lon="34.888270000000006">
        <ele>732</ele>
        <time>2022-01-11T10:07:47Z</time>
      </trkpt>
      <trkpt lat="30.671460000000003" lon="34.88819">
        <ele>732</ele>
        <time>2022-01-11T10:07:46Z</time>
      </trkpt>
      <trkpt lat="30.671160000000004" lon="34.88819">
        <ele>732</ele>
        <time>2022-01-11T10:07:45Z</time>
      </trkpt>
      <trkpt lat="30.67104" lon="34.888160000000006">
        <ele>712</ele>
        <time>2022-01-11T10:07:44Z</time>
      </trkpt>
      <trkpt lat="30.670840000000002" lon="34.888090000000005">
        <ele>712</ele>
        <time>2022-01-11T10:07:43Z</time>
      </trkpt>
      <trkpt lat="30.670730000000002" lon="34.888040000000004">
        <ele>712</ele>
        <time>2022-01-11T10:07:42Z</time>
      </trkpt>
      <trkpt lat="30.670540000000003" lon="34.88783">
        <ele>712</ele>
        <time>2022-01-11T10:07:41Z</time>
      </trkpt>
      <trkpt lat="30.669870000000003" lon="34.88692">
        <ele>710</ele>
        <time>2022-01-11T10:07:40Z</time>
      </trkpt>
      <trkpt lat="30.669620000000002" lon="34.88656">
        <ele>733</ele>
        <time>2022-01-11T10:07:39Z</time>
      </trkpt>
      <trkpt lat="30.669390000000003" lon="34.88615">
        <ele>720</ele>
        <time>2022-01-11T10:07:38Z</time>
      </trkpt>
      <trkpt lat="30.669300000000003" lon="34.885940000000005">
        <ele>720</ele>
        <time>2022-01-11T10:07:37Z</time>
      </trkpt>
      <trkpt lat="30.669040000000003" lon="34.88494">
        <ele>735</ele>
        <time>2022-01-11T10:07:36Z</time>
      </trkpt>
      <trkpt lat="30.668900000000004" lon="34.884240000000005">
        <ele>737</ele>
        <time>2022-01-11T10:07:35Z</time>
      </trkpt>
      <trkpt lat="30.668830000000003" lon="34.883970000000005">
        <ele>737</ele>
        <time>2022-01-11T10:07:34Z</time>
      </trkpt>
      <trkpt lat="30.668720000000004" lon="34.88367">
        <ele>737</ele>
        <time>2022-01-11T10:07:33Z</time>
      </trkpt>
      <trkpt lat="30.668680000000002" lon="34.88349">
        <ele>737</ele>
        <time>2022-01-11T10:07:32Z</time>
      </trkpt>
      <trkpt lat="30.668660000000003" lon="34.8832">
        <ele>744</ele>
        <time>2022-01-11T10:07:31Z</time>
      </trkpt>
      <trkpt lat="30.668620000000004" lon="34.883010000000006">
        <ele>744</ele>
        <time>2022-01-11T10:07:30Z</time>
      </trkpt>
      <trkpt lat="30.66843" lon="34.882470000000005">
        <ele>741</ele>
        <time>2022-01-11T10:07:29Z</time>
      </trkpt>
      <trkpt lat="30.668300000000002" lon="34.882200000000005">
        <ele>741</ele>
        <time>2022-01-11T10:07:28Z</time>
      </trkpt>
      <trkpt lat="30.668160000000004" lon="34.88192">
        <ele>741</ele>
        <time>2022-01-11T10:07:27Z</time>
      </trkpt>
      <trkpt lat="30.66804" lon="34.88176">
        <ele>743</ele>
        <time>2022-01-11T10:07:26Z</time>
      </trkpt>
      <trkpt lat="30.66766" lon="34.88143">
        <ele>739</ele>
        <time>2022-01-11T10:07:25Z</time>
      </trkpt>
      <trkpt lat="30.667260000000002" lon="34.8812">
        <ele>739</ele>
        <time>2022-01-11T10:07:24Z</time>
      </trkpt>
      <trkpt lat="30.667130000000004" lon="34.881080000000004">
        <ele>739</ele>
        <time>2022-01-11T10:07:23Z</time>
      </trkpt>
      <trkpt lat="30.66701" lon="34.88092">
        <ele>740</ele>
        <time>2022-01-11T10:07:22Z</time>
      </trkpt>
      <trkpt lat="30.66683" lon="34.880750000000006">
        <ele>723</ele>
        <time>2022-01-11T10:07:21Z</time>
      </trkpt>
      <trkpt lat="30.66682" lon="34.880680000000005">
        <ele>723</ele>
        <time>2022-01-11T10:07:20Z</time>
      </trkpt>
      <trkpt lat="30.66662" lon="34.88038">
        <ele>723</ele>
        <time>2022-01-11T10:07:19Z</time>
      </trkpt>
      <trkpt lat="30.666570000000004" lon="34.880100000000006">
        <ele>723</ele>
        <time>2022-01-11T10:07:18Z</time>
      </trkpt>
      <trkpt lat="30.666580000000003" lon="34.879920000000006">
        <ele>733</ele>
        <time>2022-01-11T10:07:17Z</time>
      </trkpt>
      <trkpt lat="30.666570000000004" lon="34.87995">
        <ele>733</ele>
        <time>2022-01-11T10:07:16Z</time>
      </trkpt>
      <trkpt lat="30.666570000000004" lon="34.87995">
        <ele>733</ele>
        <time>2022-01-11T10:07:15Z</time>
      </trkpt>
      <trkpt lat="30.666580000000003" lon="34.879920000000006">
        <ele>733</ele>
        <time>2022-01-11T10:07:14Z</time>
      </trkpt>
      <trkpt lat="30.66655" lon="34.879560000000005">
        <ele>733</ele>
        <time>2022-01-11T10:07:13Z</time>
      </trkpt>
      <trkpt lat="30.666570000000004" lon="34.879310000000004">
        <ele>733</ele>
        <time>2022-01-11T10:07:12Z</time>
      </trkpt>
      <trkpt lat="30.66653" lon="34.879000000000005">
        <ele>737</ele>
        <time>2022-01-11T10:07:11Z</time>
      </trkpt>
      <trkpt lat="30.666470000000004" lon="34.878820000000005">
        <ele>737</ele>
        <time>2022-01-11T10:07:10Z</time>
      </trkpt>
      <trkpt lat="30.66626" lon="34.8785">
        <ele>737</ele>
        <time>2022-01-11T10:07:09Z</time>
      </trkpt>
      <trkpt lat="30.666190000000004" lon="34.87841">
        <ele>734</ele>
        <time>2022-01-11T10:07:08Z</time>
      </trkpt>
      <trkpt lat="30.666020000000003" lon="34.87821">
        <ele>722</ele>
        <time>2022-01-11T10:07:07Z</time>
      </trkpt>
      <trkpt lat="30.665920000000003" lon="34.878130000000006">
        <ele>722</ele>
        <time>2022-01-11T10:07:06Z</time>
      </trkpt>
      <trkpt lat="30.66579" lon="34.87807">
        <ele>722</ele>
        <time>2022-01-11T10:07:05Z</time>
      </trkpt>
      <trkpt lat="30.665750000000003" lon="34.877990000000004">
        <ele>722</ele>
        <time>2022-01-11T10:07:04Z</time>
      </trkpt>
      <trkpt lat="30.665770000000002" lon="34.87791">
        <ele>722</ele>
        <time>2022-01-11T10:07:03Z</time>
      </trkpt>
      <trkpt lat="30.665820000000004" lon="34.877840000000006">
        <ele>722</ele>
        <time>2022-01-11T10:07:02Z</time>
      </trkpt>
      <trkpt lat="30.666010000000004" lon="34.87762">
        <ele>722</ele>
        <time>2022-01-11T10:07:01Z</time>
      </trkpt>
      <trkpt lat="30.666010000000004" lon="34.87755">
        <ele>731</ele>
        <time>2022-01-11T10:07:00Z</time>
      </trkpt>
      <trkpt lat="30.66599" lon="34.87747">
        <ele>731</ele>
        <time>2022-01-11T10:06:59Z</time>
      </trkpt>
      <trkpt lat="30.665920000000003" lon="34.87733">
        <ele>731</ele>
        <time>2022-01-11T10:06:58Z</time>
      </trkpt>
      <trkpt lat="30.665820000000004" lon="34.8772">
        <ele>731</ele>
        <time>2022-01-11T10:06:57Z</time>
      </trkpt>
      <trkpt lat="30.66561" lon="34.877010000000006">
        <ele>731</ele>
        <time>2022-01-11T10:06:56Z</time>
      </trkpt>
      <trkpt lat="30.665560000000003" lon="34.87689">
        <ele>731</ele>
        <time>2022-01-11T10:06:55Z</time>
      </trkpt>
      <trkpt lat="30.665540000000004" lon="34.87671">
        <ele>734</ele>
        <time>2022-01-11T10:06:54Z</time>
      </trkpt>
      <trkpt lat="30.665540000000004" lon="34.87664">
        <ele>734</ele>
        <time>2022-01-11T10:06:53Z</time>
      </trkpt>
      <trkpt lat="30.665630000000004" lon="34.87632">
        <ele>734</ele>
        <time>2022-01-11T10:06:52Z</time>
      </trkpt>
      <trkpt lat="30.665630000000004" lon="34.87613">
        <ele>734</ele>
        <time>2022-01-11T10:06:51Z</time>
      </trkpt>
      <trkpt lat="30.66541" lon="34.875350000000005">
        <ele>740</ele>
        <time>2022-01-11T10:06:50Z</time>
      </trkpt>
      <trkpt lat="30.665290000000002" lon="34.87509">
        <ele>744</ele>
        <time>2022-01-11T10:06:49Z</time>
      </trkpt>
      <trkpt lat="30.665240000000004" lon="34.87494">
        <ele>739</ele>
        <time>2022-01-11T10:06:48Z</time>
      </trkpt>
      <trkpt lat="30.665240000000004" lon="34.874880000000005">
        <ele>739</ele>
        <time>2022-01-11T10:06:47Z</time>
      </trkpt>
      <trkpt lat="30.665280000000003" lon="34.87482">
        <ele>744</ele>
        <time>2022-01-11T10:06:46Z</time>
      </trkpt>
      <trkpt lat="30.665300000000002" lon="34.87462">
        <ele>744</ele>
        <time>2022-01-11T10:06:45Z</time>
      </trkpt>
      <trkpt lat="30.665280000000003" lon="34.87456">
        <ele>744</ele>
        <time>2022-01-11T10:06:44Z</time>
      </trkpt>
      <trkpt lat="30.665180000000003" lon="34.874480000000005">
        <ele>739</ele>
        <time>2022-01-11T10:06:43Z</time>
      </trkpt>
      <trkpt lat="30.665060000000004" lon="34.87425">
        <ele>744</ele>
        <time>2022-01-11T10:06:42Z</time>
      </trkpt>
      <trkpt lat="30.664990000000003" lon="34.874140000000004">
        <ele>744</ele>
        <time>2022-01-11T10:06:41Z</time>
      </trkpt>
      <trkpt lat="30.66476" lon="34.873920000000005">
        <ele>744</ele>
        <time>2022-01-11T10:06:40Z</time>
      </trkpt>
      <trkpt lat="30.664640000000002" lon="34.873760000000004">
        <ele>744</ele>
        <time>2022-01-11T10:06:39Z</time>
      </trkpt>
      <trkpt lat="30.66458" lon="34.8736">
        <ele>744</ele>
        <time>2022-01-11T10:06:38Z</time>
      </trkpt>
      <trkpt lat="30.664500000000004" lon="34.87333">
        <ele>744</ele>
        <time>2022-01-11T10:06:37Z</time>
      </trkpt>
      <trkpt lat="30.664450000000002" lon="34.873200000000004">
        <ele>744</ele>
        <time>2022-01-11T10:06:36Z</time>
      </trkpt>
      <trkpt lat="30.664320000000004" lon="34.873020000000004">
        <ele>742</ele>
        <time>2022-01-11T10:06:35Z</time>
      </trkpt>
      <trkpt lat="30.664040000000004" lon="34.8725">
        <ele>746</ele>
        <time>2022-01-11T10:06:34Z</time>
      </trkpt>
      <trkpt lat="30.664020000000004" lon="34.87241">
        <ele>746</ele>
        <time>2022-01-11T10:06:33Z</time>
      </trkpt>
      <trkpt lat="30.664050000000003" lon="34.87214">
        <ele>746</ele>
        <time>2022-01-11T10:06:32Z</time>
      </trkpt>
      <trkpt lat="30.664020000000004" lon="34.87192">
        <ele>746</ele>
        <time>2022-01-11T10:06:31Z</time>
      </trkpt>
      <trkpt lat="30.663950000000003" lon="34.87171">
        <ele>748</ele>
        <time>2022-01-11T10:06:30Z</time>
      </trkpt>
      <trkpt lat="30.66391" lon="34.871520000000004">
        <ele>748</ele>
        <time>2022-01-11T10:06:29Z</time>
      </trkpt>
      <trkpt lat="30.6639" lon="34.871280000000006">
        <ele>748</ele>
        <time>2022-01-11T10:06:28Z</time>
      </trkpt>
      <trkpt lat="30.663760000000003" lon="34.87086">
        <ele>746</ele>
        <time>2022-01-11T10:06:27Z</time>
      </trkpt>
      <trkpt lat="30.663580000000003" lon="34.87053">
        <ele>753</ele>
        <time>2022-01-11T10:06:26Z</time>
      </trkpt>
      <trkpt lat="30.66354" lon="34.87035">
        <ele>753</ele>
        <time>2022-01-11T10:06:25Z</time>
      </trkpt>
      <trkpt lat="30.663560000000004" lon="34.87019">
        <ele>753</ele>
        <time>2022-01-11T10:06:24Z</time>
      </trkpt>
      <trkpt lat="30.663690000000003" lon="34.869980000000005">
        <ele>748</ele>
        <time>2022-01-11T10:06:23Z</time>
      </trkpt>
      <trkpt lat="30.66372" lon="34.86984">
        <ele>748</ele>
        <time>2022-01-11T10:06:22Z</time>
      </trkpt>
      <trkpt lat="30.663680000000003" lon="34.869490000000006">
        <ele>748</ele>
        <time>2022-01-11T10:06:21Z</time>
      </trkpt>
      <trkpt lat="30.663690000000003" lon="34.86932">
        <ele>748</ele>
        <time>2022-01-11T10:06:20Z</time>
      </trkpt>
      <trkpt lat="30.663740000000004" lon="34.86916">
        <ele>748</ele>
        <time>2022-01-11T10:06:19Z</time>
      </trkpt>
      <trkpt lat="30.663750000000004" lon="34.869080000000004">
        <ele>748</ele>
        <time>2022-01-11T10:06:18Z</time>
      </trkpt>
      <trkpt lat="30.663740000000004" lon="34.86898">
        <ele>748</ele>
        <time>2022-01-11T10:06:17Z</time>
      </trkpt>
      <extensions>
        <RoutingType xmlns="">Hike</RoutingType>
      </extensions>
    </trkseg>
    <trkseg>
      <trkpt lat="30.663740000000004" lon="34.86898">
        <ele>748</ele>
        <time>2022-01-11T10:06:17Z</time>
      </trkpt>
      <trkpt lat="30.663710000000002" lon="34.86889">
        <ele>748</ele>
        <time>2022-01-11T10:06:16Z</time>
      </trkpt>
      <trkpt lat="30.663600000000002" lon="34.86874">
        <ele>752</ele>
        <time>2022-01-11T10:06:15Z</time>
      </trkpt>
      <trkpt lat="30.663570000000004" lon="34.868660000000006">
        <ele>752</ele>
        <time>2022-01-11T10:06:14Z</time>
      </trkpt>
      <trkpt lat="30.663410000000002" lon="34.86809">
        <ele>749</ele>
        <time>2022-01-11T10:06:13Z</time>
      </trkpt>
      <trkpt lat="30.663390000000003" lon="34.86789">
        <ele>749</ele>
        <time>2022-01-11T10:06:12Z</time>
      </trkpt>
      <trkpt lat="30.66334" lon="34.86778">
        <ele>749</ele>
        <time>2022-01-11T10:06:11Z</time>
      </trkpt>
      <trkpt lat="30.66315" lon="34.86712">
        <ele>751</ele>
        <time>2022-01-11T10:06:10Z</time>
      </trkpt>
      <trkpt lat="30.66317" lon="34.867070000000005">
        <ele>751</ele>
        <time>2022-01-11T10:06:09Z</time>
      </trkpt>
      <trkpt lat="30.663130000000002" lon="34.86675">
        <ele>749</ele>
        <time>2022-01-11T10:06:08Z</time>
      </trkpt>
      <trkpt lat="30.663020000000003" lon="34.866460000000004">
        <ele>749</ele>
        <time>2022-01-11T10:06:07Z</time>
      </trkpt>
      <trkpt lat="30.662630000000004" lon="34.86587">
        <ele>739</ele>
        <time>2022-01-11T10:06:06Z</time>
      </trkpt>
      <trkpt lat="30.662390000000002" lon="34.865590000000005">
        <ele>739</ele>
        <time>2022-01-11T10:06:05Z</time>
      </trkpt>
      <trkpt lat="30.662070000000003" lon="34.86506">
        <ele>731</ele>
        <time>2022-01-11T10:06:04Z</time>
      </trkpt>
      <trkpt lat="30.661980000000003" lon="34.86497">
        <ele>731</ele>
        <time>2022-01-11T10:06:03Z</time>
      </trkpt>
      <trkpt lat="30.66194" lon="34.86495">
        <ele>735</ele>
        <time>2022-01-11T10:06:02Z</time>
      </trkpt>
      <trkpt lat="30.661790000000003" lon="34.86473">
        <ele>735</ele>
        <time>2022-01-11T10:06:01Z</time>
      </trkpt>
      <trkpt lat="30.661640000000002" lon="34.86437">
        <ele>735</ele>
        <time>2022-01-11T10:06:00Z</time>
      </trkpt>
      <trkpt lat="30.661610000000003" lon="34.86419">
        <ele>732</ele>
        <time>2022-01-11T10:05:59Z</time>
      </trkpt>
      <trkpt lat="30.661620000000003" lon="34.864140000000006">
        <ele>732</ele>
        <time>2022-01-11T10:05:58Z</time>
      </trkpt>
      <trkpt lat="30.661580000000004" lon="34.864000000000004">
        <ele>732</ele>
        <time>2022-01-11T10:05:57Z</time>
      </trkpt>
      <trkpt lat="30.661590000000004" lon="34.863800000000005">
        <ele>732</ele>
        <time>2022-01-11T10:05:56Z</time>
      </trkpt>
      <trkpt lat="30.661510000000003" lon="34.863580000000006">
        <ele>732</ele>
        <time>2022-01-11T10:05:55Z</time>
      </trkpt>
      <trkpt lat="30.661500000000004" lon="34.86341">
        <ele>731</ele>
        <time>2022-01-11T10:05:54Z</time>
      </trkpt>
      <trkpt lat="30.661420000000003" lon="34.863240000000005">
        <ele>731</ele>
        <time>2022-01-11T10:05:53Z</time>
      </trkpt>
      <trkpt lat="30.66137" lon="34.86298">
        <ele>731</ele>
        <time>2022-01-11T10:05:52Z</time>
      </trkpt>
      <trkpt lat="30.661300000000004" lon="34.862880000000004">
        <ele>731</ele>
        <time>2022-01-11T10:05:51Z</time>
      </trkpt>
      <trkpt lat="30.66128" lon="34.862820000000006">
        <ele>731</ele>
        <time>2022-01-11T10:05:50Z</time>
      </trkpt>
      <trkpt lat="30.66129" lon="34.862750000000005">
        <ele>731</ele>
        <time>2022-01-11T10:05:49Z</time>
      </trkpt>
      <trkpt lat="30.661260000000002" lon="34.862660000000005">
        <ele>731</ele>
        <time>2022-01-11T10:05:48Z</time>
      </trkpt>
      <trkpt lat="30.661250000000003" lon="34.86252">
        <ele>735</ele>
        <time>2022-01-11T10:05:47Z</time>
      </trkpt>
      <trkpt lat="30.661210000000004" lon="34.8624">
        <ele>735</ele>
        <time>2022-01-11T10:05:46Z</time>
      </trkpt>
      <trkpt lat="30.661210000000004" lon="34.86209">
        <ele>735</ele>
        <time>2022-01-11T10:05:45Z</time>
      </trkpt>
      <trkpt lat="30.661160000000002" lon="34.862030000000004">
        <ele>735</ele>
        <time>2022-01-11T10:05:44Z</time>
      </trkpt>
      <trkpt lat="30.661130000000004" lon="34.86184">
        <ele>735</ele>
        <time>2022-01-11T10:05:43Z</time>
      </trkpt>
      <trkpt lat="30.661140000000003" lon="34.86171">
        <ele>736</ele>
        <time>2022-01-11T10:05:42Z</time>
      </trkpt>
      <trkpt lat="30.661260000000002" lon="34.8614">
        <ele>736</ele>
        <time>2022-01-11T10:05:41Z</time>
      </trkpt>
      <trkpt lat="30.661230000000003" lon="34.86121">
        <ele>736</ele>
        <time>2022-01-11T10:05:40Z</time>
      </trkpt>
      <trkpt lat="30.66099" lon="34.86084">
        <ele>739.5</ele>
        <time>2022-01-11T10:05:39Z</time>
      </trkpt>
      <trkpt lat="30.66099" lon="34.86084">
        <ele>739.5</ele>
        <time>2022-01-11T10:05:38Z</time>
      </trkpt>
      <trkpt lat="30.660950000000003" lon="34.86079">
        <ele>740</ele>
        <time>2022-01-11T10:05:37Z</time>
      </trkpt>
      <trkpt lat="30.660760000000003" lon="34.860670000000006">
        <ele>740</ele>
        <time>2022-01-11T10:05:36Z</time>
      </trkpt>
      <trkpt lat="30.660690000000002" lon="34.860670000000006">
        <ele>740</ele>
        <time>2022-01-11T10:05:35Z</time>
      </trkpt>
      <trkpt lat="30.660560000000004" lon="34.86061">
        <ele>740</ele>
        <time>2022-01-11T10:05:34Z</time>
      </trkpt>
      <trkpt lat="30.660380000000004" lon="34.86063">
        <ele>740</ele>
        <time>2022-01-11T10:05:33Z</time>
      </trkpt>
      <trkpt lat="30.66025" lon="34.86063">
        <ele>744</ele>
        <time>2022-01-11T10:05:32Z</time>
      </trkpt>
      <trkpt lat="30.660000000000004" lon="34.860670000000006">
        <ele>744</ele>
        <time>2022-01-11T10:05:31Z</time>
      </trkpt>
      <trkpt lat="30.659820000000003" lon="34.86052">
        <ele>744</ele>
        <time>2022-01-11T10:05:30Z</time>
      </trkpt>
      <trkpt lat="30.65969" lon="34.86028">
        <ele>744</ele>
        <time>2022-01-11T10:05:29Z</time>
      </trkpt>
      <trkpt lat="30.659580000000002" lon="34.86014">
        <ele>744</ele>
        <time>2022-01-11T10:05:28Z</time>
      </trkpt>
      <trkpt lat="30.659550000000003" lon="34.86005">
        <ele>744</ele>
        <time>2022-01-11T10:05:27Z</time>
      </trkpt>
      <trkpt lat="30.6595" lon="34.860020000000006">
        <ele>744</ele>
        <time>2022-01-11T10:05:26Z</time>
      </trkpt>
      <trkpt lat="30.659460000000003" lon="34.859930000000006">
        <ele>744</ele>
        <time>2022-01-11T10:05:25Z</time>
      </trkpt>
      <trkpt lat="30.659440000000004" lon="34.85985">
        <ele>739</ele>
        <time>2022-01-11T10:05:24Z</time>
      </trkpt>
      <trkpt lat="30.659450000000003" lon="34.859770000000005">
        <ele>744</ele>
        <time>2022-01-11T10:05:23Z</time>
      </trkpt>
      <trkpt lat="30.65942" lon="34.85961">
        <ele>739</ele>
        <time>2022-01-11T10:05:22Z</time>
      </trkpt>
      <trkpt lat="30.659010000000002" lon="34.859080000000006">
        <ele>737</ele>
        <time>2022-01-11T10:05:21Z</time>
      </trkpt>
      <trkpt lat="30.658890000000003" lon="34.85886">
        <ele>737</ele>
        <time>2022-01-11T10:05:20Z</time>
      </trkpt>
      <trkpt lat="30.65885" lon="34.858740000000004">
        <ele>737</ele>
        <time>2022-01-11T10:05:19Z</time>
      </trkpt>
      <trkpt lat="30.65874" lon="34.85858">
        <ele>737</ele>
        <time>2022-01-11T10:05:18Z</time>
      </trkpt>
      <trkpt lat="30.658690000000004" lon="34.85844">
        <ele>738</ele>
        <time>2022-01-11T10:05:17Z</time>
      </trkpt>
      <trkpt lat="30.658610000000003" lon="34.858290000000004">
        <ele>732</ele>
        <time>2022-01-11T10:05:16Z</time>
      </trkpt>
      <trkpt lat="30.65855" lon="34.85822">
        <ele>732</ele>
        <time>2022-01-11T10:05:15Z</time>
      </trkpt>
      <trkpt lat="30.658530000000003" lon="34.858160000000005">
        <ele>732</ele>
        <time>2022-01-11T10:05:14Z</time>
      </trkpt>
      <trkpt lat="30.658520000000003" lon="34.85804">
        <ele>732</ele>
        <time>2022-01-11T10:05:13Z</time>
      </trkpt>
      <trkpt lat="30.65846" lon="34.85777">
        <ele>732</ele>
        <time>2022-01-11T10:05:12Z</time>
      </trkpt>
      <trkpt lat="30.658440000000002" lon="34.85757">
        <ele>730</ele>
        <time>2022-01-11T10:05:11Z</time>
      </trkpt>
      <trkpt lat="30.658420000000003" lon="34.857420000000005">
        <ele>730</ele>
        <time>2022-01-11T10:05:10Z</time>
      </trkpt>
      <trkpt lat="30.65846" lon="34.857350000000004">
        <ele>730</ele>
        <time>2022-01-11T10:05:09Z</time>
      </trkpt>
      <trkpt lat="30.658440000000002" lon="34.85727">
        <ele>730</ele>
        <time>2022-01-11T10:05:08Z</time>
      </trkpt>
      <trkpt lat="30.658500000000004" lon="34.85699">
        <ele>730</ele>
        <time>2022-01-11T10:05:07Z</time>
      </trkpt>
      <trkpt lat="30.658540000000002" lon="34.856880000000004">
        <ele>730</ele>
        <time>2022-01-11T10:05:06Z</time>
      </trkpt>
      <trkpt lat="30.658600000000003" lon="34.85629">
        <ele>732</ele>
        <time>2022-01-11T10:05:05Z</time>
      </trkpt>
      <trkpt lat="30.65855" lon="34.856">
        <ele>732</ele>
        <time>2022-01-11T10:05:04Z</time>
      </trkpt>
      <trkpt lat="30.65855" lon="34.855810000000005">
        <ele>729</ele>
        <time>2022-01-11T10:05:03Z</time>
      </trkpt>
      <trkpt lat="30.65847" lon="34.85555">
        <ele>729</ele>
        <time>2022-01-11T10:05:02Z</time>
      </trkpt>
      <trkpt lat="30.65846" lon="34.855320000000006">
        <ele>729</ele>
        <time>2022-01-11T10:05:01Z</time>
      </trkpt>
      <trkpt lat="30.65846" lon="34.85517">
        <ele>729</ele>
        <time>2022-01-11T10:05:00Z</time>
      </trkpt>
      <trkpt lat="30.658440000000002" lon="34.855070000000005">
        <ele>733</ele>
        <time>2022-01-11T10:04:59Z</time>
      </trkpt>
      <trkpt lat="30.658400000000004" lon="34.854940000000006">
        <ele>733</ele>
        <time>2022-01-11T10:04:58Z</time>
      </trkpt>
      <trkpt lat="30.65838" lon="34.854800000000004">
        <ele>733</ele>
        <time>2022-01-11T10:04:57Z</time>
      </trkpt>
      <trkpt lat="30.658300000000004" lon="34.854600000000005">
        <ele>733</ele>
        <time>2022-01-11T10:04:56Z</time>
      </trkpt>
      <trkpt lat="30.658170000000002" lon="34.854400000000005">
        <ele>733</ele>
        <time>2022-01-11T10:04:55Z</time>
      </trkpt>
      <trkpt lat="30.658110000000004" lon="34.854110000000006">
        <ele>734</ele>
        <time>2022-01-11T10:04:54Z</time>
      </trkpt>
      <trkpt lat="30.658" lon="34.85394">
        <ele>734</ele>
        <time>2022-01-11T10:04:53Z</time>
      </trkpt>
      <trkpt lat="30.657930000000004" lon="34.853770000000004">
        <ele>734</ele>
        <time>2022-01-11T10:04:52Z</time>
      </trkpt>
      <trkpt lat="30.6579" lon="34.853590000000004">
        <ele>734</ele>
        <time>2022-01-11T10:04:51Z</time>
      </trkpt>
      <trkpt lat="30.6579" lon="34.85325">
        <ele>738</ele>
        <time>2022-01-11T10:04:50Z</time>
      </trkpt>
      <trkpt lat="30.657880000000002" lon="34.85315">
        <ele>738</ele>
        <time>2022-01-11T10:04:49Z</time>
      </trkpt>
      <trkpt lat="30.657780000000002" lon="34.85295">
        <ele>738</ele>
        <time>2022-01-11T10:04:48Z</time>
      </trkpt>
      <trkpt lat="30.657700000000002" lon="34.85287">
        <ele>737</ele>
        <time>2022-01-11T10:04:47Z</time>
      </trkpt>
      <trkpt lat="30.657670000000003" lon="34.852810000000005">
        <ele>737</ele>
        <time>2022-01-11T10:04:46Z</time>
      </trkpt>
      <trkpt lat="30.657570000000003" lon="34.85249">
        <ele>743</ele>
        <time>2022-01-11T10:04:45Z</time>
      </trkpt>
      <trkpt lat="30.657480000000003" lon="34.852360000000004">
        <ele>743</ele>
        <time>2022-01-11T10:04:44Z</time>
      </trkpt>
      <trkpt lat="30.657410000000002" lon="34.85222">
        <ele>743</ele>
        <time>2022-01-11T10:04:43Z</time>
      </trkpt>
      <trkpt lat="30.657390000000003" lon="34.85206">
        <ele>743</ele>
        <time>2022-01-11T10:04:42Z</time>
      </trkpt>
      <extensions>
        <RoutingType xmlns="">Hike</RoutingType>
      </extensions>
    </trkseg>
    <trkseg>
      <trkpt lat="30.657390000000003" lon="34.85206">
        <ele>743</ele>
        <time>2022-01-11T10:04:42Z</time>
      </trkpt>
      <trkpt lat="30.657420000000002" lon="34.85183">
        <ele>743</ele>
        <time>2022-01-11T10:04:41Z</time>
      </trkpt>
      <trkpt lat="30.657400000000003" lon="34.85165">
        <ele>749</ele>
        <time>2022-01-11T10:04:40Z</time>
      </trkpt>
      <trkpt lat="30.657360000000004" lon="34.851530000000004">
        <ele>749</ele>
        <time>2022-01-11T10:04:39Z</time>
      </trkpt>
      <trkpt lat="30.657320000000002" lon="34.851290000000006">
        <ele>749</ele>
        <time>2022-01-11T10:04:38Z</time>
      </trkpt>
      <trkpt lat="30.657280000000004" lon="34.851240000000004">
        <ele>749</ele>
        <time>2022-01-11T10:04:37Z</time>
      </trkpt>
      <trkpt lat="30.657130000000002" lon="34.851150000000004">
        <ele>749</ele>
        <time>2022-01-11T10:04:36Z</time>
      </trkpt>
      <trkpt lat="30.657130000000002" lon="34.851150000000004">
        <ele>749</ele>
        <time>2022-01-11T10:04:35Z</time>
      </trkpt>
      <trkpt lat="30.656990000000004" lon="34.85107">
        <ele>749</ele>
        <time>2022-01-11T10:04:34Z</time>
      </trkpt>
      <trkpt lat="30.65677" lon="34.850860000000004">
        <ele>751</ele>
        <time>2022-01-11T10:04:33Z</time>
      </trkpt>
      <trkpt lat="30.656700000000004" lon="34.850860000000004">
        <ele>751</ele>
        <time>2022-01-11T10:04:32Z</time>
      </trkpt>
      <trkpt lat="30.656650000000003" lon="34.8509">
        <ele>751</ele>
        <time>2022-01-11T10:04:31Z</time>
      </trkpt>
      <trkpt lat="30.656610000000004" lon="34.850970000000004">
        <ele>748</ele>
        <time>2022-01-11T10:04:30Z</time>
      </trkpt>
      <trkpt lat="30.6565" lon="34.8511">
        <ele>748</ele>
        <time>2022-01-11T10:04:29Z</time>
      </trkpt>
      <trkpt lat="30.65641" lon="34.851150000000004">
        <ele>748</ele>
        <time>2022-01-11T10:04:28Z</time>
      </trkpt>
      <trkpt lat="30.65632" lon="34.851150000000004">
        <ele>748</ele>
        <time>2022-01-11T10:04:27Z</time>
      </trkpt>
      <trkpt lat="30.65622" lon="34.85105">
        <ele>748</ele>
        <time>2022-01-11T10:04:26Z</time>
      </trkpt>
      <trkpt lat="30.656180000000003" lon="34.85092">
        <ele>751</ele>
        <time>2022-01-11T10:04:25Z</time>
      </trkpt>
      <trkpt lat="30.656150000000004" lon="34.85076">
        <ele>751</ele>
        <time>2022-01-11T10:04:24Z</time>
      </trkpt>
      <trkpt lat="30.656050000000004" lon="34.850660000000005">
        <ele>756</ele>
        <time>2022-01-11T10:04:23Z</time>
      </trkpt>
      <trkpt lat="30.655990000000003" lon="34.850620000000006">
        <ele>756</ele>
        <time>2022-01-11T10:04:22Z</time>
      </trkpt>
      <trkpt lat="30.655920000000002" lon="34.850620000000006">
        <ele>756</ele>
        <time>2022-01-11T10:04:21Z</time>
      </trkpt>
      <trkpt lat="30.65576" lon="34.85072">
        <ele>756</ele>
        <time>2022-01-11T10:04:20Z</time>
      </trkpt>
      <trkpt lat="30.655480000000004" lon="34.85103">
        <ele>750</ele>
        <time>2022-01-11T10:04:19Z</time>
      </trkpt>
      <trkpt lat="30.655340000000002" lon="34.851110000000006">
        <ele>750</ele>
        <time>2022-01-11T10:04:18Z</time>
      </trkpt>
      <trkpt lat="30.65528" lon="34.85112">
        <ele>761</ele>
        <time>2022-01-11T10:04:17Z</time>
      </trkpt>
      <trkpt lat="30.65508" lon="34.85127">
        <ele>761</ele>
        <time>2022-01-11T10:04:16Z</time>
      </trkpt>
      <trkpt lat="30.65508" lon="34.85127">
        <ele>761</ele>
        <time>2022-01-11T10:04:15Z</time>
      </trkpt>
      <trkpt lat="30.65501" lon="34.851330000000004">
        <ele>761</ele>
        <time>2022-01-11T10:04:14Z</time>
      </trkpt>
      <trkpt lat="30.654960000000003" lon="34.851400000000005">
        <ele>761</ele>
        <time>2022-01-11T10:04:13Z</time>
      </trkpt>
      <trkpt lat="30.65482" lon="34.85145">
        <ele>761</ele>
        <time>2022-01-11T10:04:12Z</time>
      </trkpt>
      <trkpt lat="30.654680000000003" lon="34.85141">
        <ele>761</ele>
        <time>2022-01-11T10:04:11Z</time>
      </trkpt>
      <trkpt lat="30.654660000000003" lon="34.851310000000005">
        <ele>761</ele>
        <time>2022-01-11T10:04:10Z</time>
      </trkpt>
      <trkpt lat="30.654670000000003" lon="34.851200000000006">
        <ele>761</ele>
        <time>2022-01-11T10:04:09Z</time>
      </trkpt>
      <trkpt lat="30.65471" lon="34.85108">
        <ele>761</ele>
        <time>2022-01-11T10:04:08Z</time>
      </trkpt>
      <trkpt lat="30.654880000000002" lon="34.85071">
        <ele>762</ele>
        <time>2022-01-11T10:04:07Z</time>
      </trkpt>
      <trkpt lat="30.65491" lon="34.8506">
        <ele>762</ele>
        <time>2022-01-11T10:04:06Z</time>
      </trkpt>
      <trkpt lat="30.654920000000004" lon="34.85042">
        <ele>762</ele>
        <time>2022-01-11T10:04:05Z</time>
      </trkpt>
      <trkpt lat="30.654950000000003" lon="34.850280000000005">
        <ele>762</ele>
        <time>2022-01-11T10:04:04Z</time>
      </trkpt>
      <trkpt lat="30.654950000000003" lon="34.85013">
        <ele>762</ele>
        <time>2022-01-11T10:04:03Z</time>
      </trkpt>
      <trkpt lat="30.65491" lon="34.84989">
        <ele>759</ele>
        <time>2022-01-11T10:04:02Z</time>
      </trkpt>
      <trkpt lat="30.65482" lon="34.849590000000006">
        <ele>759</ele>
        <time>2022-01-11T10:04:01Z</time>
      </trkpt>
      <trkpt lat="30.654750000000003" lon="34.849500000000006">
        <ele>759</ele>
        <time>2022-01-11T10:04:00Z</time>
      </trkpt>
      <trkpt lat="30.654700000000002" lon="34.84948">
        <ele>759</ele>
        <time>2022-01-11T10:03:59Z</time>
      </trkpt>
      <trkpt lat="30.65463" lon="34.849470000000004">
        <ele>759</ele>
        <time>2022-01-11T10:03:58Z</time>
      </trkpt>
      <trkpt lat="30.654590000000002" lon="34.849500000000006">
        <ele>756.5</ele>
        <time>2022-01-11T10:03:57Z</time>
      </trkpt>
      <trkpt lat="30.654590000000002" lon="34.849500000000006">
        <ele>756.5</ele>
        <time>2022-01-11T10:03:56Z</time>
      </trkpt>
      <trkpt lat="30.654450000000004" lon="34.849560000000004">
        <ele>754</ele>
        <time>2022-01-11T10:03:55Z</time>
      </trkpt>
      <trkpt lat="30.654310000000002" lon="34.84958">
        <ele>754</ele>
        <time>2022-01-11T10:03:54Z</time>
      </trkpt>
      <trkpt lat="30.654230000000002" lon="34.849560000000004">
        <ele>754</ele>
        <time>2022-01-11T10:03:53Z</time>
      </trkpt>
      <trkpt lat="30.65416" lon="34.849500000000006">
        <ele>754</ele>
        <time>2022-01-11T10:03:52Z</time>
      </trkpt>
      <trkpt lat="30.654120000000002" lon="34.8494">
        <ele>754</ele>
        <time>2022-01-11T10:03:51Z</time>
      </trkpt>
      <trkpt lat="30.654100000000003" lon="34.849270000000004">
        <ele>756</ele>
        <time>2022-01-11T10:03:50Z</time>
      </trkpt>
      <trkpt lat="30.654120000000002" lon="34.849140000000006">
        <ele>756</ele>
        <time>2022-01-11T10:03:49Z</time>
      </trkpt>
      <trkpt lat="30.654200000000003" lon="34.848850000000006">
        <ele>756</ele>
        <time>2022-01-11T10:03:48Z</time>
      </trkpt>
      <trkpt lat="30.654200000000003" lon="34.84872">
        <ele>756</ele>
        <time>2022-01-11T10:03:47Z</time>
      </trkpt>
      <trkpt lat="30.654180000000004" lon="34.84863">
        <ele>756</ele>
        <time>2022-01-11T10:03:46Z</time>
      </trkpt>
      <trkpt lat="30.654120000000002" lon="34.84848">
        <ele>756</ele>
        <time>2022-01-11T10:03:45Z</time>
      </trkpt>
      <trkpt lat="30.654080000000004" lon="34.848440000000004">
        <ele>758</ele>
        <time>2022-01-11T10:03:44Z</time>
      </trkpt>
      <trkpt lat="30.654040000000002" lon="34.848420000000004">
        <ele>758</ele>
        <time>2022-01-11T10:03:43Z</time>
      </trkpt>
      <trkpt lat="30.653800000000004" lon="34.848470000000006">
        <ele>756</ele>
        <time>2022-01-11T10:03:42Z</time>
      </trkpt>
      <trkpt lat="30.653650000000003" lon="34.84843">
        <ele>758</ele>
        <time>2022-01-11T10:03:41Z</time>
      </trkpt>
      <trkpt lat="30.653530000000003" lon="34.84823">
        <ele>755</ele>
        <time>2022-01-11T10:03:40Z</time>
      </trkpt>
      <trkpt lat="30.653470000000002" lon="34.84819">
        <ele>755</ele>
        <time>2022-01-11T10:03:39Z</time>
      </trkpt>
      <trkpt lat="30.653330000000004" lon="34.84814">
        <ele>755</ele>
        <time>2022-01-11T10:03:38Z</time>
      </trkpt>
      <trkpt lat="30.653160000000003" lon="34.84814">
        <ele>755</ele>
        <time>2022-01-11T10:03:37Z</time>
      </trkpt>
      <trkpt lat="30.653060000000004" lon="34.84812">
        <ele>755</ele>
        <time>2022-01-11T10:03:36Z</time>
      </trkpt>
      <trkpt lat="30.652950000000004" lon="34.848060000000004">
        <ele>755</ele>
        <time>2022-01-11T10:03:35Z</time>
      </trkpt>
      <trkpt lat="30.652820000000002" lon="34.84792">
        <ele>755</ele>
        <time>2022-01-11T10:03:34Z</time>
      </trkpt>
      <trkpt lat="30.652700000000003" lon="34.84783">
        <ele>753</ele>
        <time>2022-01-11T10:03:33Z</time>
      </trkpt>
      <trkpt lat="30.65237" lon="34.847750000000005">
        <ele>753</ele>
        <time>2022-01-11T10:03:32Z</time>
      </trkpt>
      <trkpt lat="30.652260000000002" lon="34.847680000000004">
        <ele>753</ele>
        <time>2022-01-11T10:03:31Z</time>
      </trkpt>
      <trkpt lat="30.652110000000004" lon="34.847550000000005">
        <ele>759</ele>
        <time>2022-01-11T10:03:30Z</time>
      </trkpt>
      <trkpt lat="30.651970000000002" lon="34.84736">
        <ele>759</ele>
        <time>2022-01-11T10:03:29Z</time>
      </trkpt>
      <trkpt lat="30.651840000000004" lon="34.84727">
        <ele>754</ele>
        <time>2022-01-11T10:03:28Z</time>
      </trkpt>
      <trkpt lat="30.651760000000003" lon="34.84714">
        <ele>754</ele>
        <time>2022-01-11T10:03:27Z</time>
      </trkpt>
      <trkpt lat="30.651650000000004" lon="34.847">
        <ele>754</ele>
        <time>2022-01-11T10:03:26Z</time>
      </trkpt>
      <trkpt lat="30.651460000000004" lon="34.84651">
        <ele>754</ele>
        <time>2022-01-11T10:03:25Z</time>
      </trkpt>
      <trkpt lat="30.65134" lon="34.84628">
        <ele>754</ele>
        <time>2022-01-11T10:03:24Z</time>
      </trkpt>
      <trkpt lat="30.651120000000002" lon="34.84604">
        <ele>754</ele>
        <time>2022-01-11T10:03:23Z</time>
      </trkpt>
      <trkpt lat="30.65087" lon="34.845710000000004">
        <ele>755</ele>
        <time>2022-01-11T10:03:22Z</time>
      </trkpt>
      <trkpt lat="30.650800000000004" lon="34.845650000000006">
        <ele>755</ele>
        <time>2022-01-11T10:03:21Z</time>
      </trkpt>
      <trkpt lat="30.650540000000003" lon="34.84535">
        <ele>755</ele>
        <time>2022-01-11T10:03:20Z</time>
      </trkpt>
      <trkpt lat="30.650240000000004" lon="34.84488">
        <ele>758</ele>
        <time>2022-01-11T10:03:19Z</time>
      </trkpt>
      <trkpt lat="30.649910000000002" lon="34.844440000000006">
        <ele>758</ele>
        <time>2022-01-11T10:03:18Z</time>
      </trkpt>
      <trkpt lat="30.649890000000003" lon="34.844390000000004">
        <ele>758</ele>
        <time>2022-01-11T10:03:17Z</time>
      </trkpt>
      <trkpt lat="30.649880000000003" lon="34.84427">
        <ele>755</ele>
        <time>2022-01-11T10:03:16Z</time>
      </trkpt>
      <trkpt lat="30.64983" lon="34.844060000000006">
        <ele>755</ele>
        <time>2022-01-11T10:03:15Z</time>
      </trkpt>
      <trkpt lat="30.649610000000003" lon="34.843520000000005">
        <ele>755</ele>
        <time>2022-01-11T10:03:14Z</time>
      </trkpt>
      <trkpt lat="30.649480000000004" lon="34.843300000000006">
        <ele>759</ele>
        <time>2022-01-11T10:03:13Z</time>
      </trkpt>
      <trkpt lat="30.64937" lon="34.843210000000006">
        <ele>761</ele>
        <time>2022-01-11T10:03:12Z</time>
      </trkpt>
      <trkpt lat="30.649330000000003" lon="34.843160000000005">
        <ele>761</ele>
        <time>2022-01-11T10:03:11Z</time>
      </trkpt>
      <trkpt lat="30.64919" lon="34.8429">
        <ele>761</ele>
        <time>2022-01-11T10:03:10Z</time>
      </trkpt>
      <trkpt lat="30.649100000000004" lon="34.842620000000004">
        <ele>762</ele>
        <time>2022-01-11T10:03:09Z</time>
      </trkpt>
      <trkpt lat="30.649070000000002" lon="34.842560000000006">
        <ele>762</ele>
        <time>2022-01-11T10:03:08Z</time>
      </trkpt>
      <trkpt lat="30.649030000000003" lon="34.842310000000005">
        <ele>762</ele>
        <time>2022-01-11T10:03:07Z</time>
      </trkpt>
      <extensions>
        <RoutingType xmlns="">Hike</RoutingType>
      </extensions>
    </trkseg>
    <trkseg>
      <trkpt lat="30.649030000000003" lon="34.842310000000005">
        <ele>762</ele>
        <time>2022-01-11T10:03:07Z</time>
      </trkpt>
      <trkpt lat="30.648930000000004" lon="34.842110000000005">
        <ele>762</ele>
        <time>2022-01-11T10:03:06Z</time>
      </trkpt>
      <trkpt lat="30.648920000000004" lon="34.842000000000006">
        <ele>762</ele>
        <time>2022-01-11T10:03:05Z</time>
      </trkpt>
      <trkpt lat="30.648730000000004" lon="34.84152">
        <ele>762</ele>
        <time>2022-01-11T10:03:04Z</time>
      </trkpt>
      <trkpt lat="30.648540000000004" lon="34.84125">
        <ele>762</ele>
        <time>2022-01-11T10:03:03Z</time>
      </trkpt>
      <trkpt lat="30.648490000000002" lon="34.84113">
        <ele>762</ele>
        <time>2022-01-11T10:03:02Z</time>
      </trkpt>
      <trkpt lat="30.648390000000003" lon="34.84103">
        <ele>762</ele>
        <time>2022-01-11T10:03:01Z</time>
      </trkpt>
      <trkpt lat="30.648170000000004" lon="34.840920000000004">
        <ele>765</ele>
        <time>2022-01-11T10:03:00Z</time>
      </trkpt>
      <trkpt lat="30.648090000000003" lon="34.84084">
        <ele>765</ele>
        <time>2022-01-11T10:02:59Z</time>
      </trkpt>
      <trkpt lat="30.648020000000002" lon="34.84073">
        <ele>765</ele>
        <time>2022-01-11T10:02:58Z</time>
      </trkpt>
      <trkpt lat="30.64786" lon="34.84056">
        <ele>765</ele>
        <time>2022-01-11T10:02:57Z</time>
      </trkpt>
      <trkpt lat="30.647520000000004" lon="34.84008">
        <ele>770</ele>
        <time>2022-01-11T10:02:56Z</time>
      </trkpt>
      <trkpt lat="30.647350000000003" lon="34.83982">
        <ele>770</ele>
        <time>2022-01-11T10:02:55Z</time>
      </trkpt>
      <trkpt lat="30.6473" lon="34.839690000000004">
        <ele>770</ele>
        <time>2022-01-11T10:02:54Z</time>
      </trkpt>
      <trkpt lat="30.647280000000002" lon="34.83955">
        <ele>770</ele>
        <time>2022-01-11T10:02:53Z</time>
      </trkpt>
      <trkpt lat="30.647170000000003" lon="34.839270000000006">
        <ele>772</ele>
        <time>2022-01-11T10:02:52Z</time>
      </trkpt>
      <trkpt lat="30.647150000000003" lon="34.83919">
        <ele>772</ele>
        <time>2022-01-11T10:02:51Z</time>
      </trkpt>
      <trkpt lat="30.647090000000002" lon="34.839090000000006">
        <ele>772</ele>
        <time>2022-01-11T10:02:50Z</time>
      </trkpt>
      <trkpt lat="30.64701" lon="34.83907">
        <ele>772</ele>
        <time>2022-01-11T10:02:49Z</time>
      </trkpt>
      <trkpt lat="30.64692" lon="34.839000000000006">
        <ele>772</ele>
        <time>2022-01-11T10:02:48Z</time>
      </trkpt>
      <trkpt lat="30.646790000000003" lon="34.83883">
        <ele>772</ele>
        <time>2022-01-11T10:02:47Z</time>
      </trkpt>
      <trkpt lat="30.64673" lon="34.83869">
        <ele>772</ele>
        <time>2022-01-11T10:02:46Z</time>
      </trkpt>
      <trkpt lat="30.646520000000002" lon="34.83838">
        <ele>772</ele>
        <time>2022-01-11T10:02:45Z</time>
      </trkpt>
      <trkpt lat="30.64635" lon="34.83803">
        <ele>772</ele>
        <time>2022-01-11T10:02:44Z</time>
      </trkpt>
      <trkpt lat="30.646" lon="34.83771">
        <ele>774</ele>
        <time>2022-01-11T10:02:43Z</time>
      </trkpt>
      <trkpt lat="30.64589" lon="34.837650000000004">
        <ele>774</ele>
        <time>2022-01-11T10:02:42Z</time>
      </trkpt>
      <trkpt lat="30.645840000000003" lon="34.837590000000006">
        <ele>778</ele>
        <time>2022-01-11T10:02:41Z</time>
      </trkpt>
      <trkpt lat="30.645650000000003" lon="34.83744">
        <ele>778</ele>
        <time>2022-01-11T10:02:40Z</time>
      </trkpt>
      <trkpt lat="30.645410000000002" lon="34.837320000000005">
        <ele>778</ele>
        <time>2022-01-11T10:02:39Z</time>
      </trkpt>
      <trkpt lat="30.64524" lon="34.83726">
        <ele>780</ele>
        <time>2022-01-11T10:02:38Z</time>
      </trkpt>
      <trkpt lat="30.644920000000003" lon="34.837230000000005">
        <ele>780</ele>
        <time>2022-01-11T10:02:37Z</time>
      </trkpt>
      <trkpt lat="30.644800000000004" lon="34.837180000000004">
        <ele>780</ele>
        <time>2022-01-11T10:02:36Z</time>
      </trkpt>
      <trkpt lat="30.644710000000003" lon="34.83709">
        <ele>780</ele>
        <time>2022-01-11T10:02:35Z</time>
      </trkpt>
      <trkpt lat="30.64457" lon="34.836980000000004">
        <ele>780</ele>
        <time>2022-01-11T10:02:34Z</time>
      </trkpt>
      <trkpt lat="30.644510000000004" lon="34.836890000000004">
        <ele>780</ele>
        <time>2022-01-11T10:02:33Z</time>
      </trkpt>
      <trkpt lat="30.64449" lon="34.83682">
        <ele>780</ele>
        <time>2022-01-11T10:02:32Z</time>
      </trkpt>
      <trkpt lat="30.644430000000003" lon="34.8365">
        <ele>781</ele>
        <time>2022-01-11T10:02:31Z</time>
      </trkpt>
      <trkpt lat="30.644460000000002" lon="34.83615">
        <ele>781</ele>
        <time>2022-01-11T10:02:30Z</time>
      </trkpt>
      <trkpt lat="30.644430000000003" lon="34.835910000000005">
        <ele>779</ele>
        <time>2022-01-11T10:02:29Z</time>
      </trkpt>
      <trkpt lat="30.644450000000003" lon="34.83558">
        <ele>779</ele>
        <time>2022-01-11T10:02:28Z</time>
      </trkpt>
      <trkpt lat="30.644430000000003" lon="34.8354">
        <ele>779</ele>
        <time>2022-01-11T10:02:27Z</time>
      </trkpt>
      <trkpt lat="30.644430000000003" lon="34.8354">
        <ele>779</ele>
        <time>2022-01-11T10:02:26Z</time>
      </trkpt>
      <trkpt lat="30.64438" lon="34.83525">
        <ele>779</ele>
        <time>2022-01-11T10:02:25Z</time>
      </trkpt>
      <trkpt lat="30.64412" lon="34.834740000000004">
        <ele>776</ele>
        <time>2022-01-11T10:02:24Z</time>
      </trkpt>
      <trkpt lat="30.643760000000004" lon="34.833940000000005">
        <ele>776</ele>
        <time>2022-01-11T10:02:23Z</time>
      </trkpt>
      <trkpt lat="30.643490000000003" lon="34.833510000000004">
        <ele>777</ele>
        <time>2022-01-11T10:02:22Z</time>
      </trkpt>
      <trkpt lat="30.64327" lon="34.83301">
        <ele>775</ele>
        <time>2022-01-11T10:02:21Z</time>
      </trkpt>
      <trkpt lat="30.643100000000004" lon="34.83272">
        <ele>775</ele>
        <time>2022-01-11T10:02:20Z</time>
      </trkpt>
      <trkpt lat="30.643020000000003" lon="34.832530000000006">
        <ele>774</ele>
        <time>2022-01-11T10:02:19Z</time>
      </trkpt>
      <trkpt lat="30.642930000000003" lon="34.832190000000004">
        <ele>774</ele>
        <time>2022-01-11T10:02:18Z</time>
      </trkpt>
      <trkpt lat="30.6428" lon="34.83196">
        <ele>774</ele>
        <time>2022-01-11T10:02:17Z</time>
      </trkpt>
      <trkpt lat="30.642670000000003" lon="34.831810000000004">
        <ele>777</ele>
        <time>2022-01-11T10:02:16Z</time>
      </trkpt>
      <trkpt lat="30.642650000000003" lon="34.831720000000004">
        <ele>775</ele>
        <time>2022-01-11T10:02:15Z</time>
      </trkpt>
      <trkpt lat="30.64252" lon="34.83147">
        <ele>775</ele>
        <time>2022-01-11T10:02:14Z</time>
      </trkpt>
      <trkpt lat="30.642380000000003" lon="34.83127">
        <ele>775</ele>
        <time>2022-01-11T10:02:13Z</time>
      </trkpt>
      <trkpt lat="30.64233" lon="34.831160000000004">
        <ele>775</ele>
        <time>2022-01-11T10:02:12Z</time>
      </trkpt>
      <trkpt lat="30.642160000000004" lon="34.831050000000005">
        <ele>775</ele>
        <time>2022-01-11T10:02:11Z</time>
      </trkpt>
      <trkpt lat="30.642080000000004" lon="34.83097">
        <ele>775</ele>
        <time>2022-01-11T10:02:10Z</time>
      </trkpt>
      <trkpt lat="30.641910000000003" lon="34.83073">
        <ele>778</ele>
        <time>2022-01-11T10:02:09Z</time>
      </trkpt>
      <trkpt lat="30.64186" lon="34.83071">
        <ele>778</ele>
        <time>2022-01-11T10:02:08Z</time>
      </trkpt>
      <trkpt lat="30.641750000000002" lon="34.83062">
        <ele>778</ele>
        <time>2022-01-11T10:02:07Z</time>
      </trkpt>
      <trkpt lat="30.641710000000003" lon="34.83053">
        <ele>778</ele>
        <time>2022-01-11T10:02:06Z</time>
      </trkpt>
      <trkpt lat="30.64149" lon="34.830290000000005">
        <ele>778</ele>
        <time>2022-01-11T10:02:05Z</time>
      </trkpt>
      <trkpt lat="30.6413" lon="34.829950000000004">
        <ele>776</ele>
        <time>2022-01-11T10:02:04Z</time>
      </trkpt>
      <trkpt lat="30.641090000000002" lon="34.82974">
        <ele>777</ele>
        <time>2022-01-11T10:02:03Z</time>
      </trkpt>
      <trkpt lat="30.641040000000004" lon="34.829570000000004">
        <ele>777</ele>
        <time>2022-01-11T10:02:02Z</time>
      </trkpt>
      <trkpt lat="30.641000000000002" lon="34.8295">
        <ele>777</ele>
        <time>2022-01-11T10:02:01Z</time>
      </trkpt>
      <trkpt lat="30.64084" lon="34.82932">
        <ele>777</ele>
        <time>2022-01-11T10:02:00Z</time>
      </trkpt>
      <trkpt lat="30.64073" lon="34.829130000000006">
        <ele>780</ele>
        <time>2022-01-11T10:01:59Z</time>
      </trkpt>
      <trkpt lat="30.640620000000002" lon="34.82903">
        <ele>780</ele>
        <time>2022-01-11T10:01:58Z</time>
      </trkpt>
      <trkpt lat="30.640400000000003" lon="34.82887">
        <ele>780</ele>
        <time>2022-01-11T10:01:57Z</time>
      </trkpt>
      <trkpt lat="30.640310000000003" lon="34.82883">
        <ele>780</ele>
        <time>2022-01-11T10:01:56Z</time>
      </trkpt>
      <trkpt lat="30.64016" lon="34.828680000000006">
        <ele>783</ele>
        <time>2022-01-11T10:01:55Z</time>
      </trkpt>
      <trkpt lat="30.640000000000004" lon="34.8286">
        <ele>783</ele>
        <time>2022-01-11T10:01:54Z</time>
      </trkpt>
      <trkpt lat="30.639870000000002" lon="34.828570000000006">
        <ele>783</ele>
        <time>2022-01-11T10:01:53Z</time>
      </trkpt>
      <trkpt lat="30.639730000000004" lon="34.828590000000005">
        <ele>783</ele>
        <time>2022-01-11T10:01:52Z</time>
      </trkpt>
      <trkpt lat="30.63932" lon="34.82871">
        <ele>785</ele>
        <time>2022-01-11T10:01:51Z</time>
      </trkpt>
      <trkpt lat="30.639120000000002" lon="34.82871">
        <ele>785</ele>
        <time>2022-01-11T10:01:50Z</time>
      </trkpt>
      <trkpt lat="30.63885" lon="34.82853">
        <ele>785</ele>
        <time>2022-01-11T10:01:49Z</time>
      </trkpt>
      <trkpt lat="30.63867" lon="34.828320000000005">
        <ele>787</ele>
        <time>2022-01-11T10:01:48Z</time>
      </trkpt>
      <trkpt lat="30.63867" lon="34.828320000000005">
        <ele>787</ele>
        <time>2022-01-11T10:01:47Z</time>
      </trkpt>
      <trkpt lat="30.638450000000002" lon="34.82806">
        <ele>789</ele>
        <time>2022-01-11T10:01:46Z</time>
      </trkpt>
      <trkpt lat="30.6384" lon="34.828030000000005">
        <ele>789</ele>
        <time>2022-01-11T10:01:45Z</time>
      </trkpt>
      <trkpt lat="30.63828" lon="34.82791">
        <ele>789</ele>
        <time>2022-01-11T10:01:44Z</time>
      </trkpt>
      <trkpt lat="30.638120000000004" lon="34.82771">
        <ele>789</ele>
        <time>2022-01-11T10:01:43Z</time>
      </trkpt>
      <trkpt lat="30.638030000000004" lon="34.827650000000006">
        <ele>789</ele>
        <time>2022-01-11T10:01:42Z</time>
      </trkpt>
      <trkpt lat="30.637980000000002" lon="34.827560000000005">
        <ele>789</ele>
        <time>2022-01-11T10:01:41Z</time>
      </trkpt>
      <trkpt lat="30.637840000000004" lon="34.82741">
        <ele>789</ele>
        <time>2022-01-11T10:01:40Z</time>
      </trkpt>
      <trkpt lat="30.637770000000003" lon="34.82728">
        <ele>790</ele>
        <time>2022-01-11T10:01:39Z</time>
      </trkpt>
      <trkpt lat="30.637770000000003" lon="34.82714">
        <ele>790</ele>
        <time>2022-01-11T10:01:38Z</time>
      </trkpt>
      <trkpt lat="30.637690000000003" lon="34.82672">
        <ele>790</ele>
        <time>2022-01-11T10:01:37Z</time>
      </trkpt>
      <trkpt lat="30.637620000000002" lon="34.82656">
        <ele>790</ele>
        <time>2022-01-11T10:01:36Z</time>
      </trkpt>
      <trkpt lat="30.63754" lon="34.82643">
        <ele>790</ele>
        <time>2022-01-11T10:01:35Z</time>
      </trkpt>
      <trkpt lat="30.63744" lon="34.82621">
        <ele>790</ele>
        <time>2022-01-11T10:01:34Z</time>
      </trkpt>
      <trkpt lat="30.637340000000002" lon="34.826010000000004">
        <ele>790</ele>
        <time>2022-01-11T10:01:33Z</time>
      </trkpt>
      <trkpt lat="30.637210000000003" lon="34.82567">
        <ele>787</ele>
        <time>2022-01-11T10:01:32Z</time>
      </trkpt>
      <extensions>
        <RoutingType xmlns="">Hike</RoutingType>
      </extensions>
    </trkseg>
    <trkseg>
      <trkpt lat="30.637209" lon="34.825671">
        <ele>786.2</ele>
      </trkpt>
      <trkpt lat="30.637102" lon="34.825436">
        <ele>786.8783277240898</ele>
      </trkpt>
      <trkpt lat="30.636982" lon="34.825274">
        <ele>787.4766671497318</ele>
      </trkpt>
      <trkpt lat="30.636926" lon="34.825239">
        <ele>787.6887725542127</ele>
      </trkpt>
      <trkpt lat="30.636739" lon="34.824905">
        <ele>788.5397381870633</ele>
      </trkpt>
      <trkpt lat="30.636646" lon="34.824836">
        <ele>788.98958708766</ele>
      </trkpt>
      <trkpt lat="30.636361" lon="34.824693">
        <ele>790.1361022855552</ele>
      </trkpt>
      <trkpt lat="30.636246" lon="34.824646">
        <ele>790.4809988752322</ele>
      </trkpt>
      <trkpt lat="30.635879" lon="34.824547">
        <ele>789.966815830753</ele>
      </trkpt>
      <trkpt lat="30.635627" lon="34.82446">
        <ele>790.3438199327248</ele>
      </trkpt>
      <trkpt lat="30.635327" lon="34.824297">
        <ele>792.3269886253908</ele>
      </trkpt>
      <trkpt lat="30.635161" lon="34.824297">
        <ele>793.4438055379517</ele>
      </trkpt>
      <trkpt lat="30.635072" lon="34.824326">
        <ele>794.0262221355849</ele>
      </trkpt>
      <trkpt lat="30.634924" lon="34.824308">
        <ele>795.010434374799</ele>
      </trkpt>
      <trkpt lat="30.634796" lon="34.824235">
        <ele>796.0673853027351</ele>
      </trkpt>
      <trkpt lat="30.634687" lon="34.824133">
        <ele>797.2464382603808</ele>
      </trkpt>
      <trkpt lat="30.63466" lon="34.824047">
        <ele>798.0347253834983</ele>
      </trkpt>
      <trkpt lat="30.634605" lon="34.823961">
        <ele>798.9574081983103</ele>
      </trkpt>
      <trkpt lat="30.634528" lon="34.823952">
        <ele>799.6704176535281</ele>
      </trkpt>
      <trkpt lat="30.634371" lon="34.823984">
        <ele>800.9701804520657</ele>
      </trkpt>
      <trkpt lat="30.634294" lon="34.823971">
        <ele>801.6016914975959</ele>
      </trkpt>
      <trkpt lat="30.634175" lon="34.823918">
        <ele>801.9795728248632</ele>
      </trkpt>
      <trkpt lat="30.634098" lon="34.823883">
        <ele>802.2247345374124</ele>
      </trkpt>
      <trkpt lat="30.634014" lon="34.823829">
        <ele>802.4820321602591</ele>
      </trkpt>
      <trkpt lat="30.633875" lon="34.823777">
        <ele>802.8067740961294</ele>
      </trkpt>
      <trkpt lat="30.633739" lon="34.82379">
        <ele>803.0918713100034</ele>
      </trkpt>
      <trkpt lat="30.63335" lon="34.823661">
        <ele>803.5683117737559</ele>
      </trkpt>
      <trkpt lat="30.63312" lon="34.823575">
        <ele>804.0050532273535</ele>
      </trkpt>
      <trkpt lat="30.632917" lon="34.823427">
        <ele>804.2066273915844</ele>
      </trkpt>
      <trkpt lat="30.632646" lon="34.823173">
        <ele>801.7524540824093</ele>
      </trkpt>
      <trkpt lat="30.632135" lon="34.82264">
        <ele>802.3</ele>
      </trkpt>
      <trkpt lat="30.631764" lon="34.822295">
        <ele>798.6225209049926</ele>
      </trkpt>
      <trkpt lat="30.631601" lon="34.822069">
        <ele>796.0038814331404</ele>
      </trkpt>
      <trkpt lat="30.631376" lon="34.821855">
        <ele>797.2119617279301</ele>
      </trkpt>
      <trkpt lat="30.631182" lon="34.821616">
        <ele>799.7941144096729</ele>
      </trkpt>
      <trkpt lat="30.63108" lon="34.821422">
        <ele>800.8817479566768</ele>
      </trkpt>
      <trkpt lat="30.631015" lon="34.821164">
        <ele>801.6695095843038</ele>
      </trkpt>
      <trkpt lat="30.630923" lon="34.8209">
        <ele>801.2797024877768</ele>
      </trkpt>
      <trkpt lat="30.630907" lon="34.820679">
        <ele>800.6378978919862</ele>
      </trkpt>
      <trkpt lat="30.630813" lon="34.820104">
        <ele>799.3639962989918</ele>
      </trkpt>
      <trkpt lat="30.630818" lon="34.820038">
        <ele>799.2160796040541</ele>
      </trkpt>
      <trkpt lat="30.630802" lon="34.819919">
        <ele>798.9471852214208</ele>
      </trkpt>
      <trkpt lat="30.63079" lon="34.819821">
        <ele>798.8</ele>
      </trkpt>
      <trkpt lat="30.63075" lon="34.819761">
        <ele>798.8</ele>
      </trkpt>
      <trkpt lat="30.630273" lon="34.819265">
        <ele>798.8879624993124</ele>
      </trkpt>
      <trkpt lat="30.629971" lon="34.818892">
        <ele>798.8173093694276</ele>
      </trkpt>
      <trkpt lat="30.629833" lon="34.818761">
        <ele>798.287570857374</ele>
      </trkpt>
      <trkpt lat="30.629687" lon="34.818685">
        <ele>797.7539115762257</ele>
      </trkpt>
      <trkpt lat="30.629639" lon="34.818635">
        <ele>797.5388837075448</ele>
      </trkpt>
      <trkpt lat="30.629561" lon="34.818547">
        <ele>797.6237559891787</ele>
      </trkpt>
      <trkpt lat="30.629455" lon="34.818362">
        <ele>798.2617412139289</ele>
      </trkpt>
      <trkpt lat="30.629338" lon="34.818238">
        <ele>799.0621647785265</ele>
      </trkpt>
      <trkpt lat="30.629058" lon="34.818026">
        <ele>800.7962696503541</ele>
      </trkpt>
      <trkpt lat="30.629001" lon="34.817993">
        <ele>801.12671901413</ele>
      </trkpt>
      <trkpt lat="30.628924" lon="34.817979">
        <ele>801.5311399377327</ele>
      </trkpt>
      <trkpt lat="30.628673" lon="34.817765">
        <ele>803.2388858426306</ele>
      </trkpt>
      <trkpt lat="30.628542" lon="34.817702">
        <ele>804.0796604797508</ele>
      </trkpt>
      <trkpt lat="30.628391" lon="34.817596">
        <ele>804.8693826367919</ele>
      </trkpt>
      <trkpt lat="30.627804" lon="34.817158">
        <ele>804.5040611647305</ele>
      </trkpt>
      <trkpt lat="30.627222" lon="34.816755">
        <ele>804.6359648354962</ele>
      </trkpt>
      <trkpt lat="30.625446" lon="34.815293">
        <ele>803.439041602917</ele>
      </trkpt>
      <trkpt lat="30.624218" lon="34.814358">
        <ele>807.5941368940174</ele>
      </trkpt>
      <trkpt lat="30.623717" lon="34.814039">
        <ele>810.9365215640847</ele>
      </trkpt>
      <trkpt lat="30.623185" lon="34.813809">
        <ele>812.2064667502652</ele>
      </trkpt>
      <trkpt lat="30.62276" lon="34.813601">
        <ele>813.2884663708667</ele>
      </trkpt>
      <trkpt lat="30.622015" lon="34.813152">
        <ele>813.4163157965612</ele>
      </trkpt>
      <trkpt lat="30.621657" lon="34.812896">
        <ele>815.1301548057411</ele>
      </trkpt>
      <trkpt lat="30.621106" lon="34.812432">
        <ele>817.6161235564826</ele>
      </trkpt>
      <trkpt lat="30.620229" lon="34.811542">
        <ele>820.3618464410449</ele>
      </trkpt>
      <trkpt lat="30.620021" lon="34.811401">
        <ele>820.8424016204822</ele>
      </trkpt>
      <trkpt lat="30.619589" lon="34.811203">
        <ele>822.5242076633514</ele>
      </trkpt>
      <trkpt lat="30.619264" lon="34.810963">
        <ele>824.5071636670103</ele>
      </trkpt>
      <trkpt lat="30.618919" lon="34.810587">
        <ele>823.592406515325</ele>
      </trkpt>
      <trkpt lat="30.618323" lon="34.810103">
        <ele>826.7591263049128</ele>
      </trkpt>
      <trkpt lat="30.61808" lon="34.809752">
        <ele>828</ele>
      </trkpt>
      <trkpt lat="30.617899" lon="34.809388">
        <ele>828.7604937525535</ele>
      </trkpt>
      <trkpt lat="30.617862" lon="34.809283">
        <ele>828.5187224077878</ele>
      </trkpt>
      <trkpt lat="30.617713" lon="34.808424">
        <ele>826.647550912431</ele>
      </trkpt>
      <trkpt lat="30.617652" lon="34.808219">
        <ele>828.2388861316826</ele>
      </trkpt>
      <trkpt lat="30.617555" lon="34.808033">
        <ele>829.4398682656669</ele>
      </trkpt>
      <trkpt lat="30.617173" lon="34.807568">
        <ele>831.4718942836129</ele>
      </trkpt>
      <trkpt lat="30.616997" lon="34.807379">
        <ele>831.4839769537772</ele>
      </trkpt>
      <trkpt lat="30.616828" lon="34.807245">
        <ele>831.2380761620174</ele>
      </trkpt>
      <trkpt lat="30.616718" lon="34.807187">
        <ele>831.3276214810526</ele>
      </trkpt>
      <trkpt lat="30.616505" lon="34.807076">
        <ele>831.8530168256308</ele>
      </trkpt>
      <trkpt lat="30.61639" lon="34.806997">
        <ele>832.2986646445038</ele>
      </trkpt>
      <trkpt lat="30.616233" lon="34.806881">
        <ele>832.9881129184356</ele>
      </trkpt>
      <trkpt lat="30.616172" lon="34.806801">
        <ele>833.3087152311917</ele>
      </trkpt>
      <trkpt lat="30.615737" lon="34.806352">
        <ele>835.0527118069145</ele>
      </trkpt>
      <trkpt lat="30.615372" lon="34.806039">
        <ele>837.553738021023</ele>
      </trkpt>
      <trkpt lat="30.615152" lon="34.805901">
        <ele>837.3825221489088</ele>
      </trkpt>
      <trkpt lat="30.615039" lon="34.805843">
        <ele>836.8974858359419</ele>
      </trkpt>
      <trkpt lat="30.614699" lon="34.80573">
        <ele>835.1376832772658</ele>
      </trkpt>
      <trkpt lat="30.614334" lon="34.805515">
        <ele>834.5474558536845</ele>
      </trkpt>
      <trkpt lat="30.613819" lon="34.805366">
        <ele>835.1815112353978</ele>
      </trkpt>
      <trkpt lat="30.61314" lon="34.805326">
        <ele>836.6757157602234</ele>
      </trkpt>
      <trkpt lat="30.612887" lon="34.805146">
        <ele>838.5651752517416</ele>
      </trkpt>
      <trkpt lat="30.612534" lon="34.805194">
        <ele>840.1813626905815</ele>
      </trkpt>
      <trkpt lat="30.612398" lon="34.805172">
        <ele>841.2824051154137</ele>
      </trkpt>
      <trkpt lat="30.612284" lon="34.805129">
        <ele>842.2597486836086</ele>
      </trkpt>
      <trkpt lat="30.61224" lon="34.804965">
        <ele>842.254731166032</ele>
      </trkpt>
      <trkpt lat="30.61221" lon="34.804862">
        <ele>842.1506704258945</ele>
      </trkpt>
      <trkpt lat="30.61219" lon="34.804793">
        <ele>842.2837212926418</ele>
      </trkpt>
      <trkpt lat="30.612118" lon="34.804823">
        <ele>843.1058933822599</ele>
      </trkpt>
      <trkpt lat="30.611954" lon="34.804903">
        <ele>845.004284648535</ele>
      </trkpt>
      <trkpt lat="30.611655" lon="34.805058">
        <ele>845.8537614238954</ele>
      </trkpt>
      <trkpt lat="30.611504" lon="34.805153">
        <ele>846.2992825736206</ele>
      </trkpt>
      <trkpt lat="30.611391" lon="34.805239">
        <ele>846.685440166345</ele>
      </trkpt>
      <trkpt lat="30.611267" lon="34.805357">
        <ele>847.1607009784187</ele>
      </trkpt>
      <trkpt lat="30.611144" lon="34.80551">
        <ele>847.0143758048066</ele>
      </trkpt>
      <trkpt lat="30.611042" lon="34.805643">
        <ele>846.7316823389474</ele>
      </trkpt>
      <trkpt lat="30.61072" lon="34.806088">
        <ele>845.0625473752881</ele>
      </trkpt>
      <trkpt lat="30.610671" lon="34.806198">
        <ele>844.7069449016913</ele>
      </trkpt>
      <trkpt lat="30.610647" lon="34.806319">
        <ele>844.3504491869859</ele>
      </trkpt>
      <trkpt lat="30.610562" lon="34.806333">
        <ele>844.1848963864234</ele>
      </trkpt>
      <trkpt lat="30.610505" lon="34.806423">
        <ele>844.1492507519932</ele>
      </trkpt>
      <trkpt lat="30.610359" lon="34.806509">
        <ele>844.3626789956897</ele>
      </trkpt>
      <trkpt lat="30.610216" lon="34.806707">
        <ele>846.2591326587913</ele>
      </trkpt>
      <trkpt lat="30.610171" lon="34.806747">
        <ele>846.8760219836837</ele>
      </trkpt>
      <trkpt lat="30.610065" lon="34.806962">
        <ele>849.4053446840052</ele>
      </trkpt>
      <trkpt lat="30.609996" lon="34.807078">
        <ele>850.1834844089425</ele>
      </trkpt>
      <trkpt lat="30.609938" lon="34.807097">
        <ele>850.5185208999486</ele>
      </trkpt>
      <trkpt lat="30.609921" lon="34.807042">
        <ele>850.798154198663</ele>
      </trkpt>
      <trkpt lat="30.609961" lon="34.806926">
        <ele>851.119740655432</ele>
      </trkpt>
      <trkpt lat="30.609689" lon="34.806658">
        <ele>851.8750378794454</ele>
      </trkpt>
      <trkpt lat="30.609661" lon="34.806629">
        <ele>852.0557747920976</ele>
      </trkpt>
      <trkpt lat="30.609517" lon="34.80677">
        <ele>853.1056701752681</ele>
      </trkpt>
      <trkpt lat="30.60944" lon="34.807008">
        <ele>854.1665253573008</ele>
      </trkpt>
      <trkpt lat="30.609372" lon="34.807066">
        <ele>854.1039927748798</ele>
      </trkpt>
      <trkpt lat="30.609257" lon="34.807107">
        <ele>854.0148203457509</ele>
      </trkpt>
      <trkpt lat="30.609105" lon="34.807084">
        <ele>854.345830386351</ele>
      </trkpt>
      <trkpt lat="30.608947" lon="34.807068">
        <ele>854.7818900549846</ele>
      </trkpt>
      <trkpt lat="30.608842" lon="34.807094">
        <ele>855.1798122299986</ele>
      </trkpt>
      <trkpt lat="30.608716" lon="34.80703">
        <ele>855.6895072829052</ele>
      </trkpt>
      <trkpt lat="30.608655" lon="34.807053">
        <ele>856.9269375339458</ele>
      </trkpt>
      <trkpt lat="30.6086" lon="34.807028">
        <ele>858.1090085560221</ele>
      </trkpt>
      <trkpt lat="30.608555" lon="34.806904">
        <ele>860.4271932819062</ele>
      </trkpt>
      <trkpt lat="30.608462" lon="34.806804">
        <ele>862.8943729475637</ele>
      </trkpt>
      <trkpt lat="30.608433" lon="34.806672">
        <ele>865.154242929757</ele>
      </trkpt>
      <extensions>
        <RoutingType xmlns="">Hike</RoutingType>
      </extensions>
    </trkseg>
    <trkseg>
      <trkpt lat="30.608433" lon="34.806672">
        <ele>866.3</ele>
      </trkpt>
      <trkpt lat="30.608387" lon="34.806467">
        <ele>867.5840639332524</ele>
      </trkpt>
      <trkpt lat="30.608259" lon="34.806267">
        <ele>867.3523816468403</ele>
      </trkpt>
      <trkpt lat="30.608409" lon="34.806184">
        <ele>865.9924986255668</ele>
      </trkpt>
      <trkpt lat="30.608472" lon="34.806077">
        <ele>864.0487364527669</ele>
      </trkpt>
      <trkpt lat="30.60847" lon="34.806005">
        <ele>862.9686583119911</ele>
      </trkpt>
      <trkpt lat="30.608394" lon="34.805913">
        <ele>861.056704416417</ele>
      </trkpt>
      <trkpt lat="30.608368" lon="34.805828">
        <ele>859.7041806105248</ele>
      </trkpt>
      <trkpt lat="30.608381" lon="34.805593">
        <ele>856.0152175175268</ele>
      </trkpt>
      <trkpt lat="30.608401" lon="34.805049">
        <ele>850.0307546475096</ele>
      </trkpt>
      <trkpt lat="30.608405" lon="34.804976">
        <ele>849.9584704778491</ele>
      </trkpt>
      <extensions>
        <RoutingType xmlns="">Hike</RoutingType>
      </extensions>
    </trkseg>
    <trkseg>
      <trkpt lat="30.608405" lon="34.804976">
        <ele>850.3</ele>
      </trkpt>
      <trkpt lat="30.608401" lon="34.805049">
        <ele>850.4866767677034</ele>
      </trkpt>
      <trkpt lat="30.608388" lon="34.805048">
        <ele>850.5253087293564</ele>
      </trkpt>
      <trkpt lat="30.608362" lon="34.805036">
        <ele>850.6082637056047</ele>
      </trkpt>
      <trkpt lat="30.608345" lon="34.805016">
        <ele>850.6800006424103</ele>
      </trkpt>
      <trkpt lat="30.608332" lon="34.80498">
        <ele>850.7796335507967</ele>
      </trkpt>
      <trkpt lat="30.608248" lon="34.804969">
        <ele>851.0302871760242</ele>
      </trkpt>
      <trkpt lat="30.608126" lon="34.804993">
        <ele>851.6572309173979</ele>
      </trkpt>
      <trkpt lat="30.607918" lon="34.805098">
        <ele>852.6424120488623</ele>
      </trkpt>
      <trkpt lat="30.607723" lon="34.805257">
        <ele>853.056629274276</ele>
      </trkpt>
      <trkpt lat="30.607663" lon="34.805192">
        <ele>853.877596039</ele>
      </trkpt>
      <trkpt lat="30.607428" lon="34.804958">
        <ele>856.0462459822944</ele>
      </trkpt>
      <trkpt lat="30.607231" lon="34.804947">
        <ele>856.8049955911976</ele>
      </trkpt>
      <trkpt lat="30.607064" lon="34.804846">
        <ele>857.5725998607974</ele>
      </trkpt>
      <trkpt lat="30.606958" lon="34.804832">
        <ele>856.5255215319577</ele>
      </trkpt>
      <trkpt lat="30.606816" lon="34.804816">
        <ele>854.9920252279254</ele>
      </trkpt>
      <trkpt lat="30.606707" lon="34.804736">
        <ele>857.1515794707731</ele>
      </trkpt>
      <trkpt lat="30.606663" lon="34.804574">
        <ele>860.6740658156001</ele>
      </trkpt>
      <trkpt lat="30.606626" lon="34.804549">
        <ele>860.8191161358513</ele>
      </trkpt>
      <trkpt lat="30.606505" lon="34.804559">
        <ele>858.6159813032157</ele>
      </trkpt>
      <trkpt lat="30.606449" lon="34.804536">
        <ele>857.5372428173895</ele>
      </trkpt>
      <trkpt lat="30.60639" lon="34.804475">
        <ele>856.3402311851028</ele>
      </trkpt>
      <trkpt lat="30.606303" lon="34.804369">
        <ele>856.8074910524076</ele>
      </trkpt>
      <trkpt lat="30.606106" lon="34.804202">
        <ele>857.6290919210913</ele>
      </trkpt>
      <trkpt lat="30.606019" lon="34.803962">
        <ele>857.4946637256429</ele>
      </trkpt>
      <trkpt lat="30.605956" lon="34.803893">
        <ele>856.6924039847553</ele>
      </trkpt>
      <trkpt lat="30.605813" lon="34.803838">
        <ele>855.6121354078524</ele>
      </trkpt>
      <trkpt lat="30.605778" lon="34.803759">
        <ele>855.6404804443869</ele>
      </trkpt>
      <trkpt lat="30.60571" lon="34.803688">
        <ele>855.6743666657595</ele>
      </trkpt>
      <trkpt lat="30.605671" lon="34.803524">
        <ele>855.9291630916534</ele>
      </trkpt>
      <extensions>
        <RoutingType xmlns="">Hike</RoutingType>
      </extensions>
    </trkseg>
    <trkseg>
      <trkpt lat="30.605671" lon="34.803524">
        <ele>856.4</ele>
      </trkpt>
      <trkpt lat="30.605631" lon="34.803356">
        <ele>857.0672891704111</ele>
      </trkpt>
      <trkpt lat="30.605518" lon="34.803217">
        <ele>856.6037823668889</ele>
      </trkpt>
      <trkpt lat="30.605377" lon="34.803128">
        <ele>853.0352168065405</ele>
      </trkpt>
      <trkpt lat="30.605318" lon="34.802946">
        <ele>853.0105299653094</ele>
      </trkpt>
      <trkpt lat="30.605357" lon="34.80273">
        <ele>854.8905682081827</ele>
      </trkpt>
      <trkpt lat="30.605329" lon="34.802674">
        <ele>853.8988577102281</ele>
      </trkpt>
      <trkpt lat="30.605233" lon="34.802623">
        <ele>852.0208285603437</ele>
      </trkpt>
      <trkpt lat="30.605171" lon="34.802471">
        <ele>850.3461655375918</ele>
      </trkpt>
      <trkpt lat="30.605166" lon="34.802246">
        <ele>849.8435466336598</ele>
      </trkpt>
      <trkpt lat="30.605062" lon="34.801997">
        <ele>852.6725648633206</ele>
      </trkpt>
      <trkpt lat="30.605015" lon="34.80164">
        <ele>859.1372233694283</ele>
      </trkpt>
      <trkpt lat="30.604992" lon="34.801538">
        <ele>859.9184999949342</ele>
      </trkpt>
      <extensions>
        <RoutingType xmlns="">Hike</RoutingType>
      </extensions>
    </trkseg>
    <trkseg>
      <trkpt lat="30.604992" lon="34.801538">
        <ele>861.3</ele>
      </trkpt>
      <trkpt lat="30.604977" lon="34.801475">
        <ele>861.6962054773768</ele>
      </trkpt>
      <trkpt lat="30.604985" lon="34.801339">
        <ele>862.5224694511571</ele>
      </trkpt>
      <trkpt lat="30.604919" lon="34.801261">
        <ele>863.1854618102715</ele>
      </trkpt>
      <trkpt lat="30.604805" lon="34.801256">
        <ele>862.245062981814</ele>
      </trkpt>
      <trkpt lat="30.604713" lon="34.801298">
        <ele>861.4023956950936</ele>
      </trkpt>
      <trkpt lat="30.604617" lon="34.801328">
        <ele>860.7199555566655</ele>
      </trkpt>
      <trkpt lat="30.604571" lon="34.801307">
        <ele>860.5001292578722</ele>
      </trkpt>
      <trkpt lat="30.604543" lon="34.801262">
        <ele>860.2875573862901</ele>
      </trkpt>
      <trkpt lat="30.604496" lon="34.801184">
        <ele>859.923053045994</ele>
      </trkpt>
      <trkpt lat="30.604468" lon="34.801101">
        <ele>859.7985204580755</ele>
      </trkpt>
      <trkpt lat="30.60451" lon="34.800992">
        <ele>860.1795069759771</ele>
      </trkpt>
      <trkpt lat="30.604596" lon="34.800927">
        <ele>860.559778278831</ele>
      </trkpt>
      <trkpt lat="30.604661" lon="34.800895">
        <ele>860.6271379968721</ele>
      </trkpt>
      <trkpt lat="30.604717" lon="34.800861">
        <ele>860.486620501863</ele>
      </trkpt>
      <trkpt lat="30.604728" lon="34.800813">
        <ele>860.39154230306</ele>
      </trkpt>
      <trkpt lat="30.60463" lon="34.800773">
        <ele>860.1605426274381</ele>
      </trkpt>
      <trkpt lat="30.604559" lon="34.80081">
        <ele>859.5374505327844</ele>
      </trkpt>
      <trkpt lat="30.604358" lon="34.800832">
        <ele>857.2925367292868</ele>
      </trkpt>
      <trkpt lat="30.604249" lon="34.800866">
        <ele>855.4355590594041</ele>
      </trkpt>
      <trkpt lat="30.604104" lon="34.801003">
        <ele>851.9689060315834</ele>
      </trkpt>
      <trkpt lat="30.60401" lon="34.801063">
        <ele>848.3116459591259</ele>
      </trkpt>
      <trkpt lat="30.603936" lon="34.801091">
        <ele>845.6578156203673</ele>
      </trkpt>
      <trkpt lat="30.603878" lon="34.801144">
        <ele>843.1707975501304</ele>
      </trkpt>
      <trkpt lat="30.603796" lon="34.801164">
        <ele>841.742231817114</ele>
      </trkpt>
      <trkpt lat="30.603713" lon="34.801161">
        <ele>840.3264064090863</ele>
      </trkpt>
      <trkpt lat="30.603643" lon="34.801111">
        <ele>838.9254022606455</ele>
      </trkpt>
      <trkpt lat="30.603607" lon="34.80104">
        <ele>838.5423559048584</ele>
      </trkpt>
      <extensions>
        <RoutingType xmlns="">Hike</RoutingType>
      </extensions>
    </trkseg>
    <trkseg>
      <trkpt lat="30.603607" lon="34.80104">
        <ele>838.3</ele>
      </trkpt>
      <trkpt lat="30.603567" lon="34.800962">
        <ele>838.8793131600501</ele>
      </trkpt>
      <trkpt lat="30.603487" lon="34.800722">
        <ele>840.8868283445526</ele>
      </trkpt>
      <trkpt lat="30.603522" lon="34.800527">
        <ele>844.2548499482041</ele>
      </trkpt>
      <trkpt lat="30.603599" lon="34.800433">
        <ele>846.0004524271959</ele>
      </trkpt>
      <trkpt lat="30.603556" lon="34.800266">
        <ele>847.3906913066584</ele>
      </trkpt>
      <trkpt lat="30.603455" lon="34.799784">
        <ele>851.7874176852305</ele>
      </trkpt>
      <trkpt lat="30.603354" lon="34.79954">
        <ele>853.2536309296745</ele>
      </trkpt>
      <trkpt lat="30.60307" lon="34.799014">
        <ele>852.2315313400575</ele>
      </trkpt>
      <trkpt lat="30.603034" lon="34.798903">
        <ele>853.8965870560858</ele>
      </trkpt>
      <trkpt lat="30.603089" lon="34.79853">
        <ele>858.9899076076105</ele>
      </trkpt>
      <trkpt lat="30.603077" lon="34.798401">
        <ele>859.469995544934</ele>
      </trkpt>
      <trkpt lat="30.602957" lon="34.798254">
        <ele>856.6260931834721</ele>
      </trkpt>
      <trkpt lat="30.602833" lon="34.798053">
        <ele>852.8076840168299</ele>
      </trkpt>
      <trkpt lat="30.602742" lon="34.797744">
        <ele>848.5907910448101</ele>
      </trkpt>
      <trkpt lat="30.602708" lon="34.797393">
        <ele>850.512967494665</ele>
      </trkpt>
      <trkpt lat="30.60275" lon="34.797268">
        <ele>852.0557564774026</ele>
      </trkpt>
      <trkpt lat="30.602781" lon="34.797213">
        <ele>852.6010739207791</ele>
      </trkpt>
      <trkpt lat="30.602719" lon="34.797089">
        <ele>853.7905600214148</ele>
      </trkpt>
      <trkpt lat="30.602561" lon="34.796764">
        <ele>849.4568218051483</ele>
      </trkpt>
      <trkpt lat="30.60248" lon="34.796405">
        <ele>842.0740346408556</ele>
      </trkpt>
      <trkpt lat="30.6025" lon="34.796186">
        <ele>841.0201529739239</ele>
      </trkpt>
      <trkpt lat="30.602535" lon="34.796094">
        <ele>842.5855500200678</ele>
      </trkpt>
      <trkpt lat="30.602579" lon="34.795872">
        <ele>847.6729456096613</ele>
      </trkpt>
      <trkpt lat="30.602633" lon="34.795628">
        <ele>850.1367852045355</ele>
      </trkpt>
      <trkpt lat="30.60262" lon="34.795493">
        <ele>851.393561145746</ele>
      </trkpt>
      <trkpt lat="30.602586" lon="34.795085">
        <ele>854.9809640287068</ele>
      </trkpt>
      <trkpt lat="30.602536" lon="34.794658">
        <ele>855.3128275729117</ele>
      </trkpt>
      <trkpt lat="30.602536" lon="34.794558">
        <ele>854.5401667279674</ele>
      </trkpt>
      <trkpt lat="30.602536" lon="34.794502">
        <ele>853.9684730849424</ele>
      </trkpt>
      <trkpt lat="30.602538" lon="34.794168">
        <ele>851.1441962867056</ele>
      </trkpt>
      <trkpt lat="30.602486" lon="34.793877">
        <ele>849.7014165360962</ele>
      </trkpt>
      <trkpt lat="30.602528" lon="34.793">
        <ele>855.7413007695131</ele>
      </trkpt>
      <trkpt lat="30.602641" lon="34.792242">
        <ele>859.609960079607</ele>
      </trkpt>
      <trkpt lat="30.602726" lon="34.791805">
        <ele>861.7337097096853</ele>
      </trkpt>
      <trkpt lat="30.602714" lon="34.79163">
        <ele>861.9577346855544</ele>
      </trkpt>
      <trkpt lat="30.602709" lon="34.791555">
        <ele>862.0537288097308</ele>
      </trkpt>
      <trkpt lat="30.602989" lon="34.791463">
        <ele>860.7520164608791</ele>
      </trkpt>
      <trkpt lat="30.6031" lon="34.791428">
        <ele>861.0113194229123</ele>
      </trkpt>
      <trkpt lat="30.603216" lon="34.791329">
        <ele>861.4381108385511</ele>
      </trkpt>
      <trkpt lat="30.603128" lon="34.791154">
        <ele>861.5</ele>
      </trkpt>
      <trkpt lat="30.603183" lon="34.790923">
        <ele>861.9006171016433</ele>
      </trkpt>
      <trkpt lat="30.6033" lon="34.790652">
        <ele>863.0010665884976</ele>
      </trkpt>
      <trkpt lat="30.603646" lon="34.790124">
        <ele>862.9090706443106</ele>
      </trkpt>
      <trkpt lat="30.603803" lon="34.789985">
        <ele>863.1700474418263</ele>
      </trkpt>
      <trkpt lat="30.604015" lon="34.789674">
        <ele>862.6676861477448</ele>
      </trkpt>
      <trkpt lat="30.6043" lon="34.789305">
        <ele>860.1061943818137</ele>
      </trkpt>
      <trkpt lat="30.604221" lon="34.788733">
        <ele>849.1824331896598</ele>
      </trkpt>
      <trkpt lat="30.604504" lon="34.788388">
        <ele>846.8096775792629</ele>
      </trkpt>
      <trkpt lat="30.604842" lon="34.787988">
        <ele>847.0153848740413</ele>
      </trkpt>
      <trkpt lat="30.605119" lon="34.787597">
        <ele>846.4075375178469</ele>
      </trkpt>
      <trkpt lat="30.605219" lon="34.787392">
        <ele>845.5225456652618</ele>
      </trkpt>
      <trkpt lat="30.605334" lon="34.787043">
        <ele>844.6146837853836</ele>
      </trkpt>
      <trkpt lat="30.605389" lon="34.787031">
        <ele>844.5317155192689</ele>
      </trkpt>
      <trkpt lat="30.605472" lon="34.786818">
        <ele>844.0333718108268</ele>
      </trkpt>
      <trkpt lat="30.605584" lon="34.786667">
        <ele>843.4067243724766</ele>
      </trkpt>
      <trkpt lat="30.605759" lon="34.786604">
        <ele>842.5239460437133</ele>
      </trkpt>
      <trkpt lat="30.605825" lon="34.786606">
        <ele>842.4321124015651</ele>
      </trkpt>
      <extensions>
        <RoutingType xmlns="">Hike</RoutingType>
      </extensions>
    </trkseg>
  </trk>
</gpx>
