<?xml version="1.0" encoding="UTF-8" standalone="yes"?>
<gpx xmlns="http://www.topografix.com/GPX/1/1" xmlns:xsi="http://www.w3.org/2001/XMLSchema-instance" version="1.1" creator="IsraelHikingMap" xsi:schemaLocation="http://www.topografix.com/GPX/1/1 http://www.topografix.com/GPX/1/1/gpx.xsd">
  <metadata>
    <bounds maxlat="30.416490000000003" maxlon="35.14119" minlat="30.279655" minlon="35.000784"></bounds>
  </metadata>
  <trk>
    <name>48 - נחל ברק לנחל צחור</name>
    <desc>🏞️ קושי: בינוני | ערבה
🥾 נחל ברק, נחל ורדית, נחל פארן
💦 טבילה: גבים בנחל ורדית
⛺ לילה: צומת ציחור (נחל ציחור תחתון)
🛒 קניות בקרבת המסלול:
• פארן (מרכז היישוב) — א׳-ה׳: 08:00-13:30; 16:30-21:00 | ו׳: 08:00-13:30; 16:30-21:00 | שבת: 21:00-16:00</desc>
    <trkseg>
      <trkpt lat="30.416490000000003" lon="35.14119">
        <ele>77.50545938517882</ele>
        <time>2022-01-11T09:22:11Z</time>
      </trkpt>
      <trkpt lat="30.416490000000003" lon="35.14119">
        <ele>77.50545938517882</ele>
        <time>2022-01-11T09:22:11Z</time>
      </trkpt>
      <extensions>
        <RoutingType xmlns="">Hike</RoutingType>
      </extensions>
    </trkseg>
    <trkseg>
      <trkpt lat="30.416490000000003" lon="35.14119">
        <ele>77.50545938517882</ele>
        <time>2022-01-11T09:22:11Z</time>
      </trkpt>
      <trkpt lat="30.416490000000003" lon="35.14119">
        <ele>77.50545938517882</ele>
        <time>2022-01-11T09:22:12Z</time>
      </trkpt>
      <trkpt lat="30.416490000000003" lon="35.14119">
        <ele>77</ele>
        <time>2022-01-11T09:22:13Z</time>
      </trkpt>
      <trkpt lat="30.41617" lon="35.140750000000004">
        <ele>78</ele>
        <time>2022-01-11T09:22:14Z</time>
      </trkpt>
      <trkpt lat="30.415840000000003" lon="35.14036">
        <ele>78.63310474139871</ele>
        <time>2022-01-11T09:22:15Z</time>
      </trkpt>
      <trkpt lat="30.415840000000003" lon="35.14036">
        <ele>78.63310474139871</ele>
        <time>2022-01-11T09:22:16Z</time>
      </trkpt>
      <trkpt lat="30.415840000000003" lon="35.14036">
        <ele>78</ele>
        <time>2022-01-11T09:22:17Z</time>
      </trkpt>
      <trkpt lat="30.415710000000004" lon="35.140190000000004">
        <ele>78</ele>
        <time>2022-01-11T09:22:18Z</time>
      </trkpt>
      <trkpt lat="30.4156" lon="35.140010000000004">
        <ele>78</ele>
        <time>2022-01-11T09:22:19Z</time>
      </trkpt>
      <trkpt lat="30.415540000000004" lon="35.13993">
        <ele>78</ele>
        <time>2022-01-11T09:22:20Z</time>
      </trkpt>
      <trkpt lat="30.415540000000004" lon="35.13993">
        <ele>78</ele>
        <time>2022-01-11T09:22:21Z</time>
      </trkpt>
      <trkpt lat="30.415270000000003" lon="35.139340000000004">
        <ele>78</ele>
        <time>2022-01-11T09:22:22Z</time>
      </trkpt>
      <trkpt lat="30.415200000000002" lon="35.139120000000005">
        <ele>78</ele>
        <time>2022-01-11T09:22:23Z</time>
      </trkpt>
      <trkpt lat="30.415200000000002" lon="35.139120000000005">
        <ele>79.65033618324114</ele>
        <time>2022-01-11T09:22:24Z</time>
      </trkpt>
      <trkpt lat="30.415200000000002" lon="35.139120000000005">
        <ele>79.65033618324114</ele>
        <time>2022-01-11T09:22:25Z</time>
      </trkpt>
      <trkpt lat="30.415110000000002" lon="35.138920000000006">
        <ele>79.97997120256541</ele>
        <time>2022-01-11T09:22:26Z</time>
      </trkpt>
      <trkpt lat="30.415110000000002" lon="35.138920000000006">
        <ele>79.97997120256541</ele>
        <time>2022-01-11T09:22:27Z</time>
      </trkpt>
      <trkpt lat="30.415110000000002" lon="35.138920000000006">
        <ele>77</ele>
        <time>2022-01-11T09:22:28Z</time>
      </trkpt>
      <trkpt lat="30.415060000000004" lon="35.138830000000006">
        <ele>77</ele>
        <time>2022-01-11T09:22:29Z</time>
      </trkpt>
      <trkpt lat="30.41486" lon="35.138580000000005">
        <ele>77</ele>
        <time>2022-01-11T09:22:30Z</time>
      </trkpt>
      <trkpt lat="30.41486" lon="35.138580000000005">
        <ele>77</ele>
        <time>2022-01-11T09:22:31Z</time>
      </trkpt>
      <trkpt lat="30.414800000000003" lon="35.1385">
        <ele>77</ele>
        <time>2022-01-11T09:22:32Z</time>
      </trkpt>
      <trkpt lat="30.41465" lon="35.138360000000006">
        <ele>77</ele>
        <time>2022-01-11T09:22:33Z</time>
      </trkpt>
      <trkpt lat="30.41448" lon="35.138250000000006">
        <ele>77</ele>
        <time>2022-01-11T09:22:34Z</time>
      </trkpt>
      <trkpt lat="30.4139" lon="35.138090000000005">
        <ele>79</ele>
        <time>2022-01-11T09:22:35Z</time>
      </trkpt>
      <trkpt lat="30.41372" lon="35.13799">
        <ele>76</ele>
        <time>2022-01-11T09:22:36Z</time>
      </trkpt>
      <trkpt lat="30.41372" lon="35.13799">
        <ele>80.3954806222716</ele>
        <time>2022-01-11T09:22:37Z</time>
      </trkpt>
      <trkpt lat="30.41372" lon="35.13799">
        <ele>80.3954806222716</ele>
        <time>2022-01-11T09:22:38Z</time>
      </trkpt>
      <trkpt lat="30.41372" lon="35.13799">
        <ele>80.3954806222716</ele>
        <time>2022-01-11T09:22:39Z</time>
      </trkpt>
      <trkpt lat="30.41372" lon="35.13799">
        <ele>80.3954806222716</ele>
        <time>2022-01-11T09:22:40Z</time>
      </trkpt>
      <trkpt lat="30.413600000000002" lon="35.13785">
        <ele>76</ele>
        <time>2022-01-11T09:22:41Z</time>
      </trkpt>
      <trkpt lat="30.412520000000004" lon="35.135850000000005">
        <ele>79</ele>
        <time>2022-01-11T09:22:42Z</time>
      </trkpt>
      <trkpt lat="30.41158" lon="35.13403">
        <ele>81.5</ele>
        <time>2022-01-11T09:22:43Z</time>
      </trkpt>
      <trkpt lat="30.41158" lon="35.13403">
        <ele>81.5</ele>
        <time>2022-01-11T09:22:44Z</time>
      </trkpt>
      <trkpt lat="30.4112" lon="35.13337">
        <ele>81</ele>
        <time>2022-01-11T09:22:45Z</time>
      </trkpt>
      <trkpt lat="30.41092" lon="35.132940000000005">
        <ele>87</ele>
        <time>2022-01-11T09:22:46Z</time>
      </trkpt>
      <trkpt lat="30.410610000000002" lon="35.13241">
        <ele>87</ele>
        <time>2022-01-11T09:22:47Z</time>
      </trkpt>
      <trkpt lat="30.41036" lon="35.131870000000006">
        <ele>85.96316925568541</ele>
        <time>2022-01-11T09:22:48Z</time>
      </trkpt>
      <trkpt lat="30.41036" lon="35.131870000000006">
        <ele>85.96316925568541</ele>
        <time>2022-01-11T09:22:49Z</time>
      </trkpt>
      <trkpt lat="30.41036" lon="35.131870000000006">
        <ele>84</ele>
        <time>2022-01-11T09:22:50Z</time>
      </trkpt>
      <trkpt lat="30.410180000000004" lon="35.13136">
        <ele>82</ele>
        <time>2022-01-11T09:22:51Z</time>
      </trkpt>
      <trkpt lat="30.410180000000004" lon="35.13136">
        <ele>86.46630729842718</ele>
        <time>2022-01-11T09:22:52Z</time>
      </trkpt>
      <trkpt lat="30.410180000000004" lon="35.13136">
        <ele>86.46630729842718</ele>
        <time>2022-01-11T09:22:53Z</time>
      </trkpt>
      <trkpt lat="30.409930000000003" lon="35.13018">
        <ele>81</ele>
        <time>2022-01-11T09:22:54Z</time>
      </trkpt>
      <trkpt lat="30.409930000000003" lon="35.13018">
        <ele>81</ele>
        <time>2022-01-11T09:22:55Z</time>
      </trkpt>
      <trkpt lat="30.409830000000003" lon="35.12993">
        <ele>81</ele>
        <time>2022-01-11T09:22:56Z</time>
      </trkpt>
      <trkpt lat="30.409670000000002" lon="35.129630000000006">
        <ele>86</ele>
        <time>2022-01-11T09:22:57Z</time>
      </trkpt>
      <trkpt lat="30.4093" lon="35.12914">
        <ele>83</ele>
        <time>2022-01-11T09:22:58Z</time>
      </trkpt>
      <trkpt lat="30.409200000000002" lon="35.12897">
        <ele>87.9652644984495</ele>
        <time>2022-01-11T09:22:59Z</time>
      </trkpt>
      <trkpt lat="30.409200000000002" lon="35.12897">
        <ele>87.9652644984495</ele>
        <time>2022-01-11T09:23:00Z</time>
      </trkpt>
      <trkpt lat="30.409200000000002" lon="35.12897">
        <ele>85</ele>
        <time>2022-01-11T09:23:01Z</time>
      </trkpt>
      <trkpt lat="30.409050000000004" lon="35.12859">
        <ele>85</ele>
        <time>2022-01-11T09:23:02Z</time>
      </trkpt>
      <trkpt lat="30.409050000000004" lon="35.12859">
        <ele>85</ele>
        <time>2022-01-11T09:23:03Z</time>
      </trkpt>
      <trkpt lat="30.40895" lon="35.12827">
        <ele>85</ele>
        <time>2022-01-11T09:23:04Z</time>
      </trkpt>
      <trkpt lat="30.40895" lon="35.12827">
        <ele>89.31033454942356</ele>
        <time>2022-01-11T09:23:05Z</time>
      </trkpt>
      <trkpt lat="30.40895" lon="35.12827">
        <ele>89.31033454942356</ele>
        <time>2022-01-11T09:23:06Z</time>
      </trkpt>
      <trkpt lat="30.40857" lon="35.12767">
        <ele>90</ele>
        <time>2022-01-11T09:23:07Z</time>
      </trkpt>
      <trkpt lat="30.408420000000003" lon="35.127300000000005">
        <ele>87</ele>
        <time>2022-01-11T09:23:08Z</time>
      </trkpt>
      <trkpt lat="30.40827" lon="35.126900000000006">
        <ele>87</ele>
        <time>2022-01-11T09:23:09Z</time>
      </trkpt>
      <trkpt lat="30.408050000000003" lon="35.12642">
        <ele>91.72615512885386</ele>
        <time>2022-01-11T09:23:10Z</time>
      </trkpt>
      <trkpt lat="30.408050000000003" lon="35.12642">
        <ele>91.72615512885386</ele>
        <time>2022-01-11T09:23:11Z</time>
      </trkpt>
      <trkpt lat="30.408050000000003" lon="35.12642">
        <ele>92</ele>
        <time>2022-01-11T09:23:12Z</time>
      </trkpt>
      <trkpt lat="30.407830000000004" lon="35.12604">
        <ele>94</ele>
        <time>2022-01-11T09:23:13Z</time>
      </trkpt>
      <trkpt lat="30.407830000000004" lon="35.12604">
        <ele>94</ele>
        <time>2022-01-11T09:23:14Z</time>
      </trkpt>
      <trkpt lat="30.407410000000002" lon="35.12566">
        <ele>96</ele>
        <time>2022-01-11T09:23:15Z</time>
      </trkpt>
      <trkpt lat="30.407300000000003" lon="35.1255">
        <ele>96</ele>
        <time>2022-01-11T09:23:16Z</time>
      </trkpt>
      <trkpt lat="30.407130000000002" lon="35.12538">
        <ele>94</ele>
        <time>2022-01-11T09:23:17Z</time>
      </trkpt>
      <trkpt lat="30.407130000000002" lon="35.12538">
        <ele>93</ele>
        <time>2022-01-11T09:23:18Z</time>
      </trkpt>
      <trkpt lat="30.407130000000002" lon="35.12538">
        <ele>93</ele>
        <time>2022-01-11T09:23:19Z</time>
      </trkpt>
      <trkpt lat="30.40679" lon="35.12518">
        <ele>94</ele>
        <time>2022-01-11T09:23:20Z</time>
      </trkpt>
      <trkpt lat="30.406160000000003" lon="35.124700000000004">
        <ele>98.3322735497156</ele>
        <time>2022-01-11T09:23:21Z</time>
      </trkpt>
      <trkpt lat="30.406160000000003" lon="35.124700000000004">
        <ele>98.3322735497156</ele>
        <time>2022-01-11T09:23:22Z</time>
      </trkpt>
      <trkpt lat="30.406160000000003" lon="35.124700000000004">
        <ele>97</ele>
        <time>2022-01-11T09:23:23Z</time>
      </trkpt>
      <trkpt lat="30.405970000000003" lon="35.12463">
        <ele>97</ele>
        <time>2022-01-11T09:23:24Z</time>
      </trkpt>
      <trkpt lat="30.405610000000003" lon="35.12464">
        <ele>97</ele>
        <time>2022-01-11T09:23:25Z</time>
      </trkpt>
      <trkpt lat="30.405430000000003" lon="35.12462">
        <ele>95</ele>
        <time>2022-01-11T09:23:26Z</time>
      </trkpt>
      <trkpt lat="30.404960000000003" lon="35.12447">
        <ele>95</ele>
        <time>2022-01-11T09:23:27Z</time>
      </trkpt>
      <trkpt lat="30.40443" lon="35.12424">
        <ele>97</ele>
        <time>2022-01-11T09:23:28Z</time>
      </trkpt>
      <trkpt lat="30.404110000000003" lon="35.124010000000006">
        <ele>96</ele>
        <time>2022-01-11T09:23:29Z</time>
      </trkpt>
      <trkpt lat="30.403640000000003" lon="35.12364">
        <ele>98</ele>
        <time>2022-01-11T09:23:30Z</time>
      </trkpt>
      <trkpt lat="30.403640000000003" lon="35.12364">
        <ele>97.81608713802444</ele>
        <time>2022-01-11T09:23:31Z</time>
      </trkpt>
      <trkpt lat="30.403640000000003" lon="35.12364">
        <ele>97.81608713802444</ele>
        <time>2022-01-11T09:23:32Z</time>
      </trkpt>
      <trkpt lat="30.403640000000003" lon="35.12364">
        <ele>97.81608713802444</ele>
        <time>2022-01-11T09:23:33Z</time>
      </trkpt>
      <trkpt lat="30.403640000000003" lon="35.12364">
        <ele>97.81608713802444</ele>
        <time>2022-01-11T09:23:34Z</time>
      </trkpt>
      <trkpt lat="30.403510000000004" lon="35.123490000000004">
        <ele>98</ele>
        <time>2022-01-11T09:23:35Z</time>
      </trkpt>
      <trkpt lat="30.403250000000003" lon="35.12306">
        <ele>97</ele>
        <time>2022-01-11T09:23:36Z</time>
      </trkpt>
      <trkpt lat="30.40311" lon="35.122910000000005">
        <ele>97</ele>
        <time>2022-01-11T09:23:37Z</time>
      </trkpt>
      <trkpt lat="30.402800000000003" lon="35.12265">
        <ele>97</ele>
        <time>2022-01-11T09:23:38Z</time>
      </trkpt>
      <trkpt lat="30.40264" lon="35.12245">
        <ele>97</ele>
        <time>2022-01-11T09:23:39Z</time>
      </trkpt>
      <trkpt lat="30.40264" lon="35.12245">
        <ele>97</ele>
        <time>2022-01-11T09:23:40Z</time>
      </trkpt>
      <trkpt lat="30.40227" lon="35.12192">
        <ele>98</ele>
        <time>2022-01-11T09:23:41Z</time>
      </trkpt>
      <trkpt lat="30.401780000000002" lon="35.121140000000004">
        <ele>99</ele>
        <time>2022-01-11T09:23:42Z</time>
      </trkpt>
      <trkpt lat="30.401550000000004" lon="35.120810000000006">
        <ele>99.81462230465354</ele>
        <time>2022-01-11T09:23:43Z</time>
      </trkpt>
      <trkpt lat="30.401550000000004" lon="35.120810000000006">
        <ele>99.81462230465354</ele>
        <time>2022-01-11T09:23:44Z</time>
      </trkpt>
      <trkpt lat="30.401550000000004" lon="35.120810000000006">
        <ele>99</ele>
        <time>2022-01-11T09:23:45Z</time>
      </trkpt>
      <trkpt lat="30.401550000000004" lon="35.120810000000006">
        <ele>99.81462230465354</ele>
        <time>2022-01-11T09:23:46Z</time>
      </trkpt>
      <trkpt lat="30.401550000000004" lon="35.120810000000006">
        <ele>99.81462230465354</ele>
        <time>2022-01-11T09:23:47Z</time>
      </trkpt>
      <trkpt lat="30.400510000000004" lon="35.11956">
        <ele>100</ele>
        <time>2022-01-11T09:23:48Z</time>
      </trkpt>
      <trkpt lat="30.40022" lon="35.11927">
        <ele>101</ele>
        <time>2022-01-11T09:23:49Z</time>
      </trkpt>
      <trkpt lat="30.399760000000004" lon="35.11889">
        <ele>104</ele>
        <time>2022-01-11T09:23:50Z</time>
      </trkpt>
      <trkpt lat="30.399670000000004" lon="35.118790000000004">
        <ele>104</ele>
        <time>2022-01-11T09:23:51Z</time>
      </trkpt>
      <trkpt lat="30.399570000000004" lon="35.11871">
        <ele>104</ele>
        <time>2022-01-11T09:23:52Z</time>
      </trkpt>
      <trkpt lat="30.398950000000003" lon="35.11835">
        <ele>104</ele>
        <time>2022-01-11T09:23:53Z</time>
      </trkpt>
      <trkpt lat="30.398950000000003" lon="35.11835">
        <ele>103.51665528980692</ele>
        <time>2022-01-11T09:23:54Z</time>
      </trkpt>
      <trkpt lat="30.398950000000003" lon="35.11835">
        <ele>103.51665528980692</ele>
        <time>2022-01-11T09:23:55Z</time>
      </trkpt>
      <trkpt lat="30.398950000000003" lon="35.11835">
        <ele>104</ele>
        <time>2022-01-11T09:23:56Z</time>
      </trkpt>
      <trkpt lat="30.398480000000003" lon="35.11807">
        <ele>104</ele>
        <time>2022-01-11T09:23:57Z</time>
      </trkpt>
      <trkpt lat="30.398130000000002" lon="35.11782">
        <ele>104</ele>
        <time>2022-01-11T09:23:58Z</time>
      </trkpt>
      <trkpt lat="30.398130000000002" lon="35.11782">
        <ele>105.12819132088867</ele>
        <time>2022-01-11T09:23:59Z</time>
      </trkpt>
      <trkpt lat="30.398130000000002" lon="35.11782">
        <ele>105.12819132088867</ele>
        <time>2022-01-11T09:24:00Z</time>
      </trkpt>
      <trkpt lat="30.39768" lon="35.1176">
        <ele>106</ele>
        <time>2022-01-11T09:24:01Z</time>
      </trkpt>
      <trkpt lat="30.39758" lon="35.117520000000006">
        <ele>106</ele>
        <time>2022-01-11T09:24:02Z</time>
      </trkpt>
      <trkpt lat="30.397450000000003" lon="35.11733">
        <ele>104</ele>
        <time>2022-01-11T09:24:03Z</time>
      </trkpt>
      <trkpt lat="30.397330000000004" lon="35.11713">
        <ele>104</ele>
        <time>2022-01-11T09:24:04Z</time>
      </trkpt>
      <trkpt lat="30.397180000000002" lon="35.11693">
        <ele>106.42306128794334</ele>
        <time>2022-01-11T09:24:05Z</time>
      </trkpt>
      <trkpt lat="30.397180000000002" lon="35.11693">
        <ele>106.42306128794334</ele>
        <time>2022-01-11T09:24:06Z</time>
      </trkpt>
      <trkpt lat="30.397180000000002" lon="35.11693">
        <ele>104</ele>
        <time>2022-01-11T09:24:07Z</time>
      </trkpt>
      <trkpt lat="30.396960000000004" lon="35.11683">
        <ele>107</ele>
        <time>2022-01-11T09:24:08Z</time>
      </trkpt>
      <trkpt lat="30.396660000000004" lon="35.11677">
        <ele>107</ele>
        <time>2022-01-11T09:24:09Z</time>
      </trkpt>
      <trkpt lat="30.396520000000002" lon="35.11668">
        <ele>107</ele>
        <time>2022-01-11T09:24:10Z</time>
      </trkpt>
      <trkpt lat="30.396440000000002" lon="35.11657">
        <ele>107</ele>
        <time>2022-01-11T09:24:11Z</time>
      </trkpt>
      <trkpt lat="30.396440000000002" lon="35.11657">
        <ele>106.9390959016883</ele>
        <time>2022-01-11T09:24:12Z</time>
      </trkpt>
      <trkpt lat="30.396440000000002" lon="35.11657">
        <ele>106.9390959016883</ele>
        <time>2022-01-11T09:24:13Z</time>
      </trkpt>
      <trkpt lat="30.396240000000002" lon="35.116220000000006">
        <ele>108</ele>
        <time>2022-01-11T09:24:14Z</time>
      </trkpt>
      <trkpt lat="30.396150000000002" lon="35.11609">
        <ele>108</ele>
        <time>2022-01-11T09:24:15Z</time>
      </trkpt>
      <trkpt lat="30.396010000000004" lon="35.11583">
        <ele>107.52840292359431</ele>
        <time>2022-01-11T09:24:16Z</time>
      </trkpt>
      <trkpt lat="30.396010000000004" lon="35.11583">
        <ele>107.52840292359431</ele>
        <time>2022-01-11T09:24:17Z</time>
      </trkpt>
      <trkpt lat="30.396010000000004" lon="35.11583">
        <ele>108</ele>
        <time>2022-01-11T09:24:18Z</time>
      </trkpt>
      <trkpt lat="30.395860000000003" lon="35.115570000000005">
        <ele>108</ele>
        <time>2022-01-11T09:24:19Z</time>
      </trkpt>
      <trkpt lat="30.395680000000002" lon="35.115190000000005">
        <ele>108</ele>
        <time>2022-01-11T09:24:20Z</time>
      </trkpt>
      <extensions>
        <RoutingType xmlns="">Hike</RoutingType>
      </extensions>
    </trkseg>
    <trkseg>
      <trkpt lat="30.395680000000002" lon="35.115190000000005">
        <ele>108</ele>
        <time>2022-01-11T09:24:20Z</time>
      </trkpt>
      <trkpt lat="30.3956" lon="35.114990000000006">
        <ele>108</ele>
        <time>2022-01-11T09:24:21Z</time>
      </trkpt>
      <trkpt lat="30.395410000000002" lon="35.114360000000005">
        <ele>110</ele>
        <time>2022-01-11T09:24:22Z</time>
      </trkpt>
      <trkpt lat="30.395200000000003" lon="35.11385">
        <ele>110.5</ele>
        <time>2022-01-11T09:24:23Z</time>
      </trkpt>
      <trkpt lat="30.395200000000003" lon="35.11385">
        <ele>110.5</ele>
        <time>2022-01-11T09:24:24Z</time>
      </trkpt>
      <trkpt lat="30.395200000000003" lon="35.11385">
        <ele>110.87771452345055</ele>
        <time>2022-01-11T09:24:25Z</time>
      </trkpt>
      <trkpt lat="30.395200000000003" lon="35.11385">
        <ele>110.87771452345055</ele>
        <time>2022-01-11T09:24:26Z</time>
      </trkpt>
      <trkpt lat="30.395090000000003" lon="35.11356">
        <ele>110.922942017946</ele>
        <time>2022-01-11T09:24:27Z</time>
      </trkpt>
      <trkpt lat="30.395090000000003" lon="35.11356">
        <ele>110.922942017946</ele>
        <time>2022-01-11T09:24:28Z</time>
      </trkpt>
      <trkpt lat="30.395090000000003" lon="35.11356">
        <ele>111</ele>
        <time>2022-01-11T09:24:29Z</time>
      </trkpt>
      <trkpt lat="30.394920000000003" lon="35.113060000000004">
        <ele>109</ele>
        <time>2022-01-11T09:24:30Z</time>
      </trkpt>
      <trkpt lat="30.394840000000002" lon="35.11287">
        <ele>109</ele>
        <time>2022-01-11T09:24:31Z</time>
      </trkpt>
      <trkpt lat="30.394530000000003" lon="35.112300000000005">
        <ele>113</ele>
        <time>2022-01-11T09:24:32Z</time>
      </trkpt>
      <trkpt lat="30.39429" lon="35.11171">
        <ele>113</ele>
        <time>2022-01-11T09:24:33Z</time>
      </trkpt>
      <trkpt lat="30.394150000000003" lon="35.111430000000006">
        <ele>115</ele>
        <time>2022-01-11T09:24:34Z</time>
      </trkpt>
      <trkpt lat="30.39392" lon="35.11106">
        <ele>115</ele>
        <time>2022-01-11T09:24:35Z</time>
      </trkpt>
      <trkpt lat="30.393790000000003" lon="35.11079">
        <ele>115</ele>
        <time>2022-01-11T09:24:36Z</time>
      </trkpt>
      <trkpt lat="30.393610000000002" lon="35.1103">
        <ele>117</ele>
        <time>2022-01-11T09:24:37Z</time>
      </trkpt>
      <trkpt lat="30.393610000000002" lon="35.1103">
        <ele>115.50306051844677</ele>
        <time>2022-01-11T09:24:38Z</time>
      </trkpt>
      <trkpt lat="30.393610000000002" lon="35.1103">
        <ele>115.50306051844677</ele>
        <time>2022-01-11T09:24:39Z</time>
      </trkpt>
      <trkpt lat="30.393610000000002" lon="35.1103">
        <ele>115.50306051844677</ele>
        <time>2022-01-11T09:24:40Z</time>
      </trkpt>
      <trkpt lat="30.393610000000002" lon="35.1103">
        <ele>115.50306051844677</ele>
        <time>2022-01-11T09:24:41Z</time>
      </trkpt>
      <trkpt lat="30.393010000000004" lon="35.10906">
        <ele>117</ele>
        <time>2022-01-11T09:24:42Z</time>
      </trkpt>
      <trkpt lat="30.392740000000003" lon="35.10859">
        <ele>119</ele>
        <time>2022-01-11T09:24:43Z</time>
      </trkpt>
      <trkpt lat="30.39243" lon="35.10815">
        <ele>119</ele>
        <time>2022-01-11T09:24:44Z</time>
      </trkpt>
      <trkpt lat="30.391890000000004" lon="35.10698">
        <ele>119</ele>
        <time>2022-01-11T09:24:45Z</time>
      </trkpt>
      <trkpt lat="30.391800000000003" lon="35.10683">
        <ele>119</ele>
        <time>2022-01-11T09:24:46Z</time>
      </trkpt>
      <trkpt lat="30.391800000000003" lon="35.10683">
        <ele>119</ele>
        <time>2022-01-11T09:24:47Z</time>
      </trkpt>
      <trkpt lat="30.39158" lon="35.10653">
        <ele>122</ele>
        <time>2022-01-11T09:24:48Z</time>
      </trkpt>
      <trkpt lat="30.391250000000003" lon="35.10589">
        <ele>122</ele>
        <time>2022-01-11T09:24:49Z</time>
      </trkpt>
      <trkpt lat="30.391250000000003" lon="35.10589">
        <ele>122</ele>
        <time>2022-01-11T09:24:50Z</time>
      </trkpt>
      <trkpt lat="30.391250000000003" lon="35.10589">
        <ele>121</ele>
        <time>2022-01-11T09:24:51Z</time>
      </trkpt>
      <trkpt lat="30.39112" lon="35.105720000000005">
        <ele>121</ele>
        <time>2022-01-11T09:24:52Z</time>
      </trkpt>
      <trkpt lat="30.39112" lon="35.105720000000005">
        <ele>122</ele>
        <time>2022-01-11T09:24:53Z</time>
      </trkpt>
      <trkpt lat="30.39112" lon="35.105720000000005">
        <ele>122</ele>
        <time>2022-01-11T09:24:54Z</time>
      </trkpt>
      <trkpt lat="30.390900000000002" lon="35.10549">
        <ele>121</ele>
        <time>2022-01-11T09:24:55Z</time>
      </trkpt>
      <trkpt lat="30.39037" lon="35.104850000000006">
        <ele>121</ele>
        <time>2022-01-11T09:24:56Z</time>
      </trkpt>
      <trkpt lat="30.390210000000003" lon="35.104710000000004">
        <ele>121</ele>
        <time>2022-01-11T09:24:57Z</time>
      </trkpt>
      <trkpt lat="30.38988" lon="35.10448">
        <ele>121</ele>
        <time>2022-01-11T09:24:58Z</time>
      </trkpt>
      <trkpt lat="30.389730000000004" lon="35.104330000000004">
        <ele>121</ele>
        <time>2022-01-11T09:24:59Z</time>
      </trkpt>
      <trkpt lat="30.389120000000002" lon="35.10363">
        <ele>125</ele>
        <time>2022-01-11T09:25:00Z</time>
      </trkpt>
      <trkpt lat="30.389120000000002" lon="35.10363">
        <ele>125</ele>
        <time>2022-01-11T09:25:01Z</time>
      </trkpt>
      <trkpt lat="30.389120000000002" lon="35.10363">
        <ele>123</ele>
        <time>2022-01-11T09:25:02Z</time>
      </trkpt>
      <trkpt lat="30.38877" lon="35.103120000000004">
        <ele>126</ele>
        <time>2022-01-11T09:25:03Z</time>
      </trkpt>
      <trkpt lat="30.3881" lon="35.102500000000006">
        <ele>126</ele>
        <time>2022-01-11T09:25:04Z</time>
      </trkpt>
      <trkpt lat="30.387800000000002" lon="35.10208">
        <ele>128</ele>
        <time>2022-01-11T09:25:05Z</time>
      </trkpt>
      <trkpt lat="30.387800000000002" lon="35.10208">
        <ele>127.35987817457783</ele>
        <time>2022-01-11T09:25:06Z</time>
      </trkpt>
      <trkpt lat="30.387800000000002" lon="35.10208">
        <ele>127.35987817457783</ele>
        <time>2022-01-11T09:25:07Z</time>
      </trkpt>
      <trkpt lat="30.38763" lon="35.101890000000004">
        <ele>128</ele>
        <time>2022-01-11T09:25:08Z</time>
      </trkpt>
      <trkpt lat="30.387330000000002" lon="35.101530000000004">
        <ele>129</ele>
        <time>2022-01-11T09:25:09Z</time>
      </trkpt>
      <trkpt lat="30.38697" lon="35.10118">
        <ele>129</ele>
        <time>2022-01-11T09:25:10Z</time>
      </trkpt>
      <trkpt lat="30.386830000000003" lon="35.101020000000005">
        <ele>130.7727771400758</ele>
        <time>2022-01-11T09:25:11Z</time>
      </trkpt>
      <trkpt lat="30.386830000000003" lon="35.101020000000005">
        <ele>130.7727771400758</ele>
        <time>2022-01-11T09:25:12Z</time>
      </trkpt>
      <trkpt lat="30.386830000000003" lon="35.101020000000005">
        <ele>129</ele>
        <time>2022-01-11T09:25:13Z</time>
      </trkpt>
      <trkpt lat="30.38671" lon="35.100840000000005">
        <ele>129</ele>
        <time>2022-01-11T09:25:14Z</time>
      </trkpt>
      <trkpt lat="30.386640000000003" lon="35.10063">
        <ele>132</ele>
        <time>2022-01-11T09:25:15Z</time>
      </trkpt>
      <trkpt lat="30.386580000000002" lon="35.100300000000004">
        <ele>132</ele>
        <time>2022-01-11T09:25:16Z</time>
      </trkpt>
      <trkpt lat="30.3865" lon="35.09998">
        <ele>132</ele>
        <time>2022-01-11T09:25:17Z</time>
      </trkpt>
      <trkpt lat="30.386380000000003" lon="35.099790000000006">
        <ele>131</ele>
        <time>2022-01-11T09:25:18Z</time>
      </trkpt>
      <trkpt lat="30.386380000000003" lon="35.099790000000006">
        <ele>130.99534675470434</ele>
        <time>2022-01-11T09:25:19Z</time>
      </trkpt>
      <trkpt lat="30.386380000000003" lon="35.099790000000006">
        <ele>130.99534675470434</ele>
        <time>2022-01-11T09:25:20Z</time>
      </trkpt>
      <trkpt lat="30.386110000000002" lon="35.09946">
        <ele>133</ele>
        <time>2022-01-11T09:25:21Z</time>
      </trkpt>
      <trkpt lat="30.38605" lon="35.09944">
        <ele>132.0005191307307</ele>
        <time>2022-01-11T09:25:22Z</time>
      </trkpt>
      <trkpt lat="30.38605" lon="35.09944">
        <ele>132.0005191307307</ele>
        <time>2022-01-11T09:25:23Z</time>
      </trkpt>
      <trkpt lat="30.38605" lon="35.09944">
        <ele>133</ele>
        <time>2022-01-11T09:25:24Z</time>
      </trkpt>
      <trkpt lat="30.38605" lon="35.09944">
        <ele>133</ele>
        <time>2022-01-11T09:25:25Z</time>
      </trkpt>
      <trkpt lat="30.386110000000002" lon="35.09946">
        <ele>133</ele>
        <time>2022-01-11T09:25:26Z</time>
      </trkpt>
      <trkpt lat="30.38595" lon="35.0993">
        <ele>133</ele>
        <time>2022-01-11T09:25:27Z</time>
      </trkpt>
      <trkpt lat="30.385710000000003" lon="35.09911">
        <ele>133</ele>
        <time>2022-01-11T09:25:28Z</time>
      </trkpt>
      <trkpt lat="30.385450000000002" lon="35.09895">
        <ele>136</ele>
        <time>2022-01-11T09:25:29Z</time>
      </trkpt>
      <trkpt lat="30.38529" lon="35.09881">
        <ele>136</ele>
        <time>2022-01-11T09:25:30Z</time>
      </trkpt>
      <trkpt lat="30.3852" lon="35.09863">
        <ele>136</ele>
        <time>2022-01-11T09:25:31Z</time>
      </trkpt>
      <trkpt lat="30.3852" lon="35.09863">
        <ele>133.9250093255471</ele>
        <time>2022-01-11T09:25:32Z</time>
      </trkpt>
      <trkpt lat="30.3852" lon="35.09863">
        <ele>133.9250093255471</ele>
        <time>2022-01-11T09:25:33Z</time>
      </trkpt>
      <trkpt lat="30.3852" lon="35.09863">
        <ele>133.9250093255471</ele>
        <time>2022-01-11T09:25:34Z</time>
      </trkpt>
      <trkpt lat="30.3852" lon="35.09863">
        <ele>133.9250093255471</ele>
        <time>2022-01-11T09:25:35Z</time>
      </trkpt>
      <trkpt lat="30.385070000000002" lon="35.098220000000005">
        <ele>136</ele>
        <time>2022-01-11T09:25:36Z</time>
      </trkpt>
      <trkpt lat="30.384980000000002" lon="35.098020000000005">
        <ele>136</ele>
        <time>2022-01-11T09:25:37Z</time>
      </trkpt>
      <trkpt lat="30.38491" lon="35.09794">
        <ele>136</ele>
        <time>2022-01-11T09:25:38Z</time>
      </trkpt>
      <trkpt lat="30.38474" lon="35.0978">
        <ele>136</ele>
        <time>2022-01-11T09:25:39Z</time>
      </trkpt>
      <trkpt lat="30.384670000000003" lon="35.097730000000006">
        <ele>139</ele>
        <time>2022-01-11T09:25:40Z</time>
      </trkpt>
      <trkpt lat="30.38462" lon="35.097640000000006">
        <ele>139</ele>
        <time>2022-01-11T09:25:41Z</time>
      </trkpt>
      <trkpt lat="30.384560000000004" lon="35.097440000000006">
        <ele>139</ele>
        <time>2022-01-11T09:25:42Z</time>
      </trkpt>
      <trkpt lat="30.38453" lon="35.09698">
        <ele>138</ele>
        <time>2022-01-11T09:25:43Z</time>
      </trkpt>
      <trkpt lat="30.384480000000003" lon="35.09676">
        <ele>137.247975417708</ele>
        <time>2022-01-11T09:25:44Z</time>
      </trkpt>
      <trkpt lat="30.384480000000003" lon="35.09676">
        <ele>137.247975417708</ele>
        <time>2022-01-11T09:25:45Z</time>
      </trkpt>
      <trkpt lat="30.384480000000003" lon="35.09676">
        <ele>138</ele>
        <time>2022-01-11T09:25:46Z</time>
      </trkpt>
      <trkpt lat="30.384480000000003" lon="35.09676">
        <ele>137.247975417708</ele>
        <time>2022-01-11T09:25:47Z</time>
      </trkpt>
      <trkpt lat="30.384480000000003" lon="35.09676">
        <ele>137.247975417708</ele>
        <time>2022-01-11T09:25:48Z</time>
      </trkpt>
      <trkpt lat="30.384390000000003" lon="35.09644">
        <ele>136</ele>
        <time>2022-01-11T09:25:49Z</time>
      </trkpt>
      <trkpt lat="30.384220000000003" lon="35.096030000000006">
        <ele>136</ele>
        <time>2022-01-11T09:25:50Z</time>
      </trkpt>
      <trkpt lat="30.383770000000002" lon="35.09517">
        <ele>140</ele>
        <time>2022-01-11T09:25:51Z</time>
      </trkpt>
      <trkpt lat="30.383430000000004" lon="35.094770000000004">
        <ele>138</ele>
        <time>2022-01-11T09:25:52Z</time>
      </trkpt>
      <trkpt lat="30.383250000000004" lon="35.09451">
        <ele>138</ele>
        <time>2022-01-11T09:25:53Z</time>
      </trkpt>
      <trkpt lat="30.383100000000002" lon="35.09423">
        <ele>138</ele>
        <time>2022-01-11T09:25:54Z</time>
      </trkpt>
      <trkpt lat="30.382980000000003" lon="35.093810000000005">
        <ele>141.00933151172643</ele>
        <time>2022-01-11T09:25:55Z</time>
      </trkpt>
      <trkpt lat="30.382980000000003" lon="35.093810000000005">
        <ele>141.00933151172643</ele>
        <time>2022-01-11T09:25:56Z</time>
      </trkpt>
      <trkpt lat="30.382980000000003" lon="35.093810000000005">
        <ele>148</ele>
        <time>2022-01-11T09:25:57Z</time>
      </trkpt>
      <trkpt lat="30.382890000000003" lon="35.09362">
        <ele>148</ele>
        <time>2022-01-11T09:25:58Z</time>
      </trkpt>
      <trkpt lat="30.38275" lon="35.09346">
        <ele>148</ele>
        <time>2022-01-11T09:25:59Z</time>
      </trkpt>
      <trkpt lat="30.38275" lon="35.09346">
        <ele>143.09786515522694</ele>
        <time>2022-01-11T09:26:00Z</time>
      </trkpt>
      <trkpt lat="30.38275" lon="35.09346">
        <ele>143.09786515522694</ele>
        <time>2022-01-11T09:26:01Z</time>
      </trkpt>
      <trkpt lat="30.382490000000004" lon="35.093030000000006">
        <ele>142</ele>
        <time>2022-01-11T09:26:02Z</time>
      </trkpt>
      <trkpt lat="30.382410000000004" lon="35.092940000000006">
        <ele>142</ele>
        <time>2022-01-11T09:26:03Z</time>
      </trkpt>
      <trkpt lat="30.382330000000003" lon="35.09288">
        <ele>142</ele>
        <time>2022-01-11T09:26:04Z</time>
      </trkpt>
      <trkpt lat="30.382250000000003" lon="35.092850000000006">
        <ele>142</ele>
        <time>2022-01-11T09:26:05Z</time>
      </trkpt>
      <trkpt lat="30.382250000000003" lon="35.092850000000006">
        <ele>144.12324920792256</ele>
        <time>2022-01-11T09:26:06Z</time>
      </trkpt>
      <trkpt lat="30.382250000000003" lon="35.092850000000006">
        <ele>144.12324920792256</ele>
        <time>2022-01-11T09:26:07Z</time>
      </trkpt>
      <trkpt lat="30.382250000000003" lon="35.092850000000006">
        <ele>142</ele>
        <time>2022-01-11T09:26:08Z</time>
      </trkpt>
      <trkpt lat="30.38201" lon="35.09263">
        <ele>147</ele>
        <time>2022-01-11T09:26:09Z</time>
      </trkpt>
      <trkpt lat="30.381760000000003" lon="35.092470000000006">
        <ele>147</ele>
        <time>2022-01-11T09:26:10Z</time>
      </trkpt>
      <trkpt lat="30.38144" lon="35.092200000000005">
        <ele>144</ele>
        <time>2022-01-11T09:26:11Z</time>
      </trkpt>
      <trkpt lat="30.381380000000004" lon="35.092180000000006">
        <ele>144</ele>
        <time>2022-01-11T09:26:12Z</time>
      </trkpt>
      <trkpt lat="30.381380000000004" lon="35.092180000000006">
        <ele>143.78594885778148</ele>
        <time>2022-01-11T09:26:13Z</time>
      </trkpt>
      <trkpt lat="30.381380000000004" lon="35.092180000000006">
        <ele>143.78594885778148</ele>
        <time>2022-01-11T09:26:14Z</time>
      </trkpt>
      <trkpt lat="30.381240000000002" lon="35.092060000000004">
        <ele>145</ele>
        <time>2022-01-11T09:26:15Z</time>
      </trkpt>
      <trkpt lat="30.380800000000004" lon="35.09165">
        <ele>145</ele>
        <time>2022-01-11T09:26:16Z</time>
      </trkpt>
      <trkpt lat="30.380300000000002" lon="35.09134">
        <ele>143.8239161715028</ele>
        <time>2022-01-11T09:26:17Z</time>
      </trkpt>
      <trkpt lat="30.380300000000002" lon="35.09134">
        <ele>143.8239161715028</ele>
        <time>2022-01-11T09:26:18Z</time>
      </trkpt>
      <trkpt lat="30.380300000000002" lon="35.09134">
        <ele>145</ele>
        <time>2022-01-11T09:26:19Z</time>
      </trkpt>
      <trkpt lat="30.38003" lon="35.0912">
        <ele>145</ele>
        <time>2022-01-11T09:26:20Z</time>
      </trkpt>
      <trkpt lat="30.379790000000003" lon="35.09104">
        <ele>145</ele>
        <time>2022-01-11T09:26:21Z</time>
      </trkpt>
      <trkpt lat="30.379640000000002" lon="35.09091">
        <ele>147</ele>
        <time>2022-01-11T09:26:22Z</time>
      </trkpt>
      <trkpt lat="30.37956" lon="35.090860000000006">
        <ele>147</ele>
        <time>2022-01-11T09:26:23Z</time>
      </trkpt>
      <trkpt lat="30.37938" lon="35.090790000000005">
        <ele>147</ele>
        <time>2022-01-11T09:26:24Z</time>
      </trkpt>
      <trkpt lat="30.379310000000004" lon="35.09073">
        <ele>146</ele>
        <time>2022-01-11T09:26:25Z</time>
      </trkpt>
      <trkpt lat="30.379310000000004" lon="35.09073">
        <ele>146.8516466776838</ele>
        <time>2022-01-11T09:26:26Z</time>
      </trkpt>
      <trkpt lat="30.379310000000004" lon="35.09073">
        <ele>146.8516466776838</ele>
        <time>2022-01-11T09:26:27Z</time>
      </trkpt>
      <trkpt lat="30.37918" lon="35.09057">
        <ele>147.2138556415448</ele>
        <time>2022-01-11T09:26:28Z</time>
      </trkpt>
      <trkpt lat="30.37918" lon="35.09057">
        <ele>147.2138556415448</ele>
        <time>2022-01-11T09:26:29Z</time>
      </trkpt>
      <extensions>
        <RoutingType xmlns="">Hike</RoutingType>
      </extensions>
    </trkseg>
    <trkseg>
      <trkpt lat="30.37918" lon="35.09057">
        <ele>147.2138556415448</ele>
        <time>2022-01-11T09:26:29Z</time>
      </trkpt>
      <trkpt lat="30.37918" lon="35.09057">
        <ele>146</ele>
        <time>2022-01-11T09:26:30Z</time>
      </trkpt>
      <trkpt lat="30.379080000000002" lon="35.09037">
        <ele>146</ele>
        <time>2022-01-11T09:26:31Z</time>
      </trkpt>
      <trkpt lat="30.378950000000003" lon="35.09001">
        <ele>146</ele>
        <time>2022-01-11T09:26:32Z</time>
      </trkpt>
      <trkpt lat="30.378950000000003" lon="35.09001">
        <ele>146</ele>
        <time>2022-01-11T09:26:33Z</time>
      </trkpt>
      <trkpt lat="30.378790000000002" lon="35.089670000000005">
        <ele>149</ele>
        <time>2022-01-11T09:26:34Z</time>
      </trkpt>
      <trkpt lat="30.378770000000003" lon="35.08945">
        <ele>149</ele>
        <time>2022-01-11T09:26:35Z</time>
      </trkpt>
      <trkpt lat="30.37873" lon="35.08934">
        <ele>149</ele>
        <time>2022-01-11T09:26:36Z</time>
      </trkpt>
      <trkpt lat="30.378560000000004" lon="35.08894">
        <ele>149</ele>
        <time>2022-01-11T09:26:37Z</time>
      </trkpt>
      <trkpt lat="30.378550000000004" lon="35.08874">
        <ele>149</ele>
        <time>2022-01-11T09:26:38Z</time>
      </trkpt>
      <trkpt lat="30.378550000000004" lon="35.08874">
        <ele>149.29415961849287</ele>
        <time>2022-01-11T09:26:39Z</time>
      </trkpt>
      <trkpt lat="30.378550000000004" lon="35.08874">
        <ele>149.29415961849287</ele>
        <time>2022-01-11T09:26:40Z</time>
      </trkpt>
      <trkpt lat="30.378550000000004" lon="35.08874">
        <ele>149.29415961849287</ele>
        <time>2022-01-11T09:26:41Z</time>
      </trkpt>
      <trkpt lat="30.378550000000004" lon="35.08874">
        <ele>149.29415961849287</ele>
        <time>2022-01-11T09:26:42Z</time>
      </trkpt>
      <trkpt lat="30.378500000000003" lon="35.088530000000006">
        <ele>149</ele>
        <time>2022-01-11T09:26:43Z</time>
      </trkpt>
      <trkpt lat="30.378410000000002" lon="35.08834">
        <ele>149</ele>
        <time>2022-01-11T09:26:44Z</time>
      </trkpt>
      <trkpt lat="30.37835" lon="35.08813">
        <ele>149</ele>
        <time>2022-01-11T09:26:45Z</time>
      </trkpt>
      <trkpt lat="30.37825" lon="35.08794">
        <ele>149</ele>
        <time>2022-01-11T09:26:46Z</time>
      </trkpt>
      <trkpt lat="30.37797" lon="35.087500000000006">
        <ele>149</ele>
        <time>2022-01-11T09:26:47Z</time>
      </trkpt>
      <trkpt lat="30.377820000000003" lon="35.08711">
        <ele>151</ele>
        <time>2022-01-11T09:26:48Z</time>
      </trkpt>
      <trkpt lat="30.377720000000004" lon="35.08681">
        <ele>151</ele>
        <time>2022-01-11T09:26:49Z</time>
      </trkpt>
      <trkpt lat="30.37759" lon="35.086510000000004">
        <ele>152.84641129156753</ele>
        <time>2022-01-11T09:26:50Z</time>
      </trkpt>
      <trkpt lat="30.37759" lon="35.086510000000004">
        <ele>152.84641129156753</ele>
        <time>2022-01-11T09:26:51Z</time>
      </trkpt>
      <trkpt lat="30.37759" lon="35.086510000000004">
        <ele>149</ele>
        <time>2022-01-11T09:26:52Z</time>
      </trkpt>
      <trkpt lat="30.377260000000003" lon="35.085980000000006">
        <ele>149</ele>
        <time>2022-01-11T09:26:53Z</time>
      </trkpt>
      <trkpt lat="30.377260000000003" lon="35.085980000000006">
        <ele>153.17620977771003</ele>
        <time>2022-01-11T09:26:54Z</time>
      </trkpt>
      <trkpt lat="30.377260000000003" lon="35.085980000000006">
        <ele>153.17620977771003</ele>
        <time>2022-01-11T09:26:55Z</time>
      </trkpt>
      <trkpt lat="30.376690000000004" lon="35.085260000000005">
        <ele>158</ele>
        <time>2022-01-11T09:26:56Z</time>
      </trkpt>
      <trkpt lat="30.376400000000004" lon="35.0848">
        <ele>156</ele>
        <time>2022-01-11T09:26:57Z</time>
      </trkpt>
      <trkpt lat="30.376310000000004" lon="35.08469">
        <ele>156.5</ele>
        <time>2022-01-11T09:26:58Z</time>
      </trkpt>
      <trkpt lat="30.376310000000004" lon="35.08469">
        <ele>156.5</ele>
        <time>2022-01-11T09:26:59Z</time>
      </trkpt>
      <trkpt lat="30.376140000000003" lon="35.08449">
        <ele>157</ele>
        <time>2022-01-11T09:27:00Z</time>
      </trkpt>
      <trkpt lat="30.375920000000004" lon="35.08413">
        <ele>158.2203555405722</ele>
        <time>2022-01-11T09:27:01Z</time>
      </trkpt>
      <trkpt lat="30.375920000000004" lon="35.08413">
        <ele>158.2203555405722</ele>
        <time>2022-01-11T09:27:02Z</time>
      </trkpt>
      <trkpt lat="30.375920000000004" lon="35.08413">
        <ele>157</ele>
        <time>2022-01-11T09:27:03Z</time>
      </trkpt>
      <trkpt lat="30.3759" lon="35.084030000000006">
        <ele>158</ele>
        <time>2022-01-11T09:27:04Z</time>
      </trkpt>
      <trkpt lat="30.375930000000004" lon="35.08393">
        <ele>158</ele>
        <time>2022-01-11T09:27:05Z</time>
      </trkpt>
      <trkpt lat="30.376250000000002" lon="35.08337">
        <ele>158</ele>
        <time>2022-01-11T09:27:06Z</time>
      </trkpt>
      <trkpt lat="30.376250000000002" lon="35.08337">
        <ele>158.58031082892632</ele>
        <time>2022-01-11T09:27:07Z</time>
      </trkpt>
      <trkpt lat="30.376250000000002" lon="35.08337">
        <ele>158.58031082892632</ele>
        <time>2022-01-11T09:27:08Z</time>
      </trkpt>
      <trkpt lat="30.376300000000004" lon="35.08328">
        <ele>158</ele>
        <time>2022-01-11T09:27:09Z</time>
      </trkpt>
      <trkpt lat="30.376350000000002" lon="35.08297">
        <ele>158</ele>
        <time>2022-01-11T09:27:10Z</time>
      </trkpt>
      <trkpt lat="30.376400000000004" lon="35.08256">
        <ele>158</ele>
        <time>2022-01-11T09:27:11Z</time>
      </trkpt>
      <trkpt lat="30.376440000000002" lon="35.08165">
        <ele>160.40698463636903</ele>
        <time>2022-01-11T09:27:12Z</time>
      </trkpt>
      <trkpt lat="30.376440000000002" lon="35.08165">
        <ele>160.40698463636903</ele>
        <time>2022-01-11T09:27:13Z</time>
      </trkpt>
      <trkpt lat="30.376440000000002" lon="35.08165">
        <ele>160</ele>
        <time>2022-01-11T09:27:14Z</time>
      </trkpt>
      <trkpt lat="30.376350000000002" lon="35.08111">
        <ele>163</ele>
        <time>2022-01-11T09:27:15Z</time>
      </trkpt>
      <trkpt lat="30.376310000000004" lon="35.081010000000006">
        <ele>163</ele>
        <time>2022-01-11T09:27:16Z</time>
      </trkpt>
      <trkpt lat="30.37619" lon="35.08082">
        <ele>163</ele>
        <time>2022-01-11T09:27:17Z</time>
      </trkpt>
      <trkpt lat="30.376050000000003" lon="35.08066">
        <ele>163.5</ele>
        <time>2022-01-11T09:27:18Z</time>
      </trkpt>
      <trkpt lat="30.376050000000003" lon="35.08066">
        <ele>163.5</ele>
        <time>2022-01-11T09:27:19Z</time>
      </trkpt>
      <trkpt lat="30.376050000000003" lon="35.08066">
        <ele>163.97829181991426</ele>
        <time>2022-01-11T09:27:20Z</time>
      </trkpt>
      <trkpt lat="30.376050000000003" lon="35.08066">
        <ele>163.97829181991426</ele>
        <time>2022-01-11T09:27:21Z</time>
      </trkpt>
      <trkpt lat="30.37599" lon="35.08059">
        <ele>164</ele>
        <time>2022-01-11T09:27:22Z</time>
      </trkpt>
      <trkpt lat="30.37591" lon="35.08041">
        <ele>165.25411724549485</ele>
        <time>2022-01-11T09:27:23Z</time>
      </trkpt>
      <trkpt lat="30.37591" lon="35.08041">
        <ele>165.25411724549485</ele>
        <time>2022-01-11T09:27:24Z</time>
      </trkpt>
      <trkpt lat="30.37591" lon="35.08041">
        <ele>164</ele>
        <time>2022-01-11T09:27:25Z</time>
      </trkpt>
      <trkpt lat="30.3758" lon="35.07988">
        <ele>168</ele>
        <time>2022-01-11T09:27:26Z</time>
      </trkpt>
      <trkpt lat="30.375790000000002" lon="35.07977">
        <ele>168</ele>
        <time>2022-01-11T09:27:27Z</time>
      </trkpt>
      <trkpt lat="30.375830000000004" lon="35.07956">
        <ele>168</ele>
        <time>2022-01-11T09:27:28Z</time>
      </trkpt>
      <trkpt lat="30.37581" lon="35.079440000000005">
        <ele>168</ele>
        <time>2022-01-11T09:27:29Z</time>
      </trkpt>
      <trkpt lat="30.375740000000004" lon="35.07923">
        <ele>168</ele>
        <time>2022-01-11T09:27:30Z</time>
      </trkpt>
      <trkpt lat="30.375510000000002" lon="35.078860000000006">
        <ele>177</ele>
        <time>2022-01-11T09:27:31Z</time>
      </trkpt>
      <trkpt lat="30.375500000000002" lon="35.07876">
        <ele>177</ele>
        <time>2022-01-11T09:27:32Z</time>
      </trkpt>
      <trkpt lat="30.375500000000002" lon="35.07876">
        <ele>166.1589106327184</ele>
        <time>2022-01-11T09:27:33Z</time>
      </trkpt>
      <trkpt lat="30.375500000000002" lon="35.07876">
        <ele>166.1589106327184</ele>
        <time>2022-01-11T09:27:34Z</time>
      </trkpt>
      <trkpt lat="30.375500000000002" lon="35.07876">
        <ele>166.1589106327184</ele>
        <time>2022-01-11T09:27:35Z</time>
      </trkpt>
      <trkpt lat="30.375500000000002" lon="35.07876">
        <ele>166.1589106327184</ele>
        <time>2022-01-11T09:27:36Z</time>
      </trkpt>
      <trkpt lat="30.37553" lon="35.07864">
        <ele>166</ele>
        <time>2022-01-11T09:27:37Z</time>
      </trkpt>
      <trkpt lat="30.375370000000004" lon="35.078230000000005">
        <ele>169</ele>
        <time>2022-01-11T09:27:38Z</time>
      </trkpt>
      <trkpt lat="30.375310000000002" lon="35.07791">
        <ele>169</ele>
        <time>2022-01-11T09:27:39Z</time>
      </trkpt>
      <trkpt lat="30.375100000000003" lon="35.077400000000004">
        <ele>168</ele>
        <time>2022-01-11T09:27:40Z</time>
      </trkpt>
      <trkpt lat="30.374900000000004" lon="35.077160000000006">
        <ele>168</ele>
        <time>2022-01-11T09:27:41Z</time>
      </trkpt>
      <trkpt lat="30.374760000000002" lon="35.07703">
        <ele>168</ele>
        <time>2022-01-11T09:27:42Z</time>
      </trkpt>
      <trkpt lat="30.374670000000002" lon="35.077020000000005">
        <ele>169</ele>
        <time>2022-01-11T09:27:43Z</time>
      </trkpt>
      <trkpt lat="30.374650000000003" lon="35.076950000000004">
        <ele>169</ele>
        <time>2022-01-11T09:27:44Z</time>
      </trkpt>
      <trkpt lat="30.374530000000004" lon="35.07677">
        <ele>167.0001978282141</ele>
        <time>2022-01-11T09:27:45Z</time>
      </trkpt>
      <trkpt lat="30.374530000000004" lon="35.07677">
        <ele>167.0001978282141</ele>
        <time>2022-01-11T09:27:46Z</time>
      </trkpt>
      <trkpt lat="30.374530000000004" lon="35.07677">
        <ele>169</ele>
        <time>2022-01-11T09:27:47Z</time>
      </trkpt>
      <trkpt lat="30.374530000000004" lon="35.07677">
        <ele>167.0001978282141</ele>
        <time>2022-01-11T09:27:48Z</time>
      </trkpt>
      <trkpt lat="30.374530000000004" lon="35.07677">
        <ele>167.0001978282141</ele>
        <time>2022-01-11T09:27:49Z</time>
      </trkpt>
      <trkpt lat="30.37431" lon="35.076550000000005">
        <ele>171</ele>
        <time>2022-01-11T09:27:50Z</time>
      </trkpt>
      <trkpt lat="30.374160000000003" lon="35.076420000000006">
        <ele>171</ele>
        <time>2022-01-11T09:27:51Z</time>
      </trkpt>
      <trkpt lat="30.374100000000002" lon="35.076330000000006">
        <ele>171</ele>
        <time>2022-01-11T09:27:52Z</time>
      </trkpt>
      <trkpt lat="30.373950000000004" lon="35.07621">
        <ele>171</ele>
        <time>2022-01-11T09:27:53Z</time>
      </trkpt>
      <trkpt lat="30.373890000000003" lon="35.076130000000006">
        <ele>171</ele>
        <time>2022-01-11T09:27:54Z</time>
      </trkpt>
      <trkpt lat="30.37376" lon="35.07582">
        <ele>177</ele>
        <time>2022-01-11T09:27:55Z</time>
      </trkpt>
      <trkpt lat="30.373690000000003" lon="35.07555">
        <ele>169.1394300648693</ele>
        <time>2022-01-11T09:27:56Z</time>
      </trkpt>
      <trkpt lat="30.373690000000003" lon="35.07555">
        <ele>169.1394300648693</ele>
        <time>2022-01-11T09:27:57Z</time>
      </trkpt>
      <trkpt lat="30.373690000000003" lon="35.07555">
        <ele>176.5</ele>
        <time>2022-01-11T09:27:58Z</time>
      </trkpt>
      <trkpt lat="30.373690000000003" lon="35.07555">
        <ele>176.5</ele>
        <time>2022-01-11T09:27:59Z</time>
      </trkpt>
      <trkpt lat="30.37364" lon="35.07542">
        <ele>176</ele>
        <time>2022-01-11T09:28:00Z</time>
      </trkpt>
      <trkpt lat="30.37364" lon="35.07542">
        <ele>169.07668485374563</ele>
        <time>2022-01-11T09:28:01Z</time>
      </trkpt>
      <trkpt lat="30.37364" lon="35.07542">
        <ele>169.07668485374563</ele>
        <time>2022-01-11T09:28:02Z</time>
      </trkpt>
      <trkpt lat="30.373480000000004" lon="35.07513">
        <ele>176</ele>
        <time>2022-01-11T09:28:03Z</time>
      </trkpt>
      <trkpt lat="30.373350000000002" lon="35.074960000000004">
        <ele>176</ele>
        <time>2022-01-11T09:28:04Z</time>
      </trkpt>
      <trkpt lat="30.37328" lon="35.07489">
        <ele>173</ele>
        <time>2022-01-11T09:28:05Z</time>
      </trkpt>
      <trkpt lat="30.373110000000004" lon="35.07479">
        <ele>173</ele>
        <time>2022-01-11T09:28:06Z</time>
      </trkpt>
      <trkpt lat="30.37291" lon="35.07459">
        <ele>171.99138577767195</ele>
        <time>2022-01-11T09:28:07Z</time>
      </trkpt>
      <trkpt lat="30.37291" lon="35.07459">
        <ele>171.99138577767195</ele>
        <time>2022-01-11T09:28:08Z</time>
      </trkpt>
      <trkpt lat="30.37291" lon="35.07459">
        <ele>176</ele>
        <time>2022-01-11T09:28:09Z</time>
      </trkpt>
      <trkpt lat="30.372780000000002" lon="35.07441">
        <ele>176</ele>
        <time>2022-01-11T09:28:10Z</time>
      </trkpt>
      <trkpt lat="30.372650000000004" lon="35.074110000000005">
        <ele>176</ele>
        <time>2022-01-11T09:28:11Z</time>
      </trkpt>
      <trkpt lat="30.37262" lon="35.07377">
        <ele>172</ele>
        <time>2022-01-11T09:28:12Z</time>
      </trkpt>
      <trkpt lat="30.37263" lon="35.073550000000004">
        <ele>172</ele>
        <time>2022-01-11T09:28:13Z</time>
      </trkpt>
      <trkpt lat="30.37263" lon="35.073550000000004">
        <ele>172.58403011976208</ele>
        <time>2022-01-11T09:28:14Z</time>
      </trkpt>
      <trkpt lat="30.37263" lon="35.073550000000004">
        <ele>172.58403011976208</ele>
        <time>2022-01-11T09:28:15Z</time>
      </trkpt>
      <trkpt lat="30.37262" lon="35.073440000000005">
        <ele>172</ele>
        <time>2022-01-11T09:28:16Z</time>
      </trkpt>
      <trkpt lat="30.372570000000003" lon="35.07323">
        <ele>175</ele>
        <time>2022-01-11T09:28:17Z</time>
      </trkpt>
      <trkpt lat="30.372570000000003" lon="35.07312">
        <ele>173.63367466663476</ele>
        <time>2022-01-11T09:28:18Z</time>
      </trkpt>
      <trkpt lat="30.372570000000003" lon="35.07312">
        <ele>173.63367466663476</ele>
        <time>2022-01-11T09:28:19Z</time>
      </trkpt>
      <trkpt lat="30.372570000000003" lon="35.07312">
        <ele>175</ele>
        <time>2022-01-11T09:28:20Z</time>
      </trkpt>
      <trkpt lat="30.372490000000003" lon="35.072810000000004">
        <ele>175</ele>
        <time>2022-01-11T09:28:21Z</time>
      </trkpt>
      <trkpt lat="30.372460000000004" lon="35.07274">
        <ele>175</ele>
        <time>2022-01-11T09:28:22Z</time>
      </trkpt>
      <trkpt lat="30.372460000000004" lon="35.07274">
        <ele>175</ele>
        <time>2022-01-11T09:28:23Z</time>
      </trkpt>
      <trkpt lat="30.372400000000003" lon="35.072610000000005">
        <ele>175</ele>
        <time>2022-01-11T09:28:24Z</time>
      </trkpt>
      <trkpt lat="30.37235" lon="35.072390000000006">
        <ele>189</ele>
        <time>2022-01-11T09:28:25Z</time>
      </trkpt>
      <trkpt lat="30.372300000000003" lon="35.07229">
        <ele>189</ele>
        <time>2022-01-11T09:28:26Z</time>
      </trkpt>
      <trkpt lat="30.372300000000003" lon="35.07229">
        <ele>175.13699578327743</ele>
        <time>2022-01-11T09:28:27Z</time>
      </trkpt>
      <trkpt lat="30.372300000000003" lon="35.07229">
        <ele>175.13699578327743</ele>
        <time>2022-01-11T09:28:28Z</time>
      </trkpt>
      <trkpt lat="30.37224" lon="35.072190000000006">
        <ele>175.7078401846603</ele>
        <time>2022-01-11T09:28:29Z</time>
      </trkpt>
      <trkpt lat="30.37224" lon="35.072190000000006">
        <ele>175.7078401846603</ele>
        <time>2022-01-11T09:28:30Z</time>
      </trkpt>
      <trkpt lat="30.37224" lon="35.072190000000006">
        <ele>189</ele>
        <time>2022-01-11T09:28:31Z</time>
      </trkpt>
      <trkpt lat="30.372080000000004" lon="35.072050000000004">
        <ele>178</ele>
        <time>2022-01-11T09:28:32Z</time>
      </trkpt>
      <trkpt lat="30.371740000000003" lon="35.07184">
        <ele>178</ele>
        <time>2022-01-11T09:28:33Z</time>
      </trkpt>
      <trkpt lat="30.371570000000002" lon="35.0717">
        <ele>178</ele>
        <time>2022-01-11T09:28:34Z</time>
      </trkpt>
      <trkpt lat="30.371440000000003" lon="35.071540000000006">
        <ele>181</ele>
        <time>2022-01-11T09:28:35Z</time>
      </trkpt>
      <trkpt lat="30.37139" lon="35.07144">
        <ele>181</ele>
        <time>2022-01-11T09:28:36Z</time>
      </trkpt>
      <trkpt lat="30.371360000000003" lon="35.071340000000006">
        <ele>181</ele>
        <time>2022-01-11T09:28:37Z</time>
      </trkpt>
      <trkpt lat="30.37132" lon="35.07123">
        <ele>181</ele>
        <time>2022-01-11T09:28:38Z</time>
      </trkpt>
      <extensions>
        <RoutingType xmlns="">Hike</RoutingType>
      </extensions>
    </trkseg>
    <trkseg>
      <trkpt lat="30.37132" lon="35.07123">
        <ele>181</ele>
        <time>2022-01-11T09:28:38Z</time>
      </trkpt>
      <trkpt lat="30.3712" lon="35.07108">
        <ele>181</ele>
        <time>2022-01-11T09:28:39Z</time>
      </trkpt>
      <trkpt lat="30.3712" lon="35.07108">
        <ele>176.57560533331707</ele>
        <time>2022-01-11T09:28:40Z</time>
      </trkpt>
      <trkpt lat="30.3712" lon="35.07108">
        <ele>176.57560533331707</ele>
        <time>2022-01-11T09:28:41Z</time>
      </trkpt>
      <trkpt lat="30.3712" lon="35.07108">
        <ele>176.57560533331707</ele>
        <time>2022-01-11T09:28:42Z</time>
      </trkpt>
      <trkpt lat="30.3712" lon="35.07108">
        <ele>176.57560533331707</ele>
        <time>2022-01-11T09:28:43Z</time>
      </trkpt>
      <trkpt lat="30.371160000000003" lon="35.070980000000006">
        <ele>181</ele>
        <time>2022-01-11T09:28:44Z</time>
      </trkpt>
      <trkpt lat="30.371100000000002" lon="35.07065">
        <ele>181</ele>
        <time>2022-01-11T09:28:45Z</time>
      </trkpt>
      <trkpt lat="30.370990000000003" lon="35.070220000000006">
        <ele>181</ele>
        <time>2022-01-11T09:28:46Z</time>
      </trkpt>
      <trkpt lat="30.37083" lon="35.06933">
        <ele>181</ele>
        <time>2022-01-11T09:28:47Z</time>
      </trkpt>
      <trkpt lat="30.37083" lon="35.06933">
        <ele>181</ele>
        <time>2022-01-11T09:28:48Z</time>
      </trkpt>
      <trkpt lat="30.37084" lon="35.06924">
        <ele>181</ele>
        <time>2022-01-11T09:28:49Z</time>
      </trkpt>
      <trkpt lat="30.370960000000004" lon="35.06904">
        <ele>195</ele>
        <time>2022-01-11T09:28:50Z</time>
      </trkpt>
      <trkpt lat="30.37103" lon="35.06897">
        <ele>179.195205422711</ele>
        <time>2022-01-11T09:28:51Z</time>
      </trkpt>
      <trkpt lat="30.37103" lon="35.06897">
        <ele>179.195205422711</ele>
        <time>2022-01-11T09:28:52Z</time>
      </trkpt>
      <trkpt lat="30.37103" lon="35.06897">
        <ele>195</ele>
        <time>2022-01-11T09:28:53Z</time>
      </trkpt>
      <trkpt lat="30.37112" lon="35.068920000000006">
        <ele>195</ele>
        <time>2022-01-11T09:28:54Z</time>
      </trkpt>
      <trkpt lat="30.37112" lon="35.068920000000006">
        <ele>179.4980600790341</ele>
        <time>2022-01-11T09:28:55Z</time>
      </trkpt>
      <trkpt lat="30.37112" lon="35.068920000000006">
        <ele>179.4980600790341</ele>
        <time>2022-01-11T09:28:56Z</time>
      </trkpt>
      <trkpt lat="30.371290000000002" lon="35.068870000000004">
        <ele>195</ele>
        <time>2022-01-11T09:28:57Z</time>
      </trkpt>
      <trkpt lat="30.3714" lon="35.06868">
        <ele>181</ele>
        <time>2022-01-11T09:28:58Z</time>
      </trkpt>
      <trkpt lat="30.371720000000003" lon="35.06842">
        <ele>181</ele>
        <time>2022-01-11T09:28:59Z</time>
      </trkpt>
      <trkpt lat="30.371900000000004" lon="35.068340000000006">
        <ele>181</ele>
        <time>2022-01-11T09:29:00Z</time>
      </trkpt>
      <trkpt lat="30.372080000000004" lon="35.06823">
        <ele>191</ele>
        <time>2022-01-11T09:29:01Z</time>
      </trkpt>
      <trkpt lat="30.372490000000003" lon="35.0679">
        <ele>182.09698100300537</ele>
        <time>2022-01-11T09:29:02Z</time>
      </trkpt>
      <trkpt lat="30.372490000000003" lon="35.0679">
        <ele>182.09698100300537</ele>
        <time>2022-01-11T09:29:03Z</time>
      </trkpt>
      <trkpt lat="30.372490000000003" lon="35.0679">
        <ele>186</ele>
        <time>2022-01-11T09:29:04Z</time>
      </trkpt>
      <trkpt lat="30.372950000000003" lon="35.0677">
        <ele>186</ele>
        <time>2022-01-11T09:29:05Z</time>
      </trkpt>
      <trkpt lat="30.37319" lon="35.06747">
        <ele>183</ele>
        <time>2022-01-11T09:29:06Z</time>
      </trkpt>
      <trkpt lat="30.373440000000002" lon="35.06729">
        <ele>226</ele>
        <time>2022-01-11T09:29:07Z</time>
      </trkpt>
      <trkpt lat="30.373440000000002" lon="35.06729">
        <ele>183.77150602760514</ele>
        <time>2022-01-11T09:29:08Z</time>
      </trkpt>
      <trkpt lat="30.373440000000002" lon="35.06729">
        <ele>183.77150602760514</ele>
        <time>2022-01-11T09:29:09Z</time>
      </trkpt>
      <trkpt lat="30.373590000000004" lon="35.067130000000006">
        <ele>226</ele>
        <time>2022-01-11T09:29:10Z</time>
      </trkpt>
      <trkpt lat="30.373680000000004" lon="35.067080000000004">
        <ele>226</ele>
        <time>2022-01-11T09:29:11Z</time>
      </trkpt>
      <trkpt lat="30.373780000000004" lon="35.06707">
        <ele>226</ele>
        <time>2022-01-11T09:29:12Z</time>
      </trkpt>
      <trkpt lat="30.373920000000002" lon="35.0671">
        <ele>184.9953961164026</ele>
        <time>2022-01-11T09:29:13Z</time>
      </trkpt>
      <trkpt lat="30.373920000000002" lon="35.0671">
        <ele>184.9953961164026</ele>
        <time>2022-01-11T09:29:14Z</time>
      </trkpt>
      <trkpt lat="30.373920000000002" lon="35.0671">
        <ele>201</ele>
        <time>2022-01-11T09:29:15Z</time>
      </trkpt>
      <trkpt lat="30.373920000000002" lon="35.0671">
        <ele>201</ele>
        <time>2022-01-11T09:29:16Z</time>
      </trkpt>
      <trkpt lat="30.374340000000004" lon="35.06712">
        <ele>201</ele>
        <time>2022-01-11T09:29:17Z</time>
      </trkpt>
      <trkpt lat="30.37459" lon="35.06727">
        <ele>201</ele>
        <time>2022-01-11T09:29:18Z</time>
      </trkpt>
      <trkpt lat="30.374660000000002" lon="35.06734">
        <ele>201</ele>
        <time>2022-01-11T09:29:19Z</time>
      </trkpt>
      <trkpt lat="30.374730000000003" lon="35.06743">
        <ele>202</ele>
        <time>2022-01-11T09:29:20Z</time>
      </trkpt>
      <trkpt lat="30.374730000000003" lon="35.06743">
        <ele>186.15774002307543</ele>
        <time>2022-01-11T09:29:21Z</time>
      </trkpt>
      <trkpt lat="30.374730000000003" lon="35.06743">
        <ele>186.15774002307543</ele>
        <time>2022-01-11T09:29:22Z</time>
      </trkpt>
      <trkpt lat="30.374730000000003" lon="35.06754">
        <ele>190</ele>
        <time>2022-01-11T09:29:23Z</time>
      </trkpt>
      <trkpt lat="30.374750000000002" lon="35.067660000000004">
        <ele>187.4676738986806</ele>
        <time>2022-01-11T09:29:24Z</time>
      </trkpt>
      <trkpt lat="30.374750000000002" lon="35.067660000000004">
        <ele>187.4676738986806</ele>
        <time>2022-01-11T09:29:25Z</time>
      </trkpt>
      <trkpt lat="30.374750000000002" lon="35.067660000000004">
        <ele>190</ele>
        <time>2022-01-11T09:29:26Z</time>
      </trkpt>
      <trkpt lat="30.374800000000004" lon="35.06776">
        <ele>190</ele>
        <time>2022-01-11T09:29:27Z</time>
      </trkpt>
      <trkpt lat="30.374890000000004" lon="35.06783">
        <ele>190</ele>
        <time>2022-01-11T09:29:28Z</time>
      </trkpt>
      <trkpt lat="30.37498" lon="35.067870000000006">
        <ele>190</ele>
        <time>2022-01-11T09:29:29Z</time>
      </trkpt>
      <trkpt lat="30.37506" lon="35.067930000000004">
        <ele>190</ele>
        <time>2022-01-11T09:29:30Z</time>
      </trkpt>
      <trkpt lat="30.375130000000002" lon="35.06801">
        <ele>190</ele>
        <time>2022-01-11T09:29:31Z</time>
      </trkpt>
      <trkpt lat="30.37525" lon="35.068200000000004">
        <ele>190</ele>
        <time>2022-01-11T09:29:32Z</time>
      </trkpt>
      <trkpt lat="30.375320000000002" lon="35.06826">
        <ele>190</ele>
        <time>2022-01-11T09:29:33Z</time>
      </trkpt>
      <trkpt lat="30.375320000000002" lon="35.06826">
        <ele>194.27585150858772</ele>
        <time>2022-01-11T09:29:34Z</time>
      </trkpt>
      <trkpt lat="30.375320000000002" lon="35.06826">
        <ele>194.27585150858772</ele>
        <time>2022-01-11T09:29:35Z</time>
      </trkpt>
      <trkpt lat="30.375320000000002" lon="35.06826">
        <ele>194.27585150858772</ele>
        <time>2022-01-11T09:29:36Z</time>
      </trkpt>
      <trkpt lat="30.375320000000002" lon="35.06826">
        <ele>194.27585150858772</ele>
        <time>2022-01-11T09:29:37Z</time>
      </trkpt>
      <trkpt lat="30.375380000000003" lon="35.06823">
        <ele>190</ele>
        <time>2022-01-11T09:29:38Z</time>
      </trkpt>
      <trkpt lat="30.375490000000003" lon="35.06832">
        <ele>214</ele>
        <time>2022-01-11T09:29:39Z</time>
      </trkpt>
      <trkpt lat="30.37571" lon="35.068270000000005">
        <ele>193</ele>
        <time>2022-01-11T09:29:40Z</time>
      </trkpt>
      <trkpt lat="30.375920000000004" lon="35.068310000000004">
        <ele>207</ele>
        <time>2022-01-11T09:29:41Z</time>
      </trkpt>
      <trkpt lat="30.376110000000004" lon="35.068290000000005">
        <ele>207</ele>
        <time>2022-01-11T09:29:42Z</time>
      </trkpt>
      <trkpt lat="30.376210000000004" lon="35.068250000000006">
        <ele>193</ele>
        <time>2022-01-11T09:29:43Z</time>
      </trkpt>
      <trkpt lat="30.37638" lon="35.06812">
        <ele>195</ele>
        <time>2022-01-11T09:29:44Z</time>
      </trkpt>
      <trkpt lat="30.376620000000003" lon="35.06783">
        <ele>195</ele>
        <time>2022-01-11T09:29:45Z</time>
      </trkpt>
      <trkpt lat="30.376620000000003" lon="35.06783">
        <ele>190.72681390116546</ele>
        <time>2022-01-11T09:29:46Z</time>
      </trkpt>
      <trkpt lat="30.376620000000003" lon="35.06783">
        <ele>190.72681390116546</ele>
        <time>2022-01-11T09:29:47Z</time>
      </trkpt>
      <trkpt lat="30.376620000000003" lon="35.06783">
        <ele>195</ele>
        <time>2022-01-11T09:29:48Z</time>
      </trkpt>
      <trkpt lat="30.376620000000003" lon="35.06783">
        <ele>190.72681390116546</ele>
        <time>2022-01-11T09:29:49Z</time>
      </trkpt>
      <trkpt lat="30.376620000000003" lon="35.06783">
        <ele>190.72681390116546</ele>
        <time>2022-01-11T09:29:50Z</time>
      </trkpt>
      <trkpt lat="30.37694" lon="35.067350000000005">
        <ele>195</ele>
        <time>2022-01-11T09:29:51Z</time>
      </trkpt>
      <trkpt lat="30.377140000000004" lon="35.066720000000004">
        <ele>195</ele>
        <time>2022-01-11T09:29:52Z</time>
      </trkpt>
      <trkpt lat="30.377200000000002" lon="35.066410000000005">
        <ele>207</ele>
        <time>2022-01-11T09:29:53Z</time>
      </trkpt>
      <trkpt lat="30.377250000000004" lon="35.066210000000005">
        <ele>207</ele>
        <time>2022-01-11T09:29:54Z</time>
      </trkpt>
      <trkpt lat="30.377350000000003" lon="35.06602">
        <ele>207</ele>
        <time>2022-01-11T09:29:55Z</time>
      </trkpt>
      <trkpt lat="30.377430000000004" lon="35.065810000000006">
        <ele>207</ele>
        <time>2022-01-11T09:29:56Z</time>
      </trkpt>
      <trkpt lat="30.377530000000004" lon="35.06562">
        <ele>197.13575811099324</ele>
        <time>2022-01-11T09:29:57Z</time>
      </trkpt>
      <trkpt lat="30.377530000000004" lon="35.06562">
        <ele>197.13575811099324</ele>
        <time>2022-01-11T09:29:58Z</time>
      </trkpt>
      <trkpt lat="30.377530000000004" lon="35.06562">
        <ele>202</ele>
        <time>2022-01-11T09:29:59Z</time>
      </trkpt>
      <trkpt lat="30.377640000000003" lon="35.065290000000005">
        <ele>202</ele>
        <time>2022-01-11T09:30:00Z</time>
      </trkpt>
      <trkpt lat="30.377660000000002" lon="35.06519">
        <ele>202</ele>
        <time>2022-01-11T09:30:01Z</time>
      </trkpt>
      <trkpt lat="30.377660000000002" lon="35.06519">
        <ele>199.1551545113683</ele>
        <time>2022-01-11T09:30:02Z</time>
      </trkpt>
      <trkpt lat="30.377660000000002" lon="35.06519">
        <ele>199.1551545113683</ele>
        <time>2022-01-11T09:30:03Z</time>
      </trkpt>
      <trkpt lat="30.377720000000004" lon="35.06506">
        <ele>202</ele>
        <time>2022-01-11T09:30:04Z</time>
      </trkpt>
      <trkpt lat="30.377760000000002" lon="35.06461">
        <ele>203</ele>
        <time>2022-01-11T09:30:05Z</time>
      </trkpt>
      <trkpt lat="30.377750000000002" lon="35.064490000000006">
        <ele>203</ele>
        <time>2022-01-11T09:30:06Z</time>
      </trkpt>
      <trkpt lat="30.37768" lon="35.06405">
        <ele>203</ele>
        <time>2022-01-11T09:30:07Z</time>
      </trkpt>
      <trkpt lat="30.377670000000002" lon="35.063930000000006">
        <ele>196.89752171863802</ele>
        <time>2022-01-11T09:30:08Z</time>
      </trkpt>
      <trkpt lat="30.377670000000002" lon="35.063930000000006">
        <ele>196.89752171863802</ele>
        <time>2022-01-11T09:30:09Z</time>
      </trkpt>
      <trkpt lat="30.377670000000002" lon="35.063930000000006">
        <ele>203</ele>
        <time>2022-01-11T09:30:10Z</time>
      </trkpt>
      <trkpt lat="30.37769" lon="35.06383">
        <ele>203</ele>
        <time>2022-01-11T09:30:11Z</time>
      </trkpt>
      <trkpt lat="30.377650000000003" lon="35.063610000000004">
        <ele>203</ele>
        <time>2022-01-11T09:30:12Z</time>
      </trkpt>
      <trkpt lat="30.3776" lon="35.06318">
        <ele>209</ele>
        <time>2022-01-11T09:30:13Z</time>
      </trkpt>
      <trkpt lat="30.37769" lon="35.06261">
        <ele>209</ele>
        <time>2022-01-11T09:30:14Z</time>
      </trkpt>
      <trkpt lat="30.37769" lon="35.06261">
        <ele>198.70584631953304</ele>
        <time>2022-01-11T09:30:15Z</time>
      </trkpt>
      <trkpt lat="30.37769" lon="35.06261">
        <ele>198.70584631953304</ele>
        <time>2022-01-11T09:30:16Z</time>
      </trkpt>
      <trkpt lat="30.377730000000003" lon="35.062520000000006">
        <ele>209</ele>
        <time>2022-01-11T09:30:17Z</time>
      </trkpt>
      <trkpt lat="30.377760000000002" lon="35.0623">
        <ele>242</ele>
        <time>2022-01-11T09:30:18Z</time>
      </trkpt>
      <trkpt lat="30.377850000000002" lon="35.061980000000005">
        <ele>200.5948126095886</ele>
        <time>2022-01-11T09:30:19Z</time>
      </trkpt>
      <trkpt lat="30.377850000000002" lon="35.061980000000005">
        <ele>200.5948126095886</ele>
        <time>2022-01-11T09:30:20Z</time>
      </trkpt>
      <trkpt lat="30.377850000000002" lon="35.061980000000005">
        <ele>242</ele>
        <time>2022-01-11T09:30:21Z</time>
      </trkpt>
      <trkpt lat="30.378020000000003" lon="35.06159">
        <ele>239</ele>
        <time>2022-01-11T09:30:22Z</time>
      </trkpt>
      <trkpt lat="30.378180000000004" lon="35.06145">
        <ele>239</ele>
        <time>2022-01-11T09:30:23Z</time>
      </trkpt>
      <trkpt lat="30.378270000000004" lon="35.06139">
        <ele>239</ele>
        <time>2022-01-11T09:30:24Z</time>
      </trkpt>
      <trkpt lat="30.378360000000004" lon="35.061370000000004">
        <ele>239</ele>
        <time>2022-01-11T09:30:25Z</time>
      </trkpt>
      <trkpt lat="30.37863" lon="35.06127">
        <ele>239</ele>
        <time>2022-01-11T09:30:26Z</time>
      </trkpt>
      <trkpt lat="30.378670000000003" lon="35.061260000000004">
        <ele>239</ele>
        <time>2022-01-11T09:30:27Z</time>
      </trkpt>
      <trkpt lat="30.378670000000003" lon="35.061260000000004">
        <ele>200.30870972708843</ele>
        <time>2022-01-11T09:30:28Z</time>
      </trkpt>
      <trkpt lat="30.378670000000003" lon="35.061260000000004">
        <ele>200.30870972708843</ele>
        <time>2022-01-11T09:30:29Z</time>
      </trkpt>
      <trkpt lat="30.378670000000003" lon="35.061260000000004">
        <ele>200.30870972708843</ele>
        <time>2022-01-11T09:30:30Z</time>
      </trkpt>
      <trkpt lat="30.378670000000003" lon="35.061260000000004">
        <ele>200.30870972708843</ele>
        <time>2022-01-11T09:30:31Z</time>
      </trkpt>
      <trkpt lat="30.378670000000003" lon="35.061260000000004">
        <ele>239</ele>
        <time>2022-01-11T09:30:32Z</time>
      </trkpt>
      <trkpt lat="30.37882" lon="35.06125">
        <ele>239</ele>
        <time>2022-01-11T09:30:33Z</time>
      </trkpt>
      <trkpt lat="30.37891" lon="35.0612">
        <ele>206</ele>
        <time>2022-01-11T09:30:34Z</time>
      </trkpt>
      <trkpt lat="30.378970000000002" lon="35.0611">
        <ele>206</ele>
        <time>2022-01-11T09:30:35Z</time>
      </trkpt>
      <trkpt lat="30.379030000000004" lon="35.06103">
        <ele>206</ele>
        <time>2022-01-11T09:30:36Z</time>
      </trkpt>
      <trkpt lat="30.3792" lon="35.060900000000004">
        <ele>206</ele>
        <time>2022-01-11T09:30:37Z</time>
      </trkpt>
      <trkpt lat="30.379250000000003" lon="35.06082">
        <ele>206</ele>
        <time>2022-01-11T09:30:38Z</time>
      </trkpt>
      <trkpt lat="30.379210000000004" lon="35.060610000000004">
        <ele>227</ele>
        <time>2022-01-11T09:30:39Z</time>
      </trkpt>
      <trkpt lat="30.379220000000004" lon="35.06051">
        <ele>227</ele>
        <time>2022-01-11T09:30:40Z</time>
      </trkpt>
      <trkpt lat="30.379220000000004" lon="35.06051">
        <ele>204.55965492651802</ele>
        <time>2022-01-11T09:30:41Z</time>
      </trkpt>
      <trkpt lat="30.379220000000004" lon="35.06051">
        <ele>204.55965492651802</ele>
        <time>2022-01-11T09:30:42Z</time>
      </trkpt>
      <trkpt lat="30.379220000000004" lon="35.06051">
        <ele>204.55965492651802</ele>
        <time>2022-01-11T09:30:43Z</time>
      </trkpt>
      <trkpt lat="30.379220000000004" lon="35.06051">
        <ele>204.55965492651802</ele>
        <time>2022-01-11T09:30:44Z</time>
      </trkpt>
      <trkpt lat="30.379260000000002" lon="35.060430000000004">
        <ele>227</ele>
        <time>2022-01-11T09:30:45Z</time>
      </trkpt>
      <trkpt lat="30.379260000000002" lon="35.060430000000004">
        <ele>227</ele>
        <time>2022-01-11T09:30:46Z</time>
      </trkpt>
      <trkpt lat="30.379340000000003" lon="35.06033">
        <ele>227</ele>
        <time>2022-01-11T09:30:47Z</time>
      </trkpt>
      <extensions>
        <RoutingType xmlns="">Hike</RoutingType>
      </extensions>
    </trkseg>
    <trkseg>
      <trkpt lat="30.379340000000003" lon="35.06033">
        <ele>227</ele>
        <time>2022-01-11T09:30:47Z</time>
      </trkpt>
      <trkpt lat="30.379420000000003" lon="35.06027">
        <ele>227</ele>
        <time>2022-01-11T09:30:48Z</time>
      </trkpt>
      <trkpt lat="30.379500000000004" lon="35.06026">
        <ele>227</ele>
        <time>2022-01-11T09:30:49Z</time>
      </trkpt>
      <trkpt lat="30.379790000000003" lon="35.06017">
        <ele>229</ele>
        <time>2022-01-11T09:30:50Z</time>
      </trkpt>
      <trkpt lat="30.379870000000004" lon="35.06011">
        <ele>229</ele>
        <time>2022-01-11T09:30:51Z</time>
      </trkpt>
      <trkpt lat="30.37995" lon="35.060030000000005">
        <ele>208.74527850054176</ele>
        <time>2022-01-11T09:30:52Z</time>
      </trkpt>
      <trkpt lat="30.37995" lon="35.060030000000005">
        <ele>208.74527850054176</ele>
        <time>2022-01-11T09:30:53Z</time>
      </trkpt>
      <trkpt lat="30.37995" lon="35.060030000000005">
        <ele>229</ele>
        <time>2022-01-11T09:30:54Z</time>
      </trkpt>
      <trkpt lat="30.380050000000004" lon="35.05984">
        <ele>258</ele>
        <time>2022-01-11T09:30:55Z</time>
      </trkpt>
      <trkpt lat="30.380050000000004" lon="35.05984">
        <ele>215.2091957605638</ele>
        <time>2022-01-11T09:30:56Z</time>
      </trkpt>
      <trkpt lat="30.380050000000004" lon="35.05984">
        <ele>215.2091957605638</ele>
        <time>2022-01-11T09:30:57Z</time>
      </trkpt>
      <trkpt lat="30.38003" lon="35.059630000000006">
        <ele>258</ele>
        <time>2022-01-11T09:30:58Z</time>
      </trkpt>
      <trkpt lat="30.380020000000002" lon="35.059560000000005">
        <ele>258</ele>
        <time>2022-01-11T09:30:59Z</time>
      </trkpt>
      <trkpt lat="30.380020000000002" lon="35.059560000000005">
        <ele>258</ele>
        <time>2022-01-11T09:31:00Z</time>
      </trkpt>
      <trkpt lat="30.379980000000003" lon="35.05941">
        <ele>258</ele>
        <time>2022-01-11T09:31:01Z</time>
      </trkpt>
      <trkpt lat="30.37993" lon="35.05932">
        <ele>258</ele>
        <time>2022-01-11T09:31:02Z</time>
      </trkpt>
      <trkpt lat="30.37985" lon="35.059250000000006">
        <ele>209.10655023928257</ele>
        <time>2022-01-11T09:31:03Z</time>
      </trkpt>
      <trkpt lat="30.37985" lon="35.059250000000006">
        <ele>209.10655023928257</ele>
        <time>2022-01-11T09:31:04Z</time>
      </trkpt>
      <trkpt lat="30.37985" lon="35.059250000000006">
        <ele>258</ele>
        <time>2022-01-11T09:31:05Z</time>
      </trkpt>
      <trkpt lat="30.379810000000003" lon="35.05926">
        <ele>258</ele>
        <time>2022-01-11T09:31:06Z</time>
      </trkpt>
      <trkpt lat="30.37976" lon="35.05917">
        <ele>258</ele>
        <time>2022-01-11T09:31:07Z</time>
      </trkpt>
      <trkpt lat="30.379430000000003" lon="35.058910000000004">
        <ele>264</ele>
        <time>2022-01-11T09:31:08Z</time>
      </trkpt>
      <trkpt lat="30.379430000000003" lon="35.058910000000004">
        <ele>227.85403653495644</ele>
        <time>2022-01-11T09:31:09Z</time>
      </trkpt>
      <trkpt lat="30.379430000000003" lon="35.058910000000004">
        <ele>227.85403653495644</ele>
        <time>2022-01-11T09:31:10Z</time>
      </trkpt>
      <trkpt lat="30.37927" lon="35.058710000000005">
        <ele>264</ele>
        <time>2022-01-11T09:31:11Z</time>
      </trkpt>
      <trkpt lat="30.37927" lon="35.058710000000005">
        <ele>264</ele>
        <time>2022-01-11T09:31:12Z</time>
      </trkpt>
      <trkpt lat="30.379230000000003" lon="35.05866">
        <ele>264</ele>
        <time>2022-01-11T09:31:13Z</time>
      </trkpt>
      <trkpt lat="30.379220000000004" lon="35.05856">
        <ele>234.6706883092648</ele>
        <time>2022-01-11T09:31:14Z</time>
      </trkpt>
      <trkpt lat="30.379220000000004" lon="35.05856">
        <ele>234.6706883092648</ele>
        <time>2022-01-11T09:31:15Z</time>
      </trkpt>
      <trkpt lat="30.379220000000004" lon="35.05856">
        <ele>264</ele>
        <time>2022-01-11T09:31:16Z</time>
      </trkpt>
      <trkpt lat="30.379130000000004" lon="35.058420000000005">
        <ele>264</ele>
        <time>2022-01-11T09:31:17Z</time>
      </trkpt>
      <trkpt lat="30.379050000000003" lon="35.058400000000006">
        <ele>264</ele>
        <time>2022-01-11T09:31:18Z</time>
      </trkpt>
      <trkpt lat="30.379030000000004" lon="35.05838">
        <ele>264</ele>
        <time>2022-01-11T09:31:19Z</time>
      </trkpt>
      <trkpt lat="30.379030000000004" lon="35.05829">
        <ele>264</ele>
        <time>2022-01-11T09:31:20Z</time>
      </trkpt>
      <trkpt lat="30.379120000000004" lon="35.058130000000006">
        <ele>297</ele>
        <time>2022-01-11T09:31:21Z</time>
      </trkpt>
      <trkpt lat="30.379120000000004" lon="35.058130000000006">
        <ele>243.30074895184973</ele>
        <time>2022-01-11T09:31:22Z</time>
      </trkpt>
      <trkpt lat="30.379120000000004" lon="35.058130000000006">
        <ele>243.30074895184973</ele>
        <time>2022-01-11T09:31:23Z</time>
      </trkpt>
      <trkpt lat="30.379130000000004" lon="35.05807">
        <ele>297</ele>
        <time>2022-01-11T09:31:24Z</time>
      </trkpt>
      <trkpt lat="30.379730000000002" lon="35.05773">
        <ele>258.10929248239745</ele>
        <time>2022-01-11T09:31:25Z</time>
      </trkpt>
      <trkpt lat="30.379730000000002" lon="35.05773">
        <ele>258.10929248239745</ele>
        <time>2022-01-11T09:31:26Z</time>
      </trkpt>
      <trkpt lat="30.379730000000002" lon="35.05773">
        <ele>283</ele>
        <time>2022-01-11T09:31:27Z</time>
      </trkpt>
      <trkpt lat="30.379810000000003" lon="35.057750000000006">
        <ele>283</ele>
        <time>2022-01-11T09:31:28Z</time>
      </trkpt>
      <trkpt lat="30.379810000000003" lon="35.057750000000006">
        <ele>283</ele>
        <time>2022-01-11T09:31:29Z</time>
      </trkpt>
      <trkpt lat="30.379980000000003" lon="35.05778">
        <ele>283</ele>
        <time>2022-01-11T09:31:30Z</time>
      </trkpt>
      <trkpt lat="30.380180000000003" lon="35.057750000000006">
        <ele>283</ele>
        <time>2022-01-11T09:31:31Z</time>
      </trkpt>
      <trkpt lat="30.380170000000003" lon="35.05769">
        <ele>283</ele>
        <time>2022-01-11T09:31:32Z</time>
      </trkpt>
      <trkpt lat="30.38012" lon="35.05762">
        <ele>283</ele>
        <time>2022-01-11T09:31:33Z</time>
      </trkpt>
      <trkpt lat="30.379960000000004" lon="35.05751">
        <ele>283</ele>
        <time>2022-01-11T09:31:34Z</time>
      </trkpt>
      <trkpt lat="30.379960000000004" lon="35.05751">
        <ele>257.3188782803251</ele>
        <time>2022-01-11T09:31:35Z</time>
      </trkpt>
      <trkpt lat="30.379960000000004" lon="35.05751">
        <ele>257.3188782803251</ele>
        <time>2022-01-11T09:31:36Z</time>
      </trkpt>
      <trkpt lat="30.379960000000004" lon="35.05751">
        <ele>257.3188782803251</ele>
        <time>2022-01-11T09:31:37Z</time>
      </trkpt>
      <trkpt lat="30.379960000000004" lon="35.05751">
        <ele>257.3188782803251</ele>
        <time>2022-01-11T09:31:38Z</time>
      </trkpt>
      <trkpt lat="30.379810000000003" lon="35.057500000000005">
        <ele>283</ele>
        <time>2022-01-11T09:31:39Z</time>
      </trkpt>
      <trkpt lat="30.379730000000002" lon="35.05754">
        <ele>283</ele>
        <time>2022-01-11T09:31:40Z</time>
      </trkpt>
      <trkpt lat="30.379640000000002" lon="35.05756">
        <ele>297</ele>
        <time>2022-01-11T09:31:41Z</time>
      </trkpt>
      <trkpt lat="30.379550000000002" lon="35.05754">
        <ele>297</ele>
        <time>2022-01-11T09:31:42Z</time>
      </trkpt>
      <trkpt lat="30.37946" lon="35.057570000000005">
        <ele>297</ele>
        <time>2022-01-11T09:31:43Z</time>
      </trkpt>
      <trkpt lat="30.37929" lon="35.057660000000006">
        <ele>297</ele>
        <time>2022-01-11T09:31:44Z</time>
      </trkpt>
      <trkpt lat="30.379210000000004" lon="35.057640000000006">
        <ele>297</ele>
        <time>2022-01-11T09:31:45Z</time>
      </trkpt>
      <trkpt lat="30.37911" lon="35.05765">
        <ele>297</ele>
        <time>2022-01-11T09:31:46Z</time>
      </trkpt>
      <trkpt lat="30.37892" lon="35.05772">
        <ele>274.27844829853433</ele>
        <time>2022-01-11T09:31:47Z</time>
      </trkpt>
      <trkpt lat="30.37892" lon="35.05772">
        <ele>274.27844829853433</ele>
        <time>2022-01-11T09:31:48Z</time>
      </trkpt>
      <trkpt lat="30.37892" lon="35.05772">
        <ele>297</ele>
        <time>2022-01-11T09:31:49Z</time>
      </trkpt>
      <trkpt lat="30.37892" lon="35.05772">
        <ele>274.27844829853433</ele>
        <time>2022-01-11T09:31:50Z</time>
      </trkpt>
      <trkpt lat="30.37892" lon="35.05772">
        <ele>274.27844829853433</ele>
        <time>2022-01-11T09:31:51Z</time>
      </trkpt>
      <trkpt lat="30.378850000000003" lon="35.057790000000004">
        <ele>297</ele>
        <time>2022-01-11T09:31:52Z</time>
      </trkpt>
      <trkpt lat="30.37871" lon="35.057950000000005">
        <ele>325</ele>
        <time>2022-01-11T09:31:53Z</time>
      </trkpt>
      <trkpt lat="30.37864" lon="35.05818">
        <ele>310.5</ele>
        <time>2022-01-11T09:31:54Z</time>
      </trkpt>
      <trkpt lat="30.37864" lon="35.05818">
        <ele>310.5</ele>
        <time>2022-01-11T09:31:55Z</time>
      </trkpt>
      <trkpt lat="30.378650000000004" lon="35.05848">
        <ele>296</ele>
        <time>2022-01-11T09:31:56Z</time>
      </trkpt>
      <trkpt lat="30.378690000000002" lon="35.05865">
        <ele>296</ele>
        <time>2022-01-11T09:31:57Z</time>
      </trkpt>
      <trkpt lat="30.378750000000004" lon="35.058870000000006">
        <ele>279.15543774473616</ele>
        <time>2022-01-11T09:31:58Z</time>
      </trkpt>
      <trkpt lat="30.378750000000004" lon="35.058870000000006">
        <ele>279.15543774473616</ele>
        <time>2022-01-11T09:31:59Z</time>
      </trkpt>
      <trkpt lat="30.378750000000004" lon="35.058870000000006">
        <ele>296</ele>
        <time>2022-01-11T09:32:00Z</time>
      </trkpt>
      <trkpt lat="30.378770000000003" lon="35.05899">
        <ele>296</ele>
        <time>2022-01-11T09:32:01Z</time>
      </trkpt>
      <trkpt lat="30.378750000000004" lon="35.0591">
        <ele>296</ele>
        <time>2022-01-11T09:32:02Z</time>
      </trkpt>
      <trkpt lat="30.378750000000004" lon="35.0591">
        <ele>281.5336402041955</ele>
        <time>2022-01-11T09:32:03Z</time>
      </trkpt>
      <trkpt lat="30.378750000000004" lon="35.0591">
        <ele>281.5336402041955</ele>
        <time>2022-01-11T09:32:04Z</time>
      </trkpt>
      <trkpt lat="30.378680000000003" lon="35.059160000000006">
        <ele>296</ele>
        <time>2022-01-11T09:32:05Z</time>
      </trkpt>
      <trkpt lat="30.378680000000003" lon="35.059160000000006">
        <ele>296</ele>
        <time>2022-01-11T09:32:06Z</time>
      </trkpt>
      <trkpt lat="30.37863" lon="35.05924">
        <ele>296</ele>
        <time>2022-01-11T09:32:07Z</time>
      </trkpt>
      <trkpt lat="30.37854" lon="35.05926">
        <ele>296</ele>
        <time>2022-01-11T09:32:08Z</time>
      </trkpt>
      <trkpt lat="30.378470000000004" lon="35.059250000000006">
        <ele>295.6145618160974</ele>
        <time>2022-01-11T09:32:09Z</time>
      </trkpt>
      <trkpt lat="30.378470000000004" lon="35.059250000000006">
        <ele>295.6145618160974</ele>
        <time>2022-01-11T09:32:10Z</time>
      </trkpt>
      <trkpt lat="30.378470000000004" lon="35.059250000000006">
        <ele>296</ele>
        <time>2022-01-11T09:32:11Z</time>
      </trkpt>
      <trkpt lat="30.378400000000003" lon="35.05928">
        <ele>296</ele>
        <time>2022-01-11T09:32:12Z</time>
      </trkpt>
      <trkpt lat="30.378280000000004" lon="35.059380000000004">
        <ele>296</ele>
        <time>2022-01-11T09:32:13Z</time>
      </trkpt>
      <trkpt lat="30.37815" lon="35.05924">
        <ele>296</ele>
        <time>2022-01-11T09:32:14Z</time>
      </trkpt>
      <trkpt lat="30.378130000000002" lon="35.05915">
        <ele>296</ele>
        <time>2022-01-11T09:32:15Z</time>
      </trkpt>
      <trkpt lat="30.378130000000002" lon="35.05915">
        <ele>310.81318801588765</ele>
        <time>2022-01-11T09:32:16Z</time>
      </trkpt>
      <trkpt lat="30.378130000000002" lon="35.05915">
        <ele>310.81318801588765</ele>
        <time>2022-01-11T09:32:17Z</time>
      </trkpt>
      <trkpt lat="30.378010000000003" lon="35.058960000000006">
        <ele>329</ele>
        <time>2022-01-11T09:32:18Z</time>
      </trkpt>
      <trkpt lat="30.378000000000004" lon="35.05885">
        <ele>329</ele>
        <time>2022-01-11T09:32:19Z</time>
      </trkpt>
      <trkpt lat="30.377950000000002" lon="35.05876">
        <ele>318.349906081741</ele>
        <time>2022-01-11T09:32:20Z</time>
      </trkpt>
      <trkpt lat="30.377950000000002" lon="35.05876">
        <ele>318.349906081741</ele>
        <time>2022-01-11T09:32:21Z</time>
      </trkpt>
      <trkpt lat="30.377950000000002" lon="35.05876">
        <ele>329</ele>
        <time>2022-01-11T09:32:22Z</time>
      </trkpt>
      <trkpt lat="30.377810000000004" lon="35.058620000000005">
        <ele>329</ele>
        <time>2022-01-11T09:32:23Z</time>
      </trkpt>
      <trkpt lat="30.377650000000003" lon="35.05841">
        <ele>329</ele>
        <time>2022-01-11T09:32:24Z</time>
      </trkpt>
      <trkpt lat="30.377650000000003" lon="35.05841">
        <ele>329</ele>
        <time>2022-01-11T09:32:25Z</time>
      </trkpt>
      <trkpt lat="30.377280000000003" lon="35.057860000000005">
        <ele>334</ele>
        <time>2022-01-11T09:32:26Z</time>
      </trkpt>
      <trkpt lat="30.37666" lon="35.05704">
        <ele>329</ele>
        <time>2022-01-11T09:32:27Z</time>
      </trkpt>
      <trkpt lat="30.376400000000004" lon="35.056720000000006">
        <ele>329</ele>
        <time>2022-01-11T09:32:28Z</time>
      </trkpt>
      <trkpt lat="30.376400000000004" lon="35.056720000000006">
        <ele>326.4021368888207</ele>
        <time>2022-01-11T09:32:29Z</time>
      </trkpt>
      <trkpt lat="30.376400000000004" lon="35.056720000000006">
        <ele>326.4021368888207</ele>
        <time>2022-01-11T09:32:30Z</time>
      </trkpt>
      <trkpt lat="30.375930000000004" lon="35.056290000000004">
        <ele>328.187060513305</ele>
        <time>2022-01-11T09:32:31Z</time>
      </trkpt>
      <trkpt lat="30.375930000000004" lon="35.056290000000004">
        <ele>328.187060513305</ele>
        <time>2022-01-11T09:32:32Z</time>
      </trkpt>
      <trkpt lat="30.375930000000004" lon="35.056290000000004">
        <ele>329</ele>
        <time>2022-01-11T09:32:33Z</time>
      </trkpt>
      <trkpt lat="30.37535" lon="35.0557">
        <ele>334</ele>
        <time>2022-01-11T09:32:34Z</time>
      </trkpt>
      <trkpt lat="30.375120000000003" lon="35.05532">
        <ele>334</ele>
        <time>2022-01-11T09:32:35Z</time>
      </trkpt>
      <trkpt lat="30.374920000000003" lon="35.05494">
        <ele>334.5</ele>
        <time>2022-01-11T09:32:36Z</time>
      </trkpt>
      <trkpt lat="30.374920000000003" lon="35.05494">
        <ele>334.5</ele>
        <time>2022-01-11T09:32:37Z</time>
      </trkpt>
      <trkpt lat="30.37478" lon="35.05462">
        <ele>335</ele>
        <time>2022-01-11T09:32:38Z</time>
      </trkpt>
      <trkpt lat="30.374710000000004" lon="35.05435">
        <ele>335</ele>
        <time>2022-01-11T09:32:39Z</time>
      </trkpt>
      <trkpt lat="30.3745" lon="35.05373">
        <ele>327</ele>
        <time>2022-01-11T09:32:40Z</time>
      </trkpt>
      <trkpt lat="30.374460000000003" lon="35.053630000000005">
        <ele>327</ele>
        <time>2022-01-11T09:32:41Z</time>
      </trkpt>
      <trkpt lat="30.374460000000003" lon="35.053630000000005">
        <ele>330.6724130270911</ele>
        <time>2022-01-11T09:32:42Z</time>
      </trkpt>
      <trkpt lat="30.374460000000003" lon="35.053630000000005">
        <ele>330.6724130270911</ele>
        <time>2022-01-11T09:32:43Z</time>
      </trkpt>
      <trkpt lat="30.374460000000003" lon="35.053630000000005">
        <ele>330.6724130270911</ele>
        <time>2022-01-11T09:32:44Z</time>
      </trkpt>
      <trkpt lat="30.374460000000003" lon="35.053630000000005">
        <ele>330.6724130270911</ele>
        <time>2022-01-11T09:32:45Z</time>
      </trkpt>
      <trkpt lat="30.374180000000003" lon="35.053200000000004">
        <ele>319</ele>
        <time>2022-01-11T09:32:46Z</time>
      </trkpt>
      <trkpt lat="30.374000000000002" lon="35.053090000000005">
        <ele>319</ele>
        <time>2022-01-11T09:32:47Z</time>
      </trkpt>
      <trkpt lat="30.37336" lon="35.052260000000004">
        <ele>318</ele>
        <time>2022-01-11T09:32:48Z</time>
      </trkpt>
      <trkpt lat="30.373200000000004" lon="35.05219">
        <ele>318</ele>
        <time>2022-01-11T09:32:49Z</time>
      </trkpt>
      <trkpt lat="30.373" lon="35.05198">
        <ele>319</ele>
        <time>2022-01-11T09:32:50Z</time>
      </trkpt>
      <trkpt lat="30.37291" lon="35.05192">
        <ele>319</ele>
        <time>2022-01-11T09:32:51Z</time>
      </trkpt>
      <trkpt lat="30.372850000000003" lon="35.05185">
        <ele>319</ele>
        <time>2022-01-11T09:32:52Z</time>
      </trkpt>
      <trkpt lat="30.37281" lon="35.05174">
        <ele>317.9074382222025</ele>
        <time>2022-01-11T09:32:53Z</time>
      </trkpt>
      <trkpt lat="30.37281" lon="35.05174">
        <ele>317.9074382222025</ele>
        <time>2022-01-11T09:32:54Z</time>
      </trkpt>
      <trkpt lat="30.37281" lon="35.05174">
        <ele>319</ele>
        <time>2022-01-11T09:32:55Z</time>
      </trkpt>
      <trkpt lat="30.372780000000002" lon="35.05153">
        <ele>323</ele>
        <time>2022-01-11T09:32:56Z</time>
      </trkpt>
      <extensions>
        <RoutingType xmlns="">Hike</RoutingType>
      </extensions>
    </trkseg>
    <trkseg>
      <trkpt lat="30.372780000000002" lon="35.05153">
        <ele>323</ele>
        <time>2022-01-11T09:32:56Z</time>
      </trkpt>
      <trkpt lat="30.372780000000002" lon="35.05153">
        <ele>319.4645898979367</ele>
        <time>2022-01-11T09:32:57Z</time>
      </trkpt>
      <trkpt lat="30.372780000000002" lon="35.05153">
        <ele>319.4645898979367</ele>
        <time>2022-01-11T09:32:58Z</time>
      </trkpt>
      <trkpt lat="30.372680000000003" lon="35.05122">
        <ele>323</ele>
        <time>2022-01-11T09:32:59Z</time>
      </trkpt>
      <trkpt lat="30.372490000000003" lon="35.050580000000004">
        <ele>322</ele>
        <time>2022-01-11T09:33:00Z</time>
      </trkpt>
      <trkpt lat="30.372130000000002" lon="35.05006">
        <ele>323</ele>
        <time>2022-01-11T09:33:01Z</time>
      </trkpt>
      <trkpt lat="30.37205" lon="35.04986">
        <ele>324</ele>
        <time>2022-01-11T09:33:02Z</time>
      </trkpt>
      <trkpt lat="30.371610000000004" lon="35.04912">
        <ele>324</ele>
        <time>2022-01-11T09:33:03Z</time>
      </trkpt>
      <trkpt lat="30.37139" lon="35.04892">
        <ele>327.14939214580227</ele>
        <time>2022-01-11T09:33:04Z</time>
      </trkpt>
      <trkpt lat="30.37139" lon="35.04892">
        <ele>327.14939214580227</ele>
        <time>2022-01-11T09:33:05Z</time>
      </trkpt>
      <trkpt lat="30.37139" lon="35.04892">
        <ele>328</ele>
        <time>2022-01-11T09:33:06Z</time>
      </trkpt>
      <trkpt lat="30.37103" lon="35.04851">
        <ele>333</ele>
        <time>2022-01-11T09:33:07Z</time>
      </trkpt>
      <trkpt lat="30.37103" lon="35.04851">
        <ele>333</ele>
        <time>2022-01-11T09:33:08Z</time>
      </trkpt>
      <trkpt lat="30.370820000000002" lon="35.048390000000005">
        <ele>333</ele>
        <time>2022-01-11T09:33:09Z</time>
      </trkpt>
      <trkpt lat="30.370820000000002" lon="35.048390000000005">
        <ele>332.68645629752064</ele>
        <time>2022-01-11T09:33:10Z</time>
      </trkpt>
      <trkpt lat="30.370820000000002" lon="35.048390000000005">
        <ele>332.68645629752064</ele>
        <time>2022-01-11T09:33:11Z</time>
      </trkpt>
      <trkpt lat="30.370670000000004" lon="35.04824">
        <ele>334</ele>
        <time>2022-01-11T09:33:12Z</time>
      </trkpt>
      <trkpt lat="30.37038" lon="35.047990000000006">
        <ele>341</ele>
        <time>2022-01-11T09:33:13Z</time>
      </trkpt>
      <trkpt lat="30.37018" lon="35.04775">
        <ele>341</ele>
        <time>2022-01-11T09:33:14Z</time>
      </trkpt>
      <trkpt lat="30.370020000000004" lon="35.04748">
        <ele>340.9094978660578</ele>
        <time>2022-01-11T09:33:15Z</time>
      </trkpt>
      <trkpt lat="30.370020000000004" lon="35.04748">
        <ele>340.9094978660578</ele>
        <time>2022-01-11T09:33:16Z</time>
      </trkpt>
      <trkpt lat="30.370020000000004" lon="35.04748">
        <ele>341</ele>
        <time>2022-01-11T09:33:17Z</time>
      </trkpt>
      <trkpt lat="30.36991" lon="35.047270000000005">
        <ele>341.5</ele>
        <time>2022-01-11T09:33:18Z</time>
      </trkpt>
      <trkpt lat="30.36991" lon="35.047270000000005">
        <ele>341.5</ele>
        <time>2022-01-11T09:33:19Z</time>
      </trkpt>
      <trkpt lat="30.369870000000002" lon="35.047200000000004">
        <ele>342</ele>
        <time>2022-01-11T09:33:20Z</time>
      </trkpt>
      <trkpt lat="30.369670000000003" lon="35.046960000000006">
        <ele>346</ele>
        <time>2022-01-11T09:33:21Z</time>
      </trkpt>
      <trkpt lat="30.369390000000003" lon="35.046530000000004">
        <ele>344</ele>
        <time>2022-01-11T09:33:22Z</time>
      </trkpt>
      <trkpt lat="30.369390000000003" lon="35.046530000000004">
        <ele>345.4713537767169</ele>
        <time>2022-01-11T09:33:23Z</time>
      </trkpt>
      <trkpt lat="30.369390000000003" lon="35.046530000000004">
        <ele>345.4713537767169</ele>
        <time>2022-01-11T09:33:24Z</time>
      </trkpt>
      <trkpt lat="30.369030000000002" lon="35.045790000000004">
        <ele>345</ele>
        <time>2022-01-11T09:33:25Z</time>
      </trkpt>
      <trkpt lat="30.368940000000002" lon="35.04558">
        <ele>347.7206323608989</ele>
        <time>2022-01-11T09:33:26Z</time>
      </trkpt>
      <trkpt lat="30.368940000000002" lon="35.04558">
        <ele>347.7206323608989</ele>
        <time>2022-01-11T09:33:27Z</time>
      </trkpt>
      <trkpt lat="30.368940000000002" lon="35.04558">
        <ele>345</ele>
        <time>2022-01-11T09:33:28Z</time>
      </trkpt>
      <trkpt lat="30.368710000000004" lon="35.04475">
        <ele>345</ele>
        <time>2022-01-11T09:33:29Z</time>
      </trkpt>
      <trkpt lat="30.368610000000004" lon="35.044320000000006">
        <ele>345</ele>
        <time>2022-01-11T09:33:30Z</time>
      </trkpt>
      <trkpt lat="30.368440000000003" lon="35.043470000000006">
        <ele>347</ele>
        <time>2022-01-11T09:33:31Z</time>
      </trkpt>
      <trkpt lat="30.36831" lon="35.04305">
        <ele>348</ele>
        <time>2022-01-11T09:33:32Z</time>
      </trkpt>
      <trkpt lat="30.3683" lon="35.042910000000006">
        <ele>348</ele>
        <time>2022-01-11T09:33:33Z</time>
      </trkpt>
      <trkpt lat="30.3683" lon="35.042910000000006">
        <ele>348</ele>
        <time>2022-01-11T09:33:34Z</time>
      </trkpt>
      <trkpt lat="30.3683" lon="35.04283">
        <ele>348</ele>
        <time>2022-01-11T09:33:35Z</time>
      </trkpt>
      <trkpt lat="30.3683" lon="35.04283">
        <ele>347.85208591779997</ele>
        <time>2022-01-11T09:33:36Z</time>
      </trkpt>
      <trkpt lat="30.3683" lon="35.04283">
        <ele>347.85208591779997</ele>
        <time>2022-01-11T09:33:37Z</time>
      </trkpt>
      <trkpt lat="30.3683" lon="35.04283">
        <ele>347.85208591779997</ele>
        <time>2022-01-11T09:33:38Z</time>
      </trkpt>
      <trkpt lat="30.3683" lon="35.04283">
        <ele>347.85208591779997</ele>
        <time>2022-01-11T09:33:39Z</time>
      </trkpt>
      <trkpt lat="30.368050000000004" lon="35.04256">
        <ele>348</ele>
        <time>2022-01-11T09:33:40Z</time>
      </trkpt>
      <trkpt lat="30.36794" lon="35.04238">
        <ele>344</ele>
        <time>2022-01-11T09:33:41Z</time>
      </trkpt>
      <trkpt lat="30.367890000000003" lon="35.042280000000005">
        <ele>344</ele>
        <time>2022-01-11T09:33:42Z</time>
      </trkpt>
      <trkpt lat="30.36783" lon="35.04206">
        <ele>344</ele>
        <time>2022-01-11T09:33:43Z</time>
      </trkpt>
      <trkpt lat="30.36784" lon="35.04193">
        <ele>344</ele>
        <time>2022-01-11T09:33:44Z</time>
      </trkpt>
      <trkpt lat="30.36783" lon="35.04182">
        <ele>344</ele>
        <time>2022-01-11T09:33:45Z</time>
      </trkpt>
      <trkpt lat="30.367790000000003" lon="35.041720000000005">
        <ele>344</ele>
        <time>2022-01-11T09:33:46Z</time>
      </trkpt>
      <trkpt lat="30.36765" lon="35.04131">
        <ele>344</ele>
        <time>2022-01-11T09:33:47Z</time>
      </trkpt>
      <trkpt lat="30.367570000000004" lon="35.04111">
        <ele>342.643327836612</ele>
        <time>2022-01-11T09:33:48Z</time>
      </trkpt>
      <trkpt lat="30.367570000000004" lon="35.04111">
        <ele>342.643327836612</ele>
        <time>2022-01-11T09:33:49Z</time>
      </trkpt>
      <trkpt lat="30.367570000000004" lon="35.04111">
        <ele>344</ele>
        <time>2022-01-11T09:33:50Z</time>
      </trkpt>
      <trkpt lat="30.367570000000004" lon="35.04111">
        <ele>342.643327836612</ele>
        <time>2022-01-11T09:33:51Z</time>
      </trkpt>
      <trkpt lat="30.367570000000004" lon="35.04111">
        <ele>342.643327836612</ele>
        <time>2022-01-11T09:33:52Z</time>
      </trkpt>
      <trkpt lat="30.36754" lon="35.040890000000005">
        <ele>344</ele>
        <time>2022-01-11T09:33:53Z</time>
      </trkpt>
      <trkpt lat="30.367580000000004" lon="35.04054">
        <ele>345</ele>
        <time>2022-01-11T09:33:54Z</time>
      </trkpt>
      <trkpt lat="30.367630000000002" lon="35.040330000000004">
        <ele>345</ele>
        <time>2022-01-11T09:33:55Z</time>
      </trkpt>
      <trkpt lat="30.36764" lon="35.040220000000005">
        <ele>345</ele>
        <time>2022-01-11T09:33:56Z</time>
      </trkpt>
      <trkpt lat="30.367630000000002" lon="35.040110000000006">
        <ele>345</ele>
        <time>2022-01-11T09:33:57Z</time>
      </trkpt>
      <trkpt lat="30.367590000000003" lon="35.040020000000005">
        <ele>345</ele>
        <time>2022-01-11T09:33:58Z</time>
      </trkpt>
      <trkpt lat="30.367630000000002" lon="35.039930000000005">
        <ele>341.2359877347335</ele>
        <time>2022-01-11T09:33:59Z</time>
      </trkpt>
      <trkpt lat="30.367630000000002" lon="35.039930000000005">
        <ele>341.2359877347335</ele>
        <time>2022-01-11T09:34:00Z</time>
      </trkpt>
      <trkpt lat="30.367630000000002" lon="35.039930000000005">
        <ele>348</ele>
        <time>2022-01-11T09:34:01Z</time>
      </trkpt>
      <trkpt lat="30.36765" lon="35.039820000000006">
        <ele>348</ele>
        <time>2022-01-11T09:34:02Z</time>
      </trkpt>
      <trkpt lat="30.367710000000002" lon="35.03974">
        <ele>348</ele>
        <time>2022-01-11T09:34:03Z</time>
      </trkpt>
      <trkpt lat="30.367710000000002" lon="35.03974">
        <ele>340.10381442176975</ele>
        <time>2022-01-11T09:34:04Z</time>
      </trkpt>
      <trkpt lat="30.367710000000002" lon="35.03974">
        <ele>340.10381442176975</ele>
        <time>2022-01-11T09:34:05Z</time>
      </trkpt>
      <trkpt lat="30.367790000000003" lon="35.039550000000006">
        <ele>348</ele>
        <time>2022-01-11T09:34:06Z</time>
      </trkpt>
      <trkpt lat="30.36783" lon="35.03934">
        <ele>348</ele>
        <time>2022-01-11T09:34:07Z</time>
      </trkpt>
      <trkpt lat="30.367820000000002" lon="35.039120000000004">
        <ele>345</ele>
        <time>2022-01-11T09:34:08Z</time>
      </trkpt>
      <trkpt lat="30.367850000000004" lon="35.039">
        <ele>345</ele>
        <time>2022-01-11T09:34:09Z</time>
      </trkpt>
      <trkpt lat="30.36792" lon="35.0388">
        <ele>337.726624940701</ele>
        <time>2022-01-11T09:34:10Z</time>
      </trkpt>
      <trkpt lat="30.36792" lon="35.0388">
        <ele>337.726624940701</ele>
        <time>2022-01-11T09:34:11Z</time>
      </trkpt>
      <trkpt lat="30.36792" lon="35.0388">
        <ele>345</ele>
        <time>2022-01-11T09:34:12Z</time>
      </trkpt>
      <trkpt lat="30.36794" lon="35.038590000000006">
        <ele>345</ele>
        <time>2022-01-11T09:34:13Z</time>
      </trkpt>
      <trkpt lat="30.367910000000002" lon="35.03849">
        <ele>345</ele>
        <time>2022-01-11T09:34:14Z</time>
      </trkpt>
      <trkpt lat="30.367720000000002" lon="35.038250000000005">
        <ele>338</ele>
        <time>2022-01-11T09:34:15Z</time>
      </trkpt>
      <trkpt lat="30.367610000000003" lon="35.038070000000005">
        <ele>338</ele>
        <time>2022-01-11T09:34:16Z</time>
      </trkpt>
      <trkpt lat="30.367610000000003" lon="35.038070000000005">
        <ele>336.93116115751553</ele>
        <time>2022-01-11T09:34:17Z</time>
      </trkpt>
      <trkpt lat="30.367610000000003" lon="35.038070000000005">
        <ele>336.93116115751553</ele>
        <time>2022-01-11T09:34:18Z</time>
      </trkpt>
      <trkpt lat="30.36756" lon="35.03797">
        <ele>338</ele>
        <time>2022-01-11T09:34:19Z</time>
      </trkpt>
      <trkpt lat="30.367520000000003" lon="35.03773">
        <ele>338</ele>
        <time>2022-01-11T09:34:20Z</time>
      </trkpt>
      <trkpt lat="30.367570000000004" lon="35.03764">
        <ele>335.08916961033907</ele>
        <time>2022-01-11T09:34:21Z</time>
      </trkpt>
      <trkpt lat="30.367570000000004" lon="35.03764">
        <ele>335.08916961033907</ele>
        <time>2022-01-11T09:34:22Z</time>
      </trkpt>
      <trkpt lat="30.367570000000004" lon="35.03764">
        <ele>338</ele>
        <time>2022-01-11T09:34:23Z</time>
      </trkpt>
      <trkpt lat="30.367590000000003" lon="35.037530000000004">
        <ele>338</ele>
        <time>2022-01-11T09:34:24Z</time>
      </trkpt>
      <trkpt lat="30.36755" lon="35.03732">
        <ele>333</ele>
        <time>2022-01-11T09:34:25Z</time>
      </trkpt>
      <trkpt lat="30.367510000000003" lon="35.037220000000005">
        <ele>333</ele>
        <time>2022-01-11T09:34:26Z</time>
      </trkpt>
      <trkpt lat="30.367390000000004" lon="35.037040000000005">
        <ele>333</ele>
        <time>2022-01-11T09:34:27Z</time>
      </trkpt>
      <trkpt lat="30.367340000000002" lon="35.03694">
        <ele>333</ele>
        <time>2022-01-11T09:34:28Z</time>
      </trkpt>
      <trkpt lat="30.367290000000004" lon="35.036730000000006">
        <ele>333</ele>
        <time>2022-01-11T09:34:29Z</time>
      </trkpt>
      <trkpt lat="30.367290000000004" lon="35.036730000000006">
        <ele>326.9269033865268</ele>
        <time>2022-01-11T09:34:30Z</time>
      </trkpt>
      <trkpt lat="30.367290000000004" lon="35.036730000000006">
        <ele>326.9269033865268</ele>
        <time>2022-01-11T09:34:31Z</time>
      </trkpt>
      <trkpt lat="30.367230000000003" lon="35.03663">
        <ele>326.0564938856577</ele>
        <time>2022-01-11T09:34:32Z</time>
      </trkpt>
      <trkpt lat="30.367230000000003" lon="35.03663">
        <ele>326.0564938856577</ele>
        <time>2022-01-11T09:34:33Z</time>
      </trkpt>
      <trkpt lat="30.367230000000003" lon="35.03663">
        <ele>333</ele>
        <time>2022-01-11T09:34:34Z</time>
      </trkpt>
      <trkpt lat="30.36717" lon="35.036300000000004">
        <ele>337</ele>
        <time>2022-01-11T09:34:35Z</time>
      </trkpt>
      <trkpt lat="30.367070000000002" lon="35.036">
        <ele>337</ele>
        <time>2022-01-11T09:34:36Z</time>
      </trkpt>
      <trkpt lat="30.367030000000003" lon="35.035900000000005">
        <ele>337</ele>
        <time>2022-01-11T09:34:37Z</time>
      </trkpt>
      <trkpt lat="30.366970000000002" lon="35.03582">
        <ele>337</ele>
        <time>2022-01-11T09:34:38Z</time>
      </trkpt>
      <trkpt lat="30.3669" lon="35.03564">
        <ele>335</ele>
        <time>2022-01-11T09:34:39Z</time>
      </trkpt>
      <trkpt lat="30.366820000000004" lon="35.03546">
        <ele>335</ele>
        <time>2022-01-11T09:34:40Z</time>
      </trkpt>
      <trkpt lat="30.36681" lon="35.03535">
        <ele>335</ele>
        <time>2022-01-11T09:34:41Z</time>
      </trkpt>
      <trkpt lat="30.366770000000002" lon="35.03515">
        <ele>335</ele>
        <time>2022-01-11T09:34:42Z</time>
      </trkpt>
      <trkpt lat="30.366770000000002" lon="35.03515">
        <ele>329.1584580864548</ele>
        <time>2022-01-11T09:34:43Z</time>
      </trkpt>
      <trkpt lat="30.366770000000002" lon="35.03515">
        <ele>329.1584580864548</ele>
        <time>2022-01-11T09:34:44Z</time>
      </trkpt>
      <trkpt lat="30.366770000000002" lon="35.03515">
        <ele>329.1584580864548</ele>
        <time>2022-01-11T09:34:45Z</time>
      </trkpt>
      <trkpt lat="30.366770000000002" lon="35.03515">
        <ele>329.1584580864548</ele>
        <time>2022-01-11T09:34:46Z</time>
      </trkpt>
      <trkpt lat="30.366770000000002" lon="35.03515">
        <ele>335</ele>
        <time>2022-01-11T09:34:47Z</time>
      </trkpt>
      <trkpt lat="30.3668" lon="35.03482">
        <ele>334</ele>
        <time>2022-01-11T09:34:48Z</time>
      </trkpt>
      <trkpt lat="30.366760000000003" lon="35.03474">
        <ele>334</ele>
        <time>2022-01-11T09:34:49Z</time>
      </trkpt>
      <trkpt lat="30.366690000000002" lon="35.034670000000006">
        <ele>334</ele>
        <time>2022-01-11T09:34:50Z</time>
      </trkpt>
      <trkpt lat="30.36653" lon="35.03439">
        <ele>334</ele>
        <time>2022-01-11T09:34:51Z</time>
      </trkpt>
      <trkpt lat="30.366300000000003" lon="35.03405">
        <ele>338</ele>
        <time>2022-01-11T09:34:52Z</time>
      </trkpt>
      <trkpt lat="30.366210000000002" lon="35.03401">
        <ele>338</ele>
        <time>2022-01-11T09:34:53Z</time>
      </trkpt>
      <trkpt lat="30.365930000000002" lon="35.033970000000004">
        <ele>339.15564729015483</ele>
        <time>2022-01-11T09:34:54Z</time>
      </trkpt>
      <trkpt lat="30.365930000000002" lon="35.033970000000004">
        <ele>339.15564729015483</ele>
        <time>2022-01-11T09:34:55Z</time>
      </trkpt>
      <trkpt lat="30.365930000000002" lon="35.033970000000004">
        <ele>338</ele>
        <time>2022-01-11T09:34:56Z</time>
      </trkpt>
      <trkpt lat="30.365650000000002" lon="35.033860000000004">
        <ele>338</ele>
        <time>2022-01-11T09:34:57Z</time>
      </trkpt>
      <trkpt lat="30.365650000000002" lon="35.033860000000004">
        <ele>339.0014375703996</ele>
        <time>2022-01-11T09:34:58Z</time>
      </trkpt>
      <trkpt lat="30.365650000000002" lon="35.033860000000004">
        <ele>339.0014375703996</ele>
        <time>2022-01-11T09:34:59Z</time>
      </trkpt>
      <trkpt lat="30.365140000000004" lon="35.033750000000005">
        <ele>341</ele>
        <time>2022-01-11T09:35:00Z</time>
      </trkpt>
      <trkpt lat="30.365140000000004" lon="35.033750000000005">
        <ele>341</ele>
        <time>2022-01-11T09:35:01Z</time>
      </trkpt>
      <trkpt lat="30.364800000000002" lon="35.033660000000005">
        <ele>341</ele>
        <time>2022-01-11T09:35:02Z</time>
      </trkpt>
      <trkpt lat="30.364510000000003" lon="35.03361">
        <ele>346</ele>
        <time>2022-01-11T09:35:03Z</time>
      </trkpt>
      <trkpt lat="30.364330000000002" lon="35.03361">
        <ele>346</ele>
        <time>2022-01-11T09:35:04Z</time>
      </trkpt>
      <trkpt lat="30.364240000000002" lon="35.033640000000005">
        <ele>345.00821539710233</ele>
        <time>2022-01-11T09:35:05Z</time>
      </trkpt>
      <extensions>
        <RoutingType xmlns="">Hike</RoutingType>
      </extensions>
    </trkseg>
    <trkseg>
      <trkpt lat="30.364240000000002" lon="35.033640000000005">
        <ele>345.00821539710233</ele>
        <time>2022-01-11T09:35:05Z</time>
      </trkpt>
      <trkpt lat="30.364240000000002" lon="35.033640000000005">
        <ele>345.00821539710233</ele>
        <time>2022-01-11T09:35:06Z</time>
      </trkpt>
      <trkpt lat="30.364240000000002" lon="35.033640000000005">
        <ele>346</ele>
        <time>2022-01-11T09:35:07Z</time>
      </trkpt>
      <trkpt lat="30.364160000000002" lon="35.0337">
        <ele>346</ele>
        <time>2022-01-11T09:35:08Z</time>
      </trkpt>
      <trkpt lat="30.36409" lon="35.03378">
        <ele>346</ele>
        <time>2022-01-11T09:35:09Z</time>
      </trkpt>
      <trkpt lat="30.36388" lon="35.03416">
        <ele>346</ele>
        <time>2022-01-11T09:35:10Z</time>
      </trkpt>
      <trkpt lat="30.36388" lon="35.03416">
        <ele>344.0777250273611</ele>
        <time>2022-01-11T09:35:11Z</time>
      </trkpt>
      <trkpt lat="30.36388" lon="35.03416">
        <ele>344.0777250273611</ele>
        <time>2022-01-11T09:35:12Z</time>
      </trkpt>
      <trkpt lat="30.36372" lon="35.034560000000006">
        <ele>353</ele>
        <time>2022-01-11T09:35:13Z</time>
      </trkpt>
      <trkpt lat="30.363550000000004" lon="35.03484">
        <ele>353</ele>
        <time>2022-01-11T09:35:14Z</time>
      </trkpt>
      <trkpt lat="30.36343" lon="35.035000000000004">
        <ele>347</ele>
        <time>2022-01-11T09:35:15Z</time>
      </trkpt>
      <trkpt lat="30.363280000000003" lon="35.035120000000006">
        <ele>347.2319592985822</ele>
        <time>2022-01-11T09:35:16Z</time>
      </trkpt>
      <trkpt lat="30.363280000000003" lon="35.035120000000006">
        <ele>347.2319592985822</ele>
        <time>2022-01-11T09:35:17Z</time>
      </trkpt>
      <trkpt lat="30.363280000000003" lon="35.035120000000006">
        <ele>347</ele>
        <time>2022-01-11T09:35:18Z</time>
      </trkpt>
      <trkpt lat="30.363030000000002" lon="35.03528">
        <ele>347</ele>
        <time>2022-01-11T09:35:19Z</time>
      </trkpt>
      <trkpt lat="30.362940000000002" lon="35.0353">
        <ele>355</ele>
        <time>2022-01-11T09:35:20Z</time>
      </trkpt>
      <trkpt lat="30.362840000000002" lon="35.03528">
        <ele>355</ele>
        <time>2022-01-11T09:35:21Z</time>
      </trkpt>
      <trkpt lat="30.362750000000002" lon="35.035250000000005">
        <ele>355</ele>
        <time>2022-01-11T09:35:22Z</time>
      </trkpt>
      <trkpt lat="30.362600000000004" lon="35.03511">
        <ele>355</ele>
        <time>2022-01-11T09:35:23Z</time>
      </trkpt>
      <trkpt lat="30.362600000000004" lon="35.03511">
        <ele>350.8240424270099</ele>
        <time>2022-01-11T09:35:24Z</time>
      </trkpt>
      <trkpt lat="30.362600000000004" lon="35.03511">
        <ele>350.8240424270099</ele>
        <time>2022-01-11T09:35:25Z</time>
      </trkpt>
      <trkpt lat="30.362420000000004" lon="35.03483">
        <ele>360</ele>
        <time>2022-01-11T09:35:26Z</time>
      </trkpt>
      <trkpt lat="30.36238" lon="35.03463">
        <ele>358.126743743742</ele>
        <time>2022-01-11T09:35:27Z</time>
      </trkpt>
      <trkpt lat="30.36238" lon="35.03463">
        <ele>358.126743743742</ele>
        <time>2022-01-11T09:35:28Z</time>
      </trkpt>
      <trkpt lat="30.36238" lon="35.03463">
        <ele>360</ele>
        <time>2022-01-11T09:35:29Z</time>
      </trkpt>
      <trkpt lat="30.3624" lon="35.03408">
        <ele>360</ele>
        <time>2022-01-11T09:35:30Z</time>
      </trkpt>
      <trkpt lat="30.36238" lon="35.033440000000006">
        <ele>360</ele>
        <time>2022-01-11T09:35:31Z</time>
      </trkpt>
      <trkpt lat="30.3624" lon="35.033100000000005">
        <ele>357</ele>
        <time>2022-01-11T09:35:32Z</time>
      </trkpt>
      <trkpt lat="30.362470000000002" lon="35.03242">
        <ele>356</ele>
        <time>2022-01-11T09:35:33Z</time>
      </trkpt>
      <trkpt lat="30.36258" lon="35.03186">
        <ele>356</ele>
        <time>2022-01-11T09:35:34Z</time>
      </trkpt>
      <trkpt lat="30.36259" lon="35.03152">
        <ele>358</ele>
        <time>2022-01-11T09:35:35Z</time>
      </trkpt>
      <trkpt lat="30.36259" lon="35.031180000000006">
        <ele>358</ele>
        <time>2022-01-11T09:35:36Z</time>
      </trkpt>
      <trkpt lat="30.36259" lon="35.031180000000006">
        <ele>356.39735622124886</ele>
        <time>2022-01-11T09:35:37Z</time>
      </trkpt>
      <trkpt lat="30.36259" lon="35.031180000000006">
        <ele>356.39735622124886</ele>
        <time>2022-01-11T09:35:38Z</time>
      </trkpt>
      <trkpt lat="30.36259" lon="35.031180000000006">
        <ele>356.39735622124886</ele>
        <time>2022-01-11T09:35:39Z</time>
      </trkpt>
      <trkpt lat="30.36259" lon="35.031180000000006">
        <ele>356.39735622124886</ele>
        <time>2022-01-11T09:35:40Z</time>
      </trkpt>
      <trkpt lat="30.36257" lon="35.03097">
        <ele>358</ele>
        <time>2022-01-11T09:35:41Z</time>
      </trkpt>
      <trkpt lat="30.362530000000003" lon="35.030770000000004">
        <ele>359</ele>
        <time>2022-01-11T09:35:42Z</time>
      </trkpt>
      <trkpt lat="30.362470000000002" lon="35.03056">
        <ele>359</ele>
        <time>2022-01-11T09:35:43Z</time>
      </trkpt>
      <trkpt lat="30.362430000000003" lon="35.030240000000006">
        <ele>359</ele>
        <time>2022-01-11T09:35:44Z</time>
      </trkpt>
      <trkpt lat="30.362370000000002" lon="35.03002">
        <ele>359</ele>
        <time>2022-01-11T09:35:45Z</time>
      </trkpt>
      <trkpt lat="30.362250000000003" lon="35.029720000000005">
        <ele>367</ele>
        <time>2022-01-11T09:35:46Z</time>
      </trkpt>
      <trkpt lat="30.362060000000003" lon="35.02933">
        <ele>358</ele>
        <time>2022-01-11T09:35:47Z</time>
      </trkpt>
      <trkpt lat="30.361690000000003" lon="35.02881">
        <ele>362</ele>
        <time>2022-01-11T09:35:48Z</time>
      </trkpt>
      <trkpt lat="30.36126" lon="35.028380000000006">
        <ele>357.8232896791661</ele>
        <time>2022-01-11T09:35:49Z</time>
      </trkpt>
      <trkpt lat="30.36126" lon="35.028380000000006">
        <ele>357.8232896791661</ele>
        <time>2022-01-11T09:35:50Z</time>
      </trkpt>
      <trkpt lat="30.36126" lon="35.028380000000006">
        <ele>354</ele>
        <time>2022-01-11T09:35:51Z</time>
      </trkpt>
      <trkpt lat="30.36126" lon="35.028380000000006">
        <ele>357.8232896791661</ele>
        <time>2022-01-11T09:35:52Z</time>
      </trkpt>
      <trkpt lat="30.36126" lon="35.028380000000006">
        <ele>357.8232896791661</ele>
        <time>2022-01-11T09:35:53Z</time>
      </trkpt>
      <trkpt lat="30.361200000000004" lon="35.0283">
        <ele>356</ele>
        <time>2022-01-11T09:35:54Z</time>
      </trkpt>
      <trkpt lat="30.361120000000003" lon="35.02812">
        <ele>356</ele>
        <time>2022-01-11T09:35:55Z</time>
      </trkpt>
      <trkpt lat="30.361120000000003" lon="35.02812">
        <ele>356</ele>
        <time>2022-01-11T09:35:56Z</time>
      </trkpt>
      <trkpt lat="30.36108" lon="35.028020000000005">
        <ele>356</ele>
        <time>2022-01-11T09:35:57Z</time>
      </trkpt>
      <trkpt lat="30.361000000000004" lon="35.02797">
        <ele>356</ele>
        <time>2022-01-11T09:35:58Z</time>
      </trkpt>
      <trkpt lat="30.360910000000004" lon="35.02798">
        <ele>356</ele>
        <time>2022-01-11T09:35:59Z</time>
      </trkpt>
      <trkpt lat="30.360820000000004" lon="35.028040000000004">
        <ele>354.8406064062277</ele>
        <time>2022-01-11T09:36:00Z</time>
      </trkpt>
      <trkpt lat="30.360820000000004" lon="35.028040000000004">
        <ele>354.8406064062277</ele>
        <time>2022-01-11T09:36:01Z</time>
      </trkpt>
      <trkpt lat="30.360820000000004" lon="35.028040000000004">
        <ele>356</ele>
        <time>2022-01-11T09:36:02Z</time>
      </trkpt>
      <trkpt lat="30.360370000000003" lon="35.02845">
        <ele>348</ele>
        <time>2022-01-11T09:36:03Z</time>
      </trkpt>
      <trkpt lat="30.360280000000003" lon="35.028400000000005">
        <ele>348</ele>
        <time>2022-01-11T09:36:04Z</time>
      </trkpt>
      <trkpt lat="30.360280000000003" lon="35.028400000000005">
        <ele>351.72582235187025</ele>
        <time>2022-01-11T09:36:05Z</time>
      </trkpt>
      <trkpt lat="30.360280000000003" lon="35.028400000000005">
        <ele>351.72582235187025</ele>
        <time>2022-01-11T09:36:06Z</time>
      </trkpt>
      <trkpt lat="30.36023" lon="35.028310000000005">
        <ele>348</ele>
        <time>2022-01-11T09:36:07Z</time>
      </trkpt>
      <trkpt lat="30.360210000000002" lon="35.02819">
        <ele>345</ele>
        <time>2022-01-11T09:36:08Z</time>
      </trkpt>
      <trkpt lat="30.360190000000003" lon="35.02797">
        <ele>345</ele>
        <time>2022-01-11T09:36:09Z</time>
      </trkpt>
      <trkpt lat="30.360200000000003" lon="35.02752">
        <ele>345</ele>
        <time>2022-01-11T09:36:10Z</time>
      </trkpt>
      <trkpt lat="30.36023" lon="35.02741">
        <ele>345.02846903989837</ele>
        <time>2022-01-11T09:36:11Z</time>
      </trkpt>
      <trkpt lat="30.36023" lon="35.02741">
        <ele>345.02846903989837</ele>
        <time>2022-01-11T09:36:12Z</time>
      </trkpt>
      <trkpt lat="30.36023" lon="35.02741">
        <ele>343</ele>
        <time>2022-01-11T09:36:13Z</time>
      </trkpt>
      <trkpt lat="30.360290000000003" lon="35.02732">
        <ele>343</ele>
        <time>2022-01-11T09:36:14Z</time>
      </trkpt>
      <trkpt lat="30.360380000000003" lon="35.027100000000004">
        <ele>343</ele>
        <time>2022-01-11T09:36:15Z</time>
      </trkpt>
      <trkpt lat="30.360390000000002" lon="35.027">
        <ele>343</ele>
        <time>2022-01-11T09:36:16Z</time>
      </trkpt>
      <trkpt lat="30.360380000000003" lon="35.02689">
        <ele>343</ele>
        <time>2022-01-11T09:36:17Z</time>
      </trkpt>
      <trkpt lat="30.360380000000003" lon="35.02689">
        <ele>341.61425616091117</ele>
        <time>2022-01-11T09:36:18Z</time>
      </trkpt>
      <trkpt lat="30.360380000000003" lon="35.02689">
        <ele>341.61425616091117</ele>
        <time>2022-01-11T09:36:19Z</time>
      </trkpt>
      <trkpt lat="30.360400000000002" lon="35.026790000000005">
        <ele>343</ele>
        <time>2022-01-11T09:36:20Z</time>
      </trkpt>
      <trkpt lat="30.360570000000003" lon="35.026520000000005">
        <ele>350</ele>
        <time>2022-01-11T09:36:21Z</time>
      </trkpt>
      <trkpt lat="30.360650000000003" lon="35.02619">
        <ele>341.7679165813606</ele>
        <time>2022-01-11T09:36:22Z</time>
      </trkpt>
      <trkpt lat="30.360650000000003" lon="35.02619">
        <ele>341.7679165813606</ele>
        <time>2022-01-11T09:36:23Z</time>
      </trkpt>
      <trkpt lat="30.360650000000003" lon="35.02619">
        <ele>350</ele>
        <time>2022-01-11T09:36:24Z</time>
      </trkpt>
      <trkpt lat="30.360770000000002" lon="35.0259">
        <ele>350</ele>
        <time>2022-01-11T09:36:25Z</time>
      </trkpt>
      <trkpt lat="30.36099" lon="35.02553">
        <ele>362</ele>
        <time>2022-01-11T09:36:26Z</time>
      </trkpt>
      <trkpt lat="30.361120000000003" lon="35.02537">
        <ele>362</ele>
        <time>2022-01-11T09:36:27Z</time>
      </trkpt>
      <trkpt lat="30.361200000000004" lon="35.025090000000006">
        <ele>367</ele>
        <time>2022-01-11T09:36:28Z</time>
      </trkpt>
      <trkpt lat="30.361200000000004" lon="35.025090000000006">
        <ele>367</ele>
        <time>2022-01-11T09:36:29Z</time>
      </trkpt>
      <trkpt lat="30.36126" lon="35.024890000000006">
        <ele>372</ele>
        <time>2022-01-11T09:36:30Z</time>
      </trkpt>
      <trkpt lat="30.36126" lon="35.024890000000006">
        <ele>365.19906672070834</ele>
        <time>2022-01-11T09:36:31Z</time>
      </trkpt>
      <trkpt lat="30.36126" lon="35.024890000000006">
        <ele>365.19906672070834</ele>
        <time>2022-01-11T09:36:32Z</time>
      </trkpt>
      <trkpt lat="30.36127" lon="35.02478">
        <ele>366.55405445453755</ele>
        <time>2022-01-11T09:36:33Z</time>
      </trkpt>
      <trkpt lat="30.36127" lon="35.02478">
        <ele>366.55405445453755</ele>
        <time>2022-01-11T09:36:34Z</time>
      </trkpt>
      <trkpt lat="30.36127" lon="35.02478">
        <ele>372</ele>
        <time>2022-01-11T09:36:35Z</time>
      </trkpt>
      <trkpt lat="30.361310000000003" lon="35.024680000000004">
        <ele>372</ele>
        <time>2022-01-11T09:36:36Z</time>
      </trkpt>
      <trkpt lat="30.36128" lon="35.0246">
        <ele>372</ele>
        <time>2022-01-11T09:36:37Z</time>
      </trkpt>
      <trkpt lat="30.361100000000004" lon="35.02451">
        <ele>372</ele>
        <time>2022-01-11T09:36:38Z</time>
      </trkpt>
      <trkpt lat="30.361000000000004" lon="35.02449">
        <ele>372</ele>
        <time>2022-01-11T09:36:39Z</time>
      </trkpt>
      <trkpt lat="30.36052" lon="35.02447">
        <ele>366</ele>
        <time>2022-01-11T09:36:40Z</time>
      </trkpt>
      <trkpt lat="30.36033" lon="35.024420000000006">
        <ele>366</ele>
        <time>2022-01-11T09:36:41Z</time>
      </trkpt>
      <trkpt lat="30.36005" lon="35.024440000000006">
        <ele>366</ele>
        <time>2022-01-11T09:36:42Z</time>
      </trkpt>
      <trkpt lat="30.35987" lon="35.024480000000004">
        <ele>366</ele>
        <time>2022-01-11T09:36:43Z</time>
      </trkpt>
      <trkpt lat="30.35987" lon="35.024480000000004">
        <ele>363.35547978656246</ele>
        <time>2022-01-11T09:36:44Z</time>
      </trkpt>
      <trkpt lat="30.35987" lon="35.024480000000004">
        <ele>363.35547978656246</ele>
        <time>2022-01-11T09:36:45Z</time>
      </trkpt>
      <trkpt lat="30.35987" lon="35.024480000000004">
        <ele>363.35547978656246</ele>
        <time>2022-01-11T09:36:46Z</time>
      </trkpt>
      <trkpt lat="30.35987" lon="35.024480000000004">
        <ele>363.35547978656246</ele>
        <time>2022-01-11T09:36:47Z</time>
      </trkpt>
      <trkpt lat="30.359780000000004" lon="35.02452">
        <ele>366</ele>
        <time>2022-01-11T09:36:48Z</time>
      </trkpt>
      <trkpt lat="30.359690000000004" lon="35.02458">
        <ele>369</ele>
        <time>2022-01-11T09:36:49Z</time>
      </trkpt>
      <trkpt lat="30.35966" lon="35.024680000000004">
        <ele>369</ele>
        <time>2022-01-11T09:36:50Z</time>
      </trkpt>
      <trkpt lat="30.359640000000002" lon="35.024890000000006">
        <ele>369</ele>
        <time>2022-01-11T09:36:51Z</time>
      </trkpt>
      <trkpt lat="30.35959" lon="35.0251">
        <ele>363</ele>
        <time>2022-01-11T09:36:52Z</time>
      </trkpt>
      <trkpt lat="30.359530000000003" lon="35.02519">
        <ele>363</ele>
        <time>2022-01-11T09:36:53Z</time>
      </trkpt>
      <trkpt lat="30.359050000000003" lon="35.025560000000006">
        <ele>363</ele>
        <time>2022-01-11T09:36:54Z</time>
      </trkpt>
      <trkpt lat="30.358870000000003" lon="35.02562">
        <ele>363.7594963750011</ele>
        <time>2022-01-11T09:36:55Z</time>
      </trkpt>
      <trkpt lat="30.358870000000003" lon="35.02562">
        <ele>363.7594963750011</ele>
        <time>2022-01-11T09:36:56Z</time>
      </trkpt>
      <trkpt lat="30.358870000000003" lon="35.02562">
        <ele>363</ele>
        <time>2022-01-11T09:36:57Z</time>
      </trkpt>
      <trkpt lat="30.358770000000003" lon="35.02563">
        <ele>374</ele>
        <time>2022-01-11T09:36:58Z</time>
      </trkpt>
      <trkpt lat="30.358770000000003" lon="35.02563">
        <ele>363.98952018898206</ele>
        <time>2022-01-11T09:36:59Z</time>
      </trkpt>
      <trkpt lat="30.358770000000003" lon="35.02563">
        <ele>363.98952018898206</ele>
        <time>2022-01-11T09:37:00Z</time>
      </trkpt>
      <trkpt lat="30.358490000000003" lon="35.025650000000006">
        <ele>374</ele>
        <time>2022-01-11T09:37:01Z</time>
      </trkpt>
      <trkpt lat="30.358220000000003" lon="35.02563">
        <ele>374</ele>
        <time>2022-01-11T09:37:02Z</time>
      </trkpt>
      <trkpt lat="30.357930000000003" lon="35.025650000000006">
        <ele>371</ele>
        <time>2022-01-11T09:37:03Z</time>
      </trkpt>
      <trkpt lat="30.357840000000003" lon="35.02568">
        <ele>371</ele>
        <time>2022-01-11T09:37:04Z</time>
      </trkpt>
      <trkpt lat="30.35778" lon="35.02561">
        <ele>371</ele>
        <time>2022-01-11T09:37:05Z</time>
      </trkpt>
      <trkpt lat="30.35778" lon="35.02561">
        <ele>367.9361588208087</ele>
        <time>2022-01-11T09:37:06Z</time>
      </trkpt>
      <trkpt lat="30.35778" lon="35.02561">
        <ele>367.9361588208087</ele>
        <time>2022-01-11T09:37:07Z</time>
      </trkpt>
      <trkpt lat="30.35778" lon="35.02561">
        <ele>371</ele>
        <time>2022-01-11T09:37:08Z</time>
      </trkpt>
      <trkpt lat="30.3576" lon="35.02537">
        <ele>371</ele>
        <time>2022-01-11T09:37:09Z</time>
      </trkpt>
      <trkpt lat="30.357560000000003" lon="35.02526">
        <ele>371</ele>
        <time>2022-01-11T09:37:10Z</time>
      </trkpt>
      <trkpt lat="30.357300000000002" lon="35.024950000000004">
        <ele>376</ele>
        <time>2022-01-11T09:37:11Z</time>
      </trkpt>
      <trkpt lat="30.357300000000002" lon="35.024950000000004">
        <ele>370.1621370199352</ele>
        <time>2022-01-11T09:37:12Z</time>
      </trkpt>
      <trkpt lat="30.357300000000002" lon="35.024950000000004">
        <ele>370.1621370199352</ele>
        <time>2022-01-11T09:37:13Z</time>
      </trkpt>
      <trkpt lat="30.35722" lon="35.02487">
        <ele>376</ele>
        <time>2022-01-11T09:37:14Z</time>
      </trkpt>
      <extensions>
        <RoutingType xmlns="">Hike</RoutingType>
      </extensions>
    </trkseg>
    <trkseg>
      <trkpt lat="30.35722" lon="35.02487">
        <ele>376</ele>
        <time>2022-01-11T09:37:14Z</time>
      </trkpt>
      <trkpt lat="30.357160000000004" lon="35.02479">
        <ele>376</ele>
        <time>2022-01-11T09:37:15Z</time>
      </trkpt>
      <trkpt lat="30.35713" lon="35.02469">
        <ele>376</ele>
        <time>2022-01-11T09:37:16Z</time>
      </trkpt>
      <trkpt lat="30.35705" lon="35.02463">
        <ele>373.51970768006544</ele>
        <time>2022-01-11T09:37:17Z</time>
      </trkpt>
      <trkpt lat="30.35705" lon="35.02463">
        <ele>373.51970768006544</ele>
        <time>2022-01-11T09:37:18Z</time>
      </trkpt>
      <trkpt lat="30.35705" lon="35.02463">
        <ele>376</ele>
        <time>2022-01-11T09:37:19Z</time>
      </trkpt>
      <trkpt lat="30.357010000000002" lon="35.024530000000006">
        <ele>376</ele>
        <time>2022-01-11T09:37:20Z</time>
      </trkpt>
      <trkpt lat="30.35695" lon="35.02445">
        <ele>376</ele>
        <time>2022-01-11T09:37:21Z</time>
      </trkpt>
      <trkpt lat="30.356790000000004" lon="35.02432">
        <ele>376</ele>
        <time>2022-01-11T09:37:22Z</time>
      </trkpt>
      <trkpt lat="30.35666" lon="35.024150000000006">
        <ele>376</ele>
        <time>2022-01-11T09:37:23Z</time>
      </trkpt>
      <trkpt lat="30.356440000000003" lon="35.02393">
        <ele>383</ele>
        <time>2022-01-11T09:37:24Z</time>
      </trkpt>
      <trkpt lat="30.356440000000003" lon="35.02393">
        <ele>382.58953341527854</ele>
        <time>2022-01-11T09:37:25Z</time>
      </trkpt>
      <trkpt lat="30.356440000000003" lon="35.02393">
        <ele>382.58953341527854</ele>
        <time>2022-01-11T09:37:26Z</time>
      </trkpt>
      <trkpt lat="30.356350000000003" lon="35.023770000000006">
        <ele>374</ele>
        <time>2022-01-11T09:37:27Z</time>
      </trkpt>
      <trkpt lat="30.356180000000002" lon="35.02353">
        <ele>392.317307050532</ele>
        <time>2022-01-11T09:37:28Z</time>
      </trkpt>
      <trkpt lat="30.356180000000002" lon="35.02353">
        <ele>392.317307050532</ele>
        <time>2022-01-11T09:37:29Z</time>
      </trkpt>
      <trkpt lat="30.356180000000002" lon="35.02353">
        <ele>374</ele>
        <time>2022-01-11T09:37:30Z</time>
      </trkpt>
      <trkpt lat="30.35602" lon="35.02291">
        <ele>373</ele>
        <time>2022-01-11T09:37:31Z</time>
      </trkpt>
      <trkpt lat="30.35591" lon="35.02275">
        <ele>373</ele>
        <time>2022-01-11T09:37:32Z</time>
      </trkpt>
      <trkpt lat="30.355870000000003" lon="35.02273">
        <ele>373</ele>
        <time>2022-01-11T09:37:33Z</time>
      </trkpt>
      <trkpt lat="30.35581" lon="35.02279">
        <ele>373</ele>
        <time>2022-01-11T09:37:34Z</time>
      </trkpt>
      <trkpt lat="30.35583" lon="35.022890000000004">
        <ele>373</ele>
        <time>2022-01-11T09:37:35Z</time>
      </trkpt>
      <trkpt lat="30.35583" lon="35.022890000000004">
        <ele>373</ele>
        <time>2022-01-11T09:37:36Z</time>
      </trkpt>
      <trkpt lat="30.355780000000003" lon="35.022980000000004">
        <ele>373</ele>
        <time>2022-01-11T09:37:37Z</time>
      </trkpt>
      <trkpt lat="30.355780000000003" lon="35.022980000000004">
        <ele>373.74374779096473</ele>
        <time>2022-01-11T09:37:38Z</time>
      </trkpt>
      <trkpt lat="30.355780000000003" lon="35.022980000000004">
        <ele>373.74374779096473</ele>
        <time>2022-01-11T09:37:39Z</time>
      </trkpt>
      <trkpt lat="30.355780000000003" lon="35.022980000000004">
        <ele>373.74374779096473</ele>
        <time>2022-01-11T09:37:40Z</time>
      </trkpt>
      <trkpt lat="30.355780000000003" lon="35.022980000000004">
        <ele>373.74374779096473</ele>
        <time>2022-01-11T09:37:41Z</time>
      </trkpt>
      <trkpt lat="30.355790000000002" lon="35.02309">
        <ele>373</ele>
        <time>2022-01-11T09:37:42Z</time>
      </trkpt>
      <trkpt lat="30.35574" lon="35.02319">
        <ele>373</ele>
        <time>2022-01-11T09:37:43Z</time>
      </trkpt>
      <trkpt lat="30.35553" lon="35.023410000000005">
        <ele>341</ele>
        <time>2022-01-11T09:37:44Z</time>
      </trkpt>
      <trkpt lat="30.35536" lon="35.023480000000006">
        <ele>341</ele>
        <time>2022-01-11T09:37:45Z</time>
      </trkpt>
      <trkpt lat="30.35526" lon="35.023480000000006">
        <ele>341</ele>
        <time>2022-01-11T09:37:46Z</time>
      </trkpt>
      <trkpt lat="30.355090000000004" lon="35.02353">
        <ele>341</ele>
        <time>2022-01-11T09:37:47Z</time>
      </trkpt>
      <trkpt lat="30.355000000000004" lon="35.023540000000004">
        <ele>341</ele>
        <time>2022-01-11T09:37:48Z</time>
      </trkpt>
      <trkpt lat="30.354850000000003" lon="35.02362">
        <ele>341</ele>
        <time>2022-01-11T09:37:49Z</time>
      </trkpt>
      <trkpt lat="30.354660000000003" lon="35.023680000000006">
        <ele>332.9883874507174</ele>
        <time>2022-01-11T09:37:50Z</time>
      </trkpt>
      <trkpt lat="30.354660000000003" lon="35.023680000000006">
        <ele>332.9883874507174</ele>
        <time>2022-01-11T09:37:51Z</time>
      </trkpt>
      <trkpt lat="30.354660000000003" lon="35.023680000000006">
        <ele>323</ele>
        <time>2022-01-11T09:37:52Z</time>
      </trkpt>
      <trkpt lat="30.354660000000003" lon="35.023680000000006">
        <ele>332.9883874507174</ele>
        <time>2022-01-11T09:37:53Z</time>
      </trkpt>
      <trkpt lat="30.354660000000003" lon="35.023680000000006">
        <ele>332.9883874507174</ele>
        <time>2022-01-11T09:37:54Z</time>
      </trkpt>
      <trkpt lat="30.354570000000002" lon="35.02369">
        <ele>323</ele>
        <time>2022-01-11T09:37:55Z</time>
      </trkpt>
      <trkpt lat="30.354190000000003" lon="35.02362">
        <ele>323</ele>
        <time>2022-01-11T09:37:56Z</time>
      </trkpt>
      <trkpt lat="30.353910000000003" lon="35.023610000000005">
        <ele>323</ele>
        <time>2022-01-11T09:37:57Z</time>
      </trkpt>
      <trkpt lat="30.353820000000002" lon="35.023590000000006">
        <ele>320</ele>
        <time>2022-01-11T09:37:58Z</time>
      </trkpt>
      <trkpt lat="30.353650000000002" lon="35.02349">
        <ele>320</ele>
        <time>2022-01-11T09:37:59Z</time>
      </trkpt>
      <trkpt lat="30.353460000000002" lon="35.02333">
        <ele>320</ele>
        <time>2022-01-11T09:38:00Z</time>
      </trkpt>
      <trkpt lat="30.353330000000003" lon="35.02326">
        <ele>321.3764569114003</ele>
        <time>2022-01-11T09:38:01Z</time>
      </trkpt>
      <trkpt lat="30.353330000000003" lon="35.02326">
        <ele>321.3764569114003</ele>
        <time>2022-01-11T09:38:02Z</time>
      </trkpt>
      <trkpt lat="30.353330000000003" lon="35.02326">
        <ele>322</ele>
        <time>2022-01-11T09:38:03Z</time>
      </trkpt>
      <trkpt lat="30.353240000000003" lon="35.023230000000005">
        <ele>322</ele>
        <time>2022-01-11T09:38:04Z</time>
      </trkpt>
      <trkpt lat="30.353" lon="35.02306">
        <ele>320</ele>
        <time>2022-01-11T09:38:05Z</time>
      </trkpt>
      <trkpt lat="30.353" lon="35.02306">
        <ele>321.54534185261116</ele>
        <time>2022-01-11T09:38:06Z</time>
      </trkpt>
      <trkpt lat="30.353" lon="35.02306">
        <ele>321.54534185261116</ele>
        <time>2022-01-11T09:38:07Z</time>
      </trkpt>
      <trkpt lat="30.352660000000004" lon="35.02288">
        <ele>320</ele>
        <time>2022-01-11T09:38:08Z</time>
      </trkpt>
      <trkpt lat="30.352570000000004" lon="35.0229">
        <ele>320</ele>
        <time>2022-01-11T09:38:09Z</time>
      </trkpt>
      <trkpt lat="30.352480000000003" lon="35.0229">
        <ele>320</ele>
        <time>2022-01-11T09:38:10Z</time>
      </trkpt>
      <trkpt lat="30.352290000000004" lon="35.022850000000005">
        <ele>320</ele>
        <time>2022-01-11T09:38:11Z</time>
      </trkpt>
      <trkpt lat="30.352010000000003" lon="35.02282">
        <ele>318.0061749163299</ele>
        <time>2022-01-11T09:38:12Z</time>
      </trkpt>
      <trkpt lat="30.352010000000003" lon="35.02282">
        <ele>318.0061749163299</ele>
        <time>2022-01-11T09:38:13Z</time>
      </trkpt>
      <trkpt lat="30.352010000000003" lon="35.02282">
        <ele>317</ele>
        <time>2022-01-11T09:38:14Z</time>
      </trkpt>
      <trkpt lat="30.351820000000004" lon="35.022780000000004">
        <ele>317</ele>
        <time>2022-01-11T09:38:15Z</time>
      </trkpt>
      <trkpt lat="30.351730000000003" lon="35.022740000000006">
        <ele>317</ele>
        <time>2022-01-11T09:38:16Z</time>
      </trkpt>
      <trkpt lat="30.35169" lon="35.0227">
        <ele>317</ele>
        <time>2022-01-11T09:38:17Z</time>
      </trkpt>
      <trkpt lat="30.35169" lon="35.0227">
        <ele>317</ele>
        <time>2022-01-11T09:38:18Z</time>
      </trkpt>
      <trkpt lat="30.35169" lon="35.0227">
        <ele>315.4923483883579</ele>
        <time>2022-01-11T09:38:19Z</time>
      </trkpt>
      <trkpt lat="30.35169" lon="35.0227">
        <ele>315.4923483883579</ele>
        <time>2022-01-11T09:38:20Z</time>
      </trkpt>
      <trkpt lat="30.351570000000002" lon="35.022470000000006">
        <ele>322</ele>
        <time>2022-01-11T09:38:21Z</time>
      </trkpt>
      <trkpt lat="30.35151" lon="35.02216">
        <ele>322</ele>
        <time>2022-01-11T09:38:22Z</time>
      </trkpt>
      <trkpt lat="30.351270000000003" lon="35.02169">
        <ele>325.31910595191806</ele>
        <time>2022-01-11T09:38:23Z</time>
      </trkpt>
      <trkpt lat="30.351270000000003" lon="35.02169">
        <ele>325.31910595191806</ele>
        <time>2022-01-11T09:38:24Z</time>
      </trkpt>
      <trkpt lat="30.351270000000003" lon="35.02169">
        <ele>313</ele>
        <time>2022-01-11T09:38:25Z</time>
      </trkpt>
      <trkpt lat="30.351240000000004" lon="35.02159">
        <ele>303</ele>
        <time>2022-01-11T09:38:26Z</time>
      </trkpt>
      <trkpt lat="30.351160000000004" lon="35.0214">
        <ele>303</ele>
        <time>2022-01-11T09:38:27Z</time>
      </trkpt>
      <trkpt lat="30.35105" lon="35.021240000000006">
        <ele>303</ele>
        <time>2022-01-11T09:38:28Z</time>
      </trkpt>
      <trkpt lat="30.35105" lon="35.02113">
        <ele>303</ele>
        <time>2022-01-11T09:38:29Z</time>
      </trkpt>
      <trkpt lat="30.351020000000002" lon="35.02105">
        <ele>303</ele>
        <time>2022-01-11T09:38:30Z</time>
      </trkpt>
      <trkpt lat="30.35094" lon="35.021060000000006">
        <ele>303</ele>
        <time>2022-01-11T09:38:31Z</time>
      </trkpt>
      <trkpt lat="30.35094" lon="35.021060000000006">
        <ele>306.700328954565</ele>
        <time>2022-01-11T09:38:32Z</time>
      </trkpt>
      <trkpt lat="30.35094" lon="35.021060000000006">
        <ele>306.700328954565</ele>
        <time>2022-01-11T09:38:33Z</time>
      </trkpt>
      <trkpt lat="30.350890000000003" lon="35.021010000000004">
        <ele>304.448915498003</ele>
        <time>2022-01-11T09:38:34Z</time>
      </trkpt>
      <trkpt lat="30.350890000000003" lon="35.021010000000004">
        <ele>304.448915498003</ele>
        <time>2022-01-11T09:38:35Z</time>
      </trkpt>
      <trkpt lat="30.350890000000003" lon="35.021010000000004">
        <ele>303</ele>
        <time>2022-01-11T09:38:36Z</time>
      </trkpt>
      <trkpt lat="30.35084" lon="35.02102">
        <ele>303</ele>
        <time>2022-01-11T09:38:37Z</time>
      </trkpt>
      <trkpt lat="30.350790000000003" lon="35.02098">
        <ele>303</ele>
        <time>2022-01-11T09:38:38Z</time>
      </trkpt>
      <trkpt lat="30.350720000000003" lon="35.02096">
        <ele>303</ele>
        <time>2022-01-11T09:38:39Z</time>
      </trkpt>
      <trkpt lat="30.350640000000002" lon="35.02096">
        <ele>303</ele>
        <time>2022-01-11T09:38:40Z</time>
      </trkpt>
      <trkpt lat="30.350640000000002" lon="35.02096">
        <ele>303</ele>
        <time>2022-01-11T09:38:41Z</time>
      </trkpt>
      <trkpt lat="30.35057" lon="35.020970000000005">
        <ele>303</ele>
        <time>2022-01-11T09:38:42Z</time>
      </trkpt>
      <trkpt lat="30.350530000000003" lon="35.020950000000006">
        <ele>283</ele>
        <time>2022-01-11T09:38:43Z</time>
      </trkpt>
      <trkpt lat="30.350430000000003" lon="35.02094">
        <ele>283</ele>
        <time>2022-01-11T09:38:44Z</time>
      </trkpt>
      <trkpt lat="30.350430000000003" lon="35.02094">
        <ele>276.5153462070921</ele>
        <time>2022-01-11T09:38:45Z</time>
      </trkpt>
      <trkpt lat="30.350430000000003" lon="35.02094">
        <ele>276.5153462070921</ele>
        <time>2022-01-11T09:38:46Z</time>
      </trkpt>
      <trkpt lat="30.350430000000003" lon="35.02094">
        <ele>276.5153462070921</ele>
        <time>2022-01-11T09:38:47Z</time>
      </trkpt>
      <trkpt lat="30.350430000000003" lon="35.02094">
        <ele>276.5153462070921</ele>
        <time>2022-01-11T09:38:48Z</time>
      </trkpt>
      <trkpt lat="30.350310000000004" lon="35.02103">
        <ele>283</ele>
        <time>2022-01-11T09:38:49Z</time>
      </trkpt>
      <trkpt lat="30.3503" lon="35.021150000000006">
        <ele>283</ele>
        <time>2022-01-11T09:38:50Z</time>
      </trkpt>
      <trkpt lat="30.350270000000002" lon="35.021240000000006">
        <ele>283</ele>
        <time>2022-01-11T09:38:51Z</time>
      </trkpt>
      <trkpt lat="30.35011" lon="35.02134">
        <ele>283</ele>
        <time>2022-01-11T09:38:52Z</time>
      </trkpt>
      <trkpt lat="30.350020000000004" lon="35.021420000000006">
        <ele>283</ele>
        <time>2022-01-11T09:38:53Z</time>
      </trkpt>
      <trkpt lat="30.34992" lon="35.02143">
        <ele>283</ele>
        <time>2022-01-11T09:38:54Z</time>
      </trkpt>
      <trkpt lat="30.349740000000004" lon="35.02136">
        <ele>283</ele>
        <time>2022-01-11T09:38:55Z</time>
      </trkpt>
      <trkpt lat="30.349560000000004" lon="35.021350000000005">
        <ele>268.1710422729591</ele>
        <time>2022-01-11T09:38:56Z</time>
      </trkpt>
      <trkpt lat="30.349560000000004" lon="35.021350000000005">
        <ele>268.1710422729591</ele>
        <time>2022-01-11T09:38:57Z</time>
      </trkpt>
      <trkpt lat="30.349560000000004" lon="35.021350000000005">
        <ele>303</ele>
        <time>2022-01-11T09:38:58Z</time>
      </trkpt>
      <trkpt lat="30.349410000000002" lon="35.02129">
        <ele>303</ele>
        <time>2022-01-11T09:38:59Z</time>
      </trkpt>
      <trkpt lat="30.349410000000002" lon="35.02129">
        <ele>272.49643060627733</ele>
        <time>2022-01-11T09:39:00Z</time>
      </trkpt>
      <trkpt lat="30.349410000000002" lon="35.02129">
        <ele>272.49643060627733</ele>
        <time>2022-01-11T09:39:01Z</time>
      </trkpt>
      <trkpt lat="30.34935" lon="35.02134">
        <ele>303</ele>
        <time>2022-01-11T09:39:02Z</time>
      </trkpt>
      <trkpt lat="30.34934" lon="35.021420000000006">
        <ele>303</ele>
        <time>2022-01-11T09:39:03Z</time>
      </trkpt>
      <trkpt lat="30.349200000000003" lon="35.021570000000004">
        <ele>303</ele>
        <time>2022-01-11T09:39:04Z</time>
      </trkpt>
      <trkpt lat="30.349090000000004" lon="35.02161">
        <ele>303</ele>
        <time>2022-01-11T09:39:05Z</time>
      </trkpt>
      <trkpt lat="30.34896" lon="35.021840000000005">
        <ele>280</ele>
        <time>2022-01-11T09:39:06Z</time>
      </trkpt>
      <trkpt lat="30.3487" lon="35.02201">
        <ele>261.60541131162626</ele>
        <time>2022-01-11T09:39:07Z</time>
      </trkpt>
      <trkpt lat="30.3487" lon="35.02201">
        <ele>261.60541131162626</ele>
        <time>2022-01-11T09:39:08Z</time>
      </trkpt>
      <trkpt lat="30.3487" lon="35.02201">
        <ele>298</ele>
        <time>2022-01-11T09:39:09Z</time>
      </trkpt>
      <trkpt lat="30.348480000000002" lon="35.022450000000006">
        <ele>298</ele>
        <time>2022-01-11T09:39:10Z</time>
      </trkpt>
      <trkpt lat="30.348430000000004" lon="35.02252">
        <ele>273</ele>
        <time>2022-01-11T09:39:11Z</time>
      </trkpt>
      <trkpt lat="30.348430000000004" lon="35.022740000000006">
        <ele>273</ele>
        <time>2022-01-11T09:39:12Z</time>
      </trkpt>
      <trkpt lat="30.348430000000004" lon="35.022740000000006">
        <ele>236.39490991779692</ele>
        <time>2022-01-11T09:39:13Z</time>
      </trkpt>
      <trkpt lat="30.348430000000004" lon="35.022740000000006">
        <ele>236.39490991779692</ele>
        <time>2022-01-11T09:39:14Z</time>
      </trkpt>
      <trkpt lat="30.348430000000004" lon="35.022740000000006">
        <ele>273</ele>
        <time>2022-01-11T09:39:15Z</time>
      </trkpt>
      <trkpt lat="30.34849" lon="35.022830000000006">
        <ele>273</ele>
        <time>2022-01-11T09:39:16Z</time>
      </trkpt>
      <trkpt lat="30.34859" lon="35.02286">
        <ele>273</ele>
        <time>2022-01-11T09:39:17Z</time>
      </trkpt>
      <trkpt lat="30.348710000000004" lon="35.02286">
        <ele>227.66226739291696</ele>
        <time>2022-01-11T09:39:18Z</time>
      </trkpt>
      <trkpt lat="30.348710000000004" lon="35.02286">
        <ele>227.66226739291696</ele>
        <time>2022-01-11T09:39:19Z</time>
      </trkpt>
      <trkpt lat="30.348710000000004" lon="35.02286">
        <ele>273</ele>
        <time>2022-01-11T09:39:20Z</time>
      </trkpt>
      <trkpt lat="30.348810000000004" lon="35.02291">
        <ele>273</ele>
        <time>2022-01-11T09:39:21Z</time>
      </trkpt>
      <trkpt lat="30.348920000000003" lon="35.023070000000004">
        <ele>282</ele>
        <time>2022-01-11T09:39:22Z</time>
      </trkpt>
      <trkpt lat="30.348950000000002" lon="35.023160000000004">
        <ele>282</ele>
        <time>2022-01-11T09:39:23Z</time>
      </trkpt>
      <extensions>
        <RoutingType xmlns="">Hike</RoutingType>
      </extensions>
    </trkseg>
    <trkseg>
      <trkpt lat="30.348950000000002" lon="35.023160000000004">
        <ele>282</ele>
        <time>2022-01-11T09:39:23Z</time>
      </trkpt>
      <trkpt lat="30.34896" lon="35.02338">
        <ele>266</ele>
        <time>2022-01-11T09:39:24Z</time>
      </trkpt>
      <trkpt lat="30.34898" lon="35.02347">
        <ele>266</ele>
        <time>2022-01-11T09:39:25Z</time>
      </trkpt>
      <trkpt lat="30.34898" lon="35.02347">
        <ele>228.73377052236324</ele>
        <time>2022-01-11T09:39:26Z</time>
      </trkpt>
      <trkpt lat="30.34898" lon="35.02347">
        <ele>228.73377052236324</ele>
        <time>2022-01-11T09:39:27Z</time>
      </trkpt>
      <trkpt lat="30.348950000000002" lon="35.023610000000005">
        <ele>266</ele>
        <time>2022-01-11T09:39:28Z</time>
      </trkpt>
      <trkpt lat="30.348930000000003" lon="35.02366">
        <ele>234.49217935117542</ele>
        <time>2022-01-11T09:39:29Z</time>
      </trkpt>
      <trkpt lat="30.348930000000003" lon="35.02366">
        <ele>234.49217935117542</ele>
        <time>2022-01-11T09:39:30Z</time>
      </trkpt>
      <trkpt lat="30.348930000000003" lon="35.02366">
        <ele>266</ele>
        <time>2022-01-11T09:39:31Z</time>
      </trkpt>
      <trkpt lat="30.348850000000002" lon="35.023700000000005">
        <ele>260</ele>
        <time>2022-01-11T09:39:32Z</time>
      </trkpt>
      <trkpt lat="30.34879" lon="35.02376">
        <ele>260</ele>
        <time>2022-01-11T09:39:33Z</time>
      </trkpt>
      <trkpt lat="30.34868" lon="35.023900000000005">
        <ele>260</ele>
        <time>2022-01-11T09:39:34Z</time>
      </trkpt>
      <trkpt lat="30.34861" lon="35.023950000000006">
        <ele>260</ele>
        <time>2022-01-11T09:39:35Z</time>
      </trkpt>
      <trkpt lat="30.34841" lon="35.024010000000004">
        <ele>260</ele>
        <time>2022-01-11T09:39:36Z</time>
      </trkpt>
      <trkpt lat="30.348250000000004" lon="35.02413">
        <ele>260</ele>
        <time>2022-01-11T09:39:37Z</time>
      </trkpt>
      <trkpt lat="30.34814" lon="35.024150000000006">
        <ele>244</ele>
        <time>2022-01-11T09:39:38Z</time>
      </trkpt>
      <trkpt lat="30.34814" lon="35.024150000000006">
        <ele>221.9820337296234</ele>
        <time>2022-01-11T09:39:39Z</time>
      </trkpt>
      <trkpt lat="30.34814" lon="35.024150000000006">
        <ele>221.9820337296234</ele>
        <time>2022-01-11T09:39:40Z</time>
      </trkpt>
      <trkpt lat="30.34814" lon="35.024150000000006">
        <ele>221.9820337296234</ele>
        <time>2022-01-11T09:39:41Z</time>
      </trkpt>
      <trkpt lat="30.34814" lon="35.024150000000006">
        <ele>221.9820337296234</ele>
        <time>2022-01-11T09:39:42Z</time>
      </trkpt>
      <trkpt lat="30.34803" lon="35.02422">
        <ele>251</ele>
        <time>2022-01-11T09:39:43Z</time>
      </trkpt>
      <trkpt lat="30.34795" lon="35.024300000000004">
        <ele>251</ele>
        <time>2022-01-11T09:39:44Z</time>
      </trkpt>
      <trkpt lat="30.34784" lon="35.024460000000005">
        <ele>251</ele>
        <time>2022-01-11T09:39:45Z</time>
      </trkpt>
      <trkpt lat="30.34784" lon="35.024460000000005">
        <ele>251</ele>
        <time>2022-01-11T09:39:46Z</time>
      </trkpt>
      <trkpt lat="30.347820000000002" lon="35.02449">
        <ele>251</ele>
        <time>2022-01-11T09:39:47Z</time>
      </trkpt>
      <trkpt lat="30.347810000000003" lon="35.024620000000006">
        <ele>251</ele>
        <time>2022-01-11T09:39:48Z</time>
      </trkpt>
      <trkpt lat="30.34786" lon="35.02485">
        <ele>251</ele>
        <time>2022-01-11T09:39:49Z</time>
      </trkpt>
      <trkpt lat="30.348000000000003" lon="35.025180000000006">
        <ele>225</ele>
        <time>2022-01-11T09:39:50Z</time>
      </trkpt>
      <trkpt lat="30.348150000000004" lon="35.02534">
        <ele>213.0444776578893</ele>
        <time>2022-01-11T09:39:51Z</time>
      </trkpt>
      <trkpt lat="30.348150000000004" lon="35.02534">
        <ele>213.0444776578893</ele>
        <time>2022-01-11T09:39:52Z</time>
      </trkpt>
      <trkpt lat="30.348150000000004" lon="35.02534">
        <ele>222</ele>
        <time>2022-01-11T09:39:53Z</time>
      </trkpt>
      <trkpt lat="30.348150000000004" lon="35.02534">
        <ele>213.0444776578893</ele>
        <time>2022-01-11T09:39:54Z</time>
      </trkpt>
      <trkpt lat="30.348150000000004" lon="35.02534">
        <ele>213.0444776578893</ele>
        <time>2022-01-11T09:39:55Z</time>
      </trkpt>
      <trkpt lat="30.348240000000004" lon="35.02552">
        <ele>222</ele>
        <time>2022-01-11T09:39:56Z</time>
      </trkpt>
      <trkpt lat="30.348350000000003" lon="35.025850000000005">
        <ele>215</ele>
        <time>2022-01-11T09:39:57Z</time>
      </trkpt>
      <trkpt lat="30.348440000000004" lon="35.02626">
        <ele>215</ele>
        <time>2022-01-11T09:39:58Z</time>
      </trkpt>
      <trkpt lat="30.34842" lon="35.026360000000004">
        <ele>215</ele>
        <time>2022-01-11T09:39:59Z</time>
      </trkpt>
      <trkpt lat="30.348370000000003" lon="35.026450000000004">
        <ele>215</ele>
        <time>2022-01-11T09:40:00Z</time>
      </trkpt>
      <trkpt lat="30.348200000000002" lon="35.02657">
        <ele>215</ele>
        <time>2022-01-11T09:40:01Z</time>
      </trkpt>
      <trkpt lat="30.348010000000002" lon="35.02667">
        <ele>207.69325363558968</ele>
        <time>2022-01-11T09:40:02Z</time>
      </trkpt>
      <trkpt lat="30.348010000000002" lon="35.02667">
        <ele>207.69325363558968</ele>
        <time>2022-01-11T09:40:03Z</time>
      </trkpt>
      <trkpt lat="30.348010000000002" lon="35.02667">
        <ele>209</ele>
        <time>2022-01-11T09:40:04Z</time>
      </trkpt>
      <trkpt lat="30.348010000000002" lon="35.02667">
        <ele>209</ele>
        <time>2022-01-11T09:40:05Z</time>
      </trkpt>
      <trkpt lat="30.347960000000004" lon="35.02671">
        <ele>209</ele>
        <time>2022-01-11T09:40:06Z</time>
      </trkpt>
      <trkpt lat="30.347960000000004" lon="35.02671">
        <ele>207.57850526781013</ele>
        <time>2022-01-11T09:40:07Z</time>
      </trkpt>
      <trkpt lat="30.347960000000004" lon="35.02671">
        <ele>207.57850526781013</ele>
        <time>2022-01-11T09:40:08Z</time>
      </trkpt>
      <trkpt lat="30.347870000000004" lon="35.026900000000005">
        <ele>209</ele>
        <time>2022-01-11T09:40:09Z</time>
      </trkpt>
      <trkpt lat="30.347880000000004" lon="35.027010000000004">
        <ele>209</ele>
        <time>2022-01-11T09:40:10Z</time>
      </trkpt>
      <trkpt lat="30.347910000000002" lon="35.027120000000004">
        <ele>209</ele>
        <time>2022-01-11T09:40:11Z</time>
      </trkpt>
      <trkpt lat="30.348050000000004" lon="35.0274">
        <ele>228</ele>
        <time>2022-01-11T09:40:12Z</time>
      </trkpt>
      <trkpt lat="30.348050000000004" lon="35.02751">
        <ele>208.01190614162087</ele>
        <time>2022-01-11T09:40:13Z</time>
      </trkpt>
      <trkpt lat="30.348050000000004" lon="35.02751">
        <ele>208.01190614162087</ele>
        <time>2022-01-11T09:40:14Z</time>
      </trkpt>
      <trkpt lat="30.348050000000004" lon="35.02751">
        <ele>228</ele>
        <time>2022-01-11T09:40:15Z</time>
      </trkpt>
      <trkpt lat="30.348050000000004" lon="35.02785">
        <ele>228</ele>
        <time>2022-01-11T09:40:16Z</time>
      </trkpt>
      <trkpt lat="30.348070000000003" lon="35.0283">
        <ele>228</ele>
        <time>2022-01-11T09:40:17Z</time>
      </trkpt>
      <trkpt lat="30.348060000000004" lon="35.02841">
        <ele>219</ele>
        <time>2022-01-11T09:40:18Z</time>
      </trkpt>
      <trkpt lat="30.348000000000003" lon="35.02861">
        <ele>205</ele>
        <time>2022-01-11T09:40:19Z</time>
      </trkpt>
      <trkpt lat="30.348000000000003" lon="35.02861">
        <ele>201.80886111647123</ele>
        <time>2022-01-11T09:40:20Z</time>
      </trkpt>
      <trkpt lat="30.348000000000003" lon="35.02861">
        <ele>201.80886111647123</ele>
        <time>2022-01-11T09:40:21Z</time>
      </trkpt>
      <trkpt lat="30.347910000000002" lon="35.028780000000005">
        <ele>205</ele>
        <time>2022-01-11T09:40:22Z</time>
      </trkpt>
      <trkpt lat="30.347880000000004" lon="35.02902">
        <ele>205</ele>
        <time>2022-01-11T09:40:23Z</time>
      </trkpt>
      <trkpt lat="30.34786" lon="35.029320000000006">
        <ele>201.6981671754122</ele>
        <time>2022-01-11T09:40:24Z</time>
      </trkpt>
      <trkpt lat="30.34786" lon="35.029320000000006">
        <ele>201.6981671754122</ele>
        <time>2022-01-11T09:40:25Z</time>
      </trkpt>
      <trkpt lat="30.34786" lon="35.029320000000006">
        <ele>206</ele>
        <time>2022-01-11T09:40:26Z</time>
      </trkpt>
      <trkpt lat="30.347830000000002" lon="35.029430000000005">
        <ele>206</ele>
        <time>2022-01-11T09:40:27Z</time>
      </trkpt>
      <trkpt lat="30.347770000000004" lon="35.02951">
        <ele>206</ele>
        <time>2022-01-11T09:40:28Z</time>
      </trkpt>
      <trkpt lat="30.34748" lon="35.029610000000005">
        <ele>206</ele>
        <time>2022-01-11T09:40:29Z</time>
      </trkpt>
      <trkpt lat="30.34729" lon="35.029720000000005">
        <ele>206</ele>
        <time>2022-01-11T09:40:30Z</time>
      </trkpt>
      <trkpt lat="30.3472" lon="35.029740000000004">
        <ele>225</ele>
        <time>2022-01-11T09:40:31Z</time>
      </trkpt>
      <trkpt lat="30.34709" lon="35.02986">
        <ele>215.5</ele>
        <time>2022-01-11T09:40:32Z</time>
      </trkpt>
      <trkpt lat="30.34709" lon="35.02986">
        <ele>201.68984880451626</ele>
        <time>2022-01-11T09:40:33Z</time>
      </trkpt>
      <trkpt lat="30.34709" lon="35.02986">
        <ele>201.68984880451626</ele>
        <time>2022-01-11T09:40:34Z</time>
      </trkpt>
      <trkpt lat="30.34709" lon="35.02986">
        <ele>201.68984880451626</ele>
        <time>2022-01-11T09:40:35Z</time>
      </trkpt>
      <trkpt lat="30.34709" lon="35.02986">
        <ele>201.68984880451626</ele>
        <time>2022-01-11T09:40:36Z</time>
      </trkpt>
      <trkpt lat="30.34709" lon="35.02986">
        <ele>215.5</ele>
        <time>2022-01-11T09:40:37Z</time>
      </trkpt>
      <trkpt lat="30.34673" lon="35.03032">
        <ele>206</ele>
        <time>2022-01-11T09:40:38Z</time>
      </trkpt>
      <trkpt lat="30.34653" lon="35.030820000000006">
        <ele>198</ele>
        <time>2022-01-11T09:40:39Z</time>
      </trkpt>
      <trkpt lat="30.346210000000003" lon="35.031380000000006">
        <ele>200</ele>
        <time>2022-01-11T09:40:40Z</time>
      </trkpt>
      <trkpt lat="30.345930000000003" lon="35.031710000000004">
        <ele>196</ele>
        <time>2022-01-11T09:40:41Z</time>
      </trkpt>
      <trkpt lat="30.345740000000003" lon="35.03199">
        <ele>196</ele>
        <time>2022-01-11T09:40:42Z</time>
      </trkpt>
      <trkpt lat="30.345470000000002" lon="35.03233">
        <ele>209</ele>
        <time>2022-01-11T09:40:43Z</time>
      </trkpt>
      <trkpt lat="30.345290000000002" lon="35.0326">
        <ele>199</ele>
        <time>2022-01-11T09:40:44Z</time>
      </trkpt>
      <trkpt lat="30.344620000000003" lon="35.033390000000004">
        <ele>190</ele>
        <time>2022-01-11T09:40:45Z</time>
      </trkpt>
      <trkpt lat="30.344620000000003" lon="35.033390000000004">
        <ele>191.47809921583394</ele>
        <time>2022-01-11T09:40:46Z</time>
      </trkpt>
      <trkpt lat="30.344620000000003" lon="35.033390000000004">
        <ele>191.47809921583394</ele>
        <time>2022-01-11T09:40:47Z</time>
      </trkpt>
      <trkpt lat="30.344620000000003" lon="35.033390000000004">
        <ele>191.47809921583394</ele>
        <time>2022-01-11T09:40:48Z</time>
      </trkpt>
      <trkpt lat="30.344620000000003" lon="35.033390000000004">
        <ele>191.47809921583394</ele>
        <time>2022-01-11T09:40:49Z</time>
      </trkpt>
      <trkpt lat="30.34446" lon="35.03352">
        <ele>190</ele>
        <time>2022-01-11T09:40:50Z</time>
      </trkpt>
      <trkpt lat="30.34429" lon="35.033620000000006">
        <ele>190</ele>
        <time>2022-01-11T09:40:51Z</time>
      </trkpt>
      <trkpt lat="30.3441" lon="35.03367">
        <ele>190</ele>
        <time>2022-01-11T09:40:52Z</time>
      </trkpt>
      <trkpt lat="30.343830000000004" lon="35.03381">
        <ele>189</ele>
        <time>2022-01-11T09:40:53Z</time>
      </trkpt>
      <trkpt lat="30.343680000000003" lon="35.033950000000004">
        <ele>189</ele>
        <time>2022-01-11T09:40:54Z</time>
      </trkpt>
      <trkpt lat="30.343500000000002" lon="35.03407">
        <ele>189</ele>
        <time>2022-01-11T09:40:55Z</time>
      </trkpt>
      <trkpt lat="30.343040000000002" lon="35.03427">
        <ele>187</ele>
        <time>2022-01-11T09:40:56Z</time>
      </trkpt>
      <trkpt lat="30.34278" lon="35.03441">
        <ele>188.94604256445837</ele>
        <time>2022-01-11T09:40:57Z</time>
      </trkpt>
      <trkpt lat="30.34278" lon="35.03441">
        <ele>188.94604256445837</ele>
        <time>2022-01-11T09:40:58Z</time>
      </trkpt>
      <trkpt lat="30.34278" lon="35.03441">
        <ele>189</ele>
        <time>2022-01-11T09:40:59Z</time>
      </trkpt>
      <trkpt lat="30.3426" lon="35.034490000000005">
        <ele>189</ele>
        <time>2022-01-11T09:41:00Z</time>
      </trkpt>
      <trkpt lat="30.3426" lon="35.034490000000005">
        <ele>188.4102649837701</ele>
        <time>2022-01-11T09:41:01Z</time>
      </trkpt>
      <trkpt lat="30.3426" lon="35.034490000000005">
        <ele>188.4102649837701</ele>
        <time>2022-01-11T09:41:02Z</time>
      </trkpt>
      <trkpt lat="30.342330000000004" lon="35.034580000000005">
        <ele>189</ele>
        <time>2022-01-11T09:41:03Z</time>
      </trkpt>
      <trkpt lat="30.342050000000004" lon="35.034690000000005">
        <ele>192</ele>
        <time>2022-01-11T09:41:04Z</time>
      </trkpt>
      <trkpt lat="30.341600000000003" lon="35.03479">
        <ele>192</ele>
        <time>2022-01-11T09:41:05Z</time>
      </trkpt>
      <trkpt lat="30.34119" lon="35.03493">
        <ele>193</ele>
        <time>2022-01-11T09:41:06Z</time>
      </trkpt>
      <trkpt lat="30.34119" lon="35.03493">
        <ele>193</ele>
        <time>2022-01-11T09:41:07Z</time>
      </trkpt>
      <trkpt lat="30.340760000000003" lon="35.034940000000006">
        <ele>187.53803244070866</ele>
        <time>2022-01-11T09:41:08Z</time>
      </trkpt>
      <trkpt lat="30.340760000000003" lon="35.034940000000006">
        <ele>187.53803244070866</ele>
        <time>2022-01-11T09:41:09Z</time>
      </trkpt>
      <trkpt lat="30.340760000000003" lon="35.034940000000006">
        <ele>193</ele>
        <time>2022-01-11T09:41:10Z</time>
      </trkpt>
      <trkpt lat="30.340660000000003" lon="35.034980000000004">
        <ele>186</ele>
        <time>2022-01-11T09:41:11Z</time>
      </trkpt>
      <trkpt lat="30.340500000000002" lon="35.03513">
        <ele>185</ele>
        <time>2022-01-11T09:41:12Z</time>
      </trkpt>
      <trkpt lat="30.34034" lon="35.035210000000006">
        <ele>185</ele>
        <time>2022-01-11T09:41:13Z</time>
      </trkpt>
      <trkpt lat="30.34034" lon="35.035210000000006">
        <ele>185.12845467251273</ele>
        <time>2022-01-11T09:41:14Z</time>
      </trkpt>
      <trkpt lat="30.34034" lon="35.035210000000006">
        <ele>185.12845467251273</ele>
        <time>2022-01-11T09:41:15Z</time>
      </trkpt>
      <trkpt lat="30.34006" lon="35.0353">
        <ele>185</ele>
        <time>2022-01-11T09:41:16Z</time>
      </trkpt>
      <trkpt lat="30.33958" lon="35.035360000000004">
        <ele>186</ele>
        <time>2022-01-11T09:41:17Z</time>
      </trkpt>
      <trkpt lat="30.3393" lon="35.035360000000004">
        <ele>186</ele>
        <time>2022-01-11T09:41:18Z</time>
      </trkpt>
      <trkpt lat="30.338630000000002" lon="35.035250000000005">
        <ele>182.8500922205847</ele>
        <time>2022-01-11T09:41:19Z</time>
      </trkpt>
      <trkpt lat="30.338630000000002" lon="35.035250000000005">
        <ele>182.8500922205847</ele>
        <time>2022-01-11T09:41:20Z</time>
      </trkpt>
      <trkpt lat="30.338630000000002" lon="35.035250000000005">
        <ele>181</ele>
        <time>2022-01-11T09:41:21Z</time>
      </trkpt>
      <trkpt lat="30.338230000000003" lon="35.035250000000005">
        <ele>181</ele>
        <time>2022-01-11T09:41:22Z</time>
      </trkpt>
      <trkpt lat="30.337840000000003" lon="35.035210000000006">
        <ele>180</ele>
        <time>2022-01-11T09:41:23Z</time>
      </trkpt>
      <trkpt lat="30.337570000000003" lon="35.03511">
        <ele>180</ele>
        <time>2022-01-11T09:41:24Z</time>
      </trkpt>
      <trkpt lat="30.33688" lon="35.034510000000004">
        <ele>186</ele>
        <time>2022-01-11T09:41:25Z</time>
      </trkpt>
      <trkpt lat="30.336710000000004" lon="35.03441">
        <ele>186</ele>
        <time>2022-01-11T09:41:26Z</time>
      </trkpt>
      <trkpt lat="30.336710000000004" lon="35.03441">
        <ele>183.8112468838808</ele>
        <time>2022-01-11T09:41:27Z</time>
      </trkpt>
      <trkpt lat="30.336710000000004" lon="35.03441">
        <ele>183.8112468838808</ele>
        <time>2022-01-11T09:41:28Z</time>
      </trkpt>
      <trkpt lat="30.336180000000002" lon="35.03414">
        <ele>185</ele>
        <time>2022-01-11T09:41:29Z</time>
      </trkpt>
      <trkpt lat="30.33602" lon="35.034020000000005">
        <ele>184.99037902194394</ele>
        <time>2022-01-11T09:41:30Z</time>
      </trkpt>
      <trkpt lat="30.33602" lon="35.034020000000005">
        <ele>184.99037902194394</ele>
        <time>2022-01-11T09:41:31Z</time>
      </trkpt>
      <trkpt lat="30.33602" lon="35.034020000000005">
        <ele>186</ele>
        <time>2022-01-11T09:41:32Z</time>
      </trkpt>
      <extensions>
        <RoutingType xmlns="">Hike</RoutingType>
      </extensions>
    </trkseg>
    <trkseg>
      <trkpt lat="30.336043" lon="35.033986">
        <ele>186</ele>
      </trkpt>
      <trkpt lat="30.335989" lon="35.033938">
        <ele>185.8990932724947</ele>
      </trkpt>
      <trkpt lat="30.335753" lon="35.033657">
        <ele>184.99214540797692</ele>
      </trkpt>
      <trkpt lat="30.335551" lon="35.033261">
        <ele>183.12851442910235</ele>
      </trkpt>
      <trkpt lat="30.335396" lon="35.03303">
        <ele>183.28281773392115</ele>
      </trkpt>
      <trkpt lat="30.334997" lon="35.032666">
        <ele>186.41313921588068</ele>
      </trkpt>
      <trkpt lat="30.334846" lon="35.032562">
        <ele>187.3369874989854</ele>
      </trkpt>
      <trkpt lat="30.334497" lon="35.032458">
        <ele>189.01810375563994</ele>
      </trkpt>
      <trkpt lat="30.334282" lon="35.032353">
        <ele>190.0775444476537</ele>
      </trkpt>
      <trkpt lat="30.333862" lon="35.032189">
        <ele>190.3674295006372</ele>
      </trkpt>
      <trkpt lat="30.333441" lon="35.0321">
        <ele>188.5723249124806</ele>
      </trkpt>
      <trkpt lat="30.333177" lon="35.032069">
        <ele>187.3674734737342</ele>
      </trkpt>
      <trkpt lat="30.332967" lon="35.032062">
        <ele>187.00826240218424</ele>
      </trkpt>
      <trkpt lat="30.332727" lon="35.032071">
        <ele>187.3762355072645</ele>
      </trkpt>
      <trkpt lat="30.332342" lon="35.032113">
        <ele>187.99249275587712</ele>
      </trkpt>
      <trkpt lat="30.332142" lon="35.032092">
        <ele>186.79843781411807</ele>
      </trkpt>
      <trkpt lat="30.331943" lon="35.032009">
        <ele>185.22038823597865</ele>
      </trkpt>
      <trkpt lat="30.331564" lon="35.031811">
        <ele>184.3221922226264</ele>
      </trkpt>
      <trkpt lat="30.330996" lon="35.031579">
        <ele>185.64318985585956</ele>
      </trkpt>
      <trkpt lat="30.330658" lon="35.031389">
        <ele>186.20612330748418</ele>
      </trkpt>
      <trkpt lat="30.330021" lon="35.031132">
        <ele>184.12524912327856</ele>
      </trkpt>
      <trkpt lat="30.329669" lon="35.030967">
        <ele>185.87157946506719</ele>
      </trkpt>
      <trkpt lat="30.329456" lon="35.030837">
        <ele>187.2019526488685</ele>
      </trkpt>
      <trkpt lat="30.329068" lon="35.030519">
        <ele>187.36925423187722</ele>
      </trkpt>
      <trkpt lat="30.328937" lon="35.03045">
        <ele>187.04922915797212</ele>
      </trkpt>
      <trkpt lat="30.32879" lon="35.030403">
        <ele>186.615143534948</ele>
      </trkpt>
      <trkpt lat="30.328659" lon="35.030387">
        <ele>186.17572584069993</ele>
      </trkpt>
      <trkpt lat="30.328406" lon="35.030452">
        <ele>185.6173632758744</ele>
      </trkpt>
      <trkpt lat="30.328318" lon="35.030447">
        <ele>185.58265351977408</ele>
      </trkpt>
      <trkpt lat="30.328263" lon="35.030428">
        <ele>185.7741077262453</ele>
      </trkpt>
      <trkpt lat="30.327743" lon="35.029973">
        <ele>187.61596353887555</ele>
      </trkpt>
      <trkpt lat="30.327496" lon="35.029724">
        <ele>187.41996566647526</ele>
      </trkpt>
      <trkpt lat="30.327376" lon="35.029652">
        <ele>187.2696991477852</ele>
      </trkpt>
      <trkpt lat="30.327166" lon="35.029612">
        <ele>187.1</ele>
      </trkpt>
      <trkpt lat="30.326763" lon="35.029635">
        <ele>187.3156040880948</ele>
      </trkpt>
      <trkpt lat="30.326592" lon="35.029614">
        <ele>187.61362539496432</ele>
      </trkpt>
      <trkpt lat="30.325976" lon="35.029393">
        <ele>187.7776486143478</ele>
      </trkpt>
      <trkpt lat="30.325543" lon="35.029319">
        <ele>187.1473991967193</ele>
      </trkpt>
      <trkpt lat="30.325319" lon="35.02926">
        <ele>187.55395858818258</ele>
      </trkpt>
      <trkpt lat="30.32473" lon="35.029015">
        <ele>189.8474253126954</ele>
      </trkpt>
      <trkpt lat="30.324256" lon="35.028884">
        <ele>191.63085975608456</ele>
      </trkpt>
      <trkpt lat="30.324084" lon="35.028795">
        <ele>191.5</ele>
      </trkpt>
      <trkpt lat="30.323766" lon="35.028569">
        <ele>191.5</ele>
      </trkpt>
      <trkpt lat="30.323394" lon="35.028418">
        <ele>191.0561497369196</ele>
      </trkpt>
      <trkpt lat="30.322964" lon="35.028183">
        <ele>189.80501893206784</ele>
      </trkpt>
      <trkpt lat="30.322567" lon="35.027889">
        <ele>189.8603626312676</ele>
      </trkpt>
      <trkpt lat="30.322102" lon="35.02751">
        <ele>190.75334595683086</ele>
      </trkpt>
      <trkpt lat="30.321566" lon="35.02714">
        <ele>191.67144856678152</ele>
      </trkpt>
      <trkpt lat="30.321459" lon="35.027036">
        <ele>192.4012882669025</ele>
      </trkpt>
      <trkpt lat="30.321384" lon="35.026883">
        <ele>193.4145880754816</ele>
      </trkpt>
      <trkpt lat="30.32126" lon="35.026543">
        <ele>195.71688448897106</ele>
      </trkpt>
      <trkpt lat="30.321223" lon="35.026467">
        <ele>196.13563578639037</ele>
      </trkpt>
      <trkpt lat="30.321076" lon="35.026199">
        <ele>196.6896809497248</ele>
      </trkpt>
      <trkpt lat="30.32095" lon="35.026044">
        <ele>195.8535929941136</ele>
      </trkpt>
      <trkpt lat="30.320939" lon="35.02603">
        <ele>195.69005426065956</ele>
      </trkpt>
      <trkpt lat="30.320708" lon="35.025845">
        <ele>193.26886486769246</ele>
      </trkpt>
      <trkpt lat="30.320599" lon="35.025712">
        <ele>193.15151047768111</ele>
      </trkpt>
      <trkpt lat="30.320473" lon="35.025489">
        <ele>193.99278823893505</ele>
      </trkpt>
      <trkpt lat="30.320312" lon="35.025064">
        <ele>194.5160324980464</ele>
      </trkpt>
      <trkpt lat="30.32012" lon="35.024678">
        <ele>194.9022154820698</ele>
      </trkpt>
      <trkpt lat="30.319968" lon="35.024457">
        <ele>195.1409633363198</ele>
      </trkpt>
      <trkpt lat="30.319668" lon="35.024121">
        <ele>194.91311325687747</ele>
      </trkpt>
      <trkpt lat="30.319575" lon="35.023979">
        <ele>194.79468251654384</ele>
      </trkpt>
      <trkpt lat="30.319504" lon="35.023798">
        <ele>194.8464228812861</ele>
      </trkpt>
      <trkpt lat="30.319479" lon="35.023697">
        <ele>195.14898134638756</ele>
      </trkpt>
      <trkpt lat="30.319421" lon="35.023165">
        <ele>196.571273363705</ele>
      </trkpt>
      <trkpt lat="30.319359" lon="35.022906">
        <ele>195.9584523535858</ele>
      </trkpt>
      <trkpt lat="30.318972" lon="35.022097">
        <ele>194.0628064873125</ele>
      </trkpt>
      <trkpt lat="30.318523" lon="35.021352">
        <ele>194.52915406323893</ele>
      </trkpt>
      <trkpt lat="30.318403" lon="35.021084">
        <ele>196.32318147496022</ele>
      </trkpt>
      <trkpt lat="30.31832" lon="35.020772">
        <ele>196.88061312991525</ele>
      </trkpt>
      <trkpt lat="30.318244" lon="35.020207">
        <ele>197.23433282673537</ele>
      </trkpt>
      <trkpt lat="30.318075" lon="35.019385">
        <ele>196.90305395717988</ele>
      </trkpt>
      <trkpt lat="30.317828" lon="35.018707">
        <ele>197.63572856383885</ele>
      </trkpt>
      <trkpt lat="30.317472" lon="35.017962">
        <ele>197.42025204338324</ele>
      </trkpt>
      <trkpt lat="30.317469" lon="35.017957">
        <ele>197.441683126982</ele>
      </trkpt>
      <trkpt lat="30.317279" lon="35.017452">
        <ele>199.6113537150563</ele>
      </trkpt>
      <trkpt lat="30.317229" lon="35.017249">
        <ele>200.19144354022868</ele>
      </trkpt>
      <trkpt lat="30.31721" lon="35.016933">
        <ele>199.7615902779035</ele>
      </trkpt>
      <trkpt lat="30.317254" lon="35.016093">
        <ele>198.84550690539206</ele>
      </trkpt>
      <trkpt lat="30.317274" lon="35.015087">
        <ele>199.64224353993464</ele>
      </trkpt>
      <trkpt lat="30.317334" lon="35.014511">
        <ele>199.11787635783995</ele>
      </trkpt>
      <trkpt lat="30.317345" lon="35.014106">
        <ele>198.5700151574576</ele>
      </trkpt>
      <trkpt lat="30.317338" lon="35.013893">
        <ele>199.04742220162234</ele>
      </trkpt>
      <trkpt lat="30.317264" lon="35.013239">
        <ele>201.58172245382917</ele>
      </trkpt>
      <trkpt lat="30.317252" lon="35.012915">
        <ele>201.9790307015822</ele>
      </trkpt>
      <trkpt lat="30.317267" lon="35.012717">
        <ele>201.9433939959167</ele>
      </trkpt>
      <trkpt lat="30.31736" lon="35.012198">
        <ele>201.4475887931808</ele>
      </trkpt>
      <trkpt lat="30.317372" lon="35.011963">
        <ele>201.30305558797562</ele>
      </trkpt>
      <trkpt lat="30.317366" lon="35.011707">
        <ele>201.46693580751528</ele>
      </trkpt>
      <trkpt lat="30.317341" lon="35.011536">
        <ele>201.53896030128436</ele>
      </trkpt>
      <trkpt lat="30.317294" lon="35.011349">
        <ele>201.59105802969037</ele>
      </trkpt>
      <trkpt lat="30.317127" lon="35.010981">
        <ele>200.6255858197595</ele>
      </trkpt>
      <trkpt lat="30.317064" lon="35.010793">
        <ele>200.10937675813236</ele>
      </trkpt>
      <trkpt lat="30.317023" lon="35.010484">
        <ele>198.71599971125235</ele>
      </trkpt>
      <trkpt lat="30.316997" lon="35.010388">
        <ele>199.07259705582086</ele>
      </trkpt>
      <trkpt lat="30.316916" lon="35.010211">
        <ele>199.84178543975574</ele>
      </trkpt>
      <trkpt lat="30.316778" lon="35.009926">
        <ele>201.49526236665784</ele>
      </trkpt>
      <trkpt lat="30.316471" lon="35.009943">
        <ele>204.2269593269746</ele>
      </trkpt>
      <trkpt lat="30.316342" lon="35.009955">
        <ele>205.37818494131255</ele>
      </trkpt>
      <trkpt lat="30.31602" lon="35.010012">
        <ele>206.95860567096798</ele>
      </trkpt>
      <trkpt lat="30.315988" lon="35.010017">
        <ele>207.05435127814386</ele>
      </trkpt>
      <extensions>
        <RoutingType xmlns="">Hike</RoutingType>
      </extensions>
    </trkseg>
    <trkseg>
      <trkpt lat="30.315988" lon="35.010017">
        <ele>207.1</ele>
      </trkpt>
      <trkpt lat="30.315878" lon="35.010035">
        <ele>207.01764750322607</ele>
      </trkpt>
      <trkpt lat="30.315638" lon="35.010039">
        <ele>206.9301413963178</ele>
      </trkpt>
      <trkpt lat="30.315413" lon="35.010072">
        <ele>207.01420337170606</ele>
      </trkpt>
      <extensions>
        <RoutingType xmlns="">Hike</RoutingType>
      </extensions>
    </trkseg>
    <trkseg>
      <trkpt lat="30.315413" lon="35.010072">
        <ele>207.1</ele>
      </trkpt>
      <trkpt lat="30.314322" lon="35.010234">
        <ele>208.09225066769486</ele>
      </trkpt>
      <trkpt lat="30.313742" lon="35.010272">
        <ele>210.27699201138904</ele>
      </trkpt>
      <trkpt lat="30.312932" lon="35.010254">
        <ele>210.4863162459654</ele>
      </trkpt>
      <trkpt lat="30.312788" lon="35.010234">
        <ele>210.91636302392328</ele>
      </trkpt>
      <trkpt lat="30.312654" lon="35.010188">
        <ele>211.1</ele>
      </trkpt>
      <trkpt lat="30.312209" lon="35.009976">
        <ele>211.25753081086808</ele>
      </trkpt>
      <trkpt lat="30.311618" lon="35.009844">
        <ele>211.41831879552416</ele>
      </trkpt>
      <trkpt lat="30.311295" lon="35.009752">
        <ele>211.48209634407002</ele>
      </trkpt>
      <trkpt lat="30.311137" lon="35.009721">
        <ele>211.9648153026292</ele>
      </trkpt>
      <trkpt lat="30.310722" lon="35.009709">
        <ele>211.1970487040194</ele>
      </trkpt>
      <trkpt lat="30.310548" lon="35.009689">
        <ele>210.37851701587354</ele>
      </trkpt>
      <trkpt lat="30.309946" lon="35.009549">
        <ele>212.63301731259688</ele>
      </trkpt>
      <trkpt lat="30.309686" lon="35.009472">
        <ele>213</ele>
      </trkpt>
      <trkpt lat="30.309244" lon="35.009435">
        <ele>212.43284146596343</ele>
      </trkpt>
      <trkpt lat="30.309168" lon="35.009426">
        <ele>211.97978209403323</ele>
      </trkpt>
      <trkpt lat="30.308688" lon="35.009343">
        <ele>210.77376362873355</ele>
      </trkpt>
      <trkpt lat="30.308426" lon="35.009326">
        <ele>211.7420472337522</ele>
      </trkpt>
      <trkpt lat="30.308271" lon="35.009346">
        <ele>212.03107758622176</ele>
      </trkpt>
      <trkpt lat="30.308116" lon="35.009393">
        <ele>212.1</ele>
      </trkpt>
      <trkpt lat="30.307984" lon="35.009461">
        <ele>212.1</ele>
      </trkpt>
      <trkpt lat="30.307774" lon="35.009619">
        <ele>215.50265994581943</ele>
      </trkpt>
      <trkpt lat="30.307649" lon="35.009757">
        <ele>217.4790522516355</ele>
      </trkpt>
      <trkpt lat="30.30755" lon="35.009921">
        <ele>219.26008097362438</ele>
      </trkpt>
      <trkpt lat="30.307291" lon="35.010568">
        <ele>222.5</ele>
      </trkpt>
      <trkpt lat="30.307152" lon="35.010808">
        <ele>221.7268605011154</ele>
      </trkpt>
      <trkpt lat="30.307026" lon="35.010913">
        <ele>220.63374379763806</ele>
      </trkpt>
      <trkpt lat="30.306878" lon="35.010982">
        <ele>220.25585808120766</ele>
      </trkpt>
      <trkpt lat="30.306795" lon="35.011009">
        <ele>220.06413327960533</ele>
      </trkpt>
      <trkpt lat="30.306633" lon="35.011025">
        <ele>219.65298012701757</ele>
      </trkpt>
      <trkpt lat="30.306482" lon="35.011006">
        <ele>219.2823850533001</ele>
      </trkpt>
      <trkpt lat="30.306332" lon="35.010955">
        <ele>219.1085554540895</ele>
      </trkpt>
      <trkpt lat="30.306132" lon="35.010821">
        <ele>218.80218761013003</ele>
      </trkpt>
      <trkpt lat="30.305975" lon="35.01066">
        <ele>218.84456842894474</ele>
      </trkpt>
      <trkpt lat="30.30593" lon="35.010612">
        <ele>219.04863706267815</ele>
      </trkpt>
      <trkpt lat="30.305521" lon="35.010089">
        <ele>224.74543263522534</ele>
      </trkpt>
      <trkpt lat="30.305422" lon="35.009985">
        <ele>225.97874809942016</ele>
      </trkpt>
      <trkpt lat="30.305331" lon="35.009861">
        <ele>226.9682367413326</ele>
      </trkpt>
      <trkpt lat="30.305229" lon="35.00976">
        <ele>227.12986091079512</ele>
      </trkpt>
      <trkpt lat="30.30509" lon="35.009714">
        <ele>226.5940417201211</ele>
      </trkpt>
      <trkpt lat="30.304945" lon="35.009713">
        <ele>225.30108815389647</ele>
      </trkpt>
      <trkpt lat="30.304719" lon="35.009786">
        <ele>222.68870192279184</ele>
      </trkpt>
      <trkpt lat="30.304485" lon="35.009914">
        <ele>220.69666965323208</ele>
      </trkpt>
      <trkpt lat="30.304271" lon="35.010074">
        <ele>220.31630418210986</ele>
      </trkpt>
      <trkpt lat="30.303619" lon="35.010707">
        <ele>223.16960429296833</ele>
      </trkpt>
      <trkpt lat="30.303264" lon="35.011025">
        <ele>225.11290436168588</ele>
      </trkpt>
      <trkpt lat="30.30272" lon="35.011399">
        <ele>225.49446392405957</ele>
      </trkpt>
      <trkpt lat="30.302384" lon="35.011572">
        <ele>228.38914868472594</ele>
      </trkpt>
      <trkpt lat="30.301971" lon="35.011759">
        <ele>229.55786479560805</ele>
      </trkpt>
      <trkpt lat="30.301659" lon="35.011944">
        <ele>228.20817074125017</ele>
      </trkpt>
      <trkpt lat="30.301209" lon="35.012149">
        <ele>224.68669784402928</ele>
      </trkpt>
      <extensions>
        <RoutingType xmlns="">Hike</RoutingType>
      </extensions>
    </trkseg>
    <trkseg>
      <trkpt lat="30.301209" lon="35.012149">
        <ele>224</ele>
      </trkpt>
      <trkpt lat="30.300731" lon="35.012367">
        <ele>223.1849306014268</ele>
      </trkpt>
      <trkpt lat="30.300249" lon="35.012429">
        <ele>224.2</ele>
      </trkpt>
      <trkpt lat="30.300067" lon="35.012449">
        <ele>224.50338917794562</ele>
      </trkpt>
      <trkpt lat="30.299118" lon="35.012363">
        <ele>227.83521713380978</ele>
      </trkpt>
      <trkpt lat="30.298864" lon="35.012366">
        <ele>226.88125714636635</ele>
      </trkpt>
      <trkpt lat="30.298712" lon="35.012387">
        <ele>225.86733172479157</ele>
      </trkpt>
      <trkpt lat="30.298359" lon="35.012508">
        <ele>222.9821824429167</ele>
      </trkpt>
      <trkpt lat="30.297933" lon="35.012694">
        <ele>220.5976003501722</ele>
      </trkpt>
      <trkpt lat="30.297382" lon="35.012973">
        <ele>222.48523227474917</ele>
      </trkpt>
      <trkpt lat="30.295739" lon="35.01229">
        <ele>227</ele>
      </trkpt>
      <trkpt lat="30.295523" lon="35.012243">
        <ele>227</ele>
      </trkpt>
      <trkpt lat="30.295302" lon="35.012226">
        <ele>226.7591257288228</ele>
      </trkpt>
      <trkpt lat="30.295093" lon="35.012223">
        <ele>226.35342096769043</ele>
      </trkpt>
      <trkpt lat="30.294885" lon="35.012234">
        <ele>226.13493865411115</ele>
      </trkpt>
      <trkpt lat="30.29466" lon="35.012248">
        <ele>226.43991655842765</ele>
      </trkpt>
      <trkpt lat="30.294183" lon="35.012366">
        <ele>230.3780544833846</ele>
      </trkpt>
      <trkpt lat="30.293604" lon="35.012535">
        <ele>231.01495893701505</ele>
      </trkpt>
      <trkpt lat="30.293336" lon="35.012612">
        <ele>230.04804114528108</ele>
      </trkpt>
      <trkpt lat="30.293081" lon="35.012701">
        <ele>229.15676056834317</ele>
      </trkpt>
      <trkpt lat="30.292754" lon="35.012789">
        <ele>229.18420529258475</ele>
      </trkpt>
      <trkpt lat="30.292505" lon="35.012879">
        <ele>229.74186740688666</ele>
      </trkpt>
      <trkpt lat="30.292356" lon="35.012924">
        <ele>230.19845758217153</ele>
      </trkpt>
      <trkpt lat="30.2919" lon="35.013181">
        <ele>231.6899713649959</ele>
      </trkpt>
      <trkpt lat="30.291735" lon="35.013296">
        <ele>231.74084741582698</ele>
      </trkpt>
      <trkpt lat="30.291592" lon="35.013336">
        <ele>231.67264081513542</ele>
      </trkpt>
      <trkpt lat="30.29142" lon="35.013329">
        <ele>231.5450585960858</ele>
      </trkpt>
      <trkpt lat="30.291106" lon="35.013229">
        <ele>232.187225198125</ele>
      </trkpt>
      <trkpt lat="30.290599" lon="35.013125">
        <ele>233.1</ele>
      </trkpt>
      <trkpt lat="30.29031" lon="35.013041">
        <ele>233.00054064072717</ele>
      </trkpt>
      <trkpt lat="30.290019" lon="35.012907">
        <ele>234.67957488631458</ele>
      </trkpt>
      <trkpt lat="30.289844" lon="35.012847">
        <ele>235.89721284898445</ele>
      </trkpt>
      <trkpt lat="30.289699" lon="35.012811">
        <ele>236.3144316169637</ele>
      </trkpt>
      <trkpt lat="30.289159" lon="35.012734">
        <ele>236.69903102341817</ele>
      </trkpt>
      <trkpt lat="30.288933" lon="35.012663">
        <ele>236.94679895055074</ele>
      </trkpt>
      <trkpt lat="30.288729" lon="35.012564">
        <ele>236.70558087075534</ele>
      </trkpt>
      <trkpt lat="30.288363" lon="35.012249">
        <ele>236.01040709161563</ele>
      </trkpt>
      <trkpt lat="30.2878" lon="35.01191">
        <ele>237.08959160707386</ele>
      </trkpt>
      <trkpt lat="30.287674" lon="35.011859">
        <ele>237.43589728414676</ele>
      </trkpt>
      <trkpt lat="30.287208" lon="35.011759">
        <ele>239.16553917306578</ele>
      </trkpt>
      <trkpt lat="30.287052" lon="35.011687">
        <ele>239.5987509787558</ele>
      </trkpt>
      <trkpt lat="30.286519" lon="35.011258">
        <ele>237.9777079660795</ele>
      </trkpt>
      <trkpt lat="30.286107" lon="35.011003">
        <ele>238.79739524666815</ele>
      </trkpt>
      <trkpt lat="30.285867" lon="35.010704">
        <ele>239.31085741206792</ele>
      </trkpt>
      <trkpt lat="30.285542" lon="35.010539">
        <ele>239.0477996327668</ele>
      </trkpt>
      <trkpt lat="30.285097" lon="35.010131">
        <ele>240.61065742565737</ele>
      </trkpt>
      <trkpt lat="30.284997" lon="35.009974">
        <ele>241.72941941245492</ele>
      </trkpt>
      <trkpt lat="30.284917" lon="35.009805">
        <ele>242.79542079711592</ele>
      </trkpt>
      <trkpt lat="30.284732" lon="35.009588">
        <ele>243.57539242202438</ele>
      </trkpt>
      <trkpt lat="30.284581" lon="35.009424">
        <ele>243.34519757828306</ele>
      </trkpt>
      <trkpt lat="30.284428" lon="35.009265">
        <ele>242.93321914118903</ele>
      </trkpt>
      <trkpt lat="30.2841" lon="35.009029">
        <ele>242.56593154391328</ele>
      </trkpt>
      <trkpt lat="30.283814" lon="35.008732">
        <ele>242.1265118939</ele>
      </trkpt>
      <trkpt lat="30.283609" lon="35.00859">
        <ele>243.06293650599667</ele>
      </trkpt>
      <trkpt lat="30.283342" lon="35.008395">
        <ele>244.25655400397505</ele>
      </trkpt>
      <trkpt lat="30.283217" lon="35.008228">
        <ele>244.21662801511533</ele>
      </trkpt>
      <trkpt lat="30.28301" lon="35.007771">
        <ele>243.24761775115002</ele>
      </trkpt>
      <trkpt lat="30.282918" lon="35.007621">
        <ele>242.77714421797722</ele>
      </trkpt>
      <trkpt lat="30.282686" lon="35.007167">
        <ele>241.6</ele>
      </trkpt>
      <trkpt lat="30.282666" lon="35.006927">
        <ele>241.6</ele>
      </trkpt>
      <trkpt lat="30.282589" lon="35.006605">
        <ele>242.39960942941454</ele>
      </trkpt>
      <trkpt lat="30.282516" lon="35.006349">
        <ele>244.03859812060546</ele>
      </trkpt>
      <trkpt lat="30.282427" lon="35.006104">
        <ele>245.58369185651</ele>
      </trkpt>
      <trkpt lat="30.282335" lon="35.005889">
        <ele>246.1</ele>
      </trkpt>
      <trkpt lat="30.2822" lon="35.005593">
        <ele>245.4921209906146</ele>
      </trkpt>
      <trkpt lat="30.28214" lon="35.005463">
        <ele>244.995116605705</ele>
      </trkpt>
      <trkpt lat="30.282041" lon="35.005248">
        <ele>244.8391402497216</ele>
      </trkpt>
      <trkpt lat="30.28197" lon="35.005087">
        <ele>245.14463466996887</ele>
      </trkpt>
      <trkpt lat="30.28194" lon="35.005023">
        <ele>245.3544086986853</ele>
      </trkpt>
      <trkpt lat="30.28191" lon="35.004967">
        <ele>245.54424742212206</ele>
      </trkpt>
      <trkpt lat="30.281852" lon="35.004914">
        <ele>245.88142200577113</ele>
      </trkpt>
      <trkpt lat="30.281764" lon="35.004877">
        <ele>246.5060331972036</ele>
      </trkpt>
      <trkpt lat="30.281664" lon="35.004837">
        <ele>247.2118837030563</ele>
      </trkpt>
      <trkpt lat="30.281537" lon="35.004822">
        <ele>247.6878616300087</ele>
      </trkpt>
      <trkpt lat="30.281385" lon="35.004775">
        <ele>248.03773766939054</ele>
      </trkpt>
      <trkpt lat="30.281204" lon="35.004688">
        <ele>247.6641775704466</ele>
      </trkpt>
      <trkpt lat="30.281051" lon="35.004602">
        <ele>247.14702508896184</ele>
      </trkpt>
      <trkpt lat="30.280892" lon="35.004453">
        <ele>246.4</ele>
      </trkpt>
      <trkpt lat="30.280809" lon="35.004289">
        <ele>246.4</ele>
      </trkpt>
      <trkpt lat="30.280746" lon="35.004194">
        <ele>246.40352147282346</ele>
      </trkpt>
      <trkpt lat="30.280464" lon="35.003923">
        <ele>247.99733638362508</ele>
      </trkpt>
      <trkpt lat="30.280136" lon="35.003638">
        <ele>248.87622789524244</ele>
      </trkpt>
      <trkpt lat="30.279971" lon="35.003494">
        <ele>248.44713467049885</ele>
      </trkpt>
      <trkpt lat="30.279722" lon="35.003231">
        <ele>248.37922491495706</ele>
      </trkpt>
      <trkpt lat="30.279658" lon="35.003128">
        <ele>248.79296731093456</ele>
      </trkpt>
      <trkpt lat="30.279655" lon="35.002811">
        <ele>249.79510266633096</ele>
      </trkpt>
      <trkpt lat="30.279712" lon="35.002377">
        <ele>249.78335634063595</ele>
      </trkpt>
      <trkpt lat="30.279775" lon="35.002213">
        <ele>250.0263436463186</ele>
      </trkpt>
      <trkpt lat="30.279963" lon="35.001915">
        <ele>251.23014625201353</ele>
      </trkpt>
      <trkpt lat="30.279992" lon="35.001839">
        <ele>251.4695032277279</ele>
      </trkpt>
      <trkpt lat="30.280023" lon="35.001649">
        <ele>251.40975312635328</ele>
      </trkpt>
      <trkpt lat="30.280233" lon="35.001448">
        <ele>250.11744499710267</ele>
      </trkpt>
      <trkpt lat="30.280616" lon="35.001153">
        <ele>246.60775851564887</ele>
      </trkpt>
      <trkpt lat="30.280564" lon="35.001067">
        <ele>246.64136225395683</ele>
      </trkpt>
      <trkpt lat="30.280441" lon="35.000844">
        <ele>246.88240179496108</ele>
      </trkpt>
      <trkpt lat="30.280402" lon="35.000784">
        <ele>247.05066176770055</ele>
      </trkpt>
      <extensions>
        <RoutingType xmlns="">Hike</RoutingType>
      </extensions>
    </trkseg>
  </trk>
</gpx>
