<?xml version="1.0" encoding="UTF-8" standalone="yes"?>
<gpx xmlns="http://www.topografix.com/GPX/1/1" xmlns:xsi="http://www.w3.org/2001/XMLSchema-instance" version="1.1" creator="IsraelHikingMap" xsi:schemaLocation="http://www.topografix.com/GPX/1/1 http://www.topografix.com/GPX/1/1/gpx.xsd">
  <metadata>
    <bounds maxlat="33.113780000000006" maxlon="35.56318" minlat="33.044385" minlon="35.438386"></bounds>
  </metadata>
  <trk>
    <name>4 - האלות לדישון (מפגש הנחלים)</name>
    <desc>🏞️ קושי: בינוני. | גליל עליון
🥾 נבי ישע, קרן נפתלי,נחל דישון
⛺ לילה: חניון מפגש הנחלים. אם אין כוח להגיע עד לשם אפשר לעצור 5 ק"מ לפני ולישון בחניון דישון (בלתי מוכרז) — אין כלום. 
🛏️ מתקני לינה: שולחנות ומים.
🛒 קניות בקרבת המסלול:
• משכנות הרועים — א׳-ה׳: מיכל מים למטיילים | על השביל
• יפתח — א׳-ה׳: 07:00-19:00 | ו׳: 07:00-15:00 | שבת: סגור | ☎ 052-2817220
• רמות נפתלי — א׳-ה׳: 06:30-20:00 | ו׳: 06:30-15:00 | שבת: סגור | ☎ 04-6950122</desc>
    <trkseg>
      <trkpt lat="33.11102" lon="35.54874">
        <ele>383.8709413918102</ele>
        <time>2026-07-13T08:50:47Z</time>
      </trkpt>
      <trkpt lat="33.11102" lon="35.54874">
        <ele>383.8709413918102</ele>
        <time>2026-07-13T08:50:47Z</time>
      </trkpt>
      <extensions>
        <RoutingType xmlns="">Hike</RoutingType>
      </extensions>
    </trkseg>
    <trkseg>
      <trkpt lat="33.11102" lon="35.54874">
        <ele>383.8709413918102</ele>
        <time>2026-07-13T08:50:47Z</time>
      </trkpt>
      <trkpt lat="33.11102" lon="35.54874">
        <ele>386</ele>
        <time>2026-07-13T08:50:48Z</time>
      </trkpt>
      <trkpt lat="33.11133" lon="35.54845">
        <ele>385</ele>
        <time>2026-07-13T08:50:49Z</time>
      </trkpt>
      <trkpt lat="33.11142" lon="35.548190000000005">
        <ele>385</ele>
        <time>2026-07-13T08:50:50Z</time>
      </trkpt>
      <trkpt lat="33.1113" lon="35.547920000000005">
        <ele>385</ele>
        <time>2026-07-13T08:50:51Z</time>
      </trkpt>
      <trkpt lat="33.11155" lon="35.54793">
        <ele>385</ele>
        <time>2026-07-13T08:50:52Z</time>
      </trkpt>
      <trkpt lat="33.111450000000005" lon="35.54753">
        <ele>385</ele>
        <time>2026-07-13T08:50:53Z</time>
      </trkpt>
      <trkpt lat="33.11166" lon="35.547380000000004">
        <ele>383</ele>
        <time>2026-07-13T08:50:54Z</time>
      </trkpt>
      <trkpt lat="33.111760000000004" lon="35.546850000000006">
        <ele>385</ele>
        <time>2026-07-13T08:50:55Z</time>
      </trkpt>
      <trkpt lat="33.11171" lon="35.54684">
        <ele>386.3303618428806</ele>
        <time>2026-07-13T08:50:56Z</time>
      </trkpt>
      <trkpt lat="33.11171" lon="35.54684">
        <ele>386.3303618428806</ele>
        <time>2026-07-13T08:50:57Z</time>
      </trkpt>
      <trkpt lat="33.11171" lon="35.54684">
        <ele>385</ele>
        <time>2026-07-13T08:50:58Z</time>
      </trkpt>
      <trkpt lat="33.11171" lon="35.54684">
        <ele>385</ele>
        <time>2026-07-13T08:50:59Z</time>
      </trkpt>
      <trkpt lat="33.111760000000004" lon="35.546850000000006">
        <ele>385</ele>
        <time>2026-07-13T08:51:00Z</time>
      </trkpt>
      <trkpt lat="33.112480000000005" lon="35.54679">
        <ele>384.5</ele>
        <time>2026-07-13T08:51:01Z</time>
      </trkpt>
      <trkpt lat="33.112480000000005" lon="35.54679">
        <ele>384.5</ele>
        <time>2026-07-13T08:51:02Z</time>
      </trkpt>
      <trkpt lat="33.11254" lon="35.54679">
        <ele>384</ele>
        <time>2026-07-13T08:51:03Z</time>
      </trkpt>
      <trkpt lat="33.112640000000006" lon="35.54802">
        <ele>381</ele>
        <time>2026-07-13T08:51:04Z</time>
      </trkpt>
      <trkpt lat="33.1128" lon="35.549060000000004">
        <ele>381</ele>
        <time>2026-07-13T08:51:05Z</time>
      </trkpt>
      <trkpt lat="33.11283" lon="35.549400000000006">
        <ele>382</ele>
        <time>2026-07-13T08:51:06Z</time>
      </trkpt>
      <trkpt lat="33.11283" lon="35.549400000000006">
        <ele>379.6060032098815</ele>
        <time>2026-07-13T08:51:07Z</time>
      </trkpt>
      <trkpt lat="33.11283" lon="35.549400000000006">
        <ele>379.6060032098815</ele>
        <time>2026-07-13T08:51:08Z</time>
      </trkpt>
      <trkpt lat="33.11283" lon="35.549400000000006">
        <ele>382</ele>
        <time>2026-07-13T08:51:09Z</time>
      </trkpt>
      <trkpt lat="33.113580000000006" lon="35.554280000000006">
        <ele>393</ele>
        <time>2026-07-13T08:51:10Z</time>
      </trkpt>
      <trkpt lat="33.113670000000006" lon="35.555">
        <ele>394</ele>
        <time>2026-07-13T08:51:11Z</time>
      </trkpt>
      <trkpt lat="33.113670000000006" lon="35.555">
        <ele>394</ele>
        <time>2026-07-13T08:51:12Z</time>
      </trkpt>
      <trkpt lat="33.113710000000005" lon="35.555330000000005">
        <ele>395</ele>
        <time>2026-07-13T08:51:13Z</time>
      </trkpt>
      <trkpt lat="33.113780000000006" lon="35.55622">
        <ele>375</ele>
        <time>2026-07-13T08:51:14Z</time>
      </trkpt>
      <trkpt lat="33.113670000000006" lon="35.55622">
        <ele>375</ele>
        <time>2026-07-13T08:51:15Z</time>
      </trkpt>
      <trkpt lat="33.11361" lon="35.55624">
        <ele>375</ele>
        <time>2026-07-13T08:51:16Z</time>
      </trkpt>
      <trkpt lat="33.11356" lon="35.556340000000006">
        <ele>375</ele>
        <time>2026-07-13T08:51:17Z</time>
      </trkpt>
      <trkpt lat="33.1135" lon="35.55641">
        <ele>381.844633635656</ele>
        <time>2026-07-13T08:51:18Z</time>
      </trkpt>
      <trkpt lat="33.1135" lon="35.55641">
        <ele>381.844633635656</ele>
        <time>2026-07-13T08:51:19Z</time>
      </trkpt>
      <trkpt lat="33.1135" lon="35.55641">
        <ele>375</ele>
        <time>2026-07-13T08:51:20Z</time>
      </trkpt>
      <trkpt lat="33.113400000000006" lon="35.55642">
        <ele>375</ele>
        <time>2026-07-13T08:51:21Z</time>
      </trkpt>
      <trkpt lat="33.113400000000006" lon="35.55642">
        <ele>375</ele>
        <time>2026-07-13T08:51:22Z</time>
      </trkpt>
      <trkpt lat="33.113310000000006" lon="35.5565">
        <ele>375</ele>
        <time>2026-07-13T08:51:23Z</time>
      </trkpt>
      <trkpt lat="33.11307" lon="35.55655">
        <ele>373</ele>
        <time>2026-07-13T08:51:24Z</time>
      </trkpt>
      <trkpt lat="33.11307" lon="35.55666">
        <ele>373</ele>
        <time>2026-07-13T08:51:25Z</time>
      </trkpt>
      <trkpt lat="33.11309" lon="35.55677">
        <ele>373</ele>
        <time>2026-07-13T08:51:26Z</time>
      </trkpt>
      <trkpt lat="33.11305" lon="35.55686">
        <ele>373</ele>
        <time>2026-07-13T08:51:27Z</time>
      </trkpt>
      <trkpt lat="33.112970000000004" lon="35.556920000000005">
        <ele>373</ele>
        <time>2026-07-13T08:51:28Z</time>
      </trkpt>
      <trkpt lat="33.11287" lon="35.556900000000006">
        <ele>365.8184981049445</ele>
        <time>2026-07-13T08:51:29Z</time>
      </trkpt>
      <trkpt lat="33.11287" lon="35.556900000000006">
        <ele>365.8184981049445</ele>
        <time>2026-07-13T08:51:30Z</time>
      </trkpt>
      <trkpt lat="33.11287" lon="35.556900000000006">
        <ele>373</ele>
        <time>2026-07-13T08:51:31Z</time>
      </trkpt>
      <trkpt lat="33.1128" lon="35.55691">
        <ele>373</ele>
        <time>2026-07-13T08:51:32Z</time>
      </trkpt>
      <trkpt lat="33.11263" lon="35.55687">
        <ele>373</ele>
        <time>2026-07-13T08:51:33Z</time>
      </trkpt>
      <trkpt lat="33.11244" lon="35.55686">
        <ele>373</ele>
        <time>2026-07-13T08:51:34Z</time>
      </trkpt>
      <trkpt lat="33.11225" lon="35.55689">
        <ele>383</ele>
        <time>2026-07-13T08:51:35Z</time>
      </trkpt>
      <trkpt lat="33.112170000000006" lon="35.55686">
        <ele>383</ele>
        <time>2026-07-13T08:51:36Z</time>
      </trkpt>
      <trkpt lat="33.112080000000006" lon="35.55687">
        <ele>383</ele>
        <time>2026-07-13T08:51:37Z</time>
      </trkpt>
      <trkpt lat="33.11189" lon="35.55693">
        <ele>383</ele>
        <time>2026-07-13T08:51:38Z</time>
      </trkpt>
      <trkpt lat="33.11182" lon="35.55698">
        <ele>383</ele>
        <time>2026-07-13T08:51:39Z</time>
      </trkpt>
      <trkpt lat="33.111720000000005" lon="35.557">
        <ele>375.78873926366145</ele>
        <time>2026-07-13T08:51:40Z</time>
      </trkpt>
      <trkpt lat="33.111720000000005" lon="35.557">
        <ele>375.78873926366145</ele>
        <time>2026-07-13T08:51:41Z</time>
      </trkpt>
      <trkpt lat="33.111720000000005" lon="35.557">
        <ele>383</ele>
        <time>2026-07-13T08:51:42Z</time>
      </trkpt>
      <trkpt lat="33.11162" lon="35.55697">
        <ele>383</ele>
        <time>2026-07-13T08:51:43Z</time>
      </trkpt>
      <trkpt lat="33.111340000000006" lon="35.55697">
        <ele>394</ele>
        <time>2026-07-13T08:51:44Z</time>
      </trkpt>
      <trkpt lat="33.11126" lon="35.556940000000004">
        <ele>394</ele>
        <time>2026-07-13T08:51:45Z</time>
      </trkpt>
      <trkpt lat="33.11119" lon="35.55698">
        <ele>394</ele>
        <time>2026-07-13T08:51:46Z</time>
      </trkpt>
      <trkpt lat="33.11099" lon="35.55697">
        <ele>394</ele>
        <time>2026-07-13T08:51:47Z</time>
      </trkpt>
      <trkpt lat="33.11083" lon="35.556990000000006">
        <ele>394</ele>
        <time>2026-07-13T08:51:48Z</time>
      </trkpt>
      <trkpt lat="33.110730000000004" lon="35.556960000000004">
        <ele>403</ele>
        <time>2026-07-13T08:51:49Z</time>
      </trkpt>
      <trkpt lat="33.11063" lon="35.556960000000004">
        <ele>403</ele>
        <time>2026-07-13T08:51:50Z</time>
      </trkpt>
      <trkpt lat="33.11034" lon="35.55698">
        <ele>396.4194764838321</ele>
        <time>2026-07-13T08:51:51Z</time>
      </trkpt>
      <trkpt lat="33.11034" lon="35.55698">
        <ele>396.4194764838321</ele>
        <time>2026-07-13T08:51:52Z</time>
      </trkpt>
      <trkpt lat="33.11034" lon="35.55698">
        <ele>403</ele>
        <time>2026-07-13T08:51:53Z</time>
      </trkpt>
      <trkpt lat="33.11025" lon="35.557010000000005">
        <ele>403</ele>
        <time>2026-07-13T08:51:54Z</time>
      </trkpt>
      <trkpt lat="33.11016" lon="35.557080000000006">
        <ele>390</ele>
        <time>2026-07-13T08:51:55Z</time>
      </trkpt>
      <trkpt lat="33.11003" lon="35.55726">
        <ele>390</ele>
        <time>2026-07-13T08:51:56Z</time>
      </trkpt>
      <trkpt lat="33.10987" lon="35.55742">
        <ele>402</ele>
        <time>2026-07-13T08:51:57Z</time>
      </trkpt>
      <trkpt lat="33.109770000000005" lon="35.557430000000004">
        <ele>402</ele>
        <time>2026-07-13T08:51:58Z</time>
      </trkpt>
      <trkpt lat="33.109500000000004" lon="35.55772">
        <ele>402</ele>
        <time>2026-07-13T08:51:59Z</time>
      </trkpt>
      <trkpt lat="33.10942" lon="35.55771">
        <ele>402</ele>
        <time>2026-07-13T08:52:00Z</time>
      </trkpt>
      <trkpt lat="33.109230000000004" lon="35.55774">
        <ele>402</ele>
        <time>2026-07-13T08:52:01Z</time>
      </trkpt>
      <trkpt lat="33.10897" lon="35.55783">
        <ele>396.0942026723642</ele>
        <time>2026-07-13T08:52:02Z</time>
      </trkpt>
      <trkpt lat="33.10897" lon="35.55783">
        <ele>396.0942026723642</ele>
        <time>2026-07-13T08:52:03Z</time>
      </trkpt>
      <trkpt lat="33.10897" lon="35.55783">
        <ele>408</ele>
        <time>2026-07-13T08:52:04Z</time>
      </trkpt>
      <trkpt lat="33.10862" lon="35.557900000000004">
        <ele>384</ele>
        <time>2026-07-13T08:52:05Z</time>
      </trkpt>
      <trkpt lat="33.10853" lon="35.557950000000005">
        <ele>384</ele>
        <time>2026-07-13T08:52:06Z</time>
      </trkpt>
      <trkpt lat="33.10837" lon="35.55798">
        <ele>384</ele>
        <time>2026-07-13T08:52:07Z</time>
      </trkpt>
      <trkpt lat="33.10821" lon="35.55807">
        <ele>386</ele>
        <time>2026-07-13T08:52:08Z</time>
      </trkpt>
      <trkpt lat="33.108050000000006" lon="35.5582">
        <ele>386</ele>
        <time>2026-07-13T08:52:09Z</time>
      </trkpt>
      <trkpt lat="33.107960000000006" lon="35.5582">
        <ele>386</ele>
        <time>2026-07-13T08:52:10Z</time>
      </trkpt>
      <trkpt lat="33.10788" lon="35.55816">
        <ele>386</ele>
        <time>2026-07-13T08:52:11Z</time>
      </trkpt>
      <trkpt lat="33.107710000000004" lon="35.55818">
        <ele>386</ele>
        <time>2026-07-13T08:52:12Z</time>
      </trkpt>
      <trkpt lat="33.10768" lon="35.55812">
        <ele>390.94418958894676</ele>
        <time>2026-07-13T08:52:13Z</time>
      </trkpt>
      <trkpt lat="33.10768" lon="35.55812">
        <ele>390.94418958894676</ele>
        <time>2026-07-13T08:52:14Z</time>
      </trkpt>
      <trkpt lat="33.10768" lon="35.55812">
        <ele>386</ele>
        <time>2026-07-13T08:52:15Z</time>
      </trkpt>
      <trkpt lat="33.10761" lon="35.558080000000004">
        <ele>386</ele>
        <time>2026-07-13T08:52:16Z</time>
      </trkpt>
      <trkpt lat="33.10752" lon="35.558110000000006">
        <ele>386</ele>
        <time>2026-07-13T08:52:17Z</time>
      </trkpt>
      <trkpt lat="33.107490000000006" lon="35.558150000000005">
        <ele>386</ele>
        <time>2026-07-13T08:52:18Z</time>
      </trkpt>
      <trkpt lat="33.107400000000005" lon="35.55812">
        <ele>393</ele>
        <time>2026-07-13T08:52:19Z</time>
      </trkpt>
      <trkpt lat="33.10721" lon="35.55812">
        <ele>393</ele>
        <time>2026-07-13T08:52:20Z</time>
      </trkpt>
      <trkpt lat="33.107040000000005" lon="35.558170000000004">
        <ele>393</ele>
        <time>2026-07-13T08:52:21Z</time>
      </trkpt>
      <trkpt lat="33.10683" lon="35.558130000000006">
        <ele>393</ele>
        <time>2026-07-13T08:52:22Z</time>
      </trkpt>
      <trkpt lat="33.10674" lon="35.55807">
        <ele>393</ele>
        <time>2026-07-13T08:52:23Z</time>
      </trkpt>
      <trkpt lat="33.10652" lon="35.55809">
        <ele>395.4385198178934</ele>
        <time>2026-07-13T08:52:24Z</time>
      </trkpt>
      <trkpt lat="33.10652" lon="35.55809">
        <ele>395.4385198178934</ele>
        <time>2026-07-13T08:52:25Z</time>
      </trkpt>
      <trkpt lat="33.10652" lon="35.55809">
        <ele>384</ele>
        <time>2026-07-13T08:52:26Z</time>
      </trkpt>
      <trkpt lat="33.10616" lon="35.558240000000005">
        <ele>384</ele>
        <time>2026-07-13T08:52:27Z</time>
      </trkpt>
      <trkpt lat="33.10616" lon="35.558240000000005">
        <ele>384</ele>
        <time>2026-07-13T08:52:28Z</time>
      </trkpt>
      <trkpt lat="33.105990000000006" lon="35.55834">
        <ele>384</ele>
        <time>2026-07-13T08:52:29Z</time>
      </trkpt>
      <trkpt lat="33.105920000000005" lon="35.55828">
        <ele>384</ele>
        <time>2026-07-13T08:52:30Z</time>
      </trkpt>
      <trkpt lat="33.10584" lon="35.55825">
        <ele>384</ele>
        <time>2026-07-13T08:52:31Z</time>
      </trkpt>
      <trkpt lat="33.105740000000004" lon="35.55823">
        <ele>384</ele>
        <time>2026-07-13T08:52:32Z</time>
      </trkpt>
      <trkpt lat="33.105650000000004" lon="35.55825">
        <ele>384</ele>
        <time>2026-07-13T08:52:33Z</time>
      </trkpt>
      <trkpt lat="33.10548" lon="35.55834">
        <ele>384</ele>
        <time>2026-07-13T08:52:34Z</time>
      </trkpt>
      <trkpt lat="33.10519" lon="35.55841">
        <ele>378.0499857315207</ele>
        <time>2026-07-13T08:52:35Z</time>
      </trkpt>
      <extensions>
        <RoutingType xmlns="">Hike</RoutingType>
      </extensions>
    </trkseg>
    <trkseg>
      <trkpt lat="33.10519" lon="35.55841">
        <ele>378.0499857315207</ele>
        <time>2026-07-13T08:52:35Z</time>
      </trkpt>
      <trkpt lat="33.10519" lon="35.55841">
        <ele>378.0499857315207</ele>
        <time>2026-07-13T08:52:36Z</time>
      </trkpt>
      <trkpt lat="33.10519" lon="35.55841">
        <ele>384</ele>
        <time>2026-07-13T08:52:37Z</time>
      </trkpt>
      <trkpt lat="33.10503" lon="35.55852">
        <ele>384</ele>
        <time>2026-07-13T08:52:38Z</time>
      </trkpt>
      <trkpt lat="33.10495" lon="35.55856">
        <ele>384</ele>
        <time>2026-07-13T08:52:39Z</time>
      </trkpt>
      <trkpt lat="33.104850000000006" lon="35.558580000000006">
        <ele>384</ele>
        <time>2026-07-13T08:52:40Z</time>
      </trkpt>
      <trkpt lat="33.10466" lon="35.55865">
        <ele>384</ele>
        <time>2026-07-13T08:52:41Z</time>
      </trkpt>
      <trkpt lat="33.1045" lon="35.55875">
        <ele>359</ele>
        <time>2026-07-13T08:52:42Z</time>
      </trkpt>
      <trkpt lat="33.10432" lon="35.55875">
        <ele>359</ele>
        <time>2026-07-13T08:52:43Z</time>
      </trkpt>
      <trkpt lat="33.104040000000005" lon="35.55865">
        <ele>367</ele>
        <time>2026-07-13T08:52:44Z</time>
      </trkpt>
      <trkpt lat="33.103680000000004" lon="35.558460000000004">
        <ele>367</ele>
        <time>2026-07-13T08:52:45Z</time>
      </trkpt>
      <trkpt lat="33.1036" lon="35.55839">
        <ele>369.96802950015444</ele>
        <time>2026-07-13T08:52:46Z</time>
      </trkpt>
      <trkpt lat="33.1036" lon="35.55839">
        <ele>369.96802950015444</ele>
        <time>2026-07-13T08:52:47Z</time>
      </trkpt>
      <trkpt lat="33.1036" lon="35.55839">
        <ele>367</ele>
        <time>2026-07-13T08:52:48Z</time>
      </trkpt>
      <trkpt lat="33.10318" lon="35.5582">
        <ele>360</ele>
        <time>2026-07-13T08:52:49Z</time>
      </trkpt>
      <trkpt lat="33.103120000000004" lon="35.55812">
        <ele>360</ele>
        <time>2026-07-13T08:52:50Z</time>
      </trkpt>
      <trkpt lat="33.102940000000004" lon="35.55807">
        <ele>360</ele>
        <time>2026-07-13T08:52:51Z</time>
      </trkpt>
      <trkpt lat="33.102500000000006" lon="35.558060000000005">
        <ele>360</ele>
        <time>2026-07-13T08:52:52Z</time>
      </trkpt>
      <trkpt lat="33.102410000000006" lon="35.55805">
        <ele>354</ele>
        <time>2026-07-13T08:52:53Z</time>
      </trkpt>
      <trkpt lat="33.102230000000006" lon="35.55807">
        <ele>354</ele>
        <time>2026-07-13T08:52:54Z</time>
      </trkpt>
      <trkpt lat="33.10213" lon="35.55805">
        <ele>354</ele>
        <time>2026-07-13T08:52:55Z</time>
      </trkpt>
      <trkpt lat="33.10163" lon="35.557880000000004">
        <ele>354</ele>
        <time>2026-07-13T08:52:56Z</time>
      </trkpt>
      <trkpt lat="33.101470000000006" lon="35.557790000000004">
        <ele>370.3074496007757</ele>
        <time>2026-07-13T08:52:57Z</time>
      </trkpt>
      <trkpt lat="33.101470000000006" lon="35.557790000000004">
        <ele>370.3074496007757</ele>
        <time>2026-07-13T08:52:58Z</time>
      </trkpt>
      <trkpt lat="33.101470000000006" lon="35.557790000000004">
        <ele>381</ele>
        <time>2026-07-13T08:52:59Z</time>
      </trkpt>
      <trkpt lat="33.10128" lon="35.557770000000005">
        <ele>381</ele>
        <time>2026-07-13T08:53:00Z</time>
      </trkpt>
      <trkpt lat="33.10119" lon="35.55778">
        <ele>381</ele>
        <time>2026-07-13T08:53:01Z</time>
      </trkpt>
      <trkpt lat="33.101000000000006" lon="35.55773">
        <ele>381</ele>
        <time>2026-07-13T08:53:02Z</time>
      </trkpt>
      <trkpt lat="33.1009" lon="35.55774">
        <ele>381</ele>
        <time>2026-07-13T08:53:03Z</time>
      </trkpt>
      <trkpt lat="33.10081" lon="35.557770000000005">
        <ele>381</ele>
        <time>2026-07-13T08:53:04Z</time>
      </trkpt>
      <trkpt lat="33.100350000000006" lon="35.55771">
        <ele>374</ele>
        <time>2026-07-13T08:53:05Z</time>
      </trkpt>
      <trkpt lat="33.10023" lon="35.557660000000006">
        <ele>374</ele>
        <time>2026-07-13T08:53:06Z</time>
      </trkpt>
      <trkpt lat="33.10023" lon="35.557660000000006">
        <ele>374</ele>
        <time>2026-07-13T08:53:07Z</time>
      </trkpt>
      <trkpt lat="33.100010000000005" lon="35.5576">
        <ele>370.5728174224496</ele>
        <time>2026-07-13T08:53:08Z</time>
      </trkpt>
      <trkpt lat="33.100010000000005" lon="35.5576">
        <ele>370.5728174224496</ele>
        <time>2026-07-13T08:53:09Z</time>
      </trkpt>
      <trkpt lat="33.100010000000005" lon="35.5576">
        <ele>374</ele>
        <time>2026-07-13T08:53:10Z</time>
      </trkpt>
      <trkpt lat="33.099830000000004" lon="35.557570000000005">
        <ele>377</ele>
        <time>2026-07-13T08:53:11Z</time>
      </trkpt>
      <trkpt lat="33.09975" lon="35.55753">
        <ele>377</ele>
        <time>2026-07-13T08:53:12Z</time>
      </trkpt>
      <trkpt lat="33.099650000000004" lon="35.55751">
        <ele>377</ele>
        <time>2026-07-13T08:53:13Z</time>
      </trkpt>
      <trkpt lat="33.099450000000004" lon="35.55754">
        <ele>377</ele>
        <time>2026-07-13T08:53:14Z</time>
      </trkpt>
      <trkpt lat="33.09931" lon="35.55747">
        <ele>377</ele>
        <time>2026-07-13T08:53:15Z</time>
      </trkpt>
      <trkpt lat="33.09913" lon="35.55744">
        <ele>377</ele>
        <time>2026-07-13T08:53:16Z</time>
      </trkpt>
      <trkpt lat="33.098980000000005" lon="35.557500000000005">
        <ele>387</ele>
        <time>2026-07-13T08:53:17Z</time>
      </trkpt>
      <trkpt lat="33.098890000000004" lon="35.55749">
        <ele>387</ele>
        <time>2026-07-13T08:53:18Z</time>
      </trkpt>
      <trkpt lat="33.098800000000004" lon="35.557520000000004">
        <ele>378.65323165478185</ele>
        <time>2026-07-13T08:53:19Z</time>
      </trkpt>
      <trkpt lat="33.098800000000004" lon="35.557520000000004">
        <ele>378.65323165478185</ele>
        <time>2026-07-13T08:53:20Z</time>
      </trkpt>
      <trkpt lat="33.098800000000004" lon="35.557520000000004">
        <ele>387</ele>
        <time>2026-07-13T08:53:21Z</time>
      </trkpt>
      <trkpt lat="33.09863" lon="35.557610000000004">
        <ele>387</ele>
        <time>2026-07-13T08:53:22Z</time>
      </trkpt>
      <trkpt lat="33.098220000000005" lon="35.557660000000006">
        <ele>381</ele>
        <time>2026-07-13T08:53:23Z</time>
      </trkpt>
      <trkpt lat="33.098130000000005" lon="35.557640000000006">
        <ele>381</ele>
        <time>2026-07-13T08:53:24Z</time>
      </trkpt>
      <trkpt lat="33.09794" lon="35.55767">
        <ele>381</ele>
        <time>2026-07-13T08:53:25Z</time>
      </trkpt>
      <trkpt lat="33.09785" lon="35.55765">
        <ele>381</ele>
        <time>2026-07-13T08:53:26Z</time>
      </trkpt>
      <trkpt lat="33.0976" lon="35.557550000000006">
        <ele>381</ele>
        <time>2026-07-13T08:53:27Z</time>
      </trkpt>
      <trkpt lat="33.097370000000005" lon="35.55736">
        <ele>360</ele>
        <time>2026-07-13T08:53:28Z</time>
      </trkpt>
      <trkpt lat="33.097010000000004" lon="35.55687">
        <ele>382</ele>
        <time>2026-07-13T08:53:29Z</time>
      </trkpt>
      <trkpt lat="33.096940000000004" lon="35.55679">
        <ele>384.1979119599564</ele>
        <time>2026-07-13T08:53:30Z</time>
      </trkpt>
      <trkpt lat="33.096940000000004" lon="35.55679">
        <ele>384.1979119599564</ele>
        <time>2026-07-13T08:53:31Z</time>
      </trkpt>
      <trkpt lat="33.096940000000004" lon="35.55679">
        <ele>382</ele>
        <time>2026-07-13T08:53:32Z</time>
      </trkpt>
      <trkpt lat="33.09689" lon="35.556700000000006">
        <ele>382</ele>
        <time>2026-07-13T08:53:33Z</time>
      </trkpt>
      <trkpt lat="33.096830000000004" lon="35.55662">
        <ele>382</ele>
        <time>2026-07-13T08:53:34Z</time>
      </trkpt>
      <trkpt lat="33.096740000000004" lon="35.556560000000005">
        <ele>382</ele>
        <time>2026-07-13T08:53:35Z</time>
      </trkpt>
      <trkpt lat="33.09667" lon="35.556470000000004">
        <ele>382</ele>
        <time>2026-07-13T08:53:36Z</time>
      </trkpt>
      <trkpt lat="33.096250000000005" lon="35.555980000000005">
        <ele>384</ele>
        <time>2026-07-13T08:53:37Z</time>
      </trkpt>
      <trkpt lat="33.096140000000005" lon="35.55579">
        <ele>384</ele>
        <time>2026-07-13T08:53:38Z</time>
      </trkpt>
      <trkpt lat="33.09588" lon="35.55547">
        <ele>384</ele>
        <time>2026-07-13T08:53:39Z</time>
      </trkpt>
      <trkpt lat="33.09583" lon="35.55537">
        <ele>384</ele>
        <time>2026-07-13T08:53:40Z</time>
      </trkpt>
      <trkpt lat="33.095800000000004" lon="35.555260000000004">
        <ele>394.47201916001376</ele>
        <time>2026-07-13T08:53:41Z</time>
      </trkpt>
      <trkpt lat="33.095800000000004" lon="35.555260000000004">
        <ele>394.47201916001376</ele>
        <time>2026-07-13T08:53:42Z</time>
      </trkpt>
      <trkpt lat="33.095800000000004" lon="35.555260000000004">
        <ele>402</ele>
        <time>2026-07-13T08:53:43Z</time>
      </trkpt>
      <trkpt lat="33.09568" lon="35.55507">
        <ele>384</ele>
        <time>2026-07-13T08:53:44Z</time>
      </trkpt>
      <trkpt lat="33.095470000000006" lon="35.55485">
        <ele>384</ele>
        <time>2026-07-13T08:53:45Z</time>
      </trkpt>
      <trkpt lat="33.09535" lon="35.55469">
        <ele>384</ele>
        <time>2026-07-13T08:53:46Z</time>
      </trkpt>
      <trkpt lat="33.09527" lon="35.55462">
        <ele>384</ele>
        <time>2026-07-13T08:53:47Z</time>
      </trkpt>
      <trkpt lat="33.094770000000004" lon="35.554320000000004">
        <ele>394</ele>
        <time>2026-07-13T08:53:48Z</time>
      </trkpt>
      <trkpt lat="33.0946" lon="35.554230000000004">
        <ele>394</ele>
        <time>2026-07-13T08:53:49Z</time>
      </trkpt>
      <trkpt lat="33.09441" lon="35.554170000000006">
        <ele>394</ele>
        <time>2026-07-13T08:53:50Z</time>
      </trkpt>
      <trkpt lat="33.09431" lon="35.554170000000006">
        <ele>394</ele>
        <time>2026-07-13T08:53:51Z</time>
      </trkpt>
      <trkpt lat="33.09416" lon="35.55425">
        <ele>387.7096516861859</ele>
        <time>2026-07-13T08:53:52Z</time>
      </trkpt>
      <trkpt lat="33.09416" lon="35.55425">
        <ele>387.7096516861859</ele>
        <time>2026-07-13T08:53:53Z</time>
      </trkpt>
      <trkpt lat="33.09416" lon="35.55425">
        <ele>402</ele>
        <time>2026-07-13T08:53:54Z</time>
      </trkpt>
      <trkpt lat="33.09416" lon="35.55425">
        <ele>402</ele>
        <time>2026-07-13T08:53:55Z</time>
      </trkpt>
      <trkpt lat="33.093970000000006" lon="35.55435">
        <ele>410</ele>
        <time>2026-07-13T08:53:56Z</time>
      </trkpt>
      <trkpt lat="33.093790000000006" lon="35.554410000000004">
        <ele>410</ele>
        <time>2026-07-13T08:53:57Z</time>
      </trkpt>
      <trkpt lat="33.093630000000005" lon="35.554500000000004">
        <ele>410</ele>
        <time>2026-07-13T08:53:58Z</time>
      </trkpt>
      <trkpt lat="33.093540000000004" lon="35.554520000000004">
        <ele>410</ele>
        <time>2026-07-13T08:53:59Z</time>
      </trkpt>
      <trkpt lat="33.09329" lon="35.554700000000004">
        <ele>412</ele>
        <time>2026-07-13T08:54:00Z</time>
      </trkpt>
      <trkpt lat="33.093210000000006" lon="35.554680000000005">
        <ele>423</ele>
        <time>2026-07-13T08:54:01Z</time>
      </trkpt>
      <trkpt lat="33.093050000000005" lon="35.554770000000005">
        <ele>423</ele>
        <time>2026-07-13T08:54:02Z</time>
      </trkpt>
      <trkpt lat="33.09286" lon="35.55481">
        <ele>416.9016765838362</ele>
        <time>2026-07-13T08:54:03Z</time>
      </trkpt>
      <trkpt lat="33.09286" lon="35.55481">
        <ele>416.9016765838362</ele>
        <time>2026-07-13T08:54:04Z</time>
      </trkpt>
      <trkpt lat="33.09286" lon="35.55481">
        <ele>423</ele>
        <time>2026-07-13T08:54:05Z</time>
      </trkpt>
      <trkpt lat="33.09282" lon="35.5548">
        <ele>423</ele>
        <time>2026-07-13T08:54:06Z</time>
      </trkpt>
      <trkpt lat="33.092490000000005" lon="35.55514">
        <ele>423</ele>
        <time>2026-07-13T08:54:07Z</time>
      </trkpt>
      <trkpt lat="33.092470000000006" lon="35.55525">
        <ele>423</ele>
        <time>2026-07-13T08:54:08Z</time>
      </trkpt>
      <trkpt lat="33.09236" lon="35.55543">
        <ele>431</ele>
        <time>2026-07-13T08:54:09Z</time>
      </trkpt>
      <trkpt lat="33.092240000000004" lon="35.55572">
        <ele>431</ele>
        <time>2026-07-13T08:54:10Z</time>
      </trkpt>
      <trkpt lat="33.092240000000004" lon="35.55583">
        <ele>431</ele>
        <time>2026-07-13T08:54:11Z</time>
      </trkpt>
      <trkpt lat="33.09221" lon="35.55594">
        <ele>431</ele>
        <time>2026-07-13T08:54:12Z</time>
      </trkpt>
      <trkpt lat="33.09216" lon="35.55603">
        <ele>431</ele>
        <time>2026-07-13T08:54:13Z</time>
      </trkpt>
      <trkpt lat="33.092150000000004" lon="35.556140000000006">
        <ele>428.6978951083904</ele>
        <time>2026-07-13T08:54:14Z</time>
      </trkpt>
      <trkpt lat="33.092150000000004" lon="35.556140000000006">
        <ele>428.6978951083904</ele>
        <time>2026-07-13T08:54:15Z</time>
      </trkpt>
      <trkpt lat="33.092150000000004" lon="35.556140000000006">
        <ele>431</ele>
        <time>2026-07-13T08:54:16Z</time>
      </trkpt>
      <trkpt lat="33.091930000000005" lon="35.556490000000004">
        <ele>432</ele>
        <time>2026-07-13T08:54:17Z</time>
      </trkpt>
      <trkpt lat="33.091930000000005" lon="35.55662">
        <ele>432</ele>
        <time>2026-07-13T08:54:18Z</time>
      </trkpt>
      <trkpt lat="33.09196" lon="35.556830000000005">
        <ele>432</ele>
        <time>2026-07-13T08:54:19Z</time>
      </trkpt>
      <trkpt lat="33.09194" lon="35.557140000000004">
        <ele>432</ele>
        <time>2026-07-13T08:54:20Z</time>
      </trkpt>
      <trkpt lat="33.09194" lon="35.557140000000004">
        <ele>432</ele>
        <time>2026-07-13T08:54:21Z</time>
      </trkpt>
      <trkpt lat="33.09188" lon="35.55763">
        <ele>432</ele>
        <time>2026-07-13T08:54:22Z</time>
      </trkpt>
      <trkpt lat="33.091820000000006" lon="35.55785">
        <ele>432</ele>
        <time>2026-07-13T08:54:23Z</time>
      </trkpt>
      <extensions>
        <RoutingType xmlns="">Hike</RoutingType>
      </extensions>
    </trkseg>
    <trkseg>
      <trkpt lat="33.091820000000006" lon="35.55785">
        <ele>432</ele>
        <time>2026-07-13T08:54:23Z</time>
      </trkpt>
      <trkpt lat="33.091820000000006" lon="35.557970000000005">
        <ele>433</ele>
        <time>2026-07-13T08:54:24Z</time>
      </trkpt>
      <trkpt lat="33.09187" lon="35.55807">
        <ele>432.4725182102411</ele>
        <time>2026-07-13T08:54:25Z</time>
      </trkpt>
      <trkpt lat="33.09187" lon="35.55807">
        <ele>432.4725182102411</ele>
        <time>2026-07-13T08:54:26Z</time>
      </trkpt>
      <trkpt lat="33.09187" lon="35.55807">
        <ele>433</ele>
        <time>2026-07-13T08:54:27Z</time>
      </trkpt>
      <trkpt lat="33.092110000000005" lon="35.55828">
        <ele>433</ele>
        <time>2026-07-13T08:54:28Z</time>
      </trkpt>
      <trkpt lat="33.09236" lon="35.55845">
        <ele>433</ele>
        <time>2026-07-13T08:54:29Z</time>
      </trkpt>
      <trkpt lat="33.09277" lon="35.558690000000006">
        <ele>431</ele>
        <time>2026-07-13T08:54:30Z</time>
      </trkpt>
      <trkpt lat="33.0931" lon="35.558910000000004">
        <ele>429</ele>
        <time>2026-07-13T08:54:31Z</time>
      </trkpt>
      <trkpt lat="33.09324" lon="35.559070000000006">
        <ele>429</ele>
        <time>2026-07-13T08:54:32Z</time>
      </trkpt>
      <trkpt lat="33.093320000000006" lon="35.55926">
        <ele>424</ele>
        <time>2026-07-13T08:54:33Z</time>
      </trkpt>
      <trkpt lat="33.09338" lon="35.559490000000004">
        <ele>424.5</ele>
        <time>2026-07-13T08:54:34Z</time>
      </trkpt>
      <trkpt lat="33.09338" lon="35.559490000000004">
        <ele>424.5</ele>
        <time>2026-07-13T08:54:35Z</time>
      </trkpt>
      <trkpt lat="33.0934" lon="35.559580000000004">
        <ele>421.3225723479991</ele>
        <time>2026-07-13T08:54:36Z</time>
      </trkpt>
      <trkpt lat="33.0934" lon="35.559580000000004">
        <ele>421.3225723479991</ele>
        <time>2026-07-13T08:54:37Z</time>
      </trkpt>
      <trkpt lat="33.0934" lon="35.559580000000004">
        <ele>425</ele>
        <time>2026-07-13T08:54:38Z</time>
      </trkpt>
      <trkpt lat="33.09342" lon="35.559810000000006">
        <ele>425</ele>
        <time>2026-07-13T08:54:39Z</time>
      </trkpt>
      <trkpt lat="33.0934" lon="35.560570000000006">
        <ele>426</ele>
        <time>2026-07-13T08:54:40Z</time>
      </trkpt>
      <trkpt lat="33.0934" lon="35.561370000000004">
        <ele>428</ele>
        <time>2026-07-13T08:54:41Z</time>
      </trkpt>
      <trkpt lat="33.09337" lon="35.5617">
        <ele>428</ele>
        <time>2026-07-13T08:54:42Z</time>
      </trkpt>
      <trkpt lat="33.093340000000005" lon="35.56181">
        <ele>428</ele>
        <time>2026-07-13T08:54:43Z</time>
      </trkpt>
      <trkpt lat="33.0933" lon="35.56188">
        <ele>428</ele>
        <time>2026-07-13T08:54:44Z</time>
      </trkpt>
      <trkpt lat="33.0933" lon="35.56188">
        <ele>428</ele>
        <time>2026-07-13T08:54:45Z</time>
      </trkpt>
      <trkpt lat="33.09322" lon="35.56199">
        <ele>436</ele>
        <time>2026-07-13T08:54:46Z</time>
      </trkpt>
      <trkpt lat="33.09306" lon="35.5621">
        <ele>430.7348515722394</ele>
        <time>2026-07-13T08:54:47Z</time>
      </trkpt>
      <trkpt lat="33.09306" lon="35.5621">
        <ele>430.7348515722394</ele>
        <time>2026-07-13T08:54:48Z</time>
      </trkpt>
      <trkpt lat="33.09306" lon="35.5621">
        <ele>448</ele>
        <time>2026-07-13T08:54:49Z</time>
      </trkpt>
      <trkpt lat="33.09288" lon="35.56213">
        <ele>448</ele>
        <time>2026-07-13T08:54:50Z</time>
      </trkpt>
      <trkpt lat="33.09272" lon="35.56223">
        <ele>448</ele>
        <time>2026-07-13T08:54:51Z</time>
      </trkpt>
      <trkpt lat="33.092650000000006" lon="35.562310000000004">
        <ele>448</ele>
        <time>2026-07-13T08:54:52Z</time>
      </trkpt>
      <trkpt lat="33.092560000000006" lon="35.562360000000005">
        <ele>448</ele>
        <time>2026-07-13T08:54:53Z</time>
      </trkpt>
      <trkpt lat="33.09254" lon="35.56242">
        <ele>448</ele>
        <time>2026-07-13T08:54:54Z</time>
      </trkpt>
      <trkpt lat="33.092150000000004" lon="35.562360000000005">
        <ele>472</ele>
        <time>2026-07-13T08:54:55Z</time>
      </trkpt>
      <trkpt lat="33.092040000000004" lon="35.562400000000004">
        <ele>472</ele>
        <time>2026-07-13T08:54:56Z</time>
      </trkpt>
      <trkpt lat="33.09201" lon="35.562450000000005">
        <ele>472</ele>
        <time>2026-07-13T08:54:57Z</time>
      </trkpt>
      <trkpt lat="33.092020000000005" lon="35.5625">
        <ele>463.19912806593857</ele>
        <time>2026-07-13T08:54:58Z</time>
      </trkpt>
      <trkpt lat="33.092020000000005" lon="35.5625">
        <ele>463.19912806593857</ele>
        <time>2026-07-13T08:54:59Z</time>
      </trkpt>
      <trkpt lat="33.092020000000005" lon="35.5625">
        <ele>472</ele>
        <time>2026-07-13T08:55:00Z</time>
      </trkpt>
      <trkpt lat="33.09197" lon="35.56255">
        <ele>472</ele>
        <time>2026-07-13T08:55:01Z</time>
      </trkpt>
      <trkpt lat="33.09197" lon="35.56269">
        <ele>472</ele>
        <time>2026-07-13T08:55:02Z</time>
      </trkpt>
      <trkpt lat="33.09199" lon="35.5628">
        <ele>472</ele>
        <time>2026-07-13T08:55:03Z</time>
      </trkpt>
      <trkpt lat="33.09199" lon="35.5628">
        <ele>472</ele>
        <time>2026-07-13T08:55:04Z</time>
      </trkpt>
      <trkpt lat="33.09196" lon="35.562830000000005">
        <ele>472</ele>
        <time>2026-07-13T08:55:05Z</time>
      </trkpt>
      <trkpt lat="33.09188" lon="35.562780000000004">
        <ele>472</ele>
        <time>2026-07-13T08:55:06Z</time>
      </trkpt>
      <trkpt lat="33.091730000000005" lon="35.56261">
        <ele>472</ele>
        <time>2026-07-13T08:55:07Z</time>
      </trkpt>
      <trkpt lat="33.0917" lon="35.56261">
        <ele>472</ele>
        <time>2026-07-13T08:55:08Z</time>
      </trkpt>
      <trkpt lat="33.091640000000005" lon="35.56266">
        <ele>480.8518308472121</ele>
        <time>2026-07-13T08:55:09Z</time>
      </trkpt>
      <trkpt lat="33.091640000000005" lon="35.56266">
        <ele>480.8518308472121</ele>
        <time>2026-07-13T08:55:10Z</time>
      </trkpt>
      <trkpt lat="33.091640000000005" lon="35.56266">
        <ele>472</ele>
        <time>2026-07-13T08:55:11Z</time>
      </trkpt>
      <trkpt lat="33.091570000000004" lon="35.562630000000006">
        <ele>495</ele>
        <time>2026-07-13T08:55:12Z</time>
      </trkpt>
      <trkpt lat="33.09141" lon="35.56262">
        <ele>495</ele>
        <time>2026-07-13T08:55:13Z</time>
      </trkpt>
      <trkpt lat="33.091350000000006" lon="35.562650000000005">
        <ele>495</ele>
        <time>2026-07-13T08:55:14Z</time>
      </trkpt>
      <trkpt lat="33.09134" lon="35.56273">
        <ele>495</ele>
        <time>2026-07-13T08:55:15Z</time>
      </trkpt>
      <trkpt lat="33.09134" lon="35.56295">
        <ele>496</ele>
        <time>2026-07-13T08:55:16Z</time>
      </trkpt>
      <trkpt lat="33.09132" lon="35.563050000000004">
        <ele>496</ele>
        <time>2026-07-13T08:55:17Z</time>
      </trkpt>
      <trkpt lat="33.09132" lon="35.563050000000004">
        <ele>496</ele>
        <time>2026-07-13T08:55:18Z</time>
      </trkpt>
      <trkpt lat="33.09118" lon="35.56317">
        <ele>496</ele>
        <time>2026-07-13T08:55:19Z</time>
      </trkpt>
      <trkpt lat="33.091100000000004" lon="35.56318">
        <ele>496.7347298053886</ele>
        <time>2026-07-13T08:55:20Z</time>
      </trkpt>
      <trkpt lat="33.091100000000004" lon="35.56318">
        <ele>496.7347298053886</ele>
        <time>2026-07-13T08:55:21Z</time>
      </trkpt>
      <trkpt lat="33.091100000000004" lon="35.56318">
        <ele>496</ele>
        <time>2026-07-13T08:55:22Z</time>
      </trkpt>
      <trkpt lat="33.091010000000004" lon="35.56313">
        <ele>496</ele>
        <time>2026-07-13T08:55:23Z</time>
      </trkpt>
      <trkpt lat="33.090990000000005" lon="35.56308">
        <ele>496</ele>
        <time>2026-07-13T08:55:24Z</time>
      </trkpt>
      <trkpt lat="33.090790000000005" lon="35.56307">
        <ele>496</ele>
        <time>2026-07-13T08:55:25Z</time>
      </trkpt>
      <trkpt lat="33.090720000000005" lon="35.56304">
        <ele>493</ele>
        <time>2026-07-13T08:55:26Z</time>
      </trkpt>
      <trkpt lat="33.090770000000006" lon="35.56297">
        <ele>496</ele>
        <time>2026-07-13T08:55:27Z</time>
      </trkpt>
      <trkpt lat="33.09075" lon="35.56288">
        <ele>493</ele>
        <time>2026-07-13T08:55:28Z</time>
      </trkpt>
      <trkpt lat="33.09058" lon="35.562850000000005">
        <ele>486</ele>
        <time>2026-07-13T08:55:29Z</time>
      </trkpt>
      <trkpt lat="33.09049" lon="35.56288">
        <ele>493</ele>
        <time>2026-07-13T08:55:30Z</time>
      </trkpt>
      <trkpt lat="33.09046" lon="35.562870000000004">
        <ele>504.72204038429805</ele>
        <time>2026-07-13T08:55:31Z</time>
      </trkpt>
      <trkpt lat="33.09046" lon="35.562870000000004">
        <ele>504.72204038429805</ele>
        <time>2026-07-13T08:55:32Z</time>
      </trkpt>
      <trkpt lat="33.09046" lon="35.562870000000004">
        <ele>493</ele>
        <time>2026-07-13T08:55:33Z</time>
      </trkpt>
      <trkpt lat="33.09046" lon="35.56279">
        <ele>486</ele>
        <time>2026-07-13T08:55:34Z</time>
      </trkpt>
      <trkpt lat="33.09038" lon="35.562780000000004">
        <ele>486</ele>
        <time>2026-07-13T08:55:35Z</time>
      </trkpt>
      <trkpt lat="33.090360000000004" lon="35.5627">
        <ele>486</ele>
        <time>2026-07-13T08:55:36Z</time>
      </trkpt>
      <trkpt lat="33.09039" lon="35.562560000000005">
        <ele>486</ele>
        <time>2026-07-13T08:55:37Z</time>
      </trkpt>
      <trkpt lat="33.090500000000006" lon="35.562400000000004">
        <ele>486</ele>
        <time>2026-07-13T08:55:38Z</time>
      </trkpt>
      <trkpt lat="33.090540000000004" lon="35.562290000000004">
        <ele>486</ele>
        <time>2026-07-13T08:55:39Z</time>
      </trkpt>
      <trkpt lat="33.09035" lon="35.56212">
        <ele>486</ele>
        <time>2026-07-13T08:55:40Z</time>
      </trkpt>
      <trkpt lat="33.090360000000004" lon="35.56204">
        <ele>486</ele>
        <time>2026-07-13T08:55:41Z</time>
      </trkpt>
      <trkpt lat="33.09033" lon="35.56197">
        <ele>485.2218988618697</ele>
        <time>2026-07-13T08:55:42Z</time>
      </trkpt>
      <trkpt lat="33.09033" lon="35.56197">
        <ele>485.2218988618697</ele>
        <time>2026-07-13T08:55:43Z</time>
      </trkpt>
      <trkpt lat="33.09033" lon="35.56197">
        <ele>465</ele>
        <time>2026-07-13T08:55:44Z</time>
      </trkpt>
      <trkpt lat="33.0902" lon="35.561890000000005">
        <ele>465</ele>
        <time>2026-07-13T08:55:45Z</time>
      </trkpt>
      <trkpt lat="33.090120000000006" lon="35.561870000000006">
        <ele>465</ele>
        <time>2026-07-13T08:55:46Z</time>
      </trkpt>
      <trkpt lat="33.090120000000006" lon="35.561870000000006">
        <ele>465</ele>
        <time>2026-07-13T08:55:47Z</time>
      </trkpt>
      <trkpt lat="33.090070000000004" lon="35.561510000000006">
        <ele>465</ele>
        <time>2026-07-13T08:55:48Z</time>
      </trkpt>
      <trkpt lat="33.09008" lon="35.56139">
        <ele>465</ele>
        <time>2026-07-13T08:55:49Z</time>
      </trkpt>
      <trkpt lat="33.089960000000005" lon="35.561330000000005">
        <ele>465</ele>
        <time>2026-07-13T08:55:50Z</time>
      </trkpt>
      <trkpt lat="33.08991" lon="35.561260000000004">
        <ele>444</ele>
        <time>2026-07-13T08:55:51Z</time>
      </trkpt>
      <trkpt lat="33.089870000000005" lon="35.561150000000005">
        <ele>440</ele>
        <time>2026-07-13T08:55:52Z</time>
      </trkpt>
      <trkpt lat="33.089890000000004" lon="35.56105">
        <ele>449.2631593465947</ele>
        <time>2026-07-13T08:55:53Z</time>
      </trkpt>
      <trkpt lat="33.089890000000004" lon="35.56105">
        <ele>449.2631593465947</ele>
        <time>2026-07-13T08:55:54Z</time>
      </trkpt>
      <trkpt lat="33.089890000000004" lon="35.56105">
        <ele>440</ele>
        <time>2026-07-13T08:55:55Z</time>
      </trkpt>
      <trkpt lat="33.08995" lon="35.560930000000006">
        <ele>449</ele>
        <time>2026-07-13T08:55:56Z</time>
      </trkpt>
      <trkpt lat="33.08988" lon="35.56074">
        <ele>440</ele>
        <time>2026-07-13T08:55:57Z</time>
      </trkpt>
      <trkpt lat="33.08964" lon="35.56073">
        <ele>440</ele>
        <time>2026-07-13T08:55:58Z</time>
      </trkpt>
      <trkpt lat="33.089400000000005" lon="35.560750000000006">
        <ele>440</ele>
        <time>2026-07-13T08:55:59Z</time>
      </trkpt>
      <trkpt lat="33.089400000000005" lon="35.560750000000006">
        <ele>440</ele>
        <time>2026-07-13T08:56:00Z</time>
      </trkpt>
      <trkpt lat="33.08964" lon="35.56073">
        <ele>440</ele>
        <time>2026-07-13T08:56:01Z</time>
      </trkpt>
      <trkpt lat="33.089600000000004" lon="35.560340000000004">
        <ele>440</ele>
        <time>2026-07-13T08:56:02Z</time>
      </trkpt>
      <trkpt lat="33.089510000000004" lon="35.56033">
        <ele>440</ele>
        <time>2026-07-13T08:56:03Z</time>
      </trkpt>
      <trkpt lat="33.08943" lon="35.56025">
        <ele>442.15761402853514</ele>
        <time>2026-07-13T08:56:04Z</time>
      </trkpt>
      <trkpt lat="33.08943" lon="35.56025">
        <ele>442.15761402853514</ele>
        <time>2026-07-13T08:56:05Z</time>
      </trkpt>
      <trkpt lat="33.08943" lon="35.56025">
        <ele>440</ele>
        <time>2026-07-13T08:56:06Z</time>
      </trkpt>
      <trkpt lat="33.089330000000004" lon="35.56006">
        <ele>440</ele>
        <time>2026-07-13T08:56:07Z</time>
      </trkpt>
      <trkpt lat="33.089270000000006" lon="35.559870000000004">
        <ele>440</ele>
        <time>2026-07-13T08:56:08Z</time>
      </trkpt>
      <trkpt lat="33.089290000000005" lon="35.55975">
        <ele>440</ele>
        <time>2026-07-13T08:56:09Z</time>
      </trkpt>
      <trkpt lat="33.089290000000005" lon="35.55964">
        <ele>440</ele>
        <time>2026-07-13T08:56:10Z</time>
      </trkpt>
      <trkpt lat="33.08932" lon="35.559520000000006">
        <ele>438</ele>
        <time>2026-07-13T08:56:11Z</time>
      </trkpt>
      <extensions>
        <RoutingType xmlns="">Hike</RoutingType>
      </extensions>
    </trkseg>
    <trkseg>
      <trkpt lat="33.08932" lon="35.559520000000006">
        <ele>438</ele>
        <time>2026-07-13T08:56:11Z</time>
      </trkpt>
      <trkpt lat="33.089420000000004" lon="35.55932">
        <ele>438</ele>
        <time>2026-07-13T08:56:12Z</time>
      </trkpt>
      <trkpt lat="33.089490000000005" lon="35.5591">
        <ele>438</ele>
        <time>2026-07-13T08:56:13Z</time>
      </trkpt>
      <trkpt lat="33.08957" lon="35.558910000000004">
        <ele>438</ele>
        <time>2026-07-13T08:56:14Z</time>
      </trkpt>
      <trkpt lat="33.08963" lon="35.55883">
        <ele>441.95358029945055</ele>
        <time>2026-07-13T08:56:15Z</time>
      </trkpt>
      <trkpt lat="33.08963" lon="35.55883">
        <ele>441.95358029945055</ele>
        <time>2026-07-13T08:56:16Z</time>
      </trkpt>
      <trkpt lat="33.08963" lon="35.55883">
        <ele>438</ele>
        <time>2026-07-13T08:56:17Z</time>
      </trkpt>
      <trkpt lat="33.08964" lon="35.55872">
        <ele>438</ele>
        <time>2026-07-13T08:56:18Z</time>
      </trkpt>
      <trkpt lat="33.08968" lon="35.558620000000005">
        <ele>437</ele>
        <time>2026-07-13T08:56:19Z</time>
      </trkpt>
      <trkpt lat="33.089670000000005" lon="35.558510000000005">
        <ele>437</ele>
        <time>2026-07-13T08:56:20Z</time>
      </trkpt>
      <trkpt lat="33.089690000000004" lon="35.5583">
        <ele>437</ele>
        <time>2026-07-13T08:56:21Z</time>
      </trkpt>
      <trkpt lat="33.08966" lon="35.558">
        <ele>437</ele>
        <time>2026-07-13T08:56:22Z</time>
      </trkpt>
      <trkpt lat="33.089710000000004" lon="35.5578">
        <ele>439</ele>
        <time>2026-07-13T08:56:23Z</time>
      </trkpt>
      <trkpt lat="33.08966" lon="35.55773">
        <ele>439</ele>
        <time>2026-07-13T08:56:24Z</time>
      </trkpt>
      <trkpt lat="33.089650000000006" lon="35.55762">
        <ele>439</ele>
        <time>2026-07-13T08:56:25Z</time>
      </trkpt>
      <trkpt lat="33.089670000000005" lon="35.557500000000005">
        <ele>440.455777100433</ele>
        <time>2026-07-13T08:56:26Z</time>
      </trkpt>
      <trkpt lat="33.089670000000005" lon="35.557500000000005">
        <ele>440.455777100433</ele>
        <time>2026-07-13T08:56:27Z</time>
      </trkpt>
      <trkpt lat="33.089670000000005" lon="35.557500000000005">
        <ele>439</ele>
        <time>2026-07-13T08:56:28Z</time>
      </trkpt>
      <trkpt lat="33.08964" lon="35.55742">
        <ele>439</ele>
        <time>2026-07-13T08:56:29Z</time>
      </trkpt>
      <trkpt lat="33.089670000000005" lon="35.55731">
        <ele>439</ele>
        <time>2026-07-13T08:56:30Z</time>
      </trkpt>
      <trkpt lat="33.089670000000005" lon="35.5572">
        <ele>439</ele>
        <time>2026-07-13T08:56:31Z</time>
      </trkpt>
      <trkpt lat="33.0897" lon="35.55709">
        <ele>439</ele>
        <time>2026-07-13T08:56:32Z</time>
      </trkpt>
      <trkpt lat="33.089690000000004" lon="35.55698">
        <ele>439</ele>
        <time>2026-07-13T08:56:33Z</time>
      </trkpt>
      <trkpt lat="33.089710000000004" lon="35.55686">
        <ele>439</ele>
        <time>2026-07-13T08:56:34Z</time>
      </trkpt>
      <trkpt lat="33.089710000000004" lon="35.55686">
        <ele>439</ele>
        <time>2026-07-13T08:56:35Z</time>
      </trkpt>
      <trkpt lat="33.089710000000004" lon="35.556760000000004">
        <ele>439</ele>
        <time>2026-07-13T08:56:36Z</time>
      </trkpt>
      <trkpt lat="33.089670000000005" lon="35.556700000000006">
        <ele>439.1107409065043</ele>
        <time>2026-07-13T08:56:37Z</time>
      </trkpt>
      <trkpt lat="33.089670000000005" lon="35.556700000000006">
        <ele>439.1107409065043</ele>
        <time>2026-07-13T08:56:38Z</time>
      </trkpt>
      <trkpt lat="33.089670000000005" lon="35.556700000000006">
        <ele>439</ele>
        <time>2026-07-13T08:56:39Z</time>
      </trkpt>
      <trkpt lat="33.089620000000004" lon="35.556610000000006">
        <ele>439</ele>
        <time>2026-07-13T08:56:40Z</time>
      </trkpt>
      <trkpt lat="33.089600000000004" lon="35.5565">
        <ele>439</ele>
        <time>2026-07-13T08:56:41Z</time>
      </trkpt>
      <trkpt lat="33.08959" lon="35.55628">
        <ele>439</ele>
        <time>2026-07-13T08:56:42Z</time>
      </trkpt>
      <trkpt lat="33.08955" lon="35.556180000000005">
        <ele>437</ele>
        <time>2026-07-13T08:56:43Z</time>
      </trkpt>
      <trkpt lat="33.0895" lon="35.55597">
        <ele>437</ele>
        <time>2026-07-13T08:56:44Z</time>
      </trkpt>
      <trkpt lat="33.089510000000004" lon="35.55586">
        <ele>437</ele>
        <time>2026-07-13T08:56:45Z</time>
      </trkpt>
      <trkpt lat="33.089510000000004" lon="35.55565">
        <ele>437</ele>
        <time>2026-07-13T08:56:46Z</time>
      </trkpt>
      <trkpt lat="33.0895" lon="35.555530000000005">
        <ele>437</ele>
        <time>2026-07-13T08:56:47Z</time>
      </trkpt>
      <trkpt lat="33.089510000000004" lon="35.55519">
        <ele>440.72293160914273</ele>
        <time>2026-07-13T08:56:48Z</time>
      </trkpt>
      <trkpt lat="33.089510000000004" lon="35.55519">
        <ele>440.72293160914273</ele>
        <time>2026-07-13T08:56:49Z</time>
      </trkpt>
      <trkpt lat="33.089510000000004" lon="35.55519">
        <ele>439</ele>
        <time>2026-07-13T08:56:50Z</time>
      </trkpt>
      <trkpt lat="33.08961" lon="35.554520000000004">
        <ele>445</ele>
        <time>2026-07-13T08:56:51Z</time>
      </trkpt>
      <trkpt lat="33.089620000000004" lon="35.554300000000005">
        <ele>445</ele>
        <time>2026-07-13T08:56:52Z</time>
      </trkpt>
      <trkpt lat="33.089600000000004" lon="35.55409">
        <ele>445</ele>
        <time>2026-07-13T08:56:53Z</time>
      </trkpt>
      <trkpt lat="33.089380000000006" lon="35.55386">
        <ele>445</ele>
        <time>2026-07-13T08:56:54Z</time>
      </trkpt>
      <trkpt lat="33.089290000000005" lon="35.5538">
        <ele>445</ele>
        <time>2026-07-13T08:56:55Z</time>
      </trkpt>
      <trkpt lat="33.089240000000004" lon="35.55371">
        <ele>445</ele>
        <time>2026-07-13T08:56:56Z</time>
      </trkpt>
      <trkpt lat="33.089200000000005" lon="35.55362">
        <ele>453</ele>
        <time>2026-07-13T08:56:57Z</time>
      </trkpt>
      <trkpt lat="33.089110000000005" lon="35.55346">
        <ele>453</ele>
        <time>2026-07-13T08:56:58Z</time>
      </trkpt>
      <trkpt lat="33.0891" lon="35.55335">
        <ele>453.4614485448692</ele>
        <time>2026-07-13T08:56:59Z</time>
      </trkpt>
      <trkpt lat="33.0891" lon="35.55335">
        <ele>453.4614485448692</ele>
        <time>2026-07-13T08:57:00Z</time>
      </trkpt>
      <trkpt lat="33.0891" lon="35.55335">
        <ele>453</ele>
        <time>2026-07-13T08:57:01Z</time>
      </trkpt>
      <trkpt lat="33.089040000000004" lon="35.55313">
        <ele>449</ele>
        <time>2026-07-13T08:57:02Z</time>
      </trkpt>
      <trkpt lat="33.08903" lon="35.553020000000004">
        <ele>449</ele>
        <time>2026-07-13T08:57:03Z</time>
      </trkpt>
      <trkpt lat="33.08896" lon="35.552710000000005">
        <ele>457</ele>
        <time>2026-07-13T08:57:04Z</time>
      </trkpt>
      <trkpt lat="33.08889" lon="35.55265">
        <ele>457</ele>
        <time>2026-07-13T08:57:05Z</time>
      </trkpt>
      <trkpt lat="33.08889" lon="35.55265">
        <ele>457</ele>
        <time>2026-07-13T08:57:06Z</time>
      </trkpt>
      <trkpt lat="33.08872" lon="35.55238">
        <ele>457</ele>
        <time>2026-07-13T08:57:07Z</time>
      </trkpt>
      <trkpt lat="33.088620000000006" lon="35.55218">
        <ele>457</ele>
        <time>2026-07-13T08:57:08Z</time>
      </trkpt>
      <trkpt lat="33.08859" lon="35.552080000000004">
        <ele>457</ele>
        <time>2026-07-13T08:57:09Z</time>
      </trkpt>
      <trkpt lat="33.088480000000004" lon="35.5519">
        <ele>460.1015531702256</ele>
        <time>2026-07-13T08:57:10Z</time>
      </trkpt>
      <trkpt lat="33.088480000000004" lon="35.5519">
        <ele>460.1015531702256</ele>
        <time>2026-07-13T08:57:11Z</time>
      </trkpt>
      <trkpt lat="33.088480000000004" lon="35.5519">
        <ele>460</ele>
        <time>2026-07-13T08:57:12Z</time>
      </trkpt>
      <trkpt lat="33.0884" lon="35.55171">
        <ele>460</ele>
        <time>2026-07-13T08:57:13Z</time>
      </trkpt>
      <trkpt lat="33.08814" lon="35.55158">
        <ele>457</ele>
        <time>2026-07-13T08:57:14Z</time>
      </trkpt>
      <trkpt lat="33.08809" lon="35.551480000000005">
        <ele>457</ele>
        <time>2026-07-13T08:57:15Z</time>
      </trkpt>
      <trkpt lat="33.08802" lon="35.5514">
        <ele>457</ele>
        <time>2026-07-13T08:57:16Z</time>
      </trkpt>
      <trkpt lat="33.08784" lon="35.551140000000004">
        <ele>460</ele>
        <time>2026-07-13T08:57:17Z</time>
      </trkpt>
      <trkpt lat="33.08762" lon="35.550920000000005">
        <ele>460</ele>
        <time>2026-07-13T08:57:18Z</time>
      </trkpt>
      <trkpt lat="33.08751" lon="35.55078">
        <ele>460</ele>
        <time>2026-07-13T08:57:19Z</time>
      </trkpt>
      <trkpt lat="33.08726" lon="35.55075">
        <ele>455</ele>
        <time>2026-07-13T08:57:20Z</time>
      </trkpt>
      <trkpt lat="33.087250000000004" lon="35.55062">
        <ele>459.5504312021759</ele>
        <time>2026-07-13T08:57:21Z</time>
      </trkpt>
      <trkpt lat="33.087250000000004" lon="35.55062">
        <ele>459.5504312021759</ele>
        <time>2026-07-13T08:57:22Z</time>
      </trkpt>
      <trkpt lat="33.087250000000004" lon="35.55062">
        <ele>455</ele>
        <time>2026-07-13T08:57:23Z</time>
      </trkpt>
      <trkpt lat="33.08719" lon="35.550520000000006">
        <ele>455</ele>
        <time>2026-07-13T08:57:24Z</time>
      </trkpt>
      <trkpt lat="33.087120000000006" lon="35.55031">
        <ele>456</ele>
        <time>2026-07-13T08:57:25Z</time>
      </trkpt>
      <trkpt lat="33.08702" lon="35.5503">
        <ele>456</ele>
        <time>2026-07-13T08:57:26Z</time>
      </trkpt>
      <trkpt lat="33.086780000000005" lon="35.55044">
        <ele>455</ele>
        <time>2026-07-13T08:57:27Z</time>
      </trkpt>
      <trkpt lat="33.08661" lon="35.550580000000004">
        <ele>455</ele>
        <time>2026-07-13T08:57:28Z</time>
      </trkpt>
      <trkpt lat="33.08653" lon="35.55059">
        <ele>447</ele>
        <time>2026-07-13T08:57:29Z</time>
      </trkpt>
      <trkpt lat="33.08645" lon="35.55053">
        <ele>447</ele>
        <time>2026-07-13T08:57:30Z</time>
      </trkpt>
      <trkpt lat="33.086400000000005" lon="35.550270000000005">
        <ele>445</ele>
        <time>2026-07-13T08:57:31Z</time>
      </trkpt>
      <trkpt lat="33.086400000000005" lon="35.550270000000005">
        <ele>452.7717198122254</ele>
        <time>2026-07-13T08:57:32Z</time>
      </trkpt>
      <trkpt lat="33.086400000000005" lon="35.550270000000005">
        <ele>452.7717198122254</ele>
        <time>2026-07-13T08:57:33Z</time>
      </trkpt>
      <trkpt lat="33.086400000000005" lon="35.550270000000005">
        <ele>445</ele>
        <time>2026-07-13T08:57:34Z</time>
      </trkpt>
      <trkpt lat="33.08639" lon="35.550090000000004">
        <ele>445</ele>
        <time>2026-07-13T08:57:35Z</time>
      </trkpt>
      <trkpt lat="33.08635" lon="35.55001">
        <ele>445</ele>
        <time>2026-07-13T08:57:36Z</time>
      </trkpt>
      <trkpt lat="33.08634" lon="35.549890000000005">
        <ele>445</ele>
        <time>2026-07-13T08:57:37Z</time>
      </trkpt>
      <trkpt lat="33.08632" lon="35.549820000000004">
        <ele>445</ele>
        <time>2026-07-13T08:57:38Z</time>
      </trkpt>
      <trkpt lat="33.08626" lon="35.549730000000004">
        <ele>445</ele>
        <time>2026-07-13T08:57:39Z</time>
      </trkpt>
      <trkpt lat="33.08623" lon="35.549620000000004">
        <ele>445</ele>
        <time>2026-07-13T08:57:40Z</time>
      </trkpt>
      <trkpt lat="33.08608" lon="35.549350000000004">
        <ele>448</ele>
        <time>2026-07-13T08:57:41Z</time>
      </trkpt>
      <trkpt lat="33.08596" lon="35.54918">
        <ele>448</ele>
        <time>2026-07-13T08:57:42Z</time>
      </trkpt>
      <trkpt lat="33.085860000000004" lon="35.549">
        <ele>448.2729323533131</ele>
        <time>2026-07-13T08:57:43Z</time>
      </trkpt>
      <trkpt lat="33.085860000000004" lon="35.549">
        <ele>448.2729323533131</ele>
        <time>2026-07-13T08:57:44Z</time>
      </trkpt>
      <trkpt lat="33.085860000000004" lon="35.549">
        <ele>448</ele>
        <time>2026-07-13T08:57:45Z</time>
      </trkpt>
      <trkpt lat="33.08579" lon="35.54894">
        <ele>448</ele>
        <time>2026-07-13T08:57:46Z</time>
      </trkpt>
      <trkpt lat="33.085730000000005" lon="35.54885">
        <ele>430</ele>
        <time>2026-07-13T08:57:47Z</time>
      </trkpt>
      <trkpt lat="33.08565" lon="35.548640000000006">
        <ele>432</ele>
        <time>2026-07-13T08:57:48Z</time>
      </trkpt>
      <trkpt lat="33.0854" lon="35.548320000000004">
        <ele>432</ele>
        <time>2026-07-13T08:57:49Z</time>
      </trkpt>
      <trkpt lat="33.085370000000005" lon="35.54824">
        <ele>432</ele>
        <time>2026-07-13T08:57:50Z</time>
      </trkpt>
      <trkpt lat="33.08531" lon="35.54816">
        <ele>432</ele>
        <time>2026-07-13T08:57:51Z</time>
      </trkpt>
      <trkpt lat="33.0852" lon="35.54796">
        <ele>432</ele>
        <time>2026-07-13T08:57:52Z</time>
      </trkpt>
      <trkpt lat="33.085170000000005" lon="35.547850000000004">
        <ele>438</ele>
        <time>2026-07-13T08:57:53Z</time>
      </trkpt>
      <trkpt lat="33.08504" lon="35.54768">
        <ele>436.595512849484</ele>
        <time>2026-07-13T08:57:54Z</time>
      </trkpt>
      <trkpt lat="33.08504" lon="35.54768">
        <ele>436.595512849484</ele>
        <time>2026-07-13T08:57:55Z</time>
      </trkpt>
      <trkpt lat="33.08504" lon="35.54768">
        <ele>438</ele>
        <time>2026-07-13T08:57:56Z</time>
      </trkpt>
      <trkpt lat="33.08496" lon="35.54762">
        <ele>438</ele>
        <time>2026-07-13T08:57:57Z</time>
      </trkpt>
      <trkpt lat="33.084900000000005" lon="35.547540000000005">
        <ele>417</ele>
        <time>2026-07-13T08:57:58Z</time>
      </trkpt>
      <trkpt lat="33.084830000000004" lon="35.54751">
        <ele>417</ele>
        <time>2026-07-13T08:57:59Z</time>
      </trkpt>
      <extensions>
        <RoutingType xmlns="">Hike</RoutingType>
      </extensions>
    </trkseg>
    <trkseg>
      <trkpt lat="33.084830000000004" lon="35.54751">
        <ele>417</ele>
        <time>2026-07-13T08:57:59Z</time>
      </trkpt>
      <trkpt lat="33.08478" lon="35.5474">
        <ele>417</ele>
        <time>2026-07-13T08:58:00Z</time>
      </trkpt>
      <trkpt lat="33.084740000000004" lon="35.547290000000004">
        <ele>417</ele>
        <time>2026-07-13T08:58:01Z</time>
      </trkpt>
      <trkpt lat="33.08467" lon="35.54719">
        <ele>417</ele>
        <time>2026-07-13T08:58:02Z</time>
      </trkpt>
      <trkpt lat="33.08464" lon="35.54711">
        <ele>417</ele>
        <time>2026-07-13T08:58:03Z</time>
      </trkpt>
      <trkpt lat="33.08458" lon="35.54701">
        <ele>424</ele>
        <time>2026-07-13T08:58:04Z</time>
      </trkpt>
      <trkpt lat="33.084430000000005" lon="35.54684">
        <ele>426.66911386535145</ele>
        <time>2026-07-13T08:58:05Z</time>
      </trkpt>
      <trkpt lat="33.084430000000005" lon="35.54684">
        <ele>426.66911386535145</ele>
        <time>2026-07-13T08:58:06Z</time>
      </trkpt>
      <trkpt lat="33.084430000000005" lon="35.54684">
        <ele>424</ele>
        <time>2026-07-13T08:58:07Z</time>
      </trkpt>
      <trkpt lat="33.084340000000005" lon="35.54681">
        <ele>424</ele>
        <time>2026-07-13T08:58:08Z</time>
      </trkpt>
      <trkpt lat="33.08426" lon="35.54675">
        <ele>424</ele>
        <time>2026-07-13T08:58:09Z</time>
      </trkpt>
      <trkpt lat="33.0842" lon="35.546620000000004">
        <ele>424</ele>
        <time>2026-07-13T08:58:10Z</time>
      </trkpt>
      <trkpt lat="33.08413" lon="35.546530000000004">
        <ele>424</ele>
        <time>2026-07-13T08:58:11Z</time>
      </trkpt>
      <trkpt lat="33.08395" lon="35.54645">
        <ele>408</ele>
        <time>2026-07-13T08:58:12Z</time>
      </trkpt>
      <trkpt lat="33.083890000000004" lon="35.546380000000006">
        <ele>408</ele>
        <time>2026-07-13T08:58:13Z</time>
      </trkpt>
      <trkpt lat="33.08381" lon="35.546330000000005">
        <ele>408</ele>
        <time>2026-07-13T08:58:14Z</time>
      </trkpt>
      <trkpt lat="33.08375" lon="35.546220000000005">
        <ele>408</ele>
        <time>2026-07-13T08:58:15Z</time>
      </trkpt>
      <trkpt lat="33.08372" lon="35.54599">
        <ele>419.04308568884153</ele>
        <time>2026-07-13T08:58:16Z</time>
      </trkpt>
      <trkpt lat="33.08372" lon="35.54599">
        <ele>419.04308568884153</ele>
        <time>2026-07-13T08:58:17Z</time>
      </trkpt>
      <trkpt lat="33.08372" lon="35.54599">
        <ele>423</ele>
        <time>2026-07-13T08:58:18Z</time>
      </trkpt>
      <trkpt lat="33.08368" lon="35.54589">
        <ele>423</ele>
        <time>2026-07-13T08:58:19Z</time>
      </trkpt>
      <trkpt lat="33.08362" lon="35.545790000000004">
        <ele>423</ele>
        <time>2026-07-13T08:58:20Z</time>
      </trkpt>
      <trkpt lat="33.08355" lon="35.545730000000006">
        <ele>423</ele>
        <time>2026-07-13T08:58:21Z</time>
      </trkpt>
      <trkpt lat="33.08337" lon="35.545640000000006">
        <ele>423</ele>
        <time>2026-07-13T08:58:22Z</time>
      </trkpt>
      <trkpt lat="33.0831" lon="35.54556">
        <ele>425.5</ele>
        <time>2026-07-13T08:58:23Z</time>
      </trkpt>
      <trkpt lat="33.0831" lon="35.54556">
        <ele>425.5</ele>
        <time>2026-07-13T08:58:24Z</time>
      </trkpt>
      <trkpt lat="33.08301" lon="35.545500000000004">
        <ele>428</ele>
        <time>2026-07-13T08:58:25Z</time>
      </trkpt>
      <trkpt lat="33.08281" lon="35.545820000000006">
        <ele>428</ele>
        <time>2026-07-13T08:58:26Z</time>
      </trkpt>
      <trkpt lat="33.082550000000005" lon="35.546170000000004">
        <ele>420.89023745392524</ele>
        <time>2026-07-13T08:58:27Z</time>
      </trkpt>
      <trkpt lat="33.082550000000005" lon="35.546170000000004">
        <ele>420.89023745392524</ele>
        <time>2026-07-13T08:58:28Z</time>
      </trkpt>
      <trkpt lat="33.082550000000005" lon="35.546170000000004">
        <ele>428</ele>
        <time>2026-07-13T08:58:29Z</time>
      </trkpt>
      <trkpt lat="33.0824" lon="35.546330000000005">
        <ele>414</ele>
        <time>2026-07-13T08:58:30Z</time>
      </trkpt>
      <trkpt lat="33.08221" lon="35.546420000000005">
        <ele>414</ele>
        <time>2026-07-13T08:58:31Z</time>
      </trkpt>
      <trkpt lat="33.08173" lon="35.54656">
        <ele>414</ele>
        <time>2026-07-13T08:58:32Z</time>
      </trkpt>
      <trkpt lat="33.08144" lon="35.546670000000006">
        <ele>427</ele>
        <time>2026-07-13T08:58:33Z</time>
      </trkpt>
      <trkpt lat="33.081390000000006" lon="35.54675">
        <ele>427</ele>
        <time>2026-07-13T08:58:34Z</time>
      </trkpt>
      <trkpt lat="33.081360000000004" lon="35.546850000000006">
        <ele>427</ele>
        <time>2026-07-13T08:58:35Z</time>
      </trkpt>
      <trkpt lat="33.08135" lon="35.54695">
        <ele>427</ele>
        <time>2026-07-13T08:58:36Z</time>
      </trkpt>
      <trkpt lat="33.08137" lon="35.5474">
        <ele>422</ele>
        <time>2026-07-13T08:58:37Z</time>
      </trkpt>
      <trkpt lat="33.0814" lon="35.54764">
        <ele>408.6622333372354</ele>
        <time>2026-07-13T08:58:38Z</time>
      </trkpt>
      <trkpt lat="33.0814" lon="35.54764">
        <ele>408.6622333372354</ele>
        <time>2026-07-13T08:58:39Z</time>
      </trkpt>
      <trkpt lat="33.0814" lon="35.54764">
        <ele>422</ele>
        <time>2026-07-13T08:58:40Z</time>
      </trkpt>
      <trkpt lat="33.081340000000004" lon="35.54811">
        <ele>412</ele>
        <time>2026-07-13T08:58:41Z</time>
      </trkpt>
      <trkpt lat="33.08127" lon="35.54845">
        <ele>412</ele>
        <time>2026-07-13T08:58:42Z</time>
      </trkpt>
      <trkpt lat="33.081160000000004" lon="35.54878">
        <ele>394</ele>
        <time>2026-07-13T08:58:43Z</time>
      </trkpt>
      <trkpt lat="33.081050000000005" lon="35.54896">
        <ele>394</ele>
        <time>2026-07-13T08:58:44Z</time>
      </trkpt>
      <trkpt lat="33.080830000000006" lon="35.54921">
        <ele>394</ele>
        <time>2026-07-13T08:58:45Z</time>
      </trkpt>
      <trkpt lat="33.080650000000006" lon="35.549350000000004">
        <ele>399</ele>
        <time>2026-07-13T08:58:46Z</time>
      </trkpt>
      <trkpt lat="33.080020000000005" lon="35.549730000000004">
        <ele>376</ele>
        <time>2026-07-13T08:58:47Z</time>
      </trkpt>
      <trkpt lat="33.07983" lon="35.549780000000005">
        <ele>360</ele>
        <time>2026-07-13T08:58:48Z</time>
      </trkpt>
      <trkpt lat="33.07974" lon="35.54977">
        <ele>383.44872794521507</ele>
        <time>2026-07-13T08:58:49Z</time>
      </trkpt>
      <trkpt lat="33.07974" lon="35.54977">
        <ele>383.44872794521507</ele>
        <time>2026-07-13T08:58:50Z</time>
      </trkpt>
      <trkpt lat="33.07974" lon="35.54977">
        <ele>360</ele>
        <time>2026-07-13T08:58:51Z</time>
      </trkpt>
      <trkpt lat="33.079660000000004" lon="35.54974">
        <ele>360</ele>
        <time>2026-07-13T08:58:52Z</time>
      </trkpt>
      <trkpt lat="33.07949" lon="35.54963">
        <ele>360</ele>
        <time>2026-07-13T08:58:53Z</time>
      </trkpt>
      <trkpt lat="33.07902" lon="35.549220000000005">
        <ele>362</ele>
        <time>2026-07-13T08:58:54Z</time>
      </trkpt>
      <trkpt lat="33.07853" lon="35.548860000000005">
        <ele>362</ele>
        <time>2026-07-13T08:58:55Z</time>
      </trkpt>
      <trkpt lat="33.078230000000005" lon="35.548680000000004">
        <ele>362.5</ele>
        <time>2026-07-13T08:58:56Z</time>
      </trkpt>
      <trkpt lat="33.078230000000005" lon="35.548680000000004">
        <ele>362.5</ele>
        <time>2026-07-13T08:58:57Z</time>
      </trkpt>
      <trkpt lat="33.078050000000005" lon="35.54856">
        <ele>363</ele>
        <time>2026-07-13T08:58:58Z</time>
      </trkpt>
      <trkpt lat="33.07737" lon="35.548170000000006">
        <ele>343</ele>
        <time>2026-07-13T08:58:59Z</time>
      </trkpt>
      <trkpt lat="33.0771" lon="35.547990000000006">
        <ele>356.187727161299</ele>
        <time>2026-07-13T08:59:00Z</time>
      </trkpt>
      <trkpt lat="33.0771" lon="35.547990000000006">
        <ele>356.187727161299</ele>
        <time>2026-07-13T08:59:01Z</time>
      </trkpt>
      <trkpt lat="33.0771" lon="35.547990000000006">
        <ele>343</ele>
        <time>2026-07-13T08:59:02Z</time>
      </trkpt>
      <trkpt lat="33.07694" lon="35.54784">
        <ele>354</ele>
        <time>2026-07-13T08:59:03Z</time>
      </trkpt>
      <trkpt lat="33.07661" lon="35.547380000000004">
        <ele>354</ele>
        <time>2026-07-13T08:59:04Z</time>
      </trkpt>
      <trkpt lat="33.076530000000005" lon="35.54733">
        <ele>341</ele>
        <time>2026-07-13T08:59:05Z</time>
      </trkpt>
      <trkpt lat="33.07643" lon="35.5473">
        <ele>341</ele>
        <time>2026-07-13T08:59:06Z</time>
      </trkpt>
      <trkpt lat="33.07603" lon="35.547230000000006">
        <ele>341</ele>
        <time>2026-07-13T08:59:07Z</time>
      </trkpt>
      <trkpt lat="33.07583" lon="35.54724">
        <ele>341</ele>
        <time>2026-07-13T08:59:08Z</time>
      </trkpt>
      <trkpt lat="33.07564" lon="35.5473">
        <ele>337</ele>
        <time>2026-07-13T08:59:09Z</time>
      </trkpt>
      <trkpt lat="33.07544" lon="35.547340000000005">
        <ele>337</ele>
        <time>2026-07-13T08:59:10Z</time>
      </trkpt>
      <trkpt lat="33.075340000000004" lon="35.547340000000005">
        <ele>338.3090005065536</ele>
        <time>2026-07-13T08:59:11Z</time>
      </trkpt>
      <trkpt lat="33.075340000000004" lon="35.547340000000005">
        <ele>338.3090005065536</ele>
        <time>2026-07-13T08:59:12Z</time>
      </trkpt>
      <trkpt lat="33.075340000000004" lon="35.547340000000005">
        <ele>337</ele>
        <time>2026-07-13T08:59:13Z</time>
      </trkpt>
      <trkpt lat="33.07511" lon="35.5473">
        <ele>337</ele>
        <time>2026-07-13T08:59:14Z</time>
      </trkpt>
      <trkpt lat="33.07511" lon="35.5473">
        <ele>337</ele>
        <time>2026-07-13T08:59:15Z</time>
      </trkpt>
      <trkpt lat="33.07497" lon="35.5473">
        <ele>337</ele>
        <time>2026-07-13T08:59:16Z</time>
      </trkpt>
      <trkpt lat="33.07491" lon="35.54739">
        <ele>337</ele>
        <time>2026-07-13T08:59:17Z</time>
      </trkpt>
      <trkpt lat="33.074960000000004" lon="35.54771">
        <ele>337</ele>
        <time>2026-07-13T08:59:18Z</time>
      </trkpt>
      <trkpt lat="33.07495" lon="35.547940000000004">
        <ele>330</ele>
        <time>2026-07-13T08:59:19Z</time>
      </trkpt>
      <trkpt lat="33.07491" lon="35.548010000000005">
        <ele>330</ele>
        <time>2026-07-13T08:59:20Z</time>
      </trkpt>
      <trkpt lat="33.0747" lon="35.548550000000006">
        <ele>330</ele>
        <time>2026-07-13T08:59:21Z</time>
      </trkpt>
      <trkpt lat="33.07444" lon="35.54918">
        <ele>319.0754392789677</ele>
        <time>2026-07-13T08:59:22Z</time>
      </trkpt>
      <trkpt lat="33.07444" lon="35.54918">
        <ele>319.0754392789677</ele>
        <time>2026-07-13T08:59:23Z</time>
      </trkpt>
      <trkpt lat="33.07444" lon="35.54918">
        <ele>323</ele>
        <time>2026-07-13T08:59:24Z</time>
      </trkpt>
      <trkpt lat="33.0743" lon="35.54961">
        <ele>316</ele>
        <time>2026-07-13T08:59:25Z</time>
      </trkpt>
      <trkpt lat="33.07423" lon="35.549710000000005">
        <ele>316</ele>
        <time>2026-07-13T08:59:26Z</time>
      </trkpt>
      <trkpt lat="33.074090000000005" lon="35.550140000000006">
        <ele>313</ele>
        <time>2026-07-13T08:59:27Z</time>
      </trkpt>
      <trkpt lat="33.07403" lon="35.55024">
        <ele>313</ele>
        <time>2026-07-13T08:59:28Z</time>
      </trkpt>
      <trkpt lat="33.07387" lon="35.55039">
        <ele>308</ele>
        <time>2026-07-13T08:59:29Z</time>
      </trkpt>
      <trkpt lat="33.07352" lon="35.55064">
        <ele>308</ele>
        <time>2026-07-13T08:59:30Z</time>
      </trkpt>
      <trkpt lat="33.073350000000005" lon="35.550700000000006">
        <ele>308</ele>
        <time>2026-07-13T08:59:31Z</time>
      </trkpt>
      <trkpt lat="33.07325" lon="35.55069">
        <ele>305</ele>
        <time>2026-07-13T08:59:32Z</time>
      </trkpt>
      <trkpt lat="33.07307" lon="35.55059">
        <ele>304.90621706973644</ele>
        <time>2026-07-13T08:59:33Z</time>
      </trkpt>
      <trkpt lat="33.07307" lon="35.55059">
        <ele>304.90621706973644</ele>
        <time>2026-07-13T08:59:34Z</time>
      </trkpt>
      <trkpt lat="33.07307" lon="35.55059">
        <ele>305</ele>
        <time>2026-07-13T08:59:35Z</time>
      </trkpt>
      <trkpt lat="33.07307" lon="35.55059">
        <ele>305</ele>
        <time>2026-07-13T08:59:36Z</time>
      </trkpt>
      <trkpt lat="33.07273" lon="35.550340000000006">
        <ele>308</ele>
        <time>2026-07-13T08:59:37Z</time>
      </trkpt>
      <trkpt lat="33.07228" lon="35.549890000000005">
        <ele>302</ele>
        <time>2026-07-13T08:59:38Z</time>
      </trkpt>
      <trkpt lat="33.0719" lon="35.54956">
        <ele>302</ele>
        <time>2026-07-13T08:59:39Z</time>
      </trkpt>
      <trkpt lat="33.07134" lon="35.549110000000006">
        <ele>301</ele>
        <time>2026-07-13T08:59:40Z</time>
      </trkpt>
      <trkpt lat="33.070890000000006" lon="35.54871">
        <ele>301</ele>
        <time>2026-07-13T08:59:41Z</time>
      </trkpt>
      <trkpt lat="33.070330000000006" lon="35.548280000000005">
        <ele>300</ele>
        <time>2026-07-13T08:59:42Z</time>
      </trkpt>
      <trkpt lat="33.069970000000005" lon="35.547940000000004">
        <ele>300</ele>
        <time>2026-07-13T08:59:43Z</time>
      </trkpt>
      <trkpt lat="33.06926" lon="35.54739">
        <ele>301.28760852909994</ele>
        <time>2026-07-13T08:59:44Z</time>
      </trkpt>
      <trkpt lat="33.06926" lon="35.54739">
        <ele>301.28760852909994</ele>
        <time>2026-07-13T08:59:45Z</time>
      </trkpt>
      <trkpt lat="33.06926" lon="35.54739">
        <ele>301.5</ele>
        <time>2026-07-13T08:59:46Z</time>
      </trkpt>
      <trkpt lat="33.06926" lon="35.54739">
        <ele>301.5</ele>
        <time>2026-07-13T08:59:47Z</time>
      </trkpt>
      <extensions>
        <RoutingType xmlns="">Hike</RoutingType>
      </extensions>
    </trkseg>
    <trkseg>
      <trkpt lat="33.06926" lon="35.54739">
        <ele>301.5</ele>
        <time>2026-07-13T08:59:47Z</time>
      </trkpt>
      <trkpt lat="33.068850000000005" lon="35.547070000000005">
        <ele>300</ele>
        <time>2026-07-13T08:59:48Z</time>
      </trkpt>
      <trkpt lat="33.0686" lon="35.54692">
        <ele>305</ele>
        <time>2026-07-13T08:59:49Z</time>
      </trkpt>
      <trkpt lat="33.06824" lon="35.546760000000006">
        <ele>302</ele>
        <time>2026-07-13T08:59:50Z</time>
      </trkpt>
      <trkpt lat="33.06768" lon="35.54661">
        <ele>302</ele>
        <time>2026-07-13T08:59:51Z</time>
      </trkpt>
      <trkpt lat="33.067510000000006" lon="35.546530000000004">
        <ele>302</ele>
        <time>2026-07-13T08:59:52Z</time>
      </trkpt>
      <trkpt lat="33.067170000000004" lon="35.546330000000005">
        <ele>296</ele>
        <time>2026-07-13T08:59:53Z</time>
      </trkpt>
      <trkpt lat="33.066990000000004" lon="35.546260000000004">
        <ele>296</ele>
        <time>2026-07-13T08:59:54Z</time>
      </trkpt>
      <trkpt lat="33.06689" lon="35.54625">
        <ele>297.8743318860952</ele>
        <time>2026-07-13T08:59:55Z</time>
      </trkpt>
      <trkpt lat="33.06689" lon="35.54625">
        <ele>297.8743318860952</ele>
        <time>2026-07-13T08:59:56Z</time>
      </trkpt>
      <trkpt lat="33.06689" lon="35.54625">
        <ele>296</ele>
        <time>2026-07-13T08:59:57Z</time>
      </trkpt>
      <trkpt lat="33.06678" lon="35.54628">
        <ele>296</ele>
        <time>2026-07-13T08:59:58Z</time>
      </trkpt>
      <trkpt lat="33.066700000000004" lon="35.54636">
        <ele>296</ele>
        <time>2026-07-13T08:59:59Z</time>
      </trkpt>
      <trkpt lat="33.066570000000006" lon="35.54652">
        <ele>294</ele>
        <time>2026-07-13T09:00:00Z</time>
      </trkpt>
      <trkpt lat="33.066570000000006" lon="35.54652">
        <ele>294</ele>
        <time>2026-07-13T09:00:01Z</time>
      </trkpt>
      <trkpt lat="33.066430000000004" lon="35.5467">
        <ele>292</ele>
        <time>2026-07-13T09:00:02Z</time>
      </trkpt>
      <trkpt lat="33.066250000000004" lon="35.546820000000004">
        <ele>292</ele>
        <time>2026-07-13T09:00:03Z</time>
      </trkpt>
      <trkpt lat="33.06617" lon="35.54686">
        <ele>292</ele>
        <time>2026-07-13T09:00:04Z</time>
      </trkpt>
      <trkpt lat="33.06598" lon="35.546890000000005">
        <ele>292</ele>
        <time>2026-07-13T09:00:05Z</time>
      </trkpt>
      <trkpt lat="33.06579" lon="35.546870000000006">
        <ele>286.3209008774809</ele>
        <time>2026-07-13T09:00:06Z</time>
      </trkpt>
      <trkpt lat="33.06579" lon="35.546870000000006">
        <ele>286.3209008774809</ele>
        <time>2026-07-13T09:00:07Z</time>
      </trkpt>
      <trkpt lat="33.06579" lon="35.546870000000006">
        <ele>292</ele>
        <time>2026-07-13T09:00:08Z</time>
      </trkpt>
      <trkpt lat="33.06561" lon="35.54681">
        <ele>290</ele>
        <time>2026-07-13T09:00:09Z</time>
      </trkpt>
      <trkpt lat="33.06535" lon="35.54665">
        <ele>290</ele>
        <time>2026-07-13T09:00:10Z</time>
      </trkpt>
      <trkpt lat="33.065000000000005" lon="35.546490000000006">
        <ele>290</ele>
        <time>2026-07-13T09:00:11Z</time>
      </trkpt>
      <trkpt lat="33.06466" lon="35.54641">
        <ele>288.5</ele>
        <time>2026-07-13T09:00:12Z</time>
      </trkpt>
      <trkpt lat="33.06466" lon="35.54641">
        <ele>288.5</ele>
        <time>2026-07-13T09:00:13Z</time>
      </trkpt>
      <trkpt lat="33.06421" lon="35.54634">
        <ele>287</ele>
        <time>2026-07-13T09:00:14Z</time>
      </trkpt>
      <trkpt lat="33.06401" lon="35.54628">
        <ele>285</ele>
        <time>2026-07-13T09:00:15Z</time>
      </trkpt>
      <trkpt lat="33.063840000000006" lon="35.54618">
        <ele>277</ele>
        <time>2026-07-13T09:00:16Z</time>
      </trkpt>
      <trkpt lat="33.06354" lon="35.5459">
        <ele>273.98881757943207</ele>
        <time>2026-07-13T09:00:17Z</time>
      </trkpt>
      <trkpt lat="33.06354" lon="35.5459">
        <ele>273.98881757943207</ele>
        <time>2026-07-13T09:00:18Z</time>
      </trkpt>
      <trkpt lat="33.06354" lon="35.5459">
        <ele>277</ele>
        <time>2026-07-13T09:00:19Z</time>
      </trkpt>
      <trkpt lat="33.06344" lon="35.545860000000005">
        <ele>277</ele>
        <time>2026-07-13T09:00:20Z</time>
      </trkpt>
      <trkpt lat="33.062540000000006" lon="35.545680000000004">
        <ele>272</ele>
        <time>2026-07-13T09:00:21Z</time>
      </trkpt>
      <trkpt lat="33.06188" lon="35.54561">
        <ele>265</ele>
        <time>2026-07-13T09:00:22Z</time>
      </trkpt>
      <trkpt lat="33.06129" lon="35.54545">
        <ele>257</ele>
        <time>2026-07-13T09:00:23Z</time>
      </trkpt>
      <trkpt lat="33.060990000000004" lon="35.54543">
        <ele>257</ele>
        <time>2026-07-13T09:00:24Z</time>
      </trkpt>
      <trkpt lat="33.06078" lon="35.54552">
        <ele>254</ele>
        <time>2026-07-13T09:00:25Z</time>
      </trkpt>
      <trkpt lat="33.06078" lon="35.54552">
        <ele>254</ele>
        <time>2026-07-13T09:00:26Z</time>
      </trkpt>
      <trkpt lat="33.060030000000005" lon="35.54596">
        <ele>251</ele>
        <time>2026-07-13T09:00:27Z</time>
      </trkpt>
      <trkpt lat="33.059850000000004" lon="35.54608">
        <ele>247.35320326157654</ele>
        <time>2026-07-13T09:00:28Z</time>
      </trkpt>
      <trkpt lat="33.059850000000004" lon="35.54608">
        <ele>247.35320326157654</ele>
        <time>2026-07-13T09:00:29Z</time>
      </trkpt>
      <trkpt lat="33.059850000000004" lon="35.54608">
        <ele>249</ele>
        <time>2026-07-13T09:00:30Z</time>
      </trkpt>
      <trkpt lat="33.0597" lon="35.54623">
        <ele>245</ele>
        <time>2026-07-13T09:00:31Z</time>
      </trkpt>
      <trkpt lat="33.05957" lon="35.546420000000005">
        <ele>245</ele>
        <time>2026-07-13T09:00:32Z</time>
      </trkpt>
      <trkpt lat="33.059490000000004" lon="35.54674">
        <ele>245</ele>
        <time>2026-07-13T09:00:33Z</time>
      </trkpt>
      <trkpt lat="33.059490000000004" lon="35.54719">
        <ele>244</ele>
        <time>2026-07-13T09:00:34Z</time>
      </trkpt>
      <trkpt lat="33.05955" lon="35.547900000000006">
        <ele>245.5</ele>
        <time>2026-07-13T09:00:35Z</time>
      </trkpt>
      <trkpt lat="33.05955" lon="35.54791">
        <ele>247</ele>
        <time>2026-07-13T09:00:36Z</time>
      </trkpt>
      <trkpt lat="33.059470000000005" lon="35.54791">
        <ele>247</ele>
        <time>2026-07-13T09:00:37Z</time>
      </trkpt>
      <trkpt lat="33.05941" lon="35.54786">
        <ele>244</ele>
        <time>2026-07-13T09:00:38Z</time>
      </trkpt>
      <trkpt lat="33.059160000000006" lon="35.547700000000006">
        <ele>242.93227616853</ele>
        <time>2026-07-13T09:00:39Z</time>
      </trkpt>
      <trkpt lat="33.059160000000006" lon="35.547700000000006">
        <ele>242.93227616853</ele>
        <time>2026-07-13T09:00:40Z</time>
      </trkpt>
      <trkpt lat="33.059160000000006" lon="35.547700000000006">
        <ele>244</ele>
        <time>2026-07-13T09:00:41Z</time>
      </trkpt>
      <trkpt lat="33.059090000000005" lon="35.547630000000005">
        <ele>253</ele>
        <time>2026-07-13T09:00:42Z</time>
      </trkpt>
      <trkpt lat="33.058260000000004" lon="35.547090000000004">
        <ele>263</ele>
        <time>2026-07-13T09:00:43Z</time>
      </trkpt>
      <trkpt lat="33.058" lon="35.54697">
        <ele>259</ele>
        <time>2026-07-13T09:00:44Z</time>
      </trkpt>
      <trkpt lat="33.05756" lon="35.546730000000004">
        <ele>257.23872032757157</ele>
        <time>2026-07-13T09:00:45Z</time>
      </trkpt>
      <trkpt lat="33.05756" lon="35.546730000000004">
        <ele>259</ele>
        <time>2026-07-13T09:00:46Z</time>
      </trkpt>
      <trkpt lat="33.057480000000005" lon="35.54668">
        <ele>259</ele>
        <time>2026-07-13T09:00:47Z</time>
      </trkpt>
      <trkpt lat="33.057300000000005" lon="35.546640000000004">
        <ele>267</ele>
        <time>2026-07-13T09:00:48Z</time>
      </trkpt>
      <trkpt lat="33.057230000000004" lon="35.54657">
        <ele>267</ele>
        <time>2026-07-13T09:00:49Z</time>
      </trkpt>
      <trkpt lat="33.05697" lon="35.54647000000001">
        <ele>263.23449353449473</ele>
        <time>2026-07-13T09:00:50Z</time>
      </trkpt>
      <trkpt lat="33.05697" lon="35.54647000000001">
        <ele>263.23449353449473</ele>
        <time>2026-07-13T09:00:51Z</time>
      </trkpt>
      <trkpt lat="33.05697" lon="35.54647000000001">
        <ele>267</ele>
        <time>2026-07-13T09:00:52Z</time>
      </trkpt>
      <trkpt lat="33.05682" lon="35.54637">
        <ele>267</ele>
        <time>2026-07-13T09:00:53Z</time>
      </trkpt>
      <trkpt lat="33.05675" lon="35.54634">
        <ele>267</ele>
        <time>2026-07-13T09:00:54Z</time>
      </trkpt>
      <trkpt lat="33.056520000000006" lon="35.54612">
        <ele>266.75768685046694</ele>
        <time>2026-07-13T09:00:55Z</time>
      </trkpt>
      <trkpt lat="33.056520000000006" lon="35.54612">
        <ele>272</ele>
        <time>2026-07-13T09:00:56Z</time>
      </trkpt>
      <trkpt lat="33.05628" lon="35.54592">
        <ele>272</ele>
        <time>2026-07-13T09:00:57Z</time>
      </trkpt>
      <trkpt lat="33.05604" lon="35.545750000000005">
        <ele>272</ele>
        <time>2026-07-13T09:00:58Z</time>
      </trkpt>
      <trkpt lat="33.05584" lon="35.54556">
        <ele>272</ele>
        <time>2026-07-13T09:00:59Z</time>
      </trkpt>
      <trkpt lat="33.055600000000005" lon="35.54538">
        <ele>287</ele>
        <time>2026-07-13T09:01:00Z</time>
      </trkpt>
      <trkpt lat="33.055550000000004" lon="35.54531">
        <ele>279.69418860506266</ele>
        <time>2026-07-13T09:01:01Z</time>
      </trkpt>
      <trkpt lat="33.055550000000004" lon="35.54531">
        <ele>279.69418860506266</ele>
        <time>2026-07-13T09:01:02Z</time>
      </trkpt>
      <trkpt lat="33.055550000000004" lon="35.54531">
        <ele>287</ele>
        <time>2026-07-13T09:01:03Z</time>
      </trkpt>
      <trkpt lat="33.05547" lon="35.54524">
        <ele>287</ele>
        <time>2026-07-13T09:01:04Z</time>
      </trkpt>
      <trkpt lat="33.0552" lon="35.54506">
        <ele>285.28042838769005</ele>
        <time>2026-07-13T09:01:05Z</time>
      </trkpt>
      <trkpt lat="33.0552" lon="35.54506">
        <ele>287</ele>
        <time>2026-07-13T09:01:06Z</time>
      </trkpt>
      <trkpt lat="33.054750000000006" lon="35.544850000000004">
        <ele>299</ele>
        <time>2026-07-13T09:01:07Z</time>
      </trkpt>
      <trkpt lat="33.05456" lon="35.54482">
        <ele>299</ele>
        <time>2026-07-13T09:01:08Z</time>
      </trkpt>
      <trkpt lat="33.054370000000006" lon="35.54458">
        <ele>299</ele>
        <time>2026-07-13T09:01:09Z</time>
      </trkpt>
      <trkpt lat="33.05429" lon="35.544500000000006">
        <ele>304</ele>
        <time>2026-07-13T09:01:10Z</time>
      </trkpt>
      <trkpt lat="33.054280000000006" lon="35.54433">
        <ele>304</ele>
        <time>2026-07-13T09:01:11Z</time>
      </trkpt>
      <trkpt lat="33.05431" lon="35.54422">
        <ele>302.798929834863</ele>
        <time>2026-07-13T09:01:12Z</time>
      </trkpt>
      <trkpt lat="33.05431" lon="35.54422">
        <ele>302.798929834863</ele>
        <time>2026-07-13T09:01:13Z</time>
      </trkpt>
      <trkpt lat="33.05431" lon="35.54422">
        <ele>304</ele>
        <time>2026-07-13T09:01:14Z</time>
      </trkpt>
      <trkpt lat="33.054700000000004" lon="35.54308">
        <ele>318.58763413260635</ele>
        <time>2026-07-13T09:01:15Z</time>
      </trkpt>
      <trkpt lat="33.054700000000004" lon="35.54308">
        <ele>308</ele>
        <time>2026-07-13T09:01:16Z</time>
      </trkpt>
      <trkpt lat="33.05538" lon="35.54205">
        <ele>324</ele>
        <time>2026-07-13T09:01:17Z</time>
      </trkpt>
      <trkpt lat="33.05456" lon="35.541360000000005">
        <ele>292</ele>
        <time>2026-07-13T09:01:18Z</time>
      </trkpt>
      <trkpt lat="33.05422" lon="35.541430000000005">
        <ele>292</ele>
        <time>2026-07-13T09:01:19Z</time>
      </trkpt>
      <trkpt lat="33.05364" lon="35.54187">
        <ele>249</ele>
        <time>2026-07-13T09:01:20Z</time>
      </trkpt>
      <trkpt lat="33.0533" lon="35.54204">
        <ele>249</ele>
        <time>2026-07-13T09:01:21Z</time>
      </trkpt>
      <trkpt lat="33.053020000000004" lon="35.54191">
        <ele>224</ele>
        <time>2026-07-13T09:01:22Z</time>
      </trkpt>
      <trkpt lat="33.0527" lon="35.54119">
        <ele>217.33897450288953</ele>
        <time>2026-07-13T09:01:23Z</time>
      </trkpt>
      <trkpt lat="33.0527" lon="35.54119">
        <ele>217.33897450288953</ele>
        <time>2026-07-13T09:01:24Z</time>
      </trkpt>
      <trkpt lat="33.0527" lon="35.54119">
        <ele>217.33897450288953</ele>
        <time>2026-07-13T09:01:25Z</time>
      </trkpt>
      <trkpt lat="33.0527" lon="35.54119">
        <ele>225</ele>
        <time>2026-07-13T09:01:26Z</time>
      </trkpt>
      <trkpt lat="33.052670000000006" lon="35.541090000000004">
        <ele>225</ele>
        <time>2026-07-13T09:01:27Z</time>
      </trkpt>
      <trkpt lat="33.05265" lon="35.54093">
        <ele>225</ele>
        <time>2026-07-13T09:01:28Z</time>
      </trkpt>
      <trkpt lat="33.05272" lon="35.54032">
        <ele>230</ele>
        <time>2026-07-13T09:01:29Z</time>
      </trkpt>
      <trkpt lat="33.05276" lon="35.54014">
        <ele>230</ele>
        <time>2026-07-13T09:01:30Z</time>
      </trkpt>
      <trkpt lat="33.052890000000005" lon="35.539840000000005">
        <ele>230</ele>
        <time>2026-07-13T09:01:31Z</time>
      </trkpt>
      <trkpt lat="33.05297" lon="35.53974">
        <ele>230</ele>
        <time>2026-07-13T09:01:32Z</time>
      </trkpt>
      <trkpt lat="33.05315" lon="35.5396">
        <ele>222.1721205760127</ele>
        <time>2026-07-13T09:01:33Z</time>
      </trkpt>
      <trkpt lat="33.05315" lon="35.5396">
        <ele>222.1721205760127</ele>
        <time>2026-07-13T09:01:34Z</time>
      </trkpt>
      <trkpt lat="33.05315" lon="35.5396">
        <ele>222.1721205760127</ele>
        <time>2026-07-13T09:01:35Z</time>
      </trkpt>
      <extensions>
        <RoutingType xmlns="">Hike</RoutingType>
      </extensions>
    </trkseg>
    <trkseg>
      <trkpt lat="33.05315" lon="35.5396">
        <ele>222.1721205760127</ele>
        <time>2026-07-13T09:01:35Z</time>
      </trkpt>
      <trkpt lat="33.05315" lon="35.5396">
        <ele>230</ele>
        <time>2026-07-13T09:01:36Z</time>
      </trkpt>
      <trkpt lat="33.05321" lon="35.53951">
        <ele>253</ele>
        <time>2026-07-13T09:01:37Z</time>
      </trkpt>
      <trkpt lat="33.053270000000005" lon="35.539390000000004">
        <ele>253</ele>
        <time>2026-07-13T09:01:38Z</time>
      </trkpt>
      <trkpt lat="33.053340000000006" lon="35.53918">
        <ele>229</ele>
        <time>2026-07-13T09:01:39Z</time>
      </trkpt>
      <trkpt lat="33.053450000000005" lon="35.53893">
        <ele>229</ele>
        <time>2026-07-13T09:01:40Z</time>
      </trkpt>
      <trkpt lat="33.053520000000006" lon="35.53864">
        <ele>241</ele>
        <time>2026-07-13T09:01:41Z</time>
      </trkpt>
      <trkpt lat="33.053740000000005" lon="35.538230000000006">
        <ele>241</ele>
        <time>2026-07-13T09:01:42Z</time>
      </trkpt>
      <trkpt lat="33.053920000000005" lon="35.53795">
        <ele>226.30546834937138</ele>
        <time>2026-07-13T09:01:43Z</time>
      </trkpt>
      <trkpt lat="33.053920000000005" lon="35.53795">
        <ele>241</ele>
        <time>2026-07-13T09:01:44Z</time>
      </trkpt>
      <trkpt lat="33.054080000000006" lon="35.537620000000004">
        <ele>226.63625875714325</ele>
        <time>2026-07-13T09:01:45Z</time>
      </trkpt>
      <trkpt lat="33.054080000000006" lon="35.537620000000004">
        <ele>226.63625875714325</ele>
        <time>2026-07-13T09:01:46Z</time>
      </trkpt>
      <trkpt lat="33.054080000000006" lon="35.537620000000004">
        <ele>260</ele>
        <time>2026-07-13T09:01:47Z</time>
      </trkpt>
      <trkpt lat="33.05409" lon="35.53752">
        <ele>260</ele>
        <time>2026-07-13T09:01:48Z</time>
      </trkpt>
      <trkpt lat="33.054050000000004" lon="35.5373">
        <ele>260</ele>
        <time>2026-07-13T09:01:49Z</time>
      </trkpt>
      <trkpt lat="33.054050000000004" lon="35.53692">
        <ele>275</ele>
        <time>2026-07-13T09:01:50Z</time>
      </trkpt>
      <trkpt lat="33.05407" lon="35.536770000000004">
        <ele>275</ele>
        <time>2026-07-13T09:01:51Z</time>
      </trkpt>
      <trkpt lat="33.054100000000005" lon="35.53665">
        <ele>275</ele>
        <time>2026-07-13T09:01:52Z</time>
      </trkpt>
      <trkpt lat="33.05424" lon="35.536350000000006">
        <ele>230.99660588867278</ele>
        <time>2026-07-13T09:01:53Z</time>
      </trkpt>
      <trkpt lat="33.05424" lon="35.536350000000006">
        <ele>238</ele>
        <time>2026-07-13T09:01:54Z</time>
      </trkpt>
      <trkpt lat="33.05431" lon="35.53625">
        <ele>238</ele>
        <time>2026-07-13T09:01:55Z</time>
      </trkpt>
      <trkpt lat="33.054610000000004" lon="35.535970000000006">
        <ele>234.17958797333395</ele>
        <time>2026-07-13T09:01:56Z</time>
      </trkpt>
      <trkpt lat="33.054610000000004" lon="35.535970000000006">
        <ele>234.17958797333395</ele>
        <time>2026-07-13T09:01:57Z</time>
      </trkpt>
      <trkpt lat="33.054610000000004" lon="35.535970000000006">
        <ele>248</ele>
        <time>2026-07-13T09:01:58Z</time>
      </trkpt>
      <trkpt lat="33.05474" lon="35.535810000000005">
        <ele>248</ele>
        <time>2026-07-13T09:01:59Z</time>
      </trkpt>
      <trkpt lat="33.05474" lon="35.535810000000005">
        <ele>248</ele>
        <time>2026-07-13T09:02:00Z</time>
      </trkpt>
      <trkpt lat="33.054930000000006" lon="35.5356">
        <ele>248</ele>
        <time>2026-07-13T09:02:01Z</time>
      </trkpt>
      <trkpt lat="33.05519" lon="35.53515">
        <ele>250</ele>
        <time>2026-07-13T09:02:02Z</time>
      </trkpt>
      <trkpt lat="33.05538" lon="35.53475">
        <ele>239.365694208042</ele>
        <time>2026-07-13T09:02:03Z</time>
      </trkpt>
      <trkpt lat="33.05538" lon="35.53475">
        <ele>250</ele>
        <time>2026-07-13T09:02:04Z</time>
      </trkpt>
      <trkpt lat="33.05547" lon="35.534620000000004">
        <ele>250</ele>
        <time>2026-07-13T09:02:05Z</time>
      </trkpt>
      <trkpt lat="33.05563" lon="35.534510000000004">
        <ele>284</ele>
        <time>2026-07-13T09:02:06Z</time>
      </trkpt>
      <trkpt lat="33.05576" lon="35.53445">
        <ele>242.89318931391472</ele>
        <time>2026-07-13T09:02:07Z</time>
      </trkpt>
      <trkpt lat="33.05576" lon="35.53445">
        <ele>242.89318931391472</ele>
        <time>2026-07-13T09:02:08Z</time>
      </trkpt>
      <trkpt lat="33.05576" lon="35.53445">
        <ele>284</ele>
        <time>2026-07-13T09:02:09Z</time>
      </trkpt>
      <trkpt lat="33.05621" lon="35.53435">
        <ele>255</ele>
        <time>2026-07-13T09:02:10Z</time>
      </trkpt>
      <trkpt lat="33.056540000000005" lon="35.534310000000005">
        <ele>255</ele>
        <time>2026-07-13T09:02:11Z</time>
      </trkpt>
      <trkpt lat="33.056810000000006" lon="35.53425">
        <ele>258</ele>
        <time>2026-07-13T09:02:12Z</time>
      </trkpt>
      <trkpt lat="33.057030000000005" lon="35.534130000000005">
        <ele>252.24077241432974</ele>
        <time>2026-07-13T09:02:13Z</time>
      </trkpt>
      <trkpt lat="33.057030000000005" lon="35.534130000000005">
        <ele>258</ele>
        <time>2026-07-13T09:02:14Z</time>
      </trkpt>
      <trkpt lat="33.057460000000006" lon="35.53381">
        <ele>271</ele>
        <time>2026-07-13T09:02:15Z</time>
      </trkpt>
      <trkpt lat="33.0578" lon="35.533620000000006">
        <ele>265</ele>
        <time>2026-07-13T09:02:16Z</time>
      </trkpt>
      <trkpt lat="33.0582" lon="35.533480000000004">
        <ele>265</ele>
        <time>2026-07-13T09:02:17Z</time>
      </trkpt>
      <trkpt lat="33.05857" lon="35.5334">
        <ele>252.3095469074325</ele>
        <time>2026-07-13T09:02:18Z</time>
      </trkpt>
      <trkpt lat="33.05857" lon="35.5334">
        <ele>252.3095469074325</ele>
        <time>2026-07-13T09:02:19Z</time>
      </trkpt>
      <trkpt lat="33.05857" lon="35.5334">
        <ele>261</ele>
        <time>2026-07-13T09:02:20Z</time>
      </trkpt>
      <trkpt lat="33.058730000000004" lon="35.53329">
        <ele>261</ele>
        <time>2026-07-13T09:02:21Z</time>
      </trkpt>
      <trkpt lat="33.058840000000004" lon="35.53313">
        <ele>261</ele>
        <time>2026-07-13T09:02:22Z</time>
      </trkpt>
      <trkpt lat="33.058840000000004" lon="35.53313">
        <ele>256.07547393200804</ele>
        <time>2026-07-13T09:02:23Z</time>
      </trkpt>
      <trkpt lat="33.058840000000004" lon="35.53313">
        <ele>261</ele>
        <time>2026-07-13T09:02:24Z</time>
      </trkpt>
      <trkpt lat="33.0589" lon="35.53295">
        <ele>261</ele>
        <time>2026-07-13T09:02:25Z</time>
      </trkpt>
      <trkpt lat="33.05901" lon="35.53275">
        <ele>287</ele>
        <time>2026-07-13T09:02:26Z</time>
      </trkpt>
      <trkpt lat="33.059070000000006" lon="35.53247">
        <ele>287</ele>
        <time>2026-07-13T09:02:27Z</time>
      </trkpt>
      <trkpt lat="33.059200000000004" lon="35.53206">
        <ele>266</ele>
        <time>2026-07-13T09:02:28Z</time>
      </trkpt>
      <trkpt lat="33.059430000000006" lon="35.531620000000004">
        <ele>266.7707009836462</ele>
        <time>2026-07-13T09:02:29Z</time>
      </trkpt>
      <trkpt lat="33.059430000000006" lon="35.531620000000004">
        <ele>266.7707009836462</ele>
        <time>2026-07-13T09:02:30Z</time>
      </trkpt>
      <trkpt lat="33.059430000000006" lon="35.531620000000004">
        <ele>273</ele>
        <time>2026-07-13T09:02:31Z</time>
      </trkpt>
      <trkpt lat="33.05957" lon="35.531220000000005">
        <ele>273</ele>
        <time>2026-07-13T09:02:32Z</time>
      </trkpt>
      <trkpt lat="33.059630000000006" lon="35.531090000000006">
        <ele>269.052995088735</ele>
        <time>2026-07-13T09:02:33Z</time>
      </trkpt>
      <trkpt lat="33.059630000000006" lon="35.531090000000006">
        <ele>295</ele>
        <time>2026-07-13T09:02:34Z</time>
      </trkpt>
      <trkpt lat="33.05971" lon="35.53097">
        <ele>295</ele>
        <time>2026-07-13T09:02:35Z</time>
      </trkpt>
      <trkpt lat="33.059900000000006" lon="35.53076">
        <ele>295</ele>
        <time>2026-07-13T09:02:36Z</time>
      </trkpt>
      <trkpt lat="33.05998" lon="35.53063">
        <ele>277</ele>
        <time>2026-07-13T09:02:37Z</time>
      </trkpt>
      <trkpt lat="33.06002" lon="35.53052">
        <ele>277</ele>
        <time>2026-07-13T09:02:38Z</time>
      </trkpt>
      <trkpt lat="33.060030000000005" lon="35.53042">
        <ele>277</ele>
        <time>2026-07-13T09:02:39Z</time>
      </trkpt>
      <trkpt lat="33.060030000000005" lon="35.53004">
        <ele>275.44941174548757</ele>
        <time>2026-07-13T09:02:40Z</time>
      </trkpt>
      <trkpt lat="33.060030000000005" lon="35.53004">
        <ele>275.44941174548757</ele>
        <time>2026-07-13T09:02:41Z</time>
      </trkpt>
      <trkpt lat="33.060030000000005" lon="35.53004">
        <ele>283</ele>
        <time>2026-07-13T09:02:42Z</time>
      </trkpt>
      <trkpt lat="33.06016" lon="35.529500000000006">
        <ele>279.6309119053062</ele>
        <time>2026-07-13T09:02:43Z</time>
      </trkpt>
      <trkpt lat="33.06016" lon="35.529500000000006">
        <ele>302</ele>
        <time>2026-07-13T09:02:44Z</time>
      </trkpt>
      <trkpt lat="33.06029" lon="35.529140000000005">
        <ele>302</ele>
        <time>2026-07-13T09:02:45Z</time>
      </trkpt>
      <trkpt lat="33.06038" lon="35.52892">
        <ele>302</ele>
        <time>2026-07-13T09:02:46Z</time>
      </trkpt>
      <trkpt lat="33.060570000000006" lon="35.52857">
        <ele>338</ele>
        <time>2026-07-13T09:02:47Z</time>
      </trkpt>
      <trkpt lat="33.06065" lon="35.52848">
        <ele>338</ele>
        <time>2026-07-13T09:02:48Z</time>
      </trkpt>
      <trkpt lat="33.061150000000005" lon="35.5281">
        <ele>295</ele>
        <time>2026-07-13T09:02:49Z</time>
      </trkpt>
      <trkpt lat="33.061280000000004" lon="35.52796">
        <ele>295</ele>
        <time>2026-07-13T09:02:50Z</time>
      </trkpt>
      <trkpt lat="33.06148" lon="35.527710000000006">
        <ele>296.0339645483415</ele>
        <time>2026-07-13T09:02:51Z</time>
      </trkpt>
      <trkpt lat="33.06148" lon="35.527710000000006">
        <ele>296.0339645483415</ele>
        <time>2026-07-13T09:02:52Z</time>
      </trkpt>
      <trkpt lat="33.06148" lon="35.527710000000006">
        <ele>296.0339645483415</ele>
        <time>2026-07-13T09:02:53Z</time>
      </trkpt>
      <trkpt lat="33.06148" lon="35.527710000000006">
        <ele>325</ele>
        <time>2026-07-13T09:02:54Z</time>
      </trkpt>
      <trkpt lat="33.06167" lon="35.52751">
        <ele>306</ele>
        <time>2026-07-13T09:02:55Z</time>
      </trkpt>
      <trkpt lat="33.06201" lon="35.527260000000005">
        <ele>306</ele>
        <time>2026-07-13T09:02:56Z</time>
      </trkpt>
      <trkpt lat="33.06237" lon="35.5268">
        <ele>337</ele>
        <time>2026-07-13T09:02:57Z</time>
      </trkpt>
      <trkpt lat="33.06262" lon="35.52658">
        <ele>311</ele>
        <time>2026-07-13T09:02:58Z</time>
      </trkpt>
      <trkpt lat="33.06311" lon="35.52629">
        <ele>311</ele>
        <time>2026-07-13T09:02:59Z</time>
      </trkpt>
      <trkpt lat="33.06409" lon="35.52546">
        <ele>327</ele>
        <time>2026-07-13T09:03:00Z</time>
      </trkpt>
      <trkpt lat="33.06423" lon="35.52541">
        <ele>301.92954330892474</ele>
        <time>2026-07-13T09:03:01Z</time>
      </trkpt>
      <trkpt lat="33.06423" lon="35.52541">
        <ele>301.92954330892474</ele>
        <time>2026-07-13T09:03:02Z</time>
      </trkpt>
      <trkpt lat="33.06423" lon="35.52541">
        <ele>301.92954330892474</ele>
        <time>2026-07-13T09:03:03Z</time>
      </trkpt>
      <trkpt lat="33.06423" lon="35.52541">
        <ele>306</ele>
        <time>2026-07-13T09:03:04Z</time>
      </trkpt>
      <trkpt lat="33.06452" lon="35.525380000000006">
        <ele>321</ele>
        <time>2026-07-13T09:03:05Z</time>
      </trkpt>
      <trkpt lat="33.06458" lon="35.52535">
        <ele>321</ele>
        <time>2026-07-13T09:03:06Z</time>
      </trkpt>
      <trkpt lat="33.06481" lon="35.525150000000004">
        <ele>321</ele>
        <time>2026-07-13T09:03:07Z</time>
      </trkpt>
      <trkpt lat="33.065270000000005" lon="35.5247">
        <ele>308</ele>
        <time>2026-07-13T09:03:08Z</time>
      </trkpt>
      <trkpt lat="33.06561" lon="35.52422">
        <ele>325</ele>
        <time>2026-07-13T09:03:09Z</time>
      </trkpt>
      <trkpt lat="33.065960000000004" lon="35.52366">
        <ele>327</ele>
        <time>2026-07-13T09:03:10Z</time>
      </trkpt>
      <trkpt lat="33.06611" lon="35.52349">
        <ele>313.8239928517358</ele>
        <time>2026-07-13T09:03:11Z</time>
      </trkpt>
      <trkpt lat="33.06611" lon="35.52349">
        <ele>327</ele>
        <time>2026-07-13T09:03:12Z</time>
      </trkpt>
      <trkpt lat="33.06633" lon="35.523430000000005">
        <ele>311.6563478390152</ele>
        <time>2026-07-13T09:03:13Z</time>
      </trkpt>
      <trkpt lat="33.06633" lon="35.523430000000005">
        <ele>311.6563478390152</ele>
        <time>2026-07-13T09:03:14Z</time>
      </trkpt>
      <trkpt lat="33.06633" lon="35.523430000000005">
        <ele>327</ele>
        <time>2026-07-13T09:03:15Z</time>
      </trkpt>
      <trkpt lat="33.066660000000006" lon="35.523270000000004">
        <ele>316</ele>
        <time>2026-07-13T09:03:16Z</time>
      </trkpt>
      <trkpt lat="33.06727" lon="35.52288">
        <ele>349</ele>
        <time>2026-07-13T09:03:17Z</time>
      </trkpt>
      <trkpt lat="33.06745" lon="35.522780000000004">
        <ele>338.5</ele>
        <time>2026-07-13T09:03:18Z</time>
      </trkpt>
      <trkpt lat="33.06745" lon="35.522780000000004">
        <ele>338.5</ele>
        <time>2026-07-13T09:03:19Z</time>
      </trkpt>
      <trkpt lat="33.06772" lon="35.52264">
        <ele>328</ele>
        <time>2026-07-13T09:03:20Z</time>
      </trkpt>
      <trkpt lat="33.068070000000006" lon="35.52255">
        <ele>313.83940943751355</ele>
        <time>2026-07-13T09:03:21Z</time>
      </trkpt>
      <trkpt lat="33.068070000000006" lon="35.52255">
        <ele>328</ele>
        <time>2026-07-13T09:03:22Z</time>
      </trkpt>
      <trkpt lat="33.06835" lon="35.522510000000004">
        <ele>321</ele>
        <time>2026-07-13T09:03:23Z</time>
      </trkpt>
      <extensions>
        <RoutingType xmlns="">Hike</RoutingType>
      </extensions>
    </trkseg>
    <trkseg>
      <trkpt lat="33.06835" lon="35.522510000000004">
        <ele>321</ele>
        <time>2026-07-13T09:03:23Z</time>
      </trkpt>
      <trkpt lat="33.06848" lon="35.52246">
        <ele>313.55662090177225</ele>
        <time>2026-07-13T09:03:24Z</time>
      </trkpt>
      <trkpt lat="33.06848" lon="35.52246">
        <ele>313.55662090177225</ele>
        <time>2026-07-13T09:03:25Z</time>
      </trkpt>
      <trkpt lat="33.06848" lon="35.52246">
        <ele>321</ele>
        <time>2026-07-13T09:03:26Z</time>
      </trkpt>
      <trkpt lat="33.068960000000004" lon="35.522180000000006">
        <ele>321</ele>
        <time>2026-07-13T09:03:27Z</time>
      </trkpt>
      <trkpt lat="33.06924" lon="35.521930000000005">
        <ele>328</ele>
        <time>2026-07-13T09:03:28Z</time>
      </trkpt>
      <trkpt lat="33.069340000000004" lon="35.52181">
        <ele>328</ele>
        <time>2026-07-13T09:03:29Z</time>
      </trkpt>
      <trkpt lat="33.0696" lon="35.52136">
        <ele>328</ele>
        <time>2026-07-13T09:03:30Z</time>
      </trkpt>
      <trkpt lat="33.069680000000005" lon="35.52127">
        <ele>318.34189051466956</ele>
        <time>2026-07-13T09:03:31Z</time>
      </trkpt>
      <trkpt lat="33.069680000000005" lon="35.52127">
        <ele>328</ele>
        <time>2026-07-13T09:03:32Z</time>
      </trkpt>
      <trkpt lat="33.06974" lon="35.52129">
        <ele>328</ele>
        <time>2026-07-13T09:03:33Z</time>
      </trkpt>
      <trkpt lat="33.06987" lon="35.52123">
        <ele>328</ele>
        <time>2026-07-13T09:03:34Z</time>
      </trkpt>
      <trkpt lat="33.07115" lon="35.51943">
        <ele>321.08339804480653</ele>
        <time>2026-07-13T09:03:35Z</time>
      </trkpt>
      <trkpt lat="33.07115" lon="35.51943">
        <ele>321.08339804480653</ele>
        <time>2026-07-13T09:03:36Z</time>
      </trkpt>
      <trkpt lat="33.07115" lon="35.51943">
        <ele>325</ele>
        <time>2026-07-13T09:03:37Z</time>
      </trkpt>
      <trkpt lat="33.071490000000004" lon="35.51946">
        <ele>325</ele>
        <time>2026-07-13T09:03:38Z</time>
      </trkpt>
      <trkpt lat="33.07218" lon="35.519000000000005">
        <ele>325</ele>
        <time>2026-07-13T09:03:39Z</time>
      </trkpt>
      <trkpt lat="33.07262" lon="35.518980000000006">
        <ele>332</ele>
        <time>2026-07-13T09:03:40Z</time>
      </trkpt>
      <trkpt lat="33.0728" lon="35.51892">
        <ele>331.0490174309816</ele>
        <time>2026-07-13T09:03:41Z</time>
      </trkpt>
      <trkpt lat="33.0728" lon="35.51892">
        <ele>332</ele>
        <time>2026-07-13T09:03:42Z</time>
      </trkpt>
      <trkpt lat="33.07285" lon="35.518840000000004">
        <ele>332</ele>
        <time>2026-07-13T09:03:43Z</time>
      </trkpt>
      <trkpt lat="33.072900000000004" lon="35.518730000000005">
        <ele>332</ele>
        <time>2026-07-13T09:03:44Z</time>
      </trkpt>
      <trkpt lat="33.072880000000005" lon="35.51861">
        <ele>329</ele>
        <time>2026-07-13T09:03:45Z</time>
      </trkpt>
      <trkpt lat="33.072880000000005" lon="35.51861">
        <ele>331.7646121127083</ele>
        <time>2026-07-13T09:03:46Z</time>
      </trkpt>
      <trkpt lat="33.072880000000005" lon="35.51861">
        <ele>331.7646121127083</ele>
        <time>2026-07-13T09:03:47Z</time>
      </trkpt>
      <trkpt lat="33.072880000000005" lon="35.51861">
        <ele>329</ele>
        <time>2026-07-13T09:03:48Z</time>
      </trkpt>
      <trkpt lat="33.07285" lon="35.518510000000006">
        <ele>329</ele>
        <time>2026-07-13T09:03:49Z</time>
      </trkpt>
      <trkpt lat="33.07271" lon="35.51827">
        <ele>329</ele>
        <time>2026-07-13T09:03:50Z</time>
      </trkpt>
      <trkpt lat="33.072680000000005" lon="35.518170000000005">
        <ele>326.1341601709519</ele>
        <time>2026-07-13T09:03:51Z</time>
      </trkpt>
      <trkpt lat="33.072680000000005" lon="35.518170000000005">
        <ele>329</ele>
        <time>2026-07-13T09:03:52Z</time>
      </trkpt>
      <trkpt lat="33.07267" lon="35.51802">
        <ele>329</ele>
        <time>2026-07-13T09:03:53Z</time>
      </trkpt>
      <trkpt lat="33.072720000000004" lon="35.51773">
        <ele>327</ele>
        <time>2026-07-13T09:03:54Z</time>
      </trkpt>
      <trkpt lat="33.072790000000005" lon="35.517480000000006">
        <ele>327</ele>
        <time>2026-07-13T09:03:55Z</time>
      </trkpt>
      <trkpt lat="33.072860000000006" lon="35.516960000000005">
        <ele>329</ele>
        <time>2026-07-13T09:03:56Z</time>
      </trkpt>
      <trkpt lat="33.072970000000005" lon="35.51657">
        <ele>326.00710869057923</ele>
        <time>2026-07-13T09:03:57Z</time>
      </trkpt>
      <trkpt lat="33.072970000000005" lon="35.51657">
        <ele>326.00710869057923</ele>
        <time>2026-07-13T09:03:58Z</time>
      </trkpt>
      <trkpt lat="33.072970000000005" lon="35.51657">
        <ele>329</ele>
        <time>2026-07-13T09:03:59Z</time>
      </trkpt>
      <trkpt lat="33.07302" lon="35.51646">
        <ele>329</ele>
        <time>2026-07-13T09:04:00Z</time>
      </trkpt>
      <trkpt lat="33.07323" lon="35.5161">
        <ele>329.2044411294527</ele>
        <time>2026-07-13T09:04:01Z</time>
      </trkpt>
      <trkpt lat="33.07323" lon="35.5161">
        <ele>341</ele>
        <time>2026-07-13T09:04:02Z</time>
      </trkpt>
      <trkpt lat="33.073350000000005" lon="35.515840000000004">
        <ele>337</ele>
        <time>2026-07-13T09:04:03Z</time>
      </trkpt>
      <trkpt lat="33.07345" lon="35.515690000000006">
        <ele>337</ele>
        <time>2026-07-13T09:04:04Z</time>
      </trkpt>
      <trkpt lat="33.0739" lon="35.5152">
        <ele>346</ele>
        <time>2026-07-13T09:04:05Z</time>
      </trkpt>
      <trkpt lat="33.07417" lon="35.514970000000005">
        <ele>343.5</ele>
        <time>2026-07-13T09:04:06Z</time>
      </trkpt>
      <trkpt lat="33.07417" lon="35.514970000000005">
        <ele>343.5</ele>
        <time>2026-07-13T09:04:07Z</time>
      </trkpt>
      <trkpt lat="33.074360000000006" lon="35.51483">
        <ele>332.40973431771806</ele>
        <time>2026-07-13T09:04:08Z</time>
      </trkpt>
      <trkpt lat="33.074360000000006" lon="35.51483">
        <ele>332.40973431771806</ele>
        <time>2026-07-13T09:04:09Z</time>
      </trkpt>
      <trkpt lat="33.074360000000006" lon="35.51483">
        <ele>341</ele>
        <time>2026-07-13T09:04:10Z</time>
      </trkpt>
      <trkpt lat="33.0745" lon="35.514720000000004">
        <ele>334.1243972726061</ele>
        <time>2026-07-13T09:04:11Z</time>
      </trkpt>
      <trkpt lat="33.0745" lon="35.514720000000004">
        <ele>341</ele>
        <time>2026-07-13T09:04:12Z</time>
      </trkpt>
      <trkpt lat="33.074630000000006" lon="35.514660000000006">
        <ele>341</ele>
        <time>2026-07-13T09:04:13Z</time>
      </trkpt>
      <trkpt lat="33.07497" lon="35.5146">
        <ele>346</ele>
        <time>2026-07-13T09:04:14Z</time>
      </trkpt>
      <trkpt lat="33.07515" lon="35.514500000000005">
        <ele>345</ele>
        <time>2026-07-13T09:04:15Z</time>
      </trkpt>
      <trkpt lat="33.075230000000005" lon="35.51442">
        <ele>345</ele>
        <time>2026-07-13T09:04:16Z</time>
      </trkpt>
      <trkpt lat="33.075300000000006" lon="35.51427">
        <ele>345</ele>
        <time>2026-07-13T09:04:17Z</time>
      </trkpt>
      <trkpt lat="33.0754" lon="35.513830000000006">
        <ele>345</ele>
        <time>2026-07-13T09:04:18Z</time>
      </trkpt>
      <trkpt lat="33.07555" lon="35.51343">
        <ele>337.5295120881702</ele>
        <time>2026-07-13T09:04:19Z</time>
      </trkpt>
      <trkpt lat="33.07555" lon="35.51343">
        <ele>337.5295120881702</ele>
        <time>2026-07-13T09:04:20Z</time>
      </trkpt>
      <trkpt lat="33.07555" lon="35.51343">
        <ele>337.5295120881702</ele>
        <time>2026-07-13T09:04:21Z</time>
      </trkpt>
      <trkpt lat="33.07555" lon="35.51343">
        <ele>361</ele>
        <time>2026-07-13T09:04:22Z</time>
      </trkpt>
      <trkpt lat="33.075700000000005" lon="35.51294">
        <ele>361</ele>
        <time>2026-07-13T09:04:23Z</time>
      </trkpt>
      <trkpt lat="33.07596" lon="35.51234">
        <ele>350</ele>
        <time>2026-07-13T09:04:24Z</time>
      </trkpt>
      <trkpt lat="33.076100000000004" lon="35.51198">
        <ele>355</ele>
        <time>2026-07-13T09:04:25Z</time>
      </trkpt>
      <trkpt lat="33.07614" lon="35.5118">
        <ele>355</ele>
        <time>2026-07-13T09:04:26Z</time>
      </trkpt>
      <trkpt lat="33.07616" lon="35.511660000000006">
        <ele>355</ele>
        <time>2026-07-13T09:04:27Z</time>
      </trkpt>
      <trkpt lat="33.076170000000005" lon="35.51144">
        <ele>355</ele>
        <time>2026-07-13T09:04:28Z</time>
      </trkpt>
      <trkpt lat="33.076130000000006" lon="35.51127">
        <ele>339.8510133272419</ele>
        <time>2026-07-13T09:04:29Z</time>
      </trkpt>
      <trkpt lat="33.076130000000006" lon="35.51127">
        <ele>339.8510133272419</ele>
        <time>2026-07-13T09:04:30Z</time>
      </trkpt>
      <trkpt lat="33.076130000000006" lon="35.51127">
        <ele>339.8510133272419</ele>
        <time>2026-07-13T09:04:31Z</time>
      </trkpt>
      <trkpt lat="33.076130000000006" lon="35.51127">
        <ele>355</ele>
        <time>2026-07-13T09:04:32Z</time>
      </trkpt>
      <trkpt lat="33.07605" lon="35.511100000000006">
        <ele>356</ele>
        <time>2026-07-13T09:04:33Z</time>
      </trkpt>
      <trkpt lat="33.07593" lon="35.5109">
        <ele>356</ele>
        <time>2026-07-13T09:04:34Z</time>
      </trkpt>
      <trkpt lat="33.07575" lon="35.510670000000005">
        <ele>388</ele>
        <time>2026-07-13T09:04:35Z</time>
      </trkpt>
      <trkpt lat="33.075700000000005" lon="35.51059">
        <ele>388</ele>
        <time>2026-07-13T09:04:36Z</time>
      </trkpt>
      <trkpt lat="33.07566" lon="35.51043">
        <ele>388</ele>
        <time>2026-07-13T09:04:37Z</time>
      </trkpt>
      <trkpt lat="33.07566" lon="35.51017">
        <ele>391</ele>
        <time>2026-07-13T09:04:38Z</time>
      </trkpt>
      <trkpt lat="33.07573" lon="35.509640000000005">
        <ele>349.8895244562915</ele>
        <time>2026-07-13T09:04:39Z</time>
      </trkpt>
      <trkpt lat="33.07573" lon="35.509640000000005">
        <ele>391</ele>
        <time>2026-07-13T09:04:40Z</time>
      </trkpt>
      <trkpt lat="33.07571" lon="35.50943">
        <ele>350.57855126895817</ele>
        <time>2026-07-13T09:04:41Z</time>
      </trkpt>
      <trkpt lat="33.07571" lon="35.50943">
        <ele>350.57855126895817</ele>
        <time>2026-07-13T09:04:42Z</time>
      </trkpt>
      <trkpt lat="33.07571" lon="35.50943">
        <ele>386</ele>
        <time>2026-07-13T09:04:43Z</time>
      </trkpt>
      <trkpt lat="33.07565" lon="35.509280000000004">
        <ele>386</ele>
        <time>2026-07-13T09:04:44Z</time>
      </trkpt>
      <trkpt lat="33.07555" lon="35.50912">
        <ele>386</ele>
        <time>2026-07-13T09:04:45Z</time>
      </trkpt>
      <trkpt lat="33.075450000000004" lon="35.50891">
        <ele>386</ele>
        <time>2026-07-13T09:04:46Z</time>
      </trkpt>
      <trkpt lat="33.075250000000004" lon="35.508070000000004">
        <ele>376</ele>
        <time>2026-07-13T09:04:47Z</time>
      </trkpt>
      <trkpt lat="33.0752" lon="35.507940000000005">
        <ele>376</ele>
        <time>2026-07-13T09:04:48Z</time>
      </trkpt>
      <trkpt lat="33.074960000000004" lon="35.50737">
        <ele>357.6476718408546</ele>
        <time>2026-07-13T09:04:49Z</time>
      </trkpt>
      <trkpt lat="33.074960000000004" lon="35.50737">
        <ele>366</ele>
        <time>2026-07-13T09:04:50Z</time>
      </trkpt>
      <trkpt lat="33.07491" lon="35.50724">
        <ele>414</ele>
        <time>2026-07-13T09:04:51Z</time>
      </trkpt>
      <trkpt lat="33.07481" lon="35.506800000000005">
        <ele>364.02741379193816</ele>
        <time>2026-07-13T09:04:52Z</time>
      </trkpt>
      <trkpt lat="33.07481" lon="35.506800000000005">
        <ele>364.02741379193816</ele>
        <time>2026-07-13T09:04:53Z</time>
      </trkpt>
      <trkpt lat="33.07481" lon="35.506800000000005">
        <ele>405</ele>
        <time>2026-07-13T09:04:54Z</time>
      </trkpt>
      <trkpt lat="33.07466" lon="35.506400000000006">
        <ele>405</ele>
        <time>2026-07-13T09:04:55Z</time>
      </trkpt>
      <trkpt lat="33.074560000000005" lon="35.50623">
        <ele>402</ele>
        <time>2026-07-13T09:04:56Z</time>
      </trkpt>
      <trkpt lat="33.074400000000004" lon="35.506040000000006">
        <ele>402</ele>
        <time>2026-07-13T09:04:57Z</time>
      </trkpt>
      <trkpt lat="33.07433" lon="35.505900000000004">
        <ele>402</ele>
        <time>2026-07-13T09:04:58Z</time>
      </trkpt>
      <trkpt lat="33.07432" lon="35.50576">
        <ele>377.7170090291645</ele>
        <time>2026-07-13T09:04:59Z</time>
      </trkpt>
      <trkpt lat="33.07432" lon="35.50576">
        <ele>402</ele>
        <time>2026-07-13T09:05:00Z</time>
      </trkpt>
      <trkpt lat="33.07435" lon="35.50555">
        <ele>394.5</ele>
        <time>2026-07-13T09:05:01Z</time>
      </trkpt>
      <trkpt lat="33.07435" lon="35.50555">
        <ele>394.5</ele>
        <time>2026-07-13T09:05:02Z</time>
      </trkpt>
      <trkpt lat="33.074510000000004" lon="35.50509">
        <ele>372.70984871187534</ele>
        <time>2026-07-13T09:05:03Z</time>
      </trkpt>
      <trkpt lat="33.074510000000004" lon="35.50509">
        <ele>372.70984871187534</ele>
        <time>2026-07-13T09:05:04Z</time>
      </trkpt>
      <trkpt lat="33.074510000000004" lon="35.50509">
        <ele>387</ele>
        <time>2026-07-13T09:05:05Z</time>
      </trkpt>
      <trkpt lat="33.07457" lon="35.50486">
        <ele>387</ele>
        <time>2026-07-13T09:05:06Z</time>
      </trkpt>
      <trkpt lat="33.07457" lon="35.504760000000005">
        <ele>387</ele>
        <time>2026-07-13T09:05:07Z</time>
      </trkpt>
      <trkpt lat="33.07455" lon="35.5047">
        <ele>387</ele>
        <time>2026-07-13T09:05:08Z</time>
      </trkpt>
      <trkpt lat="33.0745" lon="35.504630000000006">
        <ele>372.49659404883334</ele>
        <time>2026-07-13T09:05:09Z</time>
      </trkpt>
      <trkpt lat="33.0745" lon="35.504630000000006">
        <ele>387</ele>
        <time>2026-07-13T09:05:10Z</time>
      </trkpt>
      <trkpt lat="33.074200000000005" lon="35.50442">
        <ele>372</ele>
        <time>2026-07-13T09:05:11Z</time>
      </trkpt>
      <extensions>
        <RoutingType xmlns="">Hike</RoutingType>
      </extensions>
    </trkseg>
    <trkseg>
      <trkpt lat="33.074200000000005" lon="35.50442">
        <ele>372</ele>
        <time>2026-07-13T09:05:11Z</time>
      </trkpt>
      <trkpt lat="33.07367" lon="35.503730000000004">
        <ele>379</ele>
        <time>2026-07-13T09:05:12Z</time>
      </trkpt>
      <trkpt lat="33.0734" lon="35.50318">
        <ele>379</ele>
        <time>2026-07-13T09:05:13Z</time>
      </trkpt>
      <trkpt lat="33.073040000000006" lon="35.50271">
        <ele>372.9593225964769</ele>
        <time>2026-07-13T09:05:14Z</time>
      </trkpt>
      <trkpt lat="33.073040000000006" lon="35.50271">
        <ele>372.9593225964769</ele>
        <time>2026-07-13T09:05:15Z</time>
      </trkpt>
      <trkpt lat="33.073040000000006" lon="35.50271">
        <ele>394</ele>
        <time>2026-07-13T09:05:16Z</time>
      </trkpt>
      <trkpt lat="33.07294" lon="35.50254">
        <ele>394</ele>
        <time>2026-07-13T09:05:17Z</time>
      </trkpt>
      <trkpt lat="33.07258" lon="35.501830000000005">
        <ele>378</ele>
        <time>2026-07-13T09:05:18Z</time>
      </trkpt>
      <trkpt lat="33.07238" lon="35.501380000000005">
        <ele>371.5580534450231</ele>
        <time>2026-07-13T09:05:19Z</time>
      </trkpt>
      <trkpt lat="33.07238" lon="35.501380000000005">
        <ele>407</ele>
        <time>2026-07-13T09:05:20Z</time>
      </trkpt>
      <trkpt lat="33.07227" lon="35.501180000000005">
        <ele>397.5</ele>
        <time>2026-07-13T09:05:21Z</time>
      </trkpt>
      <trkpt lat="33.07227" lon="35.501180000000005">
        <ele>397.5</ele>
        <time>2026-07-13T09:05:22Z</time>
      </trkpt>
      <trkpt lat="33.072100000000006" lon="35.50088">
        <ele>388</ele>
        <time>2026-07-13T09:05:23Z</time>
      </trkpt>
      <trkpt lat="33.071920000000006" lon="35.49996">
        <ele>381</ele>
        <time>2026-07-13T09:05:24Z</time>
      </trkpt>
      <trkpt lat="33.07186" lon="35.4998">
        <ele>372.0528709376608</ele>
        <time>2026-07-13T09:05:25Z</time>
      </trkpt>
      <trkpt lat="33.07186" lon="35.4998">
        <ele>372.0528709376608</ele>
        <time>2026-07-13T09:05:26Z</time>
      </trkpt>
      <trkpt lat="33.07186" lon="35.4998">
        <ele>381</ele>
        <time>2026-07-13T09:05:27Z</time>
      </trkpt>
      <trkpt lat="33.071780000000004" lon="35.499680000000005">
        <ele>381</ele>
        <time>2026-07-13T09:05:28Z</time>
      </trkpt>
      <trkpt lat="33.07148" lon="35.499340000000004">
        <ele>377.54728370182465</ele>
        <time>2026-07-13T09:05:29Z</time>
      </trkpt>
      <trkpt lat="33.07148" lon="35.499340000000004">
        <ele>390</ele>
        <time>2026-07-13T09:05:30Z</time>
      </trkpt>
      <trkpt lat="33.07137" lon="35.499190000000006">
        <ele>390</ele>
        <time>2026-07-13T09:05:31Z</time>
      </trkpt>
      <trkpt lat="33.07132" lon="35.49911">
        <ele>390</ele>
        <time>2026-07-13T09:05:32Z</time>
      </trkpt>
      <trkpt lat="33.071270000000005" lon="35.499">
        <ele>390</ele>
        <time>2026-07-13T09:05:33Z</time>
      </trkpt>
      <trkpt lat="33.071200000000005" lon="35.4986">
        <ele>401</ele>
        <time>2026-07-13T09:05:34Z</time>
      </trkpt>
      <trkpt lat="33.07119" lon="35.498450000000005">
        <ele>401</ele>
        <time>2026-07-13T09:05:35Z</time>
      </trkpt>
      <trkpt lat="33.07119" lon="35.49777">
        <ele>386.1432747076665</ele>
        <time>2026-07-13T09:05:36Z</time>
      </trkpt>
      <trkpt lat="33.07119" lon="35.49777">
        <ele>386.1432747076665</ele>
        <time>2026-07-13T09:05:37Z</time>
      </trkpt>
      <trkpt lat="33.07119" lon="35.49777">
        <ele>403</ele>
        <time>2026-07-13T09:05:38Z</time>
      </trkpt>
      <trkpt lat="33.07123" lon="35.49721">
        <ele>385.6142361701485</ele>
        <time>2026-07-13T09:05:39Z</time>
      </trkpt>
      <trkpt lat="33.07123" lon="35.49721">
        <ele>403</ele>
        <time>2026-07-13T09:05:40Z</time>
      </trkpt>
      <trkpt lat="33.07135" lon="35.49616">
        <ele>421</ele>
        <time>2026-07-13T09:05:41Z</time>
      </trkpt>
      <trkpt lat="33.071450000000006" lon="35.49589">
        <ele>421</ele>
        <time>2026-07-13T09:05:42Z</time>
      </trkpt>
      <trkpt lat="33.071580000000004" lon="35.49569">
        <ele>421</ele>
        <time>2026-07-13T09:05:43Z</time>
      </trkpt>
      <trkpt lat="33.07181" lon="35.49541">
        <ele>406</ele>
        <time>2026-07-13T09:05:44Z</time>
      </trkpt>
      <trkpt lat="33.071960000000004" lon="35.49512">
        <ele>406</ele>
        <time>2026-07-13T09:05:45Z</time>
      </trkpt>
      <trkpt lat="33.07204" lon="35.49503">
        <ele>406</ele>
        <time>2026-07-13T09:05:46Z</time>
      </trkpt>
      <trkpt lat="33.07218" lon="35.49492">
        <ele>393.4655441528726</ele>
        <time>2026-07-13T09:05:47Z</time>
      </trkpt>
      <trkpt lat="33.07218" lon="35.49492">
        <ele>393.4655441528726</ele>
        <time>2026-07-13T09:05:48Z</time>
      </trkpt>
      <trkpt lat="33.07218" lon="35.49492">
        <ele>393.4655441528726</ele>
        <time>2026-07-13T09:05:49Z</time>
      </trkpt>
      <trkpt lat="33.07218" lon="35.49492">
        <ele>406</ele>
        <time>2026-07-13T09:05:50Z</time>
      </trkpt>
      <trkpt lat="33.07228" lon="35.494800000000005">
        <ele>406</ele>
        <time>2026-07-13T09:05:51Z</time>
      </trkpt>
      <trkpt lat="33.072300000000006" lon="35.494730000000004">
        <ele>406</ele>
        <time>2026-07-13T09:05:52Z</time>
      </trkpt>
      <trkpt lat="33.07231" lon="35.494580000000006">
        <ele>406</ele>
        <time>2026-07-13T09:05:53Z</time>
      </trkpt>
      <trkpt lat="33.07229" lon="35.49445">
        <ele>415</ele>
        <time>2026-07-13T09:05:54Z</time>
      </trkpt>
      <trkpt lat="33.0722" lon="35.49416">
        <ele>415</ele>
        <time>2026-07-13T09:05:55Z</time>
      </trkpt>
      <trkpt lat="33.07213" lon="35.49376">
        <ele>415</ele>
        <time>2026-07-13T09:05:56Z</time>
      </trkpt>
      <trkpt lat="33.072140000000005" lon="35.49347">
        <ele>398.88257332984097</ele>
        <time>2026-07-13T09:05:57Z</time>
      </trkpt>
      <trkpt lat="33.072140000000005" lon="35.49347">
        <ele>398.88257332984097</ele>
        <time>2026-07-13T09:05:58Z</time>
      </trkpt>
      <trkpt lat="33.072140000000005" lon="35.49347">
        <ele>398.88257332984097</ele>
        <time>2026-07-13T09:05:59Z</time>
      </trkpt>
      <trkpt lat="33.072140000000005" lon="35.49347">
        <ele>414</ele>
        <time>2026-07-13T09:06:00Z</time>
      </trkpt>
      <trkpt lat="33.0722" lon="35.493210000000005">
        <ele>414</ele>
        <time>2026-07-13T09:06:01Z</time>
      </trkpt>
      <trkpt lat="33.07222" lon="35.492960000000004">
        <ele>414</ele>
        <time>2026-07-13T09:06:02Z</time>
      </trkpt>
      <trkpt lat="33.072250000000004" lon="35.49284">
        <ele>437</ele>
        <time>2026-07-13T09:06:03Z</time>
      </trkpt>
      <trkpt lat="33.07231" lon="35.49271">
        <ele>437</ele>
        <time>2026-07-13T09:06:04Z</time>
      </trkpt>
      <trkpt lat="33.072520000000004" lon="35.49239">
        <ele>400</ele>
        <time>2026-07-13T09:06:05Z</time>
      </trkpt>
      <trkpt lat="33.072570000000006" lon="35.49224">
        <ele>400</ele>
        <time>2026-07-13T09:06:06Z</time>
      </trkpt>
      <trkpt lat="33.072680000000005" lon="35.491550000000004">
        <ele>393.7563262598786</ele>
        <time>2026-07-13T09:06:07Z</time>
      </trkpt>
      <trkpt lat="33.072680000000005" lon="35.491550000000004">
        <ele>409</ele>
        <time>2026-07-13T09:06:08Z</time>
      </trkpt>
      <trkpt lat="33.07273" lon="35.49141">
        <ele>393.2757439999841</ele>
        <time>2026-07-13T09:06:09Z</time>
      </trkpt>
      <trkpt lat="33.07273" lon="35.49141">
        <ele>393.2757439999841</ele>
        <time>2026-07-13T09:06:10Z</time>
      </trkpt>
      <trkpt lat="33.07273" lon="35.49141">
        <ele>409</ele>
        <time>2026-07-13T09:06:11Z</time>
      </trkpt>
      <trkpt lat="33.07278" lon="35.49136">
        <ele>409</ele>
        <time>2026-07-13T09:06:12Z</time>
      </trkpt>
      <trkpt lat="33.07296" lon="35.49128">
        <ele>409</ele>
        <time>2026-07-13T09:06:13Z</time>
      </trkpt>
      <trkpt lat="33.07307" lon="35.491260000000004">
        <ele>409</ele>
        <time>2026-07-13T09:06:14Z</time>
      </trkpt>
      <trkpt lat="33.073240000000006" lon="35.49125">
        <ele>433</ele>
        <time>2026-07-13T09:06:15Z</time>
      </trkpt>
      <trkpt lat="33.073330000000006" lon="35.491260000000004">
        <ele>400</ele>
        <time>2026-07-13T09:06:16Z</time>
      </trkpt>
      <trkpt lat="33.07358" lon="35.49139">
        <ele>395.28626373574537</ele>
        <time>2026-07-13T09:06:17Z</time>
      </trkpt>
      <trkpt lat="33.07358" lon="35.49139">
        <ele>400</ele>
        <time>2026-07-13T09:06:18Z</time>
      </trkpt>
      <trkpt lat="33.074040000000004" lon="35.491760000000006">
        <ele>400</ele>
        <time>2026-07-13T09:06:19Z</time>
      </trkpt>
      <trkpt lat="33.07412" lon="35.491800000000005">
        <ele>398.30696380979225</ele>
        <time>2026-07-13T09:06:20Z</time>
      </trkpt>
      <trkpt lat="33.07412" lon="35.491800000000005">
        <ele>398.30696380979225</ele>
        <time>2026-07-13T09:06:21Z</time>
      </trkpt>
      <trkpt lat="33.07412" lon="35.491800000000005">
        <ele>408</ele>
        <time>2026-07-13T09:06:22Z</time>
      </trkpt>
      <trkpt lat="33.074180000000005" lon="35.49179">
        <ele>408</ele>
        <time>2026-07-13T09:06:23Z</time>
      </trkpt>
      <trkpt lat="33.07426" lon="35.491710000000005">
        <ele>408</ele>
        <time>2026-07-13T09:06:24Z</time>
      </trkpt>
      <trkpt lat="33.07435" lon="35.491510000000005">
        <ele>408</ele>
        <time>2026-07-13T09:06:25Z</time>
      </trkpt>
      <trkpt lat="33.07435" lon="35.49145">
        <ele>411</ele>
        <time>2026-07-13T09:06:26Z</time>
      </trkpt>
      <trkpt lat="33.07435" lon="35.49145">
        <ele>400.7116431379184</ele>
        <time>2026-07-13T09:06:27Z</time>
      </trkpt>
      <trkpt lat="33.07435" lon="35.49145">
        <ele>411</ele>
        <time>2026-07-13T09:06:28Z</time>
      </trkpt>
      <trkpt lat="33.074380000000005" lon="35.49112">
        <ele>414</ele>
        <time>2026-07-13T09:06:29Z</time>
      </trkpt>
      <trkpt lat="33.07443" lon="35.49096">
        <ele>414</ele>
        <time>2026-07-13T09:06:30Z</time>
      </trkpt>
      <trkpt lat="33.074650000000005" lon="35.490480000000005">
        <ele>401.11855687912094</ele>
        <time>2026-07-13T09:06:31Z</time>
      </trkpt>
      <trkpt lat="33.074650000000005" lon="35.490480000000005">
        <ele>401.11855687912094</ele>
        <time>2026-07-13T09:06:32Z</time>
      </trkpt>
      <trkpt lat="33.074650000000005" lon="35.490480000000005">
        <ele>414</ele>
        <time>2026-07-13T09:06:33Z</time>
      </trkpt>
      <trkpt lat="33.0748" lon="35.490300000000005">
        <ele>430</ele>
        <time>2026-07-13T09:06:34Z</time>
      </trkpt>
      <trkpt lat="33.07486" lon="35.49016">
        <ele>430</ele>
        <time>2026-07-13T09:06:35Z</time>
      </trkpt>
      <trkpt lat="33.07486" lon="35.48959">
        <ele>430</ele>
        <time>2026-07-13T09:06:36Z</time>
      </trkpt>
      <trkpt lat="33.07493" lon="35.48922">
        <ele>402.9775772600812</ele>
        <time>2026-07-13T09:06:37Z</time>
      </trkpt>
      <trkpt lat="33.07493" lon="35.48922">
        <ele>445</ele>
        <time>2026-07-13T09:06:38Z</time>
      </trkpt>
      <trkpt lat="33.074940000000005" lon="35.489050000000006">
        <ele>413</ele>
        <time>2026-07-13T09:06:39Z</time>
      </trkpt>
      <trkpt lat="33.074940000000005" lon="35.4881">
        <ele>412</ele>
        <time>2026-07-13T09:06:40Z</time>
      </trkpt>
      <trkpt lat="33.07495" lon="35.48796">
        <ele>412</ele>
        <time>2026-07-13T09:06:41Z</time>
      </trkpt>
      <trkpt lat="33.074980000000004" lon="35.487840000000006">
        <ele>404.6062381869708</ele>
        <time>2026-07-13T09:06:42Z</time>
      </trkpt>
      <trkpt lat="33.074980000000004" lon="35.487840000000006">
        <ele>404.6062381869708</ele>
        <time>2026-07-13T09:06:43Z</time>
      </trkpt>
      <trkpt lat="33.074980000000004" lon="35.487840000000006">
        <ele>413</ele>
        <time>2026-07-13T09:06:44Z</time>
      </trkpt>
      <trkpt lat="33.07509" lon="35.487590000000004">
        <ele>413</ele>
        <time>2026-07-13T09:06:45Z</time>
      </trkpt>
      <trkpt lat="33.07517" lon="35.48745">
        <ele>413</ele>
        <time>2026-07-13T09:06:46Z</time>
      </trkpt>
      <trkpt lat="33.075300000000006" lon="35.487300000000005">
        <ele>406.7434888016985</ele>
        <time>2026-07-13T09:06:47Z</time>
      </trkpt>
      <trkpt lat="33.075300000000006" lon="35.487300000000005">
        <ele>413</ele>
        <time>2026-07-13T09:06:48Z</time>
      </trkpt>
      <trkpt lat="33.075300000000006" lon="35.487300000000005">
        <ele>413</ele>
        <time>2026-07-13T09:06:49Z</time>
      </trkpt>
      <trkpt lat="33.07569" lon="35.486810000000006">
        <ele>429</ele>
        <time>2026-07-13T09:06:50Z</time>
      </trkpt>
      <trkpt lat="33.07575" lon="35.48668">
        <ele>429</ele>
        <time>2026-07-13T09:06:51Z</time>
      </trkpt>
      <trkpt lat="33.075770000000006" lon="35.486430000000006">
        <ele>418</ele>
        <time>2026-07-13T09:06:52Z</time>
      </trkpt>
      <trkpt lat="33.07583" lon="35.486140000000006">
        <ele>408.9363687571337</ele>
        <time>2026-07-13T09:06:53Z</time>
      </trkpt>
      <trkpt lat="33.07583" lon="35.486140000000006">
        <ele>408.9363687571337</ele>
        <time>2026-07-13T09:06:54Z</time>
      </trkpt>
      <trkpt lat="33.07583" lon="35.486140000000006">
        <ele>419</ele>
        <time>2026-07-13T09:06:55Z</time>
      </trkpt>
      <trkpt lat="33.07594" lon="35.48588">
        <ele>419</ele>
        <time>2026-07-13T09:06:56Z</time>
      </trkpt>
      <trkpt lat="33.07609" lon="35.485580000000006">
        <ele>411.44068479871737</ele>
        <time>2026-07-13T09:06:57Z</time>
      </trkpt>
      <trkpt lat="33.07609" lon="35.485580000000006">
        <ele>419</ele>
        <time>2026-07-13T09:06:58Z</time>
      </trkpt>
      <trkpt lat="33.07629" lon="35.48528">
        <ele>436</ele>
        <time>2026-07-13T09:06:59Z</time>
      </trkpt>
      <extensions>
        <RoutingType xmlns="">Hike</RoutingType>
      </extensions>
    </trkseg>
    <trkseg>
      <trkpt lat="33.07629" lon="35.48528">
        <ele>436</ele>
        <time>2026-07-13T09:06:59Z</time>
      </trkpt>
      <trkpt lat="33.07665" lon="35.48487">
        <ele>426</ele>
        <time>2026-07-13T09:07:00Z</time>
      </trkpt>
      <trkpt lat="33.07674" lon="35.48474">
        <ele>426</ele>
        <time>2026-07-13T09:07:01Z</time>
      </trkpt>
      <trkpt lat="33.07677" lon="35.48461">
        <ele>426</ele>
        <time>2026-07-13T09:07:02Z</time>
      </trkpt>
      <trkpt lat="33.07678" lon="35.48442">
        <ele>425</ele>
        <time>2026-07-13T09:07:03Z</time>
      </trkpt>
      <trkpt lat="33.07677" lon="35.4842">
        <ele>413.50805523068254</ele>
        <time>2026-07-13T09:07:04Z</time>
      </trkpt>
      <trkpt lat="33.07677" lon="35.4842">
        <ele>413.50805523068254</ele>
        <time>2026-07-13T09:07:05Z</time>
      </trkpt>
      <trkpt lat="33.07677" lon="35.4842">
        <ele>425</ele>
        <time>2026-07-13T09:07:06Z</time>
      </trkpt>
      <trkpt lat="33.07681" lon="35.48402">
        <ele>415.51769801551194</ele>
        <time>2026-07-13T09:07:07Z</time>
      </trkpt>
      <trkpt lat="33.07681" lon="35.48402">
        <ele>425</ele>
        <time>2026-07-13T09:07:08Z</time>
      </trkpt>
      <trkpt lat="33.076820000000005" lon="35.48387">
        <ele>425</ele>
        <time>2026-07-13T09:07:09Z</time>
      </trkpt>
      <trkpt lat="33.076800000000006" lon="35.48377">
        <ele>425</ele>
        <time>2026-07-13T09:07:10Z</time>
      </trkpt>
      <trkpt lat="33.076730000000005" lon="35.48364">
        <ele>433</ele>
        <time>2026-07-13T09:07:11Z</time>
      </trkpt>
      <trkpt lat="33.076330000000006" lon="35.483200000000004">
        <ele>424</ele>
        <time>2026-07-13T09:07:12Z</time>
      </trkpt>
      <trkpt lat="33.076240000000006" lon="35.483070000000005">
        <ele>424</ele>
        <time>2026-07-13T09:07:13Z</time>
      </trkpt>
      <trkpt lat="33.076150000000005" lon="35.482850000000006">
        <ele>422</ele>
        <time>2026-07-13T09:07:14Z</time>
      </trkpt>
      <trkpt lat="33.075970000000005" lon="35.482110000000006">
        <ele>422.23486944298213</ele>
        <time>2026-07-13T09:07:15Z</time>
      </trkpt>
      <trkpt lat="33.075970000000005" lon="35.482110000000006">
        <ele>422.23486944298213</ele>
        <time>2026-07-13T09:07:16Z</time>
      </trkpt>
      <trkpt lat="33.075970000000005" lon="35.482110000000006">
        <ele>422.23486944298213</ele>
        <time>2026-07-13T09:07:17Z</time>
      </trkpt>
      <trkpt lat="33.075970000000005" lon="35.482110000000006">
        <ele>422</ele>
        <time>2026-07-13T09:07:18Z</time>
      </trkpt>
      <trkpt lat="33.07598" lon="35.4818">
        <ele>426</ele>
        <time>2026-07-13T09:07:19Z</time>
      </trkpt>
      <trkpt lat="33.075880000000005" lon="35.481460000000006">
        <ele>426</ele>
        <time>2026-07-13T09:07:20Z</time>
      </trkpt>
      <trkpt lat="33.07582" lon="35.48133">
        <ele>426</ele>
        <time>2026-07-13T09:07:21Z</time>
      </trkpt>
      <trkpt lat="33.07566" lon="35.481080000000006">
        <ele>431</ele>
        <time>2026-07-13T09:07:22Z</time>
      </trkpt>
      <trkpt lat="33.07549" lon="35.480880000000006">
        <ele>431</ele>
        <time>2026-07-13T09:07:23Z</time>
      </trkpt>
      <trkpt lat="33.07549" lon="35.480880000000006">
        <ele>431</ele>
        <time>2026-07-13T09:07:24Z</time>
      </trkpt>
      <trkpt lat="33.07531" lon="35.48066">
        <ele>423.98254902915187</ele>
        <time>2026-07-13T09:07:25Z</time>
      </trkpt>
      <trkpt lat="33.07531" lon="35.48066">
        <ele>423.98254902915187</ele>
        <time>2026-07-13T09:07:26Z</time>
      </trkpt>
      <trkpt lat="33.07531" lon="35.48066">
        <ele>423.98254902915187</ele>
        <time>2026-07-13T09:07:27Z</time>
      </trkpt>
      <trkpt lat="33.07531" lon="35.48066">
        <ele>431</ele>
        <time>2026-07-13T09:07:28Z</time>
      </trkpt>
      <trkpt lat="33.07511" lon="35.480500000000006">
        <ele>431</ele>
        <time>2026-07-13T09:07:29Z</time>
      </trkpt>
      <trkpt lat="33.074960000000004" lon="35.48042">
        <ele>441</ele>
        <time>2026-07-13T09:07:30Z</time>
      </trkpt>
      <trkpt lat="33.0749" lon="35.4804">
        <ele>428</ele>
        <time>2026-07-13T09:07:31Z</time>
      </trkpt>
      <trkpt lat="33.07471" lon="35.480470000000004">
        <ele>459</ele>
        <time>2026-07-13T09:07:32Z</time>
      </trkpt>
      <trkpt lat="33.074650000000005" lon="35.48046">
        <ele>459</ele>
        <time>2026-07-13T09:07:33Z</time>
      </trkpt>
      <trkpt lat="33.07435" lon="35.48028">
        <ele>428</ele>
        <time>2026-07-13T09:07:34Z</time>
      </trkpt>
      <trkpt lat="33.07358" lon="35.47992">
        <ele>428.5797725441999</ele>
        <time>2026-07-13T09:07:35Z</time>
      </trkpt>
      <trkpt lat="33.07358" lon="35.47992">
        <ele>450</ele>
        <time>2026-07-13T09:07:36Z</time>
      </trkpt>
      <trkpt lat="33.07305" lon="35.47966">
        <ele>429.0156140188065</ele>
        <time>2026-07-13T09:07:37Z</time>
      </trkpt>
      <trkpt lat="33.07305" lon="35.47966">
        <ele>429.0156140188065</ele>
        <time>2026-07-13T09:07:38Z</time>
      </trkpt>
      <trkpt lat="33.07305" lon="35.47966">
        <ele>461</ele>
        <time>2026-07-13T09:07:39Z</time>
      </trkpt>
      <trkpt lat="33.07237" lon="35.47952">
        <ele>444</ele>
        <time>2026-07-13T09:07:40Z</time>
      </trkpt>
      <trkpt lat="33.07193" lon="35.479380000000006">
        <ele>444</ele>
        <time>2026-07-13T09:07:41Z</time>
      </trkpt>
      <trkpt lat="33.071000000000005" lon="35.47885">
        <ele>452</ele>
        <time>2026-07-13T09:07:42Z</time>
      </trkpt>
      <trkpt lat="33.07074" lon="35.47874">
        <ele>444</ele>
        <time>2026-07-13T09:07:43Z</time>
      </trkpt>
      <trkpt lat="33.07059" lon="35.47865">
        <ele>444</ele>
        <time>2026-07-13T09:07:44Z</time>
      </trkpt>
      <trkpt lat="33.07038" lon="35.478570000000005">
        <ele>438.6654303058298</ele>
        <time>2026-07-13T09:07:45Z</time>
      </trkpt>
      <trkpt lat="33.07038" lon="35.478570000000005">
        <ele>444</ele>
        <time>2026-07-13T09:07:46Z</time>
      </trkpt>
      <trkpt lat="33.06992" lon="35.478480000000005">
        <ele>460</ele>
        <time>2026-07-13T09:07:47Z</time>
      </trkpt>
      <trkpt lat="33.069810000000004" lon="35.478410000000004">
        <ele>438.6829286217065</ele>
        <time>2026-07-13T09:07:48Z</time>
      </trkpt>
      <trkpt lat="33.069810000000004" lon="35.478410000000004">
        <ele>438.6829286217065</ele>
        <time>2026-07-13T09:07:49Z</time>
      </trkpt>
      <trkpt lat="33.069810000000004" lon="35.478410000000004">
        <ele>460</ele>
        <time>2026-07-13T09:07:50Z</time>
      </trkpt>
      <trkpt lat="33.06974" lon="35.478350000000006">
        <ele>460</ele>
        <time>2026-07-13T09:07:51Z</time>
      </trkpt>
      <trkpt lat="33.06924" lon="35.47771">
        <ele>444</ele>
        <time>2026-07-13T09:07:52Z</time>
      </trkpt>
      <trkpt lat="33.06904" lon="35.47742">
        <ele>476</ele>
        <time>2026-07-13T09:07:53Z</time>
      </trkpt>
      <trkpt lat="33.068650000000005" lon="35.4769">
        <ele>451</ele>
        <time>2026-07-13T09:07:54Z</time>
      </trkpt>
      <trkpt lat="33.0683" lon="35.47652">
        <ele>442.3390301149913</ele>
        <time>2026-07-13T09:07:55Z</time>
      </trkpt>
      <trkpt lat="33.0683" lon="35.47652">
        <ele>451</ele>
        <time>2026-07-13T09:07:56Z</time>
      </trkpt>
      <trkpt lat="33.06803" lon="35.476310000000005">
        <ele>487</ele>
        <time>2026-07-13T09:07:57Z</time>
      </trkpt>
      <trkpt lat="33.06796" lon="35.47623">
        <ele>456</ele>
        <time>2026-07-13T09:07:58Z</time>
      </trkpt>
      <trkpt lat="33.06767" lon="35.475750000000005">
        <ele>444.82836166866986</ele>
        <time>2026-07-13T09:07:59Z</time>
      </trkpt>
      <trkpt lat="33.06767" lon="35.475750000000005">
        <ele>444.82836166866986</ele>
        <time>2026-07-13T09:08:00Z</time>
      </trkpt>
      <trkpt lat="33.06767" lon="35.475750000000005">
        <ele>456</ele>
        <time>2026-07-13T09:08:01Z</time>
      </trkpt>
      <trkpt lat="33.067330000000005" lon="35.475210000000004">
        <ele>469</ele>
        <time>2026-07-13T09:08:02Z</time>
      </trkpt>
      <trkpt lat="33.067330000000005" lon="35.475210000000004">
        <ele>469</ele>
        <time>2026-07-13T09:08:03Z</time>
      </trkpt>
      <trkpt lat="33.067260000000005" lon="35.475080000000005">
        <ele>469</ele>
        <time>2026-07-13T09:08:04Z</time>
      </trkpt>
      <trkpt lat="33.06702" lon="35.47476">
        <ele>448.99183697727716</ele>
        <time>2026-07-13T09:08:05Z</time>
      </trkpt>
      <trkpt lat="33.06702" lon="35.47476">
        <ele>469</ele>
        <time>2026-07-13T09:08:06Z</time>
      </trkpt>
      <trkpt lat="33.06682" lon="35.47458">
        <ele>455</ele>
        <time>2026-07-13T09:08:07Z</time>
      </trkpt>
      <trkpt lat="33.066390000000006" lon="35.47437">
        <ele>466</ele>
        <time>2026-07-13T09:08:08Z</time>
      </trkpt>
      <trkpt lat="33.066280000000006" lon="35.47428">
        <ele>466</ele>
        <time>2026-07-13T09:08:09Z</time>
      </trkpt>
      <trkpt lat="33.066010000000006" lon="35.47395">
        <ele>451.0273726757122</ele>
        <time>2026-07-13T09:08:10Z</time>
      </trkpt>
      <trkpt lat="33.066010000000006" lon="35.47395">
        <ele>451.0273726757122</ele>
        <time>2026-07-13T09:08:11Z</time>
      </trkpt>
      <trkpt lat="33.066010000000006" lon="35.47395">
        <ele>466</ele>
        <time>2026-07-13T09:08:12Z</time>
      </trkpt>
      <trkpt lat="33.06593" lon="35.47383">
        <ele>466</ele>
        <time>2026-07-13T09:08:13Z</time>
      </trkpt>
      <trkpt lat="33.065870000000004" lon="35.473710000000004">
        <ele>460</ele>
        <time>2026-07-13T09:08:14Z</time>
      </trkpt>
      <trkpt lat="33.06577" lon="35.47341">
        <ele>451.8243280279287</ele>
        <time>2026-07-13T09:08:15Z</time>
      </trkpt>
      <trkpt lat="33.06577" lon="35.47341">
        <ele>489</ele>
        <time>2026-07-13T09:08:16Z</time>
      </trkpt>
      <trkpt lat="33.06566" lon="35.473020000000005">
        <ele>489</ele>
        <time>2026-07-13T09:08:17Z</time>
      </trkpt>
      <trkpt lat="33.06557" lon="35.47287">
        <ele>464</ele>
        <time>2026-07-13T09:08:18Z</time>
      </trkpt>
      <trkpt lat="33.0655" lon="35.47278">
        <ele>464</ele>
        <time>2026-07-13T09:08:19Z</time>
      </trkpt>
      <trkpt lat="33.06524" lon="35.472640000000006">
        <ele>464</ele>
        <time>2026-07-13T09:08:20Z</time>
      </trkpt>
      <trkpt lat="33.06476" lon="35.47234">
        <ele>458.81650642300383</ele>
        <time>2026-07-13T09:08:21Z</time>
      </trkpt>
      <trkpt lat="33.06476" lon="35.47234">
        <ele>458.81650642300383</ele>
        <time>2026-07-13T09:08:22Z</time>
      </trkpt>
      <trkpt lat="33.06476" lon="35.47234">
        <ele>480</ele>
        <time>2026-07-13T09:08:23Z</time>
      </trkpt>
      <trkpt lat="33.06447" lon="35.47223">
        <ele>480</ele>
        <time>2026-07-13T09:08:24Z</time>
      </trkpt>
      <trkpt lat="33.064280000000004" lon="35.472190000000005">
        <ele>459.65246371840584</ele>
        <time>2026-07-13T09:08:25Z</time>
      </trkpt>
      <trkpt lat="33.064280000000004" lon="35.472190000000005">
        <ele>480</ele>
        <time>2026-07-13T09:08:26Z</time>
      </trkpt>
      <trkpt lat="33.06391" lon="35.472170000000006">
        <ele>500</ele>
        <time>2026-07-13T09:08:27Z</time>
      </trkpt>
      <trkpt lat="33.06385" lon="35.472150000000006">
        <ele>500</ele>
        <time>2026-07-13T09:08:28Z</time>
      </trkpt>
      <trkpt lat="33.06374" lon="35.472080000000005">
        <ele>471</ele>
        <time>2026-07-13T09:08:29Z</time>
      </trkpt>
      <trkpt lat="33.06342" lon="35.47166">
        <ele>471</ele>
        <time>2026-07-13T09:08:30Z</time>
      </trkpt>
      <trkpt lat="33.063300000000005" lon="35.471470000000004">
        <ele>471</ele>
        <time>2026-07-13T09:08:31Z</time>
      </trkpt>
      <trkpt lat="33.063230000000004" lon="35.471340000000005">
        <ele>459.16807374416254</ele>
        <time>2026-07-13T09:08:32Z</time>
      </trkpt>
      <trkpt lat="33.063230000000004" lon="35.471340000000005">
        <ele>459.16807374416254</ele>
        <time>2026-07-13T09:08:33Z</time>
      </trkpt>
      <trkpt lat="33.063230000000004" lon="35.471340000000005">
        <ele>510</ele>
        <time>2026-07-13T09:08:34Z</time>
      </trkpt>
      <trkpt lat="33.06298" lon="35.47073">
        <ele>460.12626065730853</ele>
        <time>2026-07-13T09:08:35Z</time>
      </trkpt>
      <trkpt lat="33.06298" lon="35.47073">
        <ele>479</ele>
        <time>2026-07-13T09:08:36Z</time>
      </trkpt>
      <trkpt lat="33.062900000000006" lon="35.470600000000005">
        <ele>479</ele>
        <time>2026-07-13T09:08:37Z</time>
      </trkpt>
      <trkpt lat="33.062780000000004" lon="35.470490000000005">
        <ele>479</ele>
        <time>2026-07-13T09:08:38Z</time>
      </trkpt>
      <trkpt lat="33.06266" lon="35.470420000000004">
        <ele>468</ele>
        <time>2026-07-13T09:08:39Z</time>
      </trkpt>
      <trkpt lat="33.062490000000004" lon="35.470380000000006">
        <ele>468</ele>
        <time>2026-07-13T09:08:40Z</time>
      </trkpt>
      <trkpt lat="33.062430000000006" lon="35.47035">
        <ele>475</ele>
        <time>2026-07-13T09:08:41Z</time>
      </trkpt>
      <trkpt lat="33.06192" lon="35.469950000000004">
        <ele>475</ele>
        <time>2026-07-13T09:08:42Z</time>
      </trkpt>
      <trkpt lat="33.061600000000006" lon="35.46933">
        <ele>464.1417364633686</ele>
        <time>2026-07-13T09:08:43Z</time>
      </trkpt>
      <trkpt lat="33.061600000000006" lon="35.46933">
        <ele>464.1417364633686</ele>
        <time>2026-07-13T09:08:44Z</time>
      </trkpt>
      <trkpt lat="33.061600000000006" lon="35.46933">
        <ele>464.1417364633686</ele>
        <time>2026-07-13T09:08:45Z</time>
      </trkpt>
      <trkpt lat="33.061600000000006" lon="35.46933">
        <ele>472</ele>
        <time>2026-07-13T09:08:46Z</time>
      </trkpt>
      <trkpt lat="33.06147" lon="35.46925">
        <ele>472</ele>
        <time>2026-07-13T09:08:47Z</time>
      </trkpt>
      <extensions>
        <RoutingType xmlns="">Hike</RoutingType>
      </extensions>
    </trkseg>
    <trkseg>
      <trkpt lat="33.06147" lon="35.46925">
        <ele>472</ele>
        <time>2026-07-13T09:08:47Z</time>
      </trkpt>
      <trkpt lat="33.061420000000005" lon="35.46923">
        <ele>472</ele>
        <time>2026-07-13T09:08:48Z</time>
      </trkpt>
      <trkpt lat="33.061420000000005" lon="35.46923">
        <ele>472</ele>
        <time>2026-07-13T09:08:49Z</time>
      </trkpt>
      <trkpt lat="33.06134" lon="35.469210000000004">
        <ele>472</ele>
        <time>2026-07-13T09:08:50Z</time>
      </trkpt>
      <trkpt lat="33.060900000000004" lon="35.46933">
        <ele>472</ele>
        <time>2026-07-13T09:08:51Z</time>
      </trkpt>
      <trkpt lat="33.0608" lon="35.46931">
        <ele>472</ele>
        <time>2026-07-13T09:08:52Z</time>
      </trkpt>
      <trkpt lat="33.06063" lon="35.46923">
        <ele>466.9792393394915</ele>
        <time>2026-07-13T09:08:53Z</time>
      </trkpt>
      <trkpt lat="33.06063" lon="35.46923">
        <ele>466.9792393394915</ele>
        <time>2026-07-13T09:08:54Z</time>
      </trkpt>
      <extensions>
        <RoutingType xmlns="">Hike</RoutingType>
      </extensions>
    </trkseg>
    <trkseg>
      <trkpt lat="33.06063" lon="35.469231">
        <ele>471.1</ele>
      </trkpt>
      <trkpt lat="33.060545" lon="35.469208">
        <ele>470.97077917849043</ele>
      </trkpt>
      <trkpt lat="33.060294" lon="35.469202">
        <ele>471.23249620967357</ele>
      </trkpt>
      <trkpt lat="33.060193" lon="35.469166">
        <ele>472.0529721272815</ele>
      </trkpt>
      <trkpt lat="33.060017" lon="35.469041">
        <ele>473.5665293811352</ele>
      </trkpt>
      <trkpt lat="33.059735" lon="35.468959">
        <ele>474.17281403243027</ele>
      </trkpt>
      <trkpt lat="33.059248" lon="35.468721">
        <ele>473.27285360634596</ele>
      </trkpt>
      <trkpt lat="33.059119" lon="35.468683">
        <ele>473.81459742083536</ele>
      </trkpt>
      <trkpt lat="33.059005" lon="35.468618">
        <ele>473.9</ele>
      </trkpt>
      <trkpt lat="33.058704" lon="35.468388">
        <ele>473.47070031170097</ele>
      </trkpt>
      <trkpt lat="33.058424" lon="35.468235">
        <ele>474.84255689157857</ele>
      </trkpt>
      <trkpt lat="33.058418" lon="35.468229">
        <ele>474.8947872400317</ele>
      </trkpt>
      <trkpt lat="33.058158" lon="35.467985">
        <ele>479.77063532527643</ele>
      </trkpt>
      <trkpt lat="33.05813" lon="35.467944">
        <ele>480.46067254897423</ele>
      </trkpt>
      <trkpt lat="33.057887" lon="35.467587">
        <ele>483.57050342964584</ele>
      </trkpt>
      <trkpt lat="33.057682" lon="35.467336">
        <ele>481.456848689097</ele>
      </trkpt>
      <trkpt lat="33.057507" lon="35.467089">
        <ele>479.4627137465016</ele>
      </trkpt>
      <trkpt lat="33.05745" lon="35.467045">
        <ele>479.2152842481284</ele>
      </trkpt>
      <trkpt lat="33.057303" lon="35.466931">
        <ele>480.7099012699998</ele>
      </trkpt>
      <trkpt lat="33.057248" lon="35.466878">
        <ele>481.3125970658097</ele>
      </trkpt>
      <trkpt lat="33.056783" lon="35.466538">
        <ele>481.73814772559473</ele>
      </trkpt>
      <trkpt lat="33.056742" lon="35.466475">
        <ele>481.1682454595146</ele>
      </trkpt>
      <trkpt lat="33.056525" lon="35.466134">
        <ele>481.13993428826944</ele>
      </trkpt>
      <trkpt lat="33.056467" lon="35.465905">
        <ele>483.32198473260905</ele>
      </trkpt>
      <trkpt lat="33.05642" lon="35.465721">
        <ele>484.93539675830607</ele>
      </trkpt>
      <trkpt lat="33.055986" lon="35.464826">
        <ele>490.5311029853475</ele>
      </trkpt>
      <trkpt lat="33.055726" lon="35.464309">
        <ele>496.4564802436326</ele>
      </trkpt>
      <trkpt lat="33.055501" lon="35.463926">
        <ele>495.1196370611444</ele>
      </trkpt>
      <trkpt lat="33.055413" lon="35.463714">
        <ele>493.5797131026622</ele>
      </trkpt>
      <trkpt lat="33.055302" lon="35.463448">
        <ele>491.580355229162</ele>
      </trkpt>
      <trkpt lat="33.055134" lon="35.463064">
        <ele>491.0892757575318</ele>
      </trkpt>
      <trkpt lat="33.055117" lon="35.463007">
        <ele>490.9577092153221</ele>
      </trkpt>
      <trkpt lat="33.05509" lon="35.462917">
        <ele>490.7498348261573</ele>
      </trkpt>
      <trkpt lat="33.055066" lon="35.462707">
        <ele>492.6965746280979</ele>
      </trkpt>
      <trkpt lat="33.055079" lon="35.462605">
        <ele>493.7863243865563</ele>
      </trkpt>
      <trkpt lat="33.055103" lon="35.462421">
        <ele>497.84400973951387</ele>
      </trkpt>
      <trkpt lat="33.055121" lon="35.462286">
        <ele>501.1139134904433</ele>
      </trkpt>
      <trkpt lat="33.055103" lon="35.462089">
        <ele>502.32652137143776</ele>
      </trkpt>
      <trkpt lat="33.054954" lon="35.461585">
        <ele>499.7451036932758</ele>
      </trkpt>
      <trkpt lat="33.054906" lon="35.461195">
        <ele>498.1588647985521</ele>
      </trkpt>
      <trkpt lat="33.054903" lon="35.461148">
        <ele>498.14422152482064</ele>
      </trkpt>
      <extensions>
        <RoutingType xmlns="">Hike</RoutingType>
      </extensions>
    </trkseg>
    <trkseg>
      <trkpt lat="33.054903" lon="35.461148">
        <ele>498.1</ele>
      </trkpt>
      <trkpt lat="33.054892" lon="35.460954">
        <ele>499.1873024469075</ele>
      </trkpt>
      <trkpt lat="33.054894" lon="35.460613">
        <ele>501.2932066226145</ele>
      </trkpt>
      <trkpt lat="33.054931" lon="35.460427">
        <ele>502.5660812324219</ele>
      </trkpt>
      <trkpt lat="33.054959" lon="35.460284">
        <ele>503.56973070065567</ele>
      </trkpt>
      <trkpt lat="33.055043" lon="35.460127">
        <ele>504.9888091361727</ele>
      </trkpt>
      <trkpt lat="33.05522" lon="35.459756">
        <ele>507.5801667782055</ele>
      </trkpt>
      <trkpt lat="33.055292" lon="35.459439">
        <ele>507.1697696135072</ele>
      </trkpt>
      <trkpt lat="33.055342" lon="35.459219">
        <ele>506.7</ele>
      </trkpt>
      <trkpt lat="33.055459" lon="35.458747">
        <ele>505.2110463727832</ele>
      </trkpt>
      <trkpt lat="33.055504" lon="35.458424">
        <ele>503.57112564652954</ele>
      </trkpt>
      <trkpt lat="33.055566" lon="35.457827">
        <ele>505.52370621504014</ele>
      </trkpt>
      <trkpt lat="33.055606" lon="35.45761">
        <ele>506.3616717788864</ele>
      </trkpt>
      <trkpt lat="33.055622" lon="35.457561">
        <ele>506.4923646236516</ele>
      </trkpt>
      <trkpt lat="33.055702" lon="35.457321">
        <ele>506.632867106893</ele>
      </trkpt>
      <trkpt lat="33.055732" lon="35.457234">
        <ele>506.51596656833567</ele>
      </trkpt>
      <trkpt lat="33.055839" lon="35.457107">
        <ele>506.3191505954876</ele>
      </trkpt>
      <trkpt lat="33.05591" lon="35.456962">
        <ele>506.1626436670969</ele>
      </trkpt>
      <trkpt lat="33.056153" lon="35.456625">
        <ele>508.6166500616939</ele>
      </trkpt>
      <trkpt lat="33.056288" lon="35.45639">
        <ele>511.0885443505317</ele>
      </trkpt>
      <trkpt lat="33.056415" lon="35.45578">
        <ele>509.09704203395023</ele>
      </trkpt>
      <trkpt lat="33.05662" lon="35.455343">
        <ele>508.17784770479085</ele>
      </trkpt>
      <trkpt lat="33.056883" lon="35.454873">
        <ele>510.242341472559</ele>
      </trkpt>
      <trkpt lat="33.057243" lon="35.454572">
        <ele>512.0752635075237</ele>
      </trkpt>
      <trkpt lat="33.057461" lon="35.454341">
        <ele>511.225129847942</ele>
      </trkpt>
      <trkpt lat="33.057545" lon="35.454234">
        <ele>510.13208022253383</ele>
      </trkpt>
      <trkpt lat="33.057571" lon="35.454157">
        <ele>509.5131598939284</ele>
      </trkpt>
      <trkpt lat="33.057585" lon="35.454042">
        <ele>508.72062756163075</ele>
      </trkpt>
      <trkpt lat="33.057577" lon="35.453894">
        <ele>507.9374083029388</ele>
      </trkpt>
      <trkpt lat="33.057554" lon="35.453802">
        <ele>507.43039773726656</ele>
      </trkpt>
      <trkpt lat="33.057363" lon="35.453337">
        <ele>508.7516624564293</ele>
      </trkpt>
      <trkpt lat="33.057336" lon="35.453227">
        <ele>509.3925859528909</ele>
      </trkpt>
      <trkpt lat="33.057335" lon="35.453067">
        <ele>510.1894044571137</ele>
      </trkpt>
      <trkpt lat="33.057358" lon="35.452905">
        <ele>510.95504009478077</ele>
      </trkpt>
      <trkpt lat="33.057373" lon="35.452796">
        <ele>511.36185307626096</ele>
      </trkpt>
      <trkpt lat="33.057474" lon="35.452411">
        <ele>511.7968576446847</ele>
      </trkpt>
      <trkpt lat="33.057543" lon="35.452287">
        <ele>511.4731947786694</ele>
      </trkpt>
      <trkpt lat="33.057621" lon="35.4522">
        <ele>511.0214448113636</ele>
      </trkpt>
      <trkpt lat="33.057773" lon="35.452088">
        <ele>510.16063353748564</ele>
      </trkpt>
      <trkpt lat="33.057833" lon="35.452018">
        <ele>509.49189083035486</ele>
      </trkpt>
      <trkpt lat="33.057858" lon="35.451954">
        <ele>508.98738860043545</ele>
      </trkpt>
      <trkpt lat="33.057876" lon="35.451847">
        <ele>508.20763361618725</ele>
      </trkpt>
      <trkpt lat="33.057902" lon="35.451699">
        <ele>507.65374018453747</ele>
      </trkpt>
      <trkpt lat="33.05791" lon="35.451547">
        <ele>507.4171819921158</ele>
      </trkpt>
      <trkpt lat="33.05792" lon="35.451366">
        <ele>507.5303915114481</ele>
      </trkpt>
      <trkpt lat="33.057828" lon="35.451066">
        <ele>508.16075196142987</ele>
      </trkpt>
      <trkpt lat="33.057675" lon="35.450859">
        <ele>508.6073307805391</ele>
      </trkpt>
      <trkpt lat="33.057247" lon="35.450427">
        <ele>511.64462422117884</ele>
      </trkpt>
      <trkpt lat="33.057178" lon="35.450307">
        <ele>512.9556465416866</ele>
      </trkpt>
      <trkpt lat="33.057029" lon="35.449971">
        <ele>516.1133028500273</ele>
      </trkpt>
      <trkpt lat="33.057009" lon="35.449925">
        <ele>516.5014304105417</ele>
      </trkpt>
      <trkpt lat="33.056672" lon="35.449464">
        <ele>520.5873470341423</ele>
      </trkpt>
      <trkpt lat="33.056384" lon="35.44887">
        <ele>522.3733024781488</ele>
      </trkpt>
      <trkpt lat="33.056254" lon="35.448666">
        <ele>525.000472412141</ele>
      </trkpt>
      <trkpt lat="33.056137" lon="35.448526">
        <ele>525.7944867308029</ele>
      </trkpt>
      <trkpt lat="33.055931" lon="35.44828">
        <ele>526.2573391572953</ele>
      </trkpt>
      <trkpt lat="33.055858" lon="35.448149">
        <ele>526.3372541158631</ele>
      </trkpt>
      <trkpt lat="33.055822" lon="35.448104">
        <ele>526.4532068534049</ele>
      </trkpt>
      <trkpt lat="33.055754" lon="35.44802">
        <ele>526.6708842390358</ele>
      </trkpt>
      <trkpt lat="33.055705" lon="35.447934">
        <ele>526.8647150478937</ele>
      </trkpt>
      <trkpt lat="33.055654" lon="35.447731">
        <ele>528.2789570108491</ele>
      </trkpt>
      <trkpt lat="33.055623" lon="35.447427">
        <ele>529.7509075379099</ele>
      </trkpt>
      <trkpt lat="33.055624" lon="35.447294">
        <ele>530.1640978611074</ele>
      </trkpt>
      <trkpt lat="33.055625" lon="35.447223">
        <ele>530.7356166880194</ele>
      </trkpt>
      <trkpt lat="33.055676" lon="35.446634">
        <ele>539.195159503896</ele>
      </trkpt>
      <trkpt lat="33.055669" lon="35.446507">
        <ele>539.1160822516298</ele>
      </trkpt>
      <trkpt lat="33.055551" lon="35.446097">
        <ele>538.0038323519339</ele>
      </trkpt>
      <trkpt lat="33.055467" lon="35.445911">
        <ele>536.6011153760845</ele>
      </trkpt>
      <trkpt lat="33.055357" lon="35.445743">
        <ele>534.8961707886355</ele>
      </trkpt>
      <trkpt lat="33.054872" lon="35.445246">
        <ele>534.8636907903652</ele>
      </trkpt>
      <trkpt lat="33.054762" lon="35.445046">
        <ele>535.1813429850805</ele>
      </trkpt>
      <trkpt lat="33.054705" lon="35.444949">
        <ele>534.9605290335402</ele>
      </trkpt>
      <trkpt lat="33.054608" lon="35.444821">
        <ele>534.5064531248253</ele>
      </trkpt>
      <trkpt lat="33.054567" lon="35.444788">
        <ele>534.1581580689037</ele>
      </trkpt>
      <trkpt lat="33.054381" lon="35.444639">
        <ele>532.5573043747227</ele>
      </trkpt>
      <trkpt lat="33.054261" lon="35.444498">
        <ele>531.2463565009829</ele>
      </trkpt>
      <trkpt lat="33.054161" lon="35.44438">
        <ele>530.5955443708609</ele>
      </trkpt>
      <trkpt lat="33.053865" lon="35.444091">
        <ele>530.8430367812048</ele>
      </trkpt>
      <trkpt lat="33.053643" lon="35.443784">
        <ele>533.3522377828061</ele>
      </trkpt>
      <extensions>
        <RoutingType xmlns="">Hike</RoutingType>
      </extensions>
    </trkseg>
    <trkseg>
      <trkpt lat="33.053643" lon="35.443784">
        <ele>533.6</ele>
      </trkpt>
      <trkpt lat="33.053627" lon="35.443762">
        <ele>533.952904627757</ele>
      </trkpt>
      <trkpt lat="33.05352" lon="35.443542">
        <ele>537.0346620669703</ele>
      </trkpt>
      <trkpt lat="33.05336" lon="35.443154">
        <ele>541.9497426607045</ele>
      </trkpt>
      <trkpt lat="33.053275" lon="35.442811">
        <ele>545.0715960206717</ele>
      </trkpt>
      <trkpt lat="33.053227" lon="35.442394">
        <ele>547.1857178257754</ele>
      </trkpt>
      <trkpt lat="33.053093" lon="35.442337">
        <ele>546.4641367481449</ele>
      </trkpt>
      <trkpt lat="33.052949" lon="35.442303">
        <ele>543.4716580955655</ele>
      </trkpt>
      <trkpt lat="33.052812" lon="35.442301">
        <ele>541.3670268173717</ele>
      </trkpt>
      <trkpt lat="33.052658" lon="35.442258">
        <ele>539.9600887634224</ele>
      </trkpt>
      <trkpt lat="33.052583" lon="35.442198">
        <ele>539.3284079539696</ele>
      </trkpt>
      <trkpt lat="33.052503" lon="35.442002">
        <ele>538.5156845382099</ele>
      </trkpt>
      <trkpt lat="33.052313" lon="35.441754">
        <ele>539.7689331867183</ele>
      </trkpt>
      <trkpt lat="33.052154" lon="35.441624">
        <ele>540.4049626496583</ele>
      </trkpt>
      <trkpt lat="33.051958" lon="35.441543">
        <ele>540.5263298491617</ele>
      </trkpt>
      <trkpt lat="33.051895" lon="35.441471">
        <ele>540.3646508322668</ele>
      </trkpt>
      <trkpt lat="33.05173" lon="35.441192">
        <ele>539.102742200352</ele>
      </trkpt>
      <trkpt lat="33.051641" lon="35.441152">
        <ele>538.683197244429</ele>
      </trkpt>
      <trkpt lat="33.051549" lon="35.441133">
        <ele>538.6139834509864</ele>
      </trkpt>
      <trkpt lat="33.051457" lon="35.441148">
        <ele>538.5451499970479</ele>
      </trkpt>
      <trkpt lat="33.051189" lon="35.441299">
        <ele>541.0310984915204</ele>
      </trkpt>
      <trkpt lat="33.051003" lon="35.441343">
        <ele>542.8390563681539</ele>
      </trkpt>
      <trkpt lat="33.050981" lon="35.441348">
        <ele>543.046579661406</ele>
      </trkpt>
      <trkpt lat="33.05088" lon="35.441343">
        <ele>543.9632894919747</ele>
      </trkpt>
      <trkpt lat="33.050699" lon="35.441279">
        <ele>545.2927581825346</ele>
      </trkpt>
      <trkpt lat="33.050608" lon="35.441274">
        <ele>546.1533970399503</ele>
      </trkpt>
      <trkpt lat="33.050522" lon="35.441315">
        <ele>547.8697301793756</ele>
      </trkpt>
      <trkpt lat="33.050337" lon="35.441331">
        <ele>550.6985525552068</ele>
      </trkpt>
      <trkpt lat="33.050239" lon="35.441302">
        <ele>550.3243090155167</ele>
      </trkpt>
      <trkpt lat="33.049965" lon="35.441126">
        <ele>548.4788619099891</ele>
      </trkpt>
      <trkpt lat="33.049877" lon="35.44109">
        <ele>547.7547514160888</ele>
      </trkpt>
      <trkpt lat="33.049877" lon="35.44109">
        <ele>547.7547514160888</ele>
      </trkpt>
      <extensions>
        <RoutingType xmlns="">Hike</RoutingType>
      </extensions>
    </trkseg>
    <trkseg>
      <trkpt lat="33.049877" lon="35.44109">
        <ele>547.7</ele>
      </trkpt>
      <trkpt lat="33.049597" lon="35.441061">
        <ele>551.920996013931</ele>
      </trkpt>
      <trkpt lat="33.0494" lon="35.4411">
        <ele>554.0674735312077</ele>
      </trkpt>
      <trkpt lat="33.04931" lon="35.441096">
        <ele>554.5727260387595</ele>
      </trkpt>
      <trkpt lat="33.049133" lon="35.441059">
        <ele>553.8400768882171</ele>
      </trkpt>
      <trkpt lat="33.048931" lon="35.441017">
        <ele>552.4081582235578</ele>
      </trkpt>
      <trkpt lat="33.048756" lon="35.440924">
        <ele>551.097809476871</ele>
      </trkpt>
      <trkpt lat="33.048598" lon="35.440803">
        <ele>550.2627286417788</ele>
      </trkpt>
      <trkpt lat="33.048545" lon="35.440743">
        <ele>550.76819720254</ele>
      </trkpt>
      <trkpt lat="33.048203" lon="35.440347">
        <ele>555.9521091043765</ele>
      </trkpt>
      <trkpt lat="33.04812" lon="35.440283">
        <ele>557.5458850899091</ele>
      </trkpt>
      <trkpt lat="33.04795" lon="35.440193">
        <ele>560.501742541329</ele>
      </trkpt>
      <trkpt lat="33.04776" lon="35.440138">
        <ele>562.3134147966183</ele>
      </trkpt>
      <trkpt lat="33.04748" lon="35.440121">
        <ele>562.8195471672756</ele>
      </trkpt>
      <trkpt lat="33.04727" lon="35.440146">
        <ele>562.8</ele>
      </trkpt>
      <trkpt lat="33.0471" lon="35.440167">
        <ele>562.8880927980366</ele>
      </trkpt>
      <trkpt lat="33.047008" lon="35.44019">
        <ele>563.0274546204907</ele>
      </trkpt>
      <trkpt lat="33.046915" lon="35.440167">
        <ele>563.1682678576063</ele>
      </trkpt>
      <trkpt lat="33.046815" lon="35.440193">
        <ele>562.7199684883564</ele>
      </trkpt>
      <trkpt lat="33.046654" lon="35.440324">
        <ele>561.5486026678417</ele>
      </trkpt>
      <trkpt lat="33.046467" lon="35.440372">
        <ele>559.9179555158054</ele>
      </trkpt>
      <trkpt lat="33.046277" lon="35.440389">
        <ele>559.3875072157957</ele>
      </trkpt>
      <trkpt lat="33.045894" lon="35.440338">
        <ele>560.1927522868624</ele>
      </trkpt>
      <trkpt lat="33.045804" lon="35.440313">
        <ele>560.4250691439244</ele>
      </trkpt>
      <trkpt lat="33.045657" lon="35.440233">
        <ele>560.7843914783632</ele>
      </trkpt>
      <trkpt lat="33.045475" lon="35.440169">
        <ele>561.614836252463</ele>
      </trkpt>
      <trkpt lat="33.0454" lon="35.440121">
        <ele>562.0564857108918</ele>
      </trkpt>
      <trkpt lat="33.045335" lon="35.440056">
        <ele>562.3421289314911</ele>
      </trkpt>
      <trkpt lat="33.045273" lon="35.439923">
        <ele>562.4839759206812</ele>
      </trkpt>
      <trkpt lat="33.045159" lon="35.439677">
        <ele>562.0161006229583</ele>
      </trkpt>
      <trkpt lat="33.045089" lon="35.439472">
        <ele>561.2779735620991</ele>
      </trkpt>
      <trkpt lat="33.04503" lon="35.43938">
        <ele>561.0260453759273</ele>
      </trkpt>
      <trkpt lat="33.044754" lon="35.439087">
        <ele>561.6036099619934</ele>
      </trkpt>
      <trkpt lat="33.044695" lon="35.438998">
        <ele>562.0586112339898</ele>
      </trkpt>
      <trkpt lat="33.044556" lon="35.438871">
        <ele>562.9671351724479</ele>
      </trkpt>
      <trkpt lat="33.044453" lon="35.438685">
        <ele>563.3988538460447</ele>
      </trkpt>
      <trkpt lat="33.044391" lon="35.438476">
        <ele>563.6859580870442</ele>
      </trkpt>
      <trkpt lat="33.044385" lon="35.438386">
        <ele>563.7701110418413</ele>
      </trkpt>
      <extensions>
        <RoutingType xmlns="">Hike</RoutingType>
      </extensions>
    </trkseg>
  </trk>
</gpx>
