<?xml version="1.0" encoding="UTF-8" standalone="yes"?>
<gpx xmlns="http://www.topografix.com/GPX/1/1" xmlns:xsi="http://www.w3.org/2001/XMLSchema-instance" version="1.1" creator="IsraelHikingMap" xsi:schemaLocation="http://www.topografix.com/GPX/1/1 http://www.topografix.com/GPX/1/1/gpx.xsd">
  <metadata>
    <bounds maxlat="29.589609" maxlon="34.921400000000006" minlat="29.50993" minlon="34.876900000000006"></bounds>
  </metadata>
  <trk>
    <name>55 - הר יהורם- אילת סיום שביל ישראל!</name>
    <desc>🏞️ קושי: בינוני | הרי אילת
🥾 נחל גשרון, מצפור יהושפט, צוקי גשרון, הר צפחות ( תצפית 4 מדינות), הים האדום אילת!
💦 טבילה: אילת הים האדום.
⛺ לילה: ביום זה לא לנים בחניון
🛒 קניות בקרבת המסלול:
• אילת — סוף המסע. בעיר יש הכל.</desc>
    <trkseg>
      <trkpt lat="29.587802" lon="34.886248">
        <ele>617.3</ele>
      </trkpt>
      <trkpt lat="29.587802" lon="34.886248">
        <ele>617.3</ele>
      </trkpt>
      <extensions>
        <RoutingType xmlns="">Hike</RoutingType>
      </extensions>
    </trkseg>
    <trkseg>
      <trkpt lat="29.587802" lon="34.886248">
        <ele>617.3</ele>
      </trkpt>
      <trkpt lat="29.587822" lon="34.886123">
        <ele>616.5216475236174</ele>
      </trkpt>
      <trkpt lat="29.587962" lon="34.886022">
        <ele>615.4355686441419</ele>
      </trkpt>
      <trkpt lat="29.588037" lon="34.886022">
        <ele>615.8803483507138</ele>
      </trkpt>
      <trkpt lat="29.588215" lon="34.886022">
        <ele>616.9359588543367</ele>
      </trkpt>
      <trkpt lat="29.588286" lon="34.886007">
        <ele>617.273047858453</ele>
      </trkpt>
      <trkpt lat="29.588357" lon="34.886021">
        <ele>617.5934502698432</ele>
      </trkpt>
      <trkpt lat="29.588418" lon="34.886011">
        <ele>617.8675089134118</ele>
      </trkpt>
      <trkpt lat="29.588464" lon="34.886006">
        <ele>618.0730195136392</ele>
      </trkpt>
      <trkpt lat="29.588571" lon="34.886024">
        <ele>618.524499163694</ele>
      </trkpt>
      <trkpt lat="29.588752" lon="34.886022">
        <ele>619.2624968935073</ele>
      </trkpt>
      <trkpt lat="29.588931" lon="34.885875">
        <ele>620.6280055194244</ele>
      </trkpt>
      <trkpt lat="29.589126" lon="34.885456">
        <ele>624.1135857296572</ele>
      </trkpt>
      <trkpt lat="29.589216" lon="34.885204">
        <ele>626.3774492219997</ele>
      </trkpt>
      <trkpt lat="29.58936" lon="34.885016">
        <ele>628.3961828477046</ele>
      </trkpt>
      <trkpt lat="29.589522" lon="34.884759">
        <ele>630.6797467382166</ele>
      </trkpt>
      <trkpt lat="29.589588" lon="34.884507">
        <ele>633.8183250226211</ele>
      </trkpt>
      <trkpt lat="29.589609" lon="34.884253">
        <ele>637.0687208004503</ele>
      </trkpt>
      <trkpt lat="29.588903" lon="34.883285">
        <ele>647.6163691642203</ele>
      </trkpt>
      <trkpt lat="29.58869" lon="34.882114">
        <ele>657.4506161873593</ele>
      </trkpt>
      <trkpt lat="29.588685" lon="34.882048">
        <ele>657.9844489950239</ele>
      </trkpt>
      <extensions>
        <RoutingType xmlns="">Hike</RoutingType>
      </extensions>
    </trkseg>
    <trkseg>
      <trkpt lat="29.588685" lon="34.882048">
        <ele>658.4</ele>
      </trkpt>
      <trkpt lat="29.588577" lon="34.880745">
        <ele>667.5187910279586</ele>
      </trkpt>
      <trkpt lat="29.588697" lon="34.880026">
        <ele>664.20735940831</ele>
      </trkpt>
      <trkpt lat="29.588715" lon="34.879919">
        <ele>662.4510086780576</ele>
      </trkpt>
      <trkpt lat="29.588599" lon="34.879649">
        <ele>655.7067020457492</ele>
      </trkpt>
      <trkpt lat="29.58849" lon="34.879559">
        <ele>652.9710747776609</ele>
      </trkpt>
      <trkpt lat="29.588754" lon="34.879057">
        <ele>646.3472194105336</ele>
      </trkpt>
      <trkpt lat="29.588793" lon="34.878902">
        <ele>644.6309577179394</ele>
      </trkpt>
      <trkpt lat="29.588801" lon="34.878825">
        <ele>643.994125253854</ele>
      </trkpt>
      <trkpt lat="29.588729" lon="34.878827">
        <ele>643.9674306869954</ele>
      </trkpt>
      <trkpt lat="29.588525" lon="34.878928">
        <ele>643.9446756352204</ele>
      </trkpt>
      <trkpt lat="29.588383" lon="34.87901">
        <ele>644.1213624207575</ele>
      </trkpt>
      <trkpt lat="29.588228" lon="34.879127">
        <ele>645.1352057843987</ele>
      </trkpt>
      <trkpt lat="29.588137" lon="34.879182">
        <ele>645.9734934745617</ele>
      </trkpt>
      <trkpt lat="29.588028" lon="34.879216">
        <ele>646.9843258128423</ele>
      </trkpt>
      <trkpt lat="29.587918" lon="34.879292">
        <ele>648.2209995450205</ele>
      </trkpt>
      <trkpt lat="29.587799" lon="34.879368">
        <ele>649.1024576460742</ele>
      </trkpt>
      <trkpt lat="29.58761" lon="34.879282">
        <ele>649.4791456648268</ele>
      </trkpt>
      <trkpt lat="29.587408" lon="34.879198">
        <ele>649.0473278197582</ele>
      </trkpt>
      <trkpt lat="29.587215" lon="34.879138">
        <ele>648.9</ele>
      </trkpt>
      <trkpt lat="29.58701" lon="34.879129">
        <ele>649.1302859443674</ele>
      </trkpt>
      <trkpt lat="29.586874" lon="34.879095">
        <ele>649.5945586309172</ele>
      </trkpt>
      <trkpt lat="29.586722" lon="34.878984">
        <ele>650.1073850101327</ele>
      </trkpt>
      <trkpt lat="29.586624" lon="34.878956">
        <ele>650.3693814302613</ele>
      </trkpt>
      <trkpt lat="29.586444" lon="34.878958">
        <ele>651.1247835699909</ele>
      </trkpt>
      <trkpt lat="29.586172" lon="34.878895">
        <ele>651.7490983010783</ele>
      </trkpt>
      <trkpt lat="29.586077" lon="34.878847">
        <ele>651.7106375124403</ele>
      </trkpt>
      <trkpt lat="29.585984" lon="34.878771">
        <ele>651.5733973309648</ele>
      </trkpt>
      <trkpt lat="29.585742" lon="34.878494">
        <ele>650.2522284869733</ele>
      </trkpt>
      <trkpt lat="29.585651" lon="34.878437">
        <ele>649.5608782283402</ele>
      </trkpt>
      <trkpt lat="29.585539" lon="34.878394">
        <ele>649.0154009749526</ele>
      </trkpt>
      <extensions>
        <RoutingType xmlns="">Hike</RoutingType>
      </extensions>
    </trkseg>
    <trkseg>
      <trkpt lat="29.58554" lon="34.87839">
        <ele>651</ele>
        <time>2022-01-11T08:14:29Z</time>
      </trkpt>
      <trkpt lat="29.58554" lon="34.87839">
        <ele>649.218634666875</ele>
        <time>2022-01-11T08:14:30Z</time>
      </trkpt>
      <trkpt lat="29.58554" lon="34.87839">
        <ele>649.218634666875</ele>
        <time>2022-01-11T08:14:31Z</time>
      </trkpt>
      <trkpt lat="29.58554" lon="34.87839">
        <ele>651</ele>
        <time>2022-01-11T08:14:32Z</time>
      </trkpt>
      <trkpt lat="29.585320000000003" lon="34.878310000000006">
        <ele>643</ele>
        <time>2022-01-11T08:14:33Z</time>
      </trkpt>
      <trkpt lat="29.58519" lon="34.878330000000005">
        <ele>643</ele>
        <time>2022-01-11T08:14:34Z</time>
      </trkpt>
      <trkpt lat="29.585010000000004" lon="34.87847">
        <ele>664</ele>
        <time>2022-01-11T08:14:35Z</time>
      </trkpt>
      <trkpt lat="29.584950000000003" lon="34.878460000000004">
        <ele>643.6122942387182</ele>
        <time>2022-01-11T08:14:36Z</time>
      </trkpt>
      <trkpt lat="29.584950000000003" lon="34.878460000000004">
        <ele>643.6122942387182</ele>
        <time>2022-01-11T08:14:37Z</time>
      </trkpt>
      <trkpt lat="29.584950000000003" lon="34.878460000000004">
        <ele>664</ele>
        <time>2022-01-11T08:14:38Z</time>
      </trkpt>
      <trkpt lat="29.584950000000003" lon="34.878460000000004">
        <ele>643.6122942387182</ele>
        <time>2022-01-11T08:14:39Z</time>
      </trkpt>
      <trkpt lat="29.584950000000003" lon="34.878460000000004">
        <ele>643.6122942387182</ele>
        <time>2022-01-11T08:14:40Z</time>
      </trkpt>
      <trkpt lat="29.584770000000002" lon="34.87829">
        <ele>643</ele>
        <time>2022-01-11T08:14:41Z</time>
      </trkpt>
      <trkpt lat="29.58462" lon="34.878260000000004">
        <ele>643</ele>
        <time>2022-01-11T08:14:42Z</time>
      </trkpt>
      <trkpt lat="29.584560000000003" lon="34.87827">
        <ele>643</ele>
        <time>2022-01-11T08:14:43Z</time>
      </trkpt>
      <trkpt lat="29.584480000000003" lon="34.878330000000005">
        <ele>631</ele>
        <time>2022-01-11T08:14:44Z</time>
      </trkpt>
      <trkpt lat="29.584350000000004" lon="34.87848">
        <ele>632.8319815801523</ele>
        <time>2022-01-11T08:14:45Z</time>
      </trkpt>
      <trkpt lat="29.584350000000004" lon="34.87848">
        <ele>632.8319815801523</ele>
        <time>2022-01-11T08:14:46Z</time>
      </trkpt>
      <trkpt lat="29.584350000000004" lon="34.87848">
        <ele>650</ele>
        <time>2022-01-11T08:14:47Z</time>
      </trkpt>
      <trkpt lat="29.584350000000004" lon="34.87848">
        <ele>632.8319815801523</ele>
        <time>2022-01-11T08:14:48Z</time>
      </trkpt>
      <trkpt lat="29.584350000000004" lon="34.87848">
        <ele>632.8319815801523</ele>
        <time>2022-01-11T08:14:49Z</time>
      </trkpt>
      <trkpt lat="29.584280000000003" lon="34.878510000000006">
        <ele>650</ele>
        <time>2022-01-11T08:14:50Z</time>
      </trkpt>
      <trkpt lat="29.584080000000004" lon="34.87852">
        <ele>650</ele>
        <time>2022-01-11T08:14:51Z</time>
      </trkpt>
      <trkpt lat="29.583820000000003" lon="34.878460000000004">
        <ele>650</ele>
        <time>2022-01-11T08:14:52Z</time>
      </trkpt>
      <trkpt lat="29.58378" lon="34.87843">
        <ele>631</ele>
        <time>2022-01-11T08:14:53Z</time>
      </trkpt>
      <trkpt lat="29.58357" lon="34.87814">
        <ele>623.2030144244397</ele>
        <time>2022-01-11T08:14:54Z</time>
      </trkpt>
      <trkpt lat="29.58357" lon="34.87814">
        <ele>623.2030144244397</ele>
        <time>2022-01-11T08:14:55Z</time>
      </trkpt>
      <trkpt lat="29.58357" lon="34.87814">
        <ele>616</ele>
        <time>2022-01-11T08:14:56Z</time>
      </trkpt>
      <trkpt lat="29.58357" lon="34.87814">
        <ele>623.2030144244397</ele>
        <time>2022-01-11T08:14:57Z</time>
      </trkpt>
      <trkpt lat="29.58357" lon="34.87814">
        <ele>623.2030144244397</ele>
        <time>2022-01-11T08:14:58Z</time>
      </trkpt>
      <trkpt lat="29.58312" lon="34.8776">
        <ele>616</ele>
        <time>2022-01-11T08:14:59Z</time>
      </trkpt>
      <trkpt lat="29.583050000000004" lon="34.87758">
        <ele>621</ele>
        <time>2022-01-11T08:15:00Z</time>
      </trkpt>
      <trkpt lat="29.582960000000003" lon="34.877610000000004">
        <ele>607.5</ele>
        <time>2022-01-11T08:15:01Z</time>
      </trkpt>
      <trkpt lat="29.582960000000003" lon="34.877610000000004">
        <ele>607.5</ele>
        <time>2022-01-11T08:15:02Z</time>
      </trkpt>
      <trkpt lat="29.582800000000002" lon="34.877660000000006">
        <ele>620.3362614393266</ele>
        <time>2022-01-11T08:15:03Z</time>
      </trkpt>
      <trkpt lat="29.582800000000002" lon="34.877660000000006">
        <ele>620.3362614393266</ele>
        <time>2022-01-11T08:15:04Z</time>
      </trkpt>
      <trkpt lat="29.582800000000002" lon="34.877660000000006">
        <ele>594</ele>
        <time>2022-01-11T08:15:05Z</time>
      </trkpt>
      <trkpt lat="29.582800000000002" lon="34.877660000000006">
        <ele>620.3362614393266</ele>
        <time>2022-01-11T08:15:06Z</time>
      </trkpt>
      <trkpt lat="29.582800000000002" lon="34.877660000000006">
        <ele>620.3362614393266</ele>
        <time>2022-01-11T08:15:07Z</time>
      </trkpt>
      <trkpt lat="29.58263" lon="34.877680000000005">
        <ele>594</ele>
        <time>2022-01-11T08:15:08Z</time>
      </trkpt>
      <trkpt lat="29.58245" lon="34.877660000000006">
        <ele>594</ele>
        <time>2022-01-11T08:15:09Z</time>
      </trkpt>
      <trkpt lat="29.581850000000003" lon="34.877660000000006">
        <ele>587</ele>
        <time>2022-01-11T08:15:10Z</time>
      </trkpt>
      <trkpt lat="29.58171" lon="34.87769">
        <ele>587</ele>
        <time>2022-01-11T08:15:11Z</time>
      </trkpt>
      <trkpt lat="29.58125" lon="34.87787">
        <ele>607.8358018000728</ele>
        <time>2022-01-11T08:15:12Z</time>
      </trkpt>
      <trkpt lat="29.58125" lon="34.87787">
        <ele>607.8358018000728</ele>
        <time>2022-01-11T08:15:13Z</time>
      </trkpt>
      <trkpt lat="29.58125" lon="34.87787">
        <ele>587</ele>
        <time>2022-01-11T08:15:14Z</time>
      </trkpt>
      <trkpt lat="29.58125" lon="34.87787">
        <ele>607.8358018000728</ele>
        <time>2022-01-11T08:15:15Z</time>
      </trkpt>
      <trkpt lat="29.58125" lon="34.87787">
        <ele>607.8358018000728</ele>
        <time>2022-01-11T08:15:16Z</time>
      </trkpt>
      <trkpt lat="29.581080000000004" lon="34.87801">
        <ele>585</ele>
        <time>2022-01-11T08:15:17Z</time>
      </trkpt>
      <trkpt lat="29.581000000000003" lon="34.878040000000006">
        <ele>585</ele>
        <time>2022-01-11T08:15:18Z</time>
      </trkpt>
      <trkpt lat="29.580790000000004" lon="34.87805">
        <ele>585</ele>
        <time>2022-01-11T08:15:19Z</time>
      </trkpt>
      <trkpt lat="29.580520000000003" lon="34.87812">
        <ele>585</ele>
        <time>2022-01-11T08:15:20Z</time>
      </trkpt>
      <trkpt lat="29.58029" lon="34.87814">
        <ele>595.3593513059567</ele>
        <time>2022-01-11T08:15:21Z</time>
      </trkpt>
      <trkpt lat="29.58029" lon="34.87814">
        <ele>595.3593513059567</ele>
        <time>2022-01-11T08:15:22Z</time>
      </trkpt>
      <trkpt lat="29.58029" lon="34.87814">
        <ele>578</ele>
        <time>2022-01-11T08:15:23Z</time>
      </trkpt>
      <trkpt lat="29.58029" lon="34.87814">
        <ele>595.3593513059567</ele>
        <time>2022-01-11T08:15:24Z</time>
      </trkpt>
      <trkpt lat="29.58029" lon="34.87814">
        <ele>595.3593513059567</ele>
        <time>2022-01-11T08:15:25Z</time>
      </trkpt>
      <trkpt lat="29.580060000000003" lon="34.8781">
        <ele>578</ele>
        <time>2022-01-11T08:15:26Z</time>
      </trkpt>
      <trkpt lat="29.579850000000004" lon="34.87809">
        <ele>578</ele>
        <time>2022-01-11T08:15:27Z</time>
      </trkpt>
      <trkpt lat="29.579670000000004" lon="34.87805">
        <ele>578</ele>
        <time>2022-01-11T08:15:28Z</time>
      </trkpt>
      <trkpt lat="29.579470000000004" lon="34.87805">
        <ele>571</ele>
        <time>2022-01-11T08:15:29Z</time>
      </trkpt>
      <trkpt lat="29.579330000000002" lon="34.87802">
        <ele>588.950081930898</ele>
        <time>2022-01-11T08:15:30Z</time>
      </trkpt>
      <trkpt lat="29.579330000000002" lon="34.87802">
        <ele>588.950081930898</ele>
        <time>2022-01-11T08:15:31Z</time>
      </trkpt>
      <trkpt lat="29.579330000000002" lon="34.87802">
        <ele>571</ele>
        <time>2022-01-11T08:15:32Z</time>
      </trkpt>
      <trkpt lat="29.579330000000002" lon="34.87802">
        <ele>588.950081930898</ele>
        <time>2022-01-11T08:15:33Z</time>
      </trkpt>
      <trkpt lat="29.579330000000002" lon="34.87802">
        <ele>588.950081930898</ele>
        <time>2022-01-11T08:15:34Z</time>
      </trkpt>
      <trkpt lat="29.579240000000002" lon="34.87798">
        <ele>571</ele>
        <time>2022-01-11T08:15:35Z</time>
      </trkpt>
      <trkpt lat="29.579000000000004" lon="34.87783">
        <ele>571</ele>
        <time>2022-01-11T08:15:36Z</time>
      </trkpt>
      <trkpt lat="29.578540000000004" lon="34.877610000000004">
        <ele>563</ele>
        <time>2022-01-11T08:15:37Z</time>
      </trkpt>
      <trkpt lat="29.57833" lon="34.87742">
        <ele>586</ele>
        <time>2022-01-11T08:15:38Z</time>
      </trkpt>
      <trkpt lat="29.57824" lon="34.877370000000006">
        <ele>589.8618448543743</ele>
        <time>2022-01-11T08:15:39Z</time>
      </trkpt>
      <trkpt lat="29.57824" lon="34.877370000000006">
        <ele>589.8618448543743</ele>
        <time>2022-01-11T08:15:40Z</time>
      </trkpt>
      <trkpt lat="29.57824" lon="34.877370000000006">
        <ele>586</ele>
        <time>2022-01-11T08:15:41Z</time>
      </trkpt>
      <trkpt lat="29.57824" lon="34.877370000000006">
        <ele>589.8618448543743</ele>
        <time>2022-01-11T08:15:42Z</time>
      </trkpt>
      <trkpt lat="29.57824" lon="34.877370000000006">
        <ele>589.8618448543743</ele>
        <time>2022-01-11T08:15:43Z</time>
      </trkpt>
      <trkpt lat="29.57815" lon="34.87736">
        <ele>586</ele>
        <time>2022-01-11T08:15:44Z</time>
      </trkpt>
      <trkpt lat="29.577630000000003" lon="34.87736">
        <ele>564</ele>
        <time>2022-01-11T08:15:45Z</time>
      </trkpt>
      <trkpt lat="29.5774" lon="34.8774">
        <ele>564</ele>
        <time>2022-01-11T08:15:46Z</time>
      </trkpt>
      <trkpt lat="29.57719" lon="34.877460000000006">
        <ele>564</ele>
        <time>2022-01-11T08:15:47Z</time>
      </trkpt>
      <trkpt lat="29.577040000000004" lon="34.87749">
        <ele>577.8811316717793</ele>
        <time>2022-01-11T08:15:48Z</time>
      </trkpt>
      <trkpt lat="29.577040000000004" lon="34.87749">
        <ele>577.8811316717793</ele>
        <time>2022-01-11T08:15:49Z</time>
      </trkpt>
      <trkpt lat="29.577040000000004" lon="34.87749">
        <ele>564</ele>
        <time>2022-01-11T08:15:50Z</time>
      </trkpt>
      <trkpt lat="29.577040000000004" lon="34.87749">
        <ele>577.8811316717793</ele>
        <time>2022-01-11T08:15:51Z</time>
      </trkpt>
      <trkpt lat="29.577040000000004" lon="34.87749">
        <ele>577.8811316717793</ele>
        <time>2022-01-11T08:15:52Z</time>
      </trkpt>
      <trkpt lat="29.576800000000002" lon="34.87749">
        <ele>565</ele>
        <time>2022-01-11T08:15:53Z</time>
      </trkpt>
      <trkpt lat="29.576660000000004" lon="34.87751">
        <ele>565</ele>
        <time>2022-01-11T08:15:54Z</time>
      </trkpt>
      <trkpt lat="29.57654" lon="34.87755">
        <ele>565</ele>
        <time>2022-01-11T08:15:55Z</time>
      </trkpt>
      <trkpt lat="29.576220000000003" lon="34.87771">
        <ele>553</ele>
        <time>2022-01-11T08:15:56Z</time>
      </trkpt>
      <trkpt lat="29.576110000000003" lon="34.87774">
        <ele>575.1764615403</ele>
        <time>2022-01-11T08:15:57Z</time>
      </trkpt>
      <trkpt lat="29.576110000000003" lon="34.87774">
        <ele>575.1764615403</ele>
        <time>2022-01-11T08:15:58Z</time>
      </trkpt>
      <extensions>
        <RoutingType xmlns="">Hike</RoutingType>
      </extensions>
    </trkseg>
    <trkseg>
      <trkpt lat="29.576110000000003" lon="34.87774">
        <ele>575.1764615403</ele>
        <time>2022-01-11T08:15:58Z</time>
      </trkpt>
      <trkpt lat="29.576110000000003" lon="34.87774">
        <ele>564</ele>
        <time>2022-01-11T08:15:59Z</time>
      </trkpt>
      <trkpt lat="29.576110000000003" lon="34.87774">
        <ele>575.1764615403</ele>
        <time>2022-01-11T08:16:00Z</time>
      </trkpt>
      <trkpt lat="29.576110000000003" lon="34.87774">
        <ele>575.1764615403</ele>
        <time>2022-01-11T08:16:01Z</time>
      </trkpt>
      <trkpt lat="29.5759" lon="34.877750000000006">
        <ele>564</ele>
        <time>2022-01-11T08:16:02Z</time>
      </trkpt>
      <trkpt lat="29.575680000000002" lon="34.877700000000004">
        <ele>564</ele>
        <time>2022-01-11T08:16:03Z</time>
      </trkpt>
      <trkpt lat="29.57513" lon="34.877700000000004">
        <ele>576</ele>
        <time>2022-01-11T08:16:04Z</time>
      </trkpt>
      <trkpt lat="29.574980000000004" lon="34.877720000000004">
        <ele>576</ele>
        <time>2022-01-11T08:16:05Z</time>
      </trkpt>
      <trkpt lat="29.574910000000003" lon="34.877770000000005">
        <ele>572.2387643120019</ele>
        <time>2022-01-11T08:16:06Z</time>
      </trkpt>
      <trkpt lat="29.574910000000003" lon="34.877770000000005">
        <ele>572.2387643120019</ele>
        <time>2022-01-11T08:16:07Z</time>
      </trkpt>
      <trkpt lat="29.574910000000003" lon="34.877770000000005">
        <ele>576</ele>
        <time>2022-01-11T08:16:08Z</time>
      </trkpt>
      <trkpt lat="29.574910000000003" lon="34.877770000000005">
        <ele>572.2387643120019</ele>
        <time>2022-01-11T08:16:09Z</time>
      </trkpt>
      <trkpt lat="29.574910000000003" lon="34.877770000000005">
        <ele>572.2387643120019</ele>
        <time>2022-01-11T08:16:10Z</time>
      </trkpt>
      <trkpt lat="29.574820000000003" lon="34.87792">
        <ele>576</ele>
        <time>2022-01-11T08:16:11Z</time>
      </trkpt>
      <trkpt lat="29.57476" lon="34.877950000000006">
        <ele>576</ele>
        <time>2022-01-11T08:16:12Z</time>
      </trkpt>
      <trkpt lat="29.574540000000002" lon="34.87796">
        <ele>576</ele>
        <time>2022-01-11T08:16:13Z</time>
      </trkpt>
      <trkpt lat="29.574320000000004" lon="34.87801">
        <ele>563</ele>
        <time>2022-01-11T08:16:14Z</time>
      </trkpt>
      <trkpt lat="29.573980000000002" lon="34.87801">
        <ele>540.5569705114723</ele>
        <time>2022-01-11T08:16:15Z</time>
      </trkpt>
      <trkpt lat="29.573980000000002" lon="34.87801">
        <ele>540.5569705114723</ele>
        <time>2022-01-11T08:16:16Z</time>
      </trkpt>
      <trkpt lat="29.573980000000002" lon="34.87801">
        <ele>563</ele>
        <time>2022-01-11T08:16:17Z</time>
      </trkpt>
      <trkpt lat="29.573980000000002" lon="34.87801">
        <ele>540.5569705114723</ele>
        <time>2022-01-11T08:16:18Z</time>
      </trkpt>
      <trkpt lat="29.573980000000002" lon="34.87801">
        <ele>540.5569705114723</ele>
        <time>2022-01-11T08:16:19Z</time>
      </trkpt>
      <trkpt lat="29.573870000000003" lon="34.87798">
        <ele>563</ele>
        <time>2022-01-11T08:16:20Z</time>
      </trkpt>
      <trkpt lat="29.573700000000002" lon="34.87791">
        <ele>563</ele>
        <time>2022-01-11T08:16:21Z</time>
      </trkpt>
      <trkpt lat="29.573610000000002" lon="34.877840000000006">
        <ele>551</ele>
        <time>2022-01-11T08:16:22Z</time>
      </trkpt>
      <trkpt lat="29.57354" lon="34.87774">
        <ele>531.5</ele>
        <time>2022-01-11T08:16:23Z</time>
      </trkpt>
      <trkpt lat="29.57354" lon="34.87774">
        <ele>522.8277268499925</ele>
        <time>2022-01-11T08:16:24Z</time>
      </trkpt>
      <trkpt lat="29.57354" lon="34.87774">
        <ele>522.8277268499925</ele>
        <time>2022-01-11T08:16:25Z</time>
      </trkpt>
      <trkpt lat="29.57354" lon="34.87774">
        <ele>531.5</ele>
        <time>2022-01-11T08:16:26Z</time>
      </trkpt>
      <trkpt lat="29.57354" lon="34.87774">
        <ele>522.8277268499925</ele>
        <time>2022-01-11T08:16:27Z</time>
      </trkpt>
      <trkpt lat="29.57354" lon="34.87774">
        <ele>522.8277268499925</ele>
        <time>2022-01-11T08:16:28Z</time>
      </trkpt>
      <trkpt lat="29.573420000000002" lon="34.87758">
        <ele>512</ele>
        <time>2022-01-11T08:16:29Z</time>
      </trkpt>
      <trkpt lat="29.573370000000004" lon="34.87755">
        <ele>512</ele>
        <time>2022-01-11T08:16:30Z</time>
      </trkpt>
      <trkpt lat="29.572770000000002" lon="34.87735">
        <ele>509</ele>
        <time>2022-01-11T08:16:31Z</time>
      </trkpt>
      <trkpt lat="29.57271" lon="34.87731">
        <ele>509</ele>
        <time>2022-01-11T08:16:32Z</time>
      </trkpt>
      <trkpt lat="29.57259" lon="34.87715">
        <ele>514.589675509297</ele>
        <time>2022-01-11T08:16:33Z</time>
      </trkpt>
      <trkpt lat="29.57259" lon="34.87715">
        <ele>514.589675509297</ele>
        <time>2022-01-11T08:16:34Z</time>
      </trkpt>
      <trkpt lat="29.57259" lon="34.87715">
        <ele>509</ele>
        <time>2022-01-11T08:16:35Z</time>
      </trkpt>
      <trkpt lat="29.57259" lon="34.87715">
        <ele>514.589675509297</ele>
        <time>2022-01-11T08:16:36Z</time>
      </trkpt>
      <trkpt lat="29.57259" lon="34.87715">
        <ele>514.589675509297</ele>
        <time>2022-01-11T08:16:37Z</time>
      </trkpt>
      <trkpt lat="29.57243" lon="34.877030000000005">
        <ele>509</ele>
        <time>2022-01-11T08:16:38Z</time>
      </trkpt>
      <trkpt lat="29.572290000000002" lon="34.876900000000006">
        <ele>509</ele>
        <time>2022-01-11T08:16:39Z</time>
      </trkpt>
      <trkpt lat="29.57222" lon="34.876900000000006">
        <ele>509</ele>
        <time>2022-01-11T08:16:40Z</time>
      </trkpt>
      <trkpt lat="29.571880000000004" lon="34.87695">
        <ele>481</ele>
        <time>2022-01-11T08:16:41Z</time>
      </trkpt>
      <trkpt lat="29.571610000000003" lon="34.87693">
        <ele>497.6681841939838</ele>
        <time>2022-01-11T08:16:42Z</time>
      </trkpt>
      <trkpt lat="29.571610000000003" lon="34.87693">
        <ele>497.6681841939838</ele>
        <time>2022-01-11T08:16:43Z</time>
      </trkpt>
      <trkpt lat="29.571610000000003" lon="34.87693">
        <ele>481</ele>
        <time>2022-01-11T08:16:44Z</time>
      </trkpt>
      <trkpt lat="29.571610000000003" lon="34.87693">
        <ele>497.6681841939838</ele>
        <time>2022-01-11T08:16:45Z</time>
      </trkpt>
      <trkpt lat="29.571610000000003" lon="34.87693">
        <ele>497.6681841939838</ele>
        <time>2022-01-11T08:16:46Z</time>
      </trkpt>
      <trkpt lat="29.571510000000004" lon="34.87695">
        <ele>481</ele>
        <time>2022-01-11T08:16:47Z</time>
      </trkpt>
      <trkpt lat="29.57102" lon="34.87733">
        <ele>459</ele>
        <time>2022-01-11T08:16:48Z</time>
      </trkpt>
      <trkpt lat="29.570840000000004" lon="34.87755">
        <ele>459</ele>
        <time>2022-01-11T08:16:49Z</time>
      </trkpt>
      <trkpt lat="29.570800000000002" lon="34.87763">
        <ele>453</ele>
        <time>2022-01-11T08:16:50Z</time>
      </trkpt>
      <trkpt lat="29.570780000000003" lon="34.87778">
        <ele>438.4181604750888</ele>
        <time>2022-01-11T08:16:51Z</time>
      </trkpt>
      <trkpt lat="29.570780000000003" lon="34.87778">
        <ele>438.4181604750888</ele>
        <time>2022-01-11T08:16:52Z</time>
      </trkpt>
      <trkpt lat="29.570780000000003" lon="34.87778">
        <ele>453</ele>
        <time>2022-01-11T08:16:53Z</time>
      </trkpt>
      <trkpt lat="29.570780000000003" lon="34.87778">
        <ele>438.4181604750888</ele>
        <time>2022-01-11T08:16:54Z</time>
      </trkpt>
      <trkpt lat="29.570780000000003" lon="34.87778">
        <ele>438.4181604750888</ele>
        <time>2022-01-11T08:16:55Z</time>
      </trkpt>
      <trkpt lat="29.570710000000002" lon="34.877880000000005">
        <ele>453</ele>
        <time>2022-01-11T08:16:56Z</time>
      </trkpt>
      <trkpt lat="29.570560000000004" lon="34.878">
        <ele>453</ele>
        <time>2022-01-11T08:16:57Z</time>
      </trkpt>
      <trkpt lat="29.57043" lon="34.878060000000005">
        <ele>453</ele>
        <time>2022-01-11T08:16:58Z</time>
      </trkpt>
      <trkpt lat="29.570330000000002" lon="34.87809">
        <ele>427</ele>
        <time>2022-01-11T08:16:59Z</time>
      </trkpt>
      <trkpt lat="29.570200000000003" lon="34.878080000000004">
        <ele>420.10642201321735</ele>
        <time>2022-01-11T08:17:00Z</time>
      </trkpt>
      <trkpt lat="29.570200000000003" lon="34.878080000000004">
        <ele>420.10642201321735</ele>
        <time>2022-01-11T08:17:01Z</time>
      </trkpt>
      <trkpt lat="29.570200000000003" lon="34.878080000000004">
        <ele>427</ele>
        <time>2022-01-11T08:17:02Z</time>
      </trkpt>
      <trkpt lat="29.570200000000003" lon="34.878080000000004">
        <ele>420.10642201321735</ele>
        <time>2022-01-11T08:17:03Z</time>
      </trkpt>
      <trkpt lat="29.570200000000003" lon="34.878080000000004">
        <ele>420.10642201321735</ele>
        <time>2022-01-11T08:17:04Z</time>
      </trkpt>
      <trkpt lat="29.570020000000003" lon="34.87803">
        <ele>427</ele>
        <time>2022-01-11T08:17:05Z</time>
      </trkpt>
      <trkpt lat="29.569840000000003" lon="34.87805">
        <ele>427</ele>
        <time>2022-01-11T08:17:06Z</time>
      </trkpt>
      <trkpt lat="29.56959" lon="34.87805">
        <ele>427</ele>
        <time>2022-01-11T08:17:07Z</time>
      </trkpt>
      <trkpt lat="29.569490000000002" lon="34.87807">
        <ele>409</ele>
        <time>2022-01-11T08:17:08Z</time>
      </trkpt>
      <trkpt lat="29.569080000000003" lon="34.878280000000004">
        <ele>393.32059702679993</ele>
        <time>2022-01-11T08:17:09Z</time>
      </trkpt>
      <trkpt lat="29.569080000000003" lon="34.878280000000004">
        <ele>393.32059702679993</ele>
        <time>2022-01-11T08:17:10Z</time>
      </trkpt>
      <trkpt lat="29.569080000000003" lon="34.878280000000004">
        <ele>409</ele>
        <time>2022-01-11T08:17:11Z</time>
      </trkpt>
      <trkpt lat="29.569080000000003" lon="34.878280000000004">
        <ele>393.32059702679993</ele>
        <time>2022-01-11T08:17:12Z</time>
      </trkpt>
      <trkpt lat="29.569080000000003" lon="34.878280000000004">
        <ele>393.32059702679993</ele>
        <time>2022-01-11T08:17:13Z</time>
      </trkpt>
      <trkpt lat="29.56895" lon="34.87832">
        <ele>409</ele>
        <time>2022-01-11T08:17:14Z</time>
      </trkpt>
      <trkpt lat="29.568890000000003" lon="34.878370000000004">
        <ele>409</ele>
        <time>2022-01-11T08:17:15Z</time>
      </trkpt>
      <trkpt lat="29.56884" lon="34.87843">
        <ele>409</ele>
        <time>2022-01-11T08:17:16Z</time>
      </trkpt>
      <trkpt lat="29.568790000000003" lon="34.878600000000006">
        <ele>415</ele>
        <time>2022-01-11T08:17:17Z</time>
      </trkpt>
      <trkpt lat="29.568720000000003" lon="34.87872">
        <ele>384.31395777934233</ele>
        <time>2022-01-11T08:17:18Z</time>
      </trkpt>
      <trkpt lat="29.568720000000003" lon="34.87872">
        <ele>384.31395777934233</ele>
        <time>2022-01-11T08:17:19Z</time>
      </trkpt>
      <trkpt lat="29.568720000000003" lon="34.87872">
        <ele>415</ele>
        <time>2022-01-11T08:17:20Z</time>
      </trkpt>
      <trkpt lat="29.568720000000003" lon="34.87872">
        <ele>384.31395777934233</ele>
        <time>2022-01-11T08:17:21Z</time>
      </trkpt>
      <trkpt lat="29.568720000000003" lon="34.87872">
        <ele>384.31395777934233</ele>
        <time>2022-01-11T08:17:22Z</time>
      </trkpt>
      <trkpt lat="29.568630000000002" lon="34.878820000000005">
        <ele>385</ele>
        <time>2022-01-11T08:17:23Z</time>
      </trkpt>
      <trkpt lat="29.568550000000002" lon="34.878960000000006">
        <ele>385</ele>
        <time>2022-01-11T08:17:24Z</time>
      </trkpt>
      <trkpt lat="29.56847" lon="34.87906">
        <ele>385</ele>
        <time>2022-01-11T08:17:25Z</time>
      </trkpt>
      <trkpt lat="29.568170000000002" lon="34.8793">
        <ele>388</ele>
        <time>2022-01-11T08:17:26Z</time>
      </trkpt>
      <trkpt lat="29.568070000000002" lon="34.87933">
        <ele>369.37372636855434</ele>
        <time>2022-01-11T08:17:27Z</time>
      </trkpt>
      <extensions>
        <RoutingType xmlns="">Hike</RoutingType>
      </extensions>
    </trkseg>
    <trkseg>
      <trkpt lat="29.568070000000002" lon="34.87933">
        <ele>369.37372636855434</ele>
        <time>2022-01-11T08:17:27Z</time>
      </trkpt>
      <trkpt lat="29.568070000000002" lon="34.87933">
        <ele>369.37372636855434</ele>
        <time>2022-01-11T08:17:28Z</time>
      </trkpt>
      <trkpt lat="29.568070000000002" lon="34.87933">
        <ele>388</ele>
        <time>2022-01-11T08:17:29Z</time>
      </trkpt>
      <trkpt lat="29.568070000000002" lon="34.87933">
        <ele>369.37372636855434</ele>
        <time>2022-01-11T08:17:30Z</time>
      </trkpt>
      <trkpt lat="29.568070000000002" lon="34.87933">
        <ele>369.37372636855434</ele>
        <time>2022-01-11T08:17:31Z</time>
      </trkpt>
      <trkpt lat="29.56799" lon="34.879340000000006">
        <ele>388</ele>
        <time>2022-01-11T08:17:32Z</time>
      </trkpt>
      <trkpt lat="29.567880000000002" lon="34.87932">
        <ele>388</ele>
        <time>2022-01-11T08:17:33Z</time>
      </trkpt>
      <trkpt lat="29.567800000000002" lon="34.879270000000005">
        <ele>378</ele>
        <time>2022-01-11T08:17:34Z</time>
      </trkpt>
      <trkpt lat="29.56772" lon="34.87913">
        <ele>372</ele>
        <time>2022-01-11T08:17:35Z</time>
      </trkpt>
      <trkpt lat="29.56762" lon="34.87905">
        <ele>368.8617328515458</ele>
        <time>2022-01-11T08:17:36Z</time>
      </trkpt>
      <trkpt lat="29.56762" lon="34.87905">
        <ele>368.8617328515458</ele>
        <time>2022-01-11T08:17:37Z</time>
      </trkpt>
      <trkpt lat="29.56762" lon="34.87905">
        <ele>372</ele>
        <time>2022-01-11T08:17:38Z</time>
      </trkpt>
      <trkpt lat="29.56762" lon="34.87905">
        <ele>368.8617328515458</ele>
        <time>2022-01-11T08:17:39Z</time>
      </trkpt>
      <trkpt lat="29.56762" lon="34.87905">
        <ele>368.8617328515458</ele>
        <time>2022-01-11T08:17:40Z</time>
      </trkpt>
      <trkpt lat="29.567520000000002" lon="34.87904">
        <ele>372</ele>
        <time>2022-01-11T08:17:41Z</time>
      </trkpt>
      <trkpt lat="29.567400000000003" lon="34.879070000000006">
        <ele>372</ele>
        <time>2022-01-11T08:17:42Z</time>
      </trkpt>
      <trkpt lat="29.567310000000003" lon="34.87906">
        <ele>372</ele>
        <time>2022-01-11T08:17:43Z</time>
      </trkpt>
      <trkpt lat="29.567190000000004" lon="34.878980000000006">
        <ele>372</ele>
        <time>2022-01-11T08:17:44Z</time>
      </trkpt>
      <trkpt lat="29.56698" lon="34.878780000000006">
        <ele>345.5803420261197</ele>
        <time>2022-01-11T08:17:45Z</time>
      </trkpt>
      <trkpt lat="29.56698" lon="34.878780000000006">
        <ele>345.5803420261197</ele>
        <time>2022-01-11T08:17:46Z</time>
      </trkpt>
      <trkpt lat="29.56698" lon="34.878780000000006">
        <ele>347</ele>
        <time>2022-01-11T08:17:47Z</time>
      </trkpt>
      <trkpt lat="29.56698" lon="34.878780000000006">
        <ele>345.5803420261197</ele>
        <time>2022-01-11T08:17:48Z</time>
      </trkpt>
      <trkpt lat="29.56698" lon="34.878780000000006">
        <ele>345.5803420261197</ele>
        <time>2022-01-11T08:17:49Z</time>
      </trkpt>
      <trkpt lat="29.56687" lon="34.878750000000004">
        <ele>347</ele>
        <time>2022-01-11T08:17:50Z</time>
      </trkpt>
      <trkpt lat="29.56679" lon="34.87877">
        <ele>347</ele>
        <time>2022-01-11T08:17:51Z</time>
      </trkpt>
      <trkpt lat="29.5667" lon="34.878840000000004">
        <ele>347</ele>
        <time>2022-01-11T08:17:52Z</time>
      </trkpt>
      <trkpt lat="29.56661" lon="34.878960000000006">
        <ele>347</ele>
        <time>2022-01-11T08:17:53Z</time>
      </trkpt>
      <trkpt lat="29.566530000000004" lon="34.87901">
        <ele>333.27397597666857</ele>
        <time>2022-01-11T08:17:54Z</time>
      </trkpt>
      <trkpt lat="29.566530000000004" lon="34.87901">
        <ele>333.27397597666857</ele>
        <time>2022-01-11T08:17:55Z</time>
      </trkpt>
      <trkpt lat="29.566530000000004" lon="34.87901">
        <ele>347</ele>
        <time>2022-01-11T08:17:56Z</time>
      </trkpt>
      <trkpt lat="29.566530000000004" lon="34.87901">
        <ele>333.27397597666857</ele>
        <time>2022-01-11T08:17:57Z</time>
      </trkpt>
      <trkpt lat="29.566530000000004" lon="34.87901">
        <ele>333.27397597666857</ele>
        <time>2022-01-11T08:17:58Z</time>
      </trkpt>
      <trkpt lat="29.56642" lon="34.87904">
        <ele>347</ele>
        <time>2022-01-11T08:17:59Z</time>
      </trkpt>
      <trkpt lat="29.56566" lon="34.87892">
        <ele>324</ele>
        <time>2022-01-11T08:18:00Z</time>
      </trkpt>
      <trkpt lat="29.56539" lon="34.87899">
        <ele>324</ele>
        <time>2022-01-11T08:18:01Z</time>
      </trkpt>
      <trkpt lat="29.56511" lon="34.87899">
        <ele>318</ele>
        <time>2022-01-11T08:18:02Z</time>
      </trkpt>
      <trkpt lat="29.565030000000004" lon="34.87903">
        <ele>305.57533555529034</ele>
        <time>2022-01-11T08:18:03Z</time>
      </trkpt>
      <trkpt lat="29.565030000000004" lon="34.87903">
        <ele>305.57533555529034</ele>
        <time>2022-01-11T08:18:04Z</time>
      </trkpt>
      <trkpt lat="29.565030000000004" lon="34.87903">
        <ele>318</ele>
        <time>2022-01-11T08:18:05Z</time>
      </trkpt>
      <trkpt lat="29.565030000000004" lon="34.87903">
        <ele>305.57533555529034</ele>
        <time>2022-01-11T08:18:06Z</time>
      </trkpt>
      <trkpt lat="29.565030000000004" lon="34.87903">
        <ele>305.57533555529034</ele>
        <time>2022-01-11T08:18:07Z</time>
      </trkpt>
      <trkpt lat="29.564840000000004" lon="34.879250000000006">
        <ele>318</ele>
        <time>2022-01-11T08:18:08Z</time>
      </trkpt>
      <trkpt lat="29.564840000000004" lon="34.879250000000006">
        <ele>318</ele>
        <time>2022-01-11T08:18:09Z</time>
      </trkpt>
      <trkpt lat="29.564740000000004" lon="34.87946">
        <ele>313</ele>
        <time>2022-01-11T08:18:10Z</time>
      </trkpt>
      <trkpt lat="29.564690000000002" lon="34.87975">
        <ele>313</ele>
        <time>2022-01-11T08:18:11Z</time>
      </trkpt>
      <trkpt lat="29.564650000000004" lon="34.879830000000005">
        <ele>292.1691709629722</ele>
        <time>2022-01-11T08:18:12Z</time>
      </trkpt>
      <trkpt lat="29.564650000000004" lon="34.879830000000005">
        <ele>292.1691709629722</ele>
        <time>2022-01-11T08:18:13Z</time>
      </trkpt>
      <trkpt lat="29.564650000000004" lon="34.879830000000005">
        <ele>313</ele>
        <time>2022-01-11T08:18:14Z</time>
      </trkpt>
      <trkpt lat="29.564650000000004" lon="34.879830000000005">
        <ele>292.1691709629722</ele>
        <time>2022-01-11T08:18:15Z</time>
      </trkpt>
      <trkpt lat="29.564650000000004" lon="34.879830000000005">
        <ele>292.1691709629722</ele>
        <time>2022-01-11T08:18:16Z</time>
      </trkpt>
      <trkpt lat="29.564560000000004" lon="34.87989">
        <ele>313</ele>
        <time>2022-01-11T08:18:17Z</time>
      </trkpt>
      <trkpt lat="29.564270000000004" lon="34.879900000000006">
        <ele>303</ele>
        <time>2022-01-11T08:18:18Z</time>
      </trkpt>
      <trkpt lat="29.564130000000002" lon="34.879870000000004">
        <ele>303</ele>
        <time>2022-01-11T08:18:19Z</time>
      </trkpt>
      <trkpt lat="29.564000000000004" lon="34.87988">
        <ele>303</ele>
        <time>2022-01-11T08:18:20Z</time>
      </trkpt>
      <trkpt lat="29.5636" lon="34.879810000000006">
        <ele>280.38845768841395</ele>
        <time>2022-01-11T08:18:21Z</time>
      </trkpt>
      <trkpt lat="29.5636" lon="34.879810000000006">
        <ele>280.38845768841395</ele>
        <time>2022-01-11T08:18:22Z</time>
      </trkpt>
      <trkpt lat="29.5636" lon="34.879810000000006">
        <ele>287</ele>
        <time>2022-01-11T08:18:23Z</time>
      </trkpt>
      <trkpt lat="29.5636" lon="34.879810000000006">
        <ele>280.38845768841395</ele>
        <time>2022-01-11T08:18:24Z</time>
      </trkpt>
      <trkpt lat="29.5636" lon="34.879810000000006">
        <ele>280.38845768841395</ele>
        <time>2022-01-11T08:18:25Z</time>
      </trkpt>
      <trkpt lat="29.563470000000002" lon="34.879810000000006">
        <ele>287</ele>
        <time>2022-01-11T08:18:26Z</time>
      </trkpt>
      <trkpt lat="29.56341" lon="34.87982">
        <ele>287</ele>
        <time>2022-01-11T08:18:27Z</time>
      </trkpt>
      <trkpt lat="29.563340000000004" lon="34.87991">
        <ele>287</ele>
        <time>2022-01-11T08:18:28Z</time>
      </trkpt>
      <trkpt lat="29.563290000000002" lon="34.88018">
        <ele>290</ele>
        <time>2022-01-11T08:18:29Z</time>
      </trkpt>
      <trkpt lat="29.563150000000004" lon="34.880390000000006">
        <ele>265.1366511715839</ele>
        <time>2022-01-11T08:18:30Z</time>
      </trkpt>
      <trkpt lat="29.563150000000004" lon="34.880390000000006">
        <ele>265.1366511715839</ele>
        <time>2022-01-11T08:18:31Z</time>
      </trkpt>
      <trkpt lat="29.563150000000004" lon="34.880390000000006">
        <ele>290</ele>
        <time>2022-01-11T08:18:32Z</time>
      </trkpt>
      <trkpt lat="29.563150000000004" lon="34.880390000000006">
        <ele>265.1366511715839</ele>
        <time>2022-01-11T08:18:33Z</time>
      </trkpt>
      <trkpt lat="29.563150000000004" lon="34.880390000000006">
        <ele>265.1366511715839</ele>
        <time>2022-01-11T08:18:34Z</time>
      </trkpt>
      <trkpt lat="29.562960000000004" lon="34.880590000000005">
        <ele>290</ele>
        <time>2022-01-11T08:18:35Z</time>
      </trkpt>
      <trkpt lat="29.56275" lon="34.88098">
        <ele>267</ele>
        <time>2022-01-11T08:18:36Z</time>
      </trkpt>
      <trkpt lat="29.562580000000004" lon="34.88116">
        <ele>267</ele>
        <time>2022-01-11T08:18:37Z</time>
      </trkpt>
      <trkpt lat="29.56246" lon="34.88132">
        <ele>267</ele>
        <time>2022-01-11T08:18:38Z</time>
      </trkpt>
      <trkpt lat="29.562340000000003" lon="34.881420000000006">
        <ele>255.3577848844187</ele>
        <time>2022-01-11T08:18:39Z</time>
      </trkpt>
      <trkpt lat="29.562340000000003" lon="34.881420000000006">
        <ele>255.3577848844187</ele>
        <time>2022-01-11T08:18:40Z</time>
      </trkpt>
      <trkpt lat="29.562340000000003" lon="34.881420000000006">
        <ele>267</ele>
        <time>2022-01-11T08:18:41Z</time>
      </trkpt>
      <trkpt lat="29.562340000000003" lon="34.881420000000006">
        <ele>255.3577848844187</ele>
        <time>2022-01-11T08:18:42Z</time>
      </trkpt>
      <trkpt lat="29.562340000000003" lon="34.881420000000006">
        <ele>255.3577848844187</ele>
        <time>2022-01-11T08:18:43Z</time>
      </trkpt>
      <trkpt lat="29.56218" lon="34.8815">
        <ele>267</ele>
        <time>2022-01-11T08:18:44Z</time>
      </trkpt>
      <trkpt lat="29.561760000000003" lon="34.88176">
        <ele>260</ele>
        <time>2022-01-11T08:18:45Z</time>
      </trkpt>
      <trkpt lat="29.561640000000004" lon="34.88179">
        <ele>270</ele>
        <time>2022-01-11T08:18:46Z</time>
      </trkpt>
      <trkpt lat="29.56126" lon="34.88179">
        <ele>270</ele>
        <time>2022-01-11T08:18:47Z</time>
      </trkpt>
      <trkpt lat="29.560810000000004" lon="34.881910000000005">
        <ele>250.7200575450199</ele>
        <time>2022-01-11T08:18:48Z</time>
      </trkpt>
      <trkpt lat="29.560810000000004" lon="34.881910000000005">
        <ele>250.7200575450199</ele>
        <time>2022-01-11T08:18:49Z</time>
      </trkpt>
      <trkpt lat="29.560810000000004" lon="34.881910000000005">
        <ele>264</ele>
        <time>2022-01-11T08:18:50Z</time>
      </trkpt>
      <trkpt lat="29.560810000000004" lon="34.881910000000005">
        <ele>250.7200575450199</ele>
        <time>2022-01-11T08:18:51Z</time>
      </trkpt>
      <trkpt lat="29.560810000000004" lon="34.881910000000005">
        <ele>250.7200575450199</ele>
        <time>2022-01-11T08:18:52Z</time>
      </trkpt>
      <trkpt lat="29.560650000000003" lon="34.882000000000005">
        <ele>264</ele>
        <time>2022-01-11T08:18:53Z</time>
      </trkpt>
      <trkpt lat="29.560380000000002" lon="34.882200000000005">
        <ele>264</ele>
        <time>2022-01-11T08:18:54Z</time>
      </trkpt>
      <trkpt lat="29.560240000000004" lon="34.882290000000005">
        <ele>255</ele>
        <time>2022-01-11T08:18:55Z</time>
      </trkpt>
      <trkpt lat="29.560140000000004" lon="34.882380000000005">
        <ele>255</ele>
        <time>2022-01-11T08:18:56Z</time>
      </trkpt>
      <extensions>
        <RoutingType xmlns="">Hike</RoutingType>
      </extensions>
    </trkseg>
    <trkseg>
      <trkpt lat="29.560140000000004" lon="34.882380000000005">
        <ele>255</ele>
        <time>2022-01-11T08:18:56Z</time>
      </trkpt>
      <trkpt lat="29.55984" lon="34.88255">
        <ele>254.59508466787426</ele>
        <time>2022-01-11T08:18:57Z</time>
      </trkpt>
      <trkpt lat="29.55984" lon="34.88255">
        <ele>254.59508466787426</ele>
        <time>2022-01-11T08:18:58Z</time>
      </trkpt>
      <trkpt lat="29.55984" lon="34.88255">
        <ele>255</ele>
        <time>2022-01-11T08:18:59Z</time>
      </trkpt>
      <trkpt lat="29.55984" lon="34.88255">
        <ele>254.59508466787426</ele>
        <time>2022-01-11T08:19:00Z</time>
      </trkpt>
      <trkpt lat="29.55984" lon="34.88255">
        <ele>254.59508466787426</ele>
        <time>2022-01-11T08:19:01Z</time>
      </trkpt>
      <trkpt lat="29.559670000000004" lon="34.882560000000005">
        <ele>255</ele>
        <time>2022-01-11T08:19:02Z</time>
      </trkpt>
      <trkpt lat="29.55957" lon="34.88255">
        <ele>255</ele>
        <time>2022-01-11T08:19:03Z</time>
      </trkpt>
      <trkpt lat="29.559520000000003" lon="34.88251">
        <ele>248</ele>
        <time>2022-01-11T08:19:04Z</time>
      </trkpt>
      <trkpt lat="29.559440000000002" lon="34.8823">
        <ele>248</ele>
        <time>2022-01-11T08:19:05Z</time>
      </trkpt>
      <trkpt lat="29.55936" lon="34.88219">
        <ele>244.95935016037515</ele>
        <time>2022-01-11T08:19:06Z</time>
      </trkpt>
      <trkpt lat="29.55936" lon="34.88219">
        <ele>244.95935016037515</ele>
        <time>2022-01-11T08:19:07Z</time>
      </trkpt>
      <trkpt lat="29.55936" lon="34.88219">
        <ele>248</ele>
        <time>2022-01-11T08:19:08Z</time>
      </trkpt>
      <trkpt lat="29.55936" lon="34.88219">
        <ele>244.95935016037515</ele>
        <time>2022-01-11T08:19:09Z</time>
      </trkpt>
      <trkpt lat="29.55936" lon="34.88219">
        <ele>244.95935016037515</ele>
        <time>2022-01-11T08:19:10Z</time>
      </trkpt>
      <trkpt lat="29.559300000000004" lon="34.88215">
        <ele>248</ele>
        <time>2022-01-11T08:19:11Z</time>
      </trkpt>
      <trkpt lat="29.559220000000003" lon="34.88214">
        <ele>248</ele>
        <time>2022-01-11T08:19:12Z</time>
      </trkpt>
      <trkpt lat="29.55909" lon="34.882200000000005">
        <ele>248</ele>
        <time>2022-01-11T08:19:13Z</time>
      </trkpt>
      <trkpt lat="29.5589" lon="34.882200000000005">
        <ele>248</ele>
        <time>2022-01-11T08:19:14Z</time>
      </trkpt>
      <trkpt lat="29.558750000000003" lon="34.88228">
        <ele>238.49895668712892</ele>
        <time>2022-01-11T08:19:15Z</time>
      </trkpt>
      <trkpt lat="29.558750000000003" lon="34.88228">
        <ele>238.49895668712892</ele>
        <time>2022-01-11T08:19:16Z</time>
      </trkpt>
      <trkpt lat="29.558750000000003" lon="34.88228">
        <ele>243.5</ele>
        <time>2022-01-11T08:19:17Z</time>
      </trkpt>
      <trkpt lat="29.558750000000003" lon="34.88228">
        <ele>238.49895668712892</ele>
        <time>2022-01-11T08:19:18Z</time>
      </trkpt>
      <trkpt lat="29.558750000000003" lon="34.88228">
        <ele>238.49895668712892</ele>
        <time>2022-01-11T08:19:19Z</time>
      </trkpt>
      <trkpt lat="29.558750000000003" lon="34.88228">
        <ele>243.5</ele>
        <time>2022-01-11T08:19:20Z</time>
      </trkpt>
      <trkpt lat="29.55844" lon="34.88251">
        <ele>239</ele>
        <time>2022-01-11T08:19:21Z</time>
      </trkpt>
      <trkpt lat="29.55833" lon="34.88262">
        <ele>242</ele>
        <time>2022-01-11T08:19:22Z</time>
      </trkpt>
      <trkpt lat="29.55816" lon="34.88284">
        <ele>242</ele>
        <time>2022-01-11T08:19:23Z</time>
      </trkpt>
      <trkpt lat="29.558040000000002" lon="34.88291">
        <ele>234.47280582575172</ele>
        <time>2022-01-11T08:19:24Z</time>
      </trkpt>
      <trkpt lat="29.558040000000002" lon="34.88291">
        <ele>234.47280582575172</ele>
        <time>2022-01-11T08:19:25Z</time>
      </trkpt>
      <trkpt lat="29.558040000000002" lon="34.88291">
        <ele>242</ele>
        <time>2022-01-11T08:19:26Z</time>
      </trkpt>
      <trkpt lat="29.558040000000002" lon="34.88291">
        <ele>234.47280582575172</ele>
        <time>2022-01-11T08:19:27Z</time>
      </trkpt>
      <trkpt lat="29.558040000000002" lon="34.88291">
        <ele>234.47280582575172</ele>
        <time>2022-01-11T08:19:28Z</time>
      </trkpt>
      <trkpt lat="29.557930000000002" lon="34.88291">
        <ele>242</ele>
        <time>2022-01-11T08:19:29Z</time>
      </trkpt>
      <trkpt lat="29.55786" lon="34.88289">
        <ele>246</ele>
        <time>2022-01-11T08:19:30Z</time>
      </trkpt>
      <trkpt lat="29.557630000000003" lon="34.882760000000005">
        <ele>246</ele>
        <time>2022-01-11T08:19:31Z</time>
      </trkpt>
      <trkpt lat="29.557080000000003" lon="34.882560000000005">
        <ele>244</ele>
        <time>2022-01-11T08:19:32Z</time>
      </trkpt>
      <trkpt lat="29.556950000000004" lon="34.88255">
        <ele>234.99178295064337</ele>
        <time>2022-01-11T08:19:33Z</time>
      </trkpt>
      <trkpt lat="29.556950000000004" lon="34.88255">
        <ele>234.99178295064337</ele>
        <time>2022-01-11T08:19:34Z</time>
      </trkpt>
      <trkpt lat="29.556950000000004" lon="34.88255">
        <ele>241</ele>
        <time>2022-01-11T08:19:35Z</time>
      </trkpt>
      <trkpt lat="29.556950000000004" lon="34.88255">
        <ele>234.99178295064337</ele>
        <time>2022-01-11T08:19:36Z</time>
      </trkpt>
      <trkpt lat="29.556950000000004" lon="34.88255">
        <ele>234.99178295064337</ele>
        <time>2022-01-11T08:19:37Z</time>
      </trkpt>
      <trkpt lat="29.55674" lon="34.88264">
        <ele>245</ele>
        <time>2022-01-11T08:19:38Z</time>
      </trkpt>
      <trkpt lat="29.556600000000003" lon="34.882650000000005">
        <ele>245</ele>
        <time>2022-01-11T08:19:39Z</time>
      </trkpt>
      <trkpt lat="29.55638" lon="34.882720000000006">
        <ele>245</ele>
        <time>2022-01-11T08:19:40Z</time>
      </trkpt>
      <trkpt lat="29.55617" lon="34.88275">
        <ele>238</ele>
        <time>2022-01-11T08:19:41Z</time>
      </trkpt>
      <trkpt lat="29.555930000000004" lon="34.88286">
        <ele>225.81450710309494</ele>
        <time>2022-01-11T08:19:42Z</time>
      </trkpt>
      <trkpt lat="29.555930000000004" lon="34.88286">
        <ele>225.81450710309494</ele>
        <time>2022-01-11T08:19:43Z</time>
      </trkpt>
      <trkpt lat="29.555930000000004" lon="34.88286">
        <ele>238</ele>
        <time>2022-01-11T08:19:44Z</time>
      </trkpt>
      <trkpt lat="29.555930000000004" lon="34.88286">
        <ele>225.81450710309494</ele>
        <time>2022-01-11T08:19:45Z</time>
      </trkpt>
      <trkpt lat="29.555930000000004" lon="34.88286">
        <ele>225.81450710309494</ele>
        <time>2022-01-11T08:19:46Z</time>
      </trkpt>
      <trkpt lat="29.555870000000002" lon="34.88286">
        <ele>238</ele>
        <time>2022-01-11T08:19:47Z</time>
      </trkpt>
      <trkpt lat="29.555640000000004" lon="34.882740000000005">
        <ele>238</ele>
        <time>2022-01-11T08:19:48Z</time>
      </trkpt>
      <trkpt lat="29.555280000000003" lon="34.882600000000004">
        <ele>247</ele>
        <time>2022-01-11T08:19:49Z</time>
      </trkpt>
      <trkpt lat="29.55497" lon="34.88241">
        <ele>226</ele>
        <time>2022-01-11T08:19:50Z</time>
      </trkpt>
      <trkpt lat="29.554630000000003" lon="34.8823">
        <ele>223.25187316700442</ele>
        <time>2022-01-11T08:19:51Z</time>
      </trkpt>
      <trkpt lat="29.554630000000003" lon="34.8823">
        <ele>223.25187316700442</ele>
        <time>2022-01-11T08:19:52Z</time>
      </trkpt>
      <trkpt lat="29.554630000000003" lon="34.8823">
        <ele>226</ele>
        <time>2022-01-11T08:19:53Z</time>
      </trkpt>
      <trkpt lat="29.554630000000003" lon="34.8823">
        <ele>223.25187316700442</ele>
        <time>2022-01-11T08:19:54Z</time>
      </trkpt>
      <trkpt lat="29.554630000000003" lon="34.8823">
        <ele>223.25187316700442</ele>
        <time>2022-01-11T08:19:55Z</time>
      </trkpt>
      <trkpt lat="29.55429" lon="34.882290000000005">
        <ele>223</ele>
        <time>2022-01-11T08:19:56Z</time>
      </trkpt>
      <trkpt lat="29.553990000000002" lon="34.8823">
        <ele>223</ele>
        <time>2022-01-11T08:19:57Z</time>
      </trkpt>
      <trkpt lat="29.55375" lon="34.882340000000006">
        <ele>223</ele>
        <time>2022-01-11T08:19:58Z</time>
      </trkpt>
      <trkpt lat="29.55366" lon="34.882340000000006">
        <ele>222</ele>
        <time>2022-01-11T08:19:59Z</time>
      </trkpt>
      <trkpt lat="29.553510000000003" lon="34.882310000000004">
        <ele>219.75816932304966</ele>
        <time>2022-01-11T08:20:00Z</time>
      </trkpt>
      <trkpt lat="29.553510000000003" lon="34.882310000000004">
        <ele>219.75816932304966</ele>
        <time>2022-01-11T08:20:01Z</time>
      </trkpt>
      <trkpt lat="29.553510000000003" lon="34.882310000000004">
        <ele>222</ele>
        <time>2022-01-11T08:20:02Z</time>
      </trkpt>
      <trkpt lat="29.553510000000003" lon="34.882310000000004">
        <ele>219.75816932304966</ele>
        <time>2022-01-11T08:20:03Z</time>
      </trkpt>
      <trkpt lat="29.553510000000003" lon="34.882310000000004">
        <ele>219.75816932304966</ele>
        <time>2022-01-11T08:20:04Z</time>
      </trkpt>
      <trkpt lat="29.55338" lon="34.882380000000005">
        <ele>222</ele>
        <time>2022-01-11T08:20:05Z</time>
      </trkpt>
      <trkpt lat="29.55308" lon="34.88233">
        <ele>222</ele>
        <time>2022-01-11T08:20:06Z</time>
      </trkpt>
      <trkpt lat="29.552760000000003" lon="34.882180000000005">
        <ele>226</ele>
        <time>2022-01-11T08:20:07Z</time>
      </trkpt>
      <trkpt lat="29.5526" lon="34.88206">
        <ele>226</ele>
        <time>2022-01-11T08:20:08Z</time>
      </trkpt>
      <trkpt lat="29.55232" lon="34.88194">
        <ele>216.96057795680323</ele>
        <time>2022-01-11T08:20:09Z</time>
      </trkpt>
      <trkpt lat="29.55232" lon="34.88194">
        <ele>216.96057795680323</ele>
        <time>2022-01-11T08:20:10Z</time>
      </trkpt>
      <trkpt lat="29.55232" lon="34.88194">
        <ele>226</ele>
        <time>2022-01-11T08:20:11Z</time>
      </trkpt>
      <trkpt lat="29.55232" lon="34.88194">
        <ele>216.96057795680323</ele>
        <time>2022-01-11T08:20:12Z</time>
      </trkpt>
      <trkpt lat="29.55232" lon="34.88194">
        <ele>216.96057795680323</ele>
        <time>2022-01-11T08:20:13Z</time>
      </trkpt>
      <trkpt lat="29.55204" lon="34.881840000000004">
        <ele>226</ele>
        <time>2022-01-11T08:20:14Z</time>
      </trkpt>
      <trkpt lat="29.551820000000003" lon="34.881800000000005">
        <ele>230</ele>
        <time>2022-01-11T08:20:15Z</time>
      </trkpt>
      <trkpt lat="29.551730000000003" lon="34.88177">
        <ele>230</ele>
        <time>2022-01-11T08:20:16Z</time>
      </trkpt>
      <trkpt lat="29.551650000000002" lon="34.881710000000005">
        <ele>221</ele>
        <time>2022-01-11T08:20:17Z</time>
      </trkpt>
      <trkpt lat="29.55159" lon="34.88161">
        <ele>213.9971547042207</ele>
        <time>2022-01-11T08:20:18Z</time>
      </trkpt>
      <trkpt lat="29.55159" lon="34.88161">
        <ele>213.9971547042207</ele>
        <time>2022-01-11T08:20:19Z</time>
      </trkpt>
      <trkpt lat="29.55159" lon="34.88161">
        <ele>221</ele>
        <time>2022-01-11T08:20:20Z</time>
      </trkpt>
      <trkpt lat="29.55159" lon="34.88161">
        <ele>213.9971547042207</ele>
        <time>2022-01-11T08:20:21Z</time>
      </trkpt>
      <trkpt lat="29.55159" lon="34.88161">
        <ele>213.9971547042207</ele>
        <time>2022-01-11T08:20:22Z</time>
      </trkpt>
      <trkpt lat="29.55159" lon="34.88161">
        <ele>221</ele>
        <time>2022-01-11T08:20:23Z</time>
      </trkpt>
      <trkpt lat="29.551560000000002" lon="34.88134">
        <ele>221</ele>
        <time>2022-01-11T08:20:24Z</time>
      </trkpt>
      <trkpt lat="29.551510000000004" lon="34.881190000000004">
        <ele>221</ele>
        <time>2022-01-11T08:20:25Z</time>
      </trkpt>
      <extensions>
        <RoutingType xmlns="">Hike</RoutingType>
      </extensions>
    </trkseg>
    <trkseg>
      <trkpt lat="29.551510000000004" lon="34.881190000000004">
        <ele>221</ele>
        <time>2022-01-11T08:20:25Z</time>
      </trkpt>
      <trkpt lat="29.551460000000002" lon="34.88105">
        <ele>221</ele>
        <time>2022-01-11T08:20:26Z</time>
      </trkpt>
      <trkpt lat="29.551430000000003" lon="34.881">
        <ele>211.96885816525426</ele>
        <time>2022-01-11T08:20:27Z</time>
      </trkpt>
      <trkpt lat="29.551430000000003" lon="34.881">
        <ele>211.96885816525426</ele>
        <time>2022-01-11T08:20:28Z</time>
      </trkpt>
      <trkpt lat="29.551430000000003" lon="34.881">
        <ele>221</ele>
        <time>2022-01-11T08:20:29Z</time>
      </trkpt>
      <trkpt lat="29.551430000000003" lon="34.881">
        <ele>211.96885816525426</ele>
        <time>2022-01-11T08:20:30Z</time>
      </trkpt>
      <trkpt lat="29.551430000000003" lon="34.881">
        <ele>211.96885816525426</ele>
        <time>2022-01-11T08:20:31Z</time>
      </trkpt>
      <trkpt lat="29.55138" lon="34.880990000000004">
        <ele>221</ele>
        <time>2022-01-11T08:20:32Z</time>
      </trkpt>
      <trkpt lat="29.551270000000002" lon="34.881">
        <ele>221</ele>
        <time>2022-01-11T08:20:33Z</time>
      </trkpt>
      <trkpt lat="29.55112" lon="34.88098">
        <ele>216</ele>
        <time>2022-01-11T08:20:34Z</time>
      </trkpt>
      <trkpt lat="29.551050000000004" lon="34.88098">
        <ele>216</ele>
        <time>2022-01-11T08:20:35Z</time>
      </trkpt>
      <trkpt lat="29.550900000000002" lon="34.88105">
        <ele>209.60691978150612</ele>
        <time>2022-01-11T08:20:36Z</time>
      </trkpt>
      <trkpt lat="29.550900000000002" lon="34.88105">
        <ele>209.60691978150612</ele>
        <time>2022-01-11T08:20:37Z</time>
      </trkpt>
      <trkpt lat="29.550900000000002" lon="34.88105">
        <ele>216</ele>
        <time>2022-01-11T08:20:38Z</time>
      </trkpt>
      <trkpt lat="29.550900000000002" lon="34.88105">
        <ele>209.60691978150612</ele>
        <time>2022-01-11T08:20:39Z</time>
      </trkpt>
      <trkpt lat="29.550900000000002" lon="34.88105">
        <ele>209.60691978150612</ele>
        <time>2022-01-11T08:20:40Z</time>
      </trkpt>
      <trkpt lat="29.550620000000002" lon="34.8811">
        <ele>216</ele>
        <time>2022-01-11T08:20:41Z</time>
      </trkpt>
      <trkpt lat="29.55046" lon="34.881170000000004">
        <ele>216</ele>
        <time>2022-01-11T08:20:42Z</time>
      </trkpt>
      <trkpt lat="29.550400000000003" lon="34.88121">
        <ele>216</ele>
        <time>2022-01-11T08:20:43Z</time>
      </trkpt>
      <trkpt lat="29.550290000000004" lon="34.88138">
        <ele>205</ele>
        <time>2022-01-11T08:20:44Z</time>
      </trkpt>
      <trkpt lat="29.55026" lon="34.88157">
        <ele>199.06579193097417</ele>
        <time>2022-01-11T08:20:45Z</time>
      </trkpt>
      <trkpt lat="29.55026" lon="34.88157">
        <ele>199.06579193097417</ele>
        <time>2022-01-11T08:20:46Z</time>
      </trkpt>
      <trkpt lat="29.55026" lon="34.88157">
        <ele>205</ele>
        <time>2022-01-11T08:20:47Z</time>
      </trkpt>
      <trkpt lat="29.55026" lon="34.88157">
        <ele>199.06579193097417</ele>
        <time>2022-01-11T08:20:48Z</time>
      </trkpt>
      <trkpt lat="29.55026" lon="34.88157">
        <ele>199.06579193097417</ele>
        <time>2022-01-11T08:20:49Z</time>
      </trkpt>
      <trkpt lat="29.550220000000003" lon="34.88167">
        <ele>205</ele>
        <time>2022-01-11T08:20:50Z</time>
      </trkpt>
      <trkpt lat="29.550130000000003" lon="34.881750000000004">
        <ele>205</ele>
        <time>2022-01-11T08:20:51Z</time>
      </trkpt>
      <trkpt lat="29.550050000000002" lon="34.88177">
        <ele>208</ele>
        <time>2022-01-11T08:20:52Z</time>
      </trkpt>
      <trkpt lat="29.549590000000002" lon="34.881710000000005">
        <ele>205</ele>
        <time>2022-01-11T08:20:53Z</time>
      </trkpt>
      <trkpt lat="29.549400000000002" lon="34.881750000000004">
        <ele>186.37788772272813</ele>
        <time>2022-01-11T08:20:54Z</time>
      </trkpt>
      <trkpt lat="29.549400000000002" lon="34.881750000000004">
        <ele>186.37788772272813</ele>
        <time>2022-01-11T08:20:55Z</time>
      </trkpt>
      <trkpt lat="29.549400000000002" lon="34.881750000000004">
        <ele>199</ele>
        <time>2022-01-11T08:20:56Z</time>
      </trkpt>
      <trkpt lat="29.549400000000002" lon="34.881750000000004">
        <ele>186.37788772272813</ele>
        <time>2022-01-11T08:20:57Z</time>
      </trkpt>
      <trkpt lat="29.549400000000002" lon="34.881750000000004">
        <ele>186.37788772272813</ele>
        <time>2022-01-11T08:20:58Z</time>
      </trkpt>
      <trkpt lat="29.549260000000004" lon="34.88183">
        <ele>200</ele>
        <time>2022-01-11T08:20:59Z</time>
      </trkpt>
      <trkpt lat="29.54894" lon="34.881870000000006">
        <ele>200</ele>
        <time>2022-01-11T08:21:00Z</time>
      </trkpt>
      <trkpt lat="29.548880000000004" lon="34.8819">
        <ele>200</ele>
        <time>2022-01-11T08:21:01Z</time>
      </trkpt>
      <trkpt lat="29.54876" lon="34.88204">
        <ele>200</ele>
        <time>2022-01-11T08:21:02Z</time>
      </trkpt>
      <trkpt lat="29.54868" lon="34.882270000000005">
        <ele>182.87822218977368</ele>
        <time>2022-01-11T08:21:03Z</time>
      </trkpt>
      <trkpt lat="29.54868" lon="34.882270000000005">
        <ele>182.87822218977368</ele>
        <time>2022-01-11T08:21:04Z</time>
      </trkpt>
      <trkpt lat="29.54868" lon="34.882270000000005">
        <ele>188</ele>
        <time>2022-01-11T08:21:05Z</time>
      </trkpt>
      <trkpt lat="29.54868" lon="34.882270000000005">
        <ele>182.87822218977368</ele>
        <time>2022-01-11T08:21:06Z</time>
      </trkpt>
      <trkpt lat="29.54868" lon="34.882270000000005">
        <ele>182.87822218977368</ele>
        <time>2022-01-11T08:21:07Z</time>
      </trkpt>
      <trkpt lat="29.54868" lon="34.882270000000005">
        <ele>188</ele>
        <time>2022-01-11T08:21:08Z</time>
      </trkpt>
      <trkpt lat="29.548620000000003" lon="34.88241">
        <ele>188</ele>
        <time>2022-01-11T08:21:09Z</time>
      </trkpt>
      <trkpt lat="29.548470000000002" lon="34.882630000000006">
        <ele>194</ele>
        <time>2022-01-11T08:21:10Z</time>
      </trkpt>
      <trkpt lat="29.548330000000004" lon="34.882720000000006">
        <ele>194</ele>
        <time>2022-01-11T08:21:11Z</time>
      </trkpt>
      <trkpt lat="29.548170000000002" lon="34.88288">
        <ele>178.4640315676823</ele>
        <time>2022-01-11T08:21:12Z</time>
      </trkpt>
      <trkpt lat="29.548170000000002" lon="34.88288">
        <ele>178.4640315676823</ele>
        <time>2022-01-11T08:21:13Z</time>
      </trkpt>
      <trkpt lat="29.548170000000002" lon="34.88288">
        <ele>194</ele>
        <time>2022-01-11T08:21:14Z</time>
      </trkpt>
      <trkpt lat="29.548170000000002" lon="34.88288">
        <ele>178.4640315676823</ele>
        <time>2022-01-11T08:21:15Z</time>
      </trkpt>
      <trkpt lat="29.548170000000002" lon="34.88288">
        <ele>178.4640315676823</ele>
        <time>2022-01-11T08:21:16Z</time>
      </trkpt>
      <trkpt lat="29.54803" lon="34.88298">
        <ele>194</ele>
        <time>2022-01-11T08:21:17Z</time>
      </trkpt>
      <trkpt lat="29.54793" lon="34.88315">
        <ele>194</ele>
        <time>2022-01-11T08:21:18Z</time>
      </trkpt>
      <trkpt lat="29.54782" lon="34.88324">
        <ele>180</ele>
        <time>2022-01-11T08:21:19Z</time>
      </trkpt>
      <trkpt lat="29.54764" lon="34.883300000000006">
        <ele>180</ele>
        <time>2022-01-11T08:21:20Z</time>
      </trkpt>
      <trkpt lat="29.54737" lon="34.883520000000004">
        <ele>175.02417896548286</ele>
        <time>2022-01-11T08:21:21Z</time>
      </trkpt>
      <trkpt lat="29.54737" lon="34.883520000000004">
        <ele>175.02417896548286</ele>
        <time>2022-01-11T08:21:22Z</time>
      </trkpt>
      <trkpt lat="29.54737" lon="34.883520000000004">
        <ele>222</ele>
        <time>2022-01-11T08:21:23Z</time>
      </trkpt>
      <trkpt lat="29.54737" lon="34.883520000000004">
        <ele>175.02417896548286</ele>
        <time>2022-01-11T08:21:24Z</time>
      </trkpt>
      <trkpt lat="29.54737" lon="34.883520000000004">
        <ele>175.02417896548286</ele>
        <time>2022-01-11T08:21:25Z</time>
      </trkpt>
      <trkpt lat="29.547100000000004" lon="34.88349">
        <ele>222</ele>
        <time>2022-01-11T08:21:26Z</time>
      </trkpt>
      <trkpt lat="29.546950000000002" lon="34.8834">
        <ele>178</ele>
        <time>2022-01-11T08:21:27Z</time>
      </trkpt>
      <trkpt lat="29.54688" lon="34.88338">
        <ele>178</ele>
        <time>2022-01-11T08:21:28Z</time>
      </trkpt>
      <trkpt lat="29.546400000000002" lon="34.883390000000006">
        <ele>178</ele>
        <time>2022-01-11T08:21:29Z</time>
      </trkpt>
      <trkpt lat="29.546290000000003" lon="34.88342">
        <ele>169.33591963774703</ele>
        <time>2022-01-11T08:21:30Z</time>
      </trkpt>
      <trkpt lat="29.546290000000003" lon="34.88342">
        <ele>169.33591963774703</ele>
        <time>2022-01-11T08:21:31Z</time>
      </trkpt>
      <trkpt lat="29.546290000000003" lon="34.88342">
        <ele>178</ele>
        <time>2022-01-11T08:21:32Z</time>
      </trkpt>
      <trkpt lat="29.546290000000003" lon="34.88342">
        <ele>169.33591963774703</ele>
        <time>2022-01-11T08:21:33Z</time>
      </trkpt>
      <trkpt lat="29.546290000000003" lon="34.88342">
        <ele>169.33591963774703</ele>
        <time>2022-01-11T08:21:34Z</time>
      </trkpt>
      <trkpt lat="29.545780000000004" lon="34.88371">
        <ele>209</ele>
        <time>2022-01-11T08:21:35Z</time>
      </trkpt>
      <trkpt lat="29.545430000000003" lon="34.883770000000005">
        <ele>209</ele>
        <time>2022-01-11T08:21:36Z</time>
      </trkpt>
      <trkpt lat="29.5452" lon="34.883770000000005">
        <ele>195</ele>
        <time>2022-01-11T08:21:37Z</time>
      </trkpt>
      <trkpt lat="29.544870000000003" lon="34.883860000000006">
        <ele>195</ele>
        <time>2022-01-11T08:21:38Z</time>
      </trkpt>
      <trkpt lat="29.544620000000002" lon="34.88378">
        <ele>165.79119709919442</ele>
        <time>2022-01-11T08:21:39Z</time>
      </trkpt>
      <trkpt lat="29.544620000000002" lon="34.88378">
        <ele>165.79119709919442</ele>
        <time>2022-01-11T08:21:40Z</time>
      </trkpt>
      <trkpt lat="29.544620000000002" lon="34.88378">
        <ele>195</ele>
        <time>2022-01-11T08:21:41Z</time>
      </trkpt>
      <trkpt lat="29.544620000000002" lon="34.88378">
        <ele>165.79119709919442</ele>
        <time>2022-01-11T08:21:42Z</time>
      </trkpt>
      <trkpt lat="29.544620000000002" lon="34.88378">
        <ele>165.79119709919442</ele>
        <time>2022-01-11T08:21:43Z</time>
      </trkpt>
      <trkpt lat="29.544300000000003" lon="34.883720000000004">
        <ele>174</ele>
        <time>2022-01-11T08:21:44Z</time>
      </trkpt>
      <trkpt lat="29.54417" lon="34.88365">
        <ele>174</ele>
        <time>2022-01-11T08:21:45Z</time>
      </trkpt>
      <trkpt lat="29.544090000000004" lon="34.88364">
        <ele>174</ele>
        <time>2022-01-11T08:21:46Z</time>
      </trkpt>
      <trkpt lat="29.544020000000003" lon="34.883660000000006">
        <ele>174</ele>
        <time>2022-01-11T08:21:47Z</time>
      </trkpt>
      <trkpt lat="29.543860000000002" lon="34.883770000000005">
        <ele>163.22238222206943</ele>
        <time>2022-01-11T08:21:48Z</time>
      </trkpt>
      <trkpt lat="29.543860000000002" lon="34.883770000000005">
        <ele>163.22238222206943</ele>
        <time>2022-01-11T08:21:49Z</time>
      </trkpt>
      <trkpt lat="29.543860000000002" lon="34.883770000000005">
        <ele>174</ele>
        <time>2022-01-11T08:21:50Z</time>
      </trkpt>
      <trkpt lat="29.543860000000002" lon="34.883770000000005">
        <ele>163.22238222206943</ele>
        <time>2022-01-11T08:21:51Z</time>
      </trkpt>
      <trkpt lat="29.543860000000002" lon="34.883770000000005">
        <ele>163.22238222206943</ele>
        <time>2022-01-11T08:21:52Z</time>
      </trkpt>
      <trkpt lat="29.54379" lon="34.88385">
        <ele>171.5</ele>
        <time>2022-01-11T08:21:53Z</time>
      </trkpt>
      <trkpt lat="29.54379" lon="34.88385">
        <ele>171.5</ele>
        <time>2022-01-11T08:21:54Z</time>
      </trkpt>
      <extensions>
        <RoutingType xmlns="">Hike</RoutingType>
      </extensions>
    </trkseg>
    <trkseg>
      <trkpt lat="29.54379" lon="34.88385">
        <ele>171.5</ele>
        <time>2022-01-11T08:21:54Z</time>
      </trkpt>
      <trkpt lat="29.54361" lon="34.88405">
        <ele>169</ele>
        <time>2022-01-11T08:21:55Z</time>
      </trkpt>
      <trkpt lat="29.543550000000003" lon="34.88409">
        <ele>169</ele>
        <time>2022-01-11T08:21:56Z</time>
      </trkpt>
      <trkpt lat="29.543120000000002" lon="34.88423">
        <ele>167.91282378489487</ele>
        <time>2022-01-11T08:21:57Z</time>
      </trkpt>
      <trkpt lat="29.543120000000002" lon="34.88423">
        <ele>167.91282378489487</ele>
        <time>2022-01-11T08:21:58Z</time>
      </trkpt>
      <trkpt lat="29.543120000000002" lon="34.88423">
        <ele>169</ele>
        <time>2022-01-11T08:21:59Z</time>
      </trkpt>
      <trkpt lat="29.543120000000002" lon="34.88423">
        <ele>167.91282378489487</ele>
        <time>2022-01-11T08:22:00Z</time>
      </trkpt>
      <trkpt lat="29.543120000000002" lon="34.88423">
        <ele>167.91282378489487</ele>
        <time>2022-01-11T08:22:01Z</time>
      </trkpt>
      <trkpt lat="29.54286" lon="34.884350000000005">
        <ele>192</ele>
        <time>2022-01-11T08:22:02Z</time>
      </trkpt>
      <trkpt lat="29.542810000000003" lon="34.88443">
        <ele>192</ele>
        <time>2022-01-11T08:22:03Z</time>
      </trkpt>
      <trkpt lat="29.542790000000004" lon="34.88454">
        <ele>192</ele>
        <time>2022-01-11T08:22:04Z</time>
      </trkpt>
      <trkpt lat="29.542820000000003" lon="34.884730000000005">
        <ele>192</ele>
        <time>2022-01-11T08:22:05Z</time>
      </trkpt>
      <trkpt lat="29.542820000000003" lon="34.884730000000005">
        <ele>181.59304033212925</ele>
        <time>2022-01-11T08:22:06Z</time>
      </trkpt>
      <trkpt lat="29.542820000000003" lon="34.884730000000005">
        <ele>181.59304033212925</ele>
        <time>2022-01-11T08:22:07Z</time>
      </trkpt>
      <trkpt lat="29.542820000000003" lon="34.884730000000005">
        <ele>192</ele>
        <time>2022-01-11T08:22:08Z</time>
      </trkpt>
      <trkpt lat="29.542820000000003" lon="34.884730000000005">
        <ele>181.59304033212925</ele>
        <time>2022-01-11T08:22:09Z</time>
      </trkpt>
      <trkpt lat="29.542820000000003" lon="34.884730000000005">
        <ele>181.59304033212925</ele>
        <time>2022-01-11T08:22:10Z</time>
      </trkpt>
      <trkpt lat="29.54286" lon="34.88495">
        <ele>192</ele>
        <time>2022-01-11T08:22:11Z</time>
      </trkpt>
      <trkpt lat="29.54351" lon="34.88524">
        <ele>256</ele>
        <time>2022-01-11T08:22:12Z</time>
      </trkpt>
      <trkpt lat="29.543370000000003" lon="34.88533">
        <ele>256</ele>
        <time>2022-01-11T08:22:13Z</time>
      </trkpt>
      <trkpt lat="29.54418" lon="34.88591">
        <ele>248</ele>
        <time>2022-01-11T08:22:14Z</time>
      </trkpt>
      <trkpt lat="29.544130000000003" lon="34.88638">
        <ele>265.7607837149088</ele>
        <time>2022-01-11T08:22:15Z</time>
      </trkpt>
      <trkpt lat="29.544130000000003" lon="34.88638">
        <ele>265.7607837149088</ele>
        <time>2022-01-11T08:22:16Z</time>
      </trkpt>
      <trkpt lat="29.544130000000003" lon="34.88638">
        <ele>266</ele>
        <time>2022-01-11T08:22:17Z</time>
      </trkpt>
      <trkpt lat="29.544130000000003" lon="34.88638">
        <ele>265.7607837149088</ele>
        <time>2022-01-11T08:22:18Z</time>
      </trkpt>
      <trkpt lat="29.544130000000003" lon="34.88638">
        <ele>265.7607837149088</ele>
        <time>2022-01-11T08:22:19Z</time>
      </trkpt>
      <trkpt lat="29.544300000000003" lon="34.886410000000005">
        <ele>266</ele>
        <time>2022-01-11T08:22:20Z</time>
      </trkpt>
      <trkpt lat="29.544400000000003" lon="34.88673">
        <ele>266</ele>
        <time>2022-01-11T08:22:21Z</time>
      </trkpt>
      <trkpt lat="29.544130000000003" lon="34.886770000000006">
        <ele>257</ele>
        <time>2022-01-11T08:22:22Z</time>
      </trkpt>
      <trkpt lat="29.543860000000002" lon="34.886720000000004">
        <ele>275.5</ele>
        <time>2022-01-11T08:22:23Z</time>
      </trkpt>
      <trkpt lat="29.543860000000002" lon="34.886720000000004">
        <ele>284.58401778195974</ele>
        <time>2022-01-11T08:22:24Z</time>
      </trkpt>
      <trkpt lat="29.543860000000002" lon="34.886720000000004">
        <ele>284.58401778195974</ele>
        <time>2022-01-11T08:22:25Z</time>
      </trkpt>
      <trkpt lat="29.543860000000002" lon="34.886720000000004">
        <ele>275.5</ele>
        <time>2022-01-11T08:22:26Z</time>
      </trkpt>
      <trkpt lat="29.543860000000002" lon="34.886720000000004">
        <ele>284.58401778195974</ele>
        <time>2022-01-11T08:22:27Z</time>
      </trkpt>
      <trkpt lat="29.543860000000002" lon="34.886720000000004">
        <ele>284.58401778195974</ele>
        <time>2022-01-11T08:22:28Z</time>
      </trkpt>
      <trkpt lat="29.5437" lon="34.88671">
        <ele>285</ele>
        <time>2022-01-11T08:22:29Z</time>
      </trkpt>
      <trkpt lat="29.543640000000003" lon="34.886700000000005">
        <ele>285</ele>
        <time>2022-01-11T08:22:30Z</time>
      </trkpt>
      <trkpt lat="29.543480000000002" lon="34.8866">
        <ele>285</ele>
        <time>2022-01-11T08:22:31Z</time>
      </trkpt>
      <trkpt lat="29.543190000000003" lon="34.886540000000004">
        <ele>285</ele>
        <time>2022-01-11T08:22:32Z</time>
      </trkpt>
      <trkpt lat="29.54313" lon="34.88655">
        <ele>302.02656598801906</ele>
        <time>2022-01-11T08:22:33Z</time>
      </trkpt>
      <trkpt lat="29.54313" lon="34.88655">
        <ele>302.02656598801906</ele>
        <time>2022-01-11T08:22:34Z</time>
      </trkpt>
      <trkpt lat="29.54313" lon="34.88655">
        <ele>285</ele>
        <time>2022-01-11T08:22:35Z</time>
      </trkpt>
      <trkpt lat="29.54313" lon="34.88655">
        <ele>302.02656598801906</ele>
        <time>2022-01-11T08:22:36Z</time>
      </trkpt>
      <trkpt lat="29.54313" lon="34.88655">
        <ele>302.02656598801906</ele>
        <time>2022-01-11T08:22:37Z</time>
      </trkpt>
      <trkpt lat="29.542970000000004" lon="34.88662">
        <ele>285</ele>
        <time>2022-01-11T08:22:38Z</time>
      </trkpt>
      <trkpt lat="29.54285" lon="34.88669">
        <ele>286</ele>
        <time>2022-01-11T08:22:39Z</time>
      </trkpt>
      <trkpt lat="29.54275" lon="34.886720000000004">
        <ele>286</ele>
        <time>2022-01-11T08:22:40Z</time>
      </trkpt>
      <trkpt lat="29.54256" lon="34.886720000000004">
        <ele>286</ele>
        <time>2022-01-11T08:22:41Z</time>
      </trkpt>
      <trkpt lat="29.542340000000003" lon="34.8866">
        <ele>292.5819024057211</ele>
        <time>2022-01-11T08:22:42Z</time>
      </trkpt>
      <trkpt lat="29.542340000000003" lon="34.8866">
        <ele>292.5819024057211</ele>
        <time>2022-01-11T08:22:43Z</time>
      </trkpt>
      <trkpt lat="29.542340000000003" lon="34.8866">
        <ele>286</ele>
        <time>2022-01-11T08:22:44Z</time>
      </trkpt>
      <trkpt lat="29.542340000000003" lon="34.8866">
        <ele>292.5819024057211</ele>
        <time>2022-01-11T08:22:45Z</time>
      </trkpt>
      <trkpt lat="29.542340000000003" lon="34.8866">
        <ele>292.5819024057211</ele>
        <time>2022-01-11T08:22:46Z</time>
      </trkpt>
      <trkpt lat="29.542150000000003" lon="34.886540000000004">
        <ele>286</ele>
        <time>2022-01-11T08:22:47Z</time>
      </trkpt>
      <trkpt lat="29.542" lon="34.886520000000004">
        <ele>284</ele>
        <time>2022-01-11T08:22:48Z</time>
      </trkpt>
      <trkpt lat="29.541890000000002" lon="34.886540000000004">
        <ele>284</ele>
        <time>2022-01-11T08:22:49Z</time>
      </trkpt>
      <trkpt lat="29.54181" lon="34.88658">
        <ele>284</ele>
        <time>2022-01-11T08:22:50Z</time>
      </trkpt>
      <trkpt lat="29.54164" lon="34.88674">
        <ele>295.6972808683715</ele>
        <time>2022-01-11T08:22:51Z</time>
      </trkpt>
      <trkpt lat="29.54164" lon="34.88674">
        <ele>295.6972808683715</ele>
        <time>2022-01-11T08:22:52Z</time>
      </trkpt>
      <trkpt lat="29.54164" lon="34.88674">
        <ele>284</ele>
        <time>2022-01-11T08:22:53Z</time>
      </trkpt>
      <trkpt lat="29.54164" lon="34.88674">
        <ele>295.6972808683715</ele>
        <time>2022-01-11T08:22:54Z</time>
      </trkpt>
      <trkpt lat="29.54164" lon="34.88674">
        <ele>295.6972808683715</ele>
        <time>2022-01-11T08:22:55Z</time>
      </trkpt>
      <trkpt lat="29.541580000000003" lon="34.886790000000005">
        <ele>289</ele>
        <time>2022-01-11T08:22:56Z</time>
      </trkpt>
      <trkpt lat="29.541470000000004" lon="34.88692">
        <ele>289</ele>
        <time>2022-01-11T08:22:57Z</time>
      </trkpt>
      <trkpt lat="29.541410000000003" lon="34.88696">
        <ele>289</ele>
        <time>2022-01-11T08:22:58Z</time>
      </trkpt>
      <trkpt lat="29.541110000000003" lon="34.88709">
        <ele>303</ele>
        <time>2022-01-11T08:22:59Z</time>
      </trkpt>
      <trkpt lat="29.540770000000002" lon="34.88714">
        <ele>296.77696541516275</ele>
        <time>2022-01-11T08:23:00Z</time>
      </trkpt>
      <trkpt lat="29.540770000000002" lon="34.88714">
        <ele>296.77696541516275</ele>
        <time>2022-01-11T08:23:01Z</time>
      </trkpt>
      <trkpt lat="29.540770000000002" lon="34.88714">
        <ele>301</ele>
        <time>2022-01-11T08:23:02Z</time>
      </trkpt>
      <trkpt lat="29.540770000000002" lon="34.88714">
        <ele>296.77696541516275</ele>
        <time>2022-01-11T08:23:03Z</time>
      </trkpt>
      <trkpt lat="29.540770000000002" lon="34.88714">
        <ele>296.77696541516275</ele>
        <time>2022-01-11T08:23:04Z</time>
      </trkpt>
      <trkpt lat="29.540770000000002" lon="34.88714">
        <ele>301</ele>
        <time>2022-01-11T08:23:05Z</time>
      </trkpt>
      <trkpt lat="29.540150000000004" lon="34.88727">
        <ele>299</ele>
        <time>2022-01-11T08:23:06Z</time>
      </trkpt>
      <trkpt lat="29.539880000000004" lon="34.8872">
        <ele>299</ele>
        <time>2022-01-11T08:23:07Z</time>
      </trkpt>
      <trkpt lat="29.53967" lon="34.887220000000006">
        <ele>299</ele>
        <time>2022-01-11T08:23:08Z</time>
      </trkpt>
      <trkpt lat="29.539590000000004" lon="34.887260000000005">
        <ele>292.5141326605707</ele>
        <time>2022-01-11T08:23:09Z</time>
      </trkpt>
      <trkpt lat="29.539590000000004" lon="34.887260000000005">
        <ele>292.5141326605707</ele>
        <time>2022-01-11T08:23:10Z</time>
      </trkpt>
      <trkpt lat="29.539590000000004" lon="34.887260000000005">
        <ele>299</ele>
        <time>2022-01-11T08:23:11Z</time>
      </trkpt>
      <trkpt lat="29.539590000000004" lon="34.887260000000005">
        <ele>292.5141326605707</ele>
        <time>2022-01-11T08:23:12Z</time>
      </trkpt>
      <trkpt lat="29.539590000000004" lon="34.887260000000005">
        <ele>292.5141326605707</ele>
        <time>2022-01-11T08:23:13Z</time>
      </trkpt>
      <trkpt lat="29.539430000000003" lon="34.8874">
        <ele>293</ele>
        <time>2022-01-11T08:23:14Z</time>
      </trkpt>
      <trkpt lat="29.539330000000003" lon="34.88745">
        <ele>293</ele>
        <time>2022-01-11T08:23:15Z</time>
      </trkpt>
      <trkpt lat="29.539240000000003" lon="34.88747">
        <ele>293</ele>
        <time>2022-01-11T08:23:16Z</time>
      </trkpt>
      <trkpt lat="29.539060000000003" lon="34.88772">
        <ele>296</ele>
        <time>2022-01-11T08:23:17Z</time>
      </trkpt>
      <trkpt lat="29.53891" lon="34.88777">
        <ele>289.2737903780205</ele>
        <time>2022-01-11T08:23:18Z</time>
      </trkpt>
      <trkpt lat="29.53891" lon="34.88777">
        <ele>289.2737903780205</ele>
        <time>2022-01-11T08:23:19Z</time>
      </trkpt>
      <trkpt lat="29.53891" lon="34.88777">
        <ele>296</ele>
        <time>2022-01-11T08:23:20Z</time>
      </trkpt>
      <trkpt lat="29.53891" lon="34.88777">
        <ele>289.2737903780205</ele>
        <time>2022-01-11T08:23:21Z</time>
      </trkpt>
      <trkpt lat="29.53891" lon="34.88777">
        <ele>289.2737903780205</ele>
        <time>2022-01-11T08:23:22Z</time>
      </trkpt>
      <trkpt lat="29.538510000000002" lon="34.88796">
        <ele>292</ele>
        <time>2022-01-11T08:23:23Z</time>
      </trkpt>
      <extensions>
        <RoutingType xmlns="">Hike</RoutingType>
      </extensions>
    </trkseg>
    <trkseg>
      <trkpt lat="29.538510000000002" lon="34.88796">
        <ele>292</ele>
        <time>2022-01-11T08:23:23Z</time>
      </trkpt>
      <trkpt lat="29.538370000000004" lon="34.88806">
        <ele>292</ele>
        <time>2022-01-11T08:23:24Z</time>
      </trkpt>
      <trkpt lat="29.538280000000004" lon="34.888180000000006">
        <ele>292</ele>
        <time>2022-01-11T08:23:25Z</time>
      </trkpt>
      <trkpt lat="29.538210000000003" lon="34.88832">
        <ele>292</ele>
        <time>2022-01-11T08:23:26Z</time>
      </trkpt>
      <trkpt lat="29.538130000000002" lon="34.888510000000004">
        <ele>286.90317080724657</ele>
        <time>2022-01-11T08:23:27Z</time>
      </trkpt>
      <trkpt lat="29.538130000000002" lon="34.888510000000004">
        <ele>286.90317080724657</ele>
        <time>2022-01-11T08:23:28Z</time>
      </trkpt>
      <trkpt lat="29.538130000000002" lon="34.888510000000004">
        <ele>279</ele>
        <time>2022-01-11T08:23:29Z</time>
      </trkpt>
      <trkpt lat="29.538130000000002" lon="34.888510000000004">
        <ele>286.90317080724657</ele>
        <time>2022-01-11T08:23:30Z</time>
      </trkpt>
      <trkpt lat="29.538130000000002" lon="34.888510000000004">
        <ele>286.90317080724657</ele>
        <time>2022-01-11T08:23:31Z</time>
      </trkpt>
      <trkpt lat="29.538020000000003" lon="34.88875">
        <ele>279</ele>
        <time>2022-01-11T08:23:32Z</time>
      </trkpt>
      <trkpt lat="29.537940000000003" lon="34.88888">
        <ele>279</ele>
        <time>2022-01-11T08:23:33Z</time>
      </trkpt>
      <trkpt lat="29.537710000000004" lon="34.889070000000004">
        <ele>282</ele>
        <time>2022-01-11T08:23:34Z</time>
      </trkpt>
      <trkpt lat="29.53752" lon="34.88929">
        <ele>274.5</ele>
        <time>2022-01-11T08:23:35Z</time>
      </trkpt>
      <trkpt lat="29.53752" lon="34.88929">
        <ele>281.99131310735095</ele>
        <time>2022-01-11T08:23:36Z</time>
      </trkpt>
      <trkpt lat="29.53752" lon="34.88929">
        <ele>281.99131310735095</ele>
        <time>2022-01-11T08:23:37Z</time>
      </trkpt>
      <trkpt lat="29.53752" lon="34.88929">
        <ele>274.5</ele>
        <time>2022-01-11T08:23:38Z</time>
      </trkpt>
      <trkpt lat="29.53752" lon="34.88929">
        <ele>281.99131310735095</ele>
        <time>2022-01-11T08:23:39Z</time>
      </trkpt>
      <trkpt lat="29.53752" lon="34.88929">
        <ele>281.99131310735095</ele>
        <time>2022-01-11T08:23:40Z</time>
      </trkpt>
      <trkpt lat="29.537430000000004" lon="34.8894">
        <ele>267</ele>
        <time>2022-01-11T08:23:41Z</time>
      </trkpt>
      <trkpt lat="29.53732" lon="34.889500000000005">
        <ele>267</ele>
        <time>2022-01-11T08:23:42Z</time>
      </trkpt>
      <trkpt lat="29.53723" lon="34.88955">
        <ele>267</ele>
        <time>2022-01-11T08:23:43Z</time>
      </trkpt>
      <trkpt lat="29.537110000000002" lon="34.88958">
        <ele>267</ele>
        <time>2022-01-11T08:23:44Z</time>
      </trkpt>
      <trkpt lat="29.536910000000002" lon="34.889590000000005">
        <ele>270.27794882342437</ele>
        <time>2022-01-11T08:23:45Z</time>
      </trkpt>
      <trkpt lat="29.536910000000002" lon="34.889590000000005">
        <ele>270.27794882342437</ele>
        <time>2022-01-11T08:23:46Z</time>
      </trkpt>
      <trkpt lat="29.536910000000002" lon="34.889590000000005">
        <ele>267</ele>
        <time>2022-01-11T08:23:47Z</time>
      </trkpt>
      <trkpt lat="29.536910000000002" lon="34.889590000000005">
        <ele>270.27794882342437</ele>
        <time>2022-01-11T08:23:48Z</time>
      </trkpt>
      <trkpt lat="29.536910000000002" lon="34.889590000000005">
        <ele>270.27794882342437</ele>
        <time>2022-01-11T08:23:49Z</time>
      </trkpt>
      <trkpt lat="29.536340000000003" lon="34.889700000000005">
        <ele>267</ele>
        <time>2022-01-11T08:23:50Z</time>
      </trkpt>
      <trkpt lat="29.535960000000003" lon="34.88974">
        <ele>265</ele>
        <time>2022-01-11T08:23:51Z</time>
      </trkpt>
      <trkpt lat="29.53562" lon="34.88991">
        <ele>265</ele>
        <time>2022-01-11T08:23:52Z</time>
      </trkpt>
      <trkpt lat="29.53517" lon="34.890060000000005">
        <ele>258</ele>
        <time>2022-01-11T08:23:53Z</time>
      </trkpt>
      <trkpt lat="29.53508" lon="34.890130000000006">
        <ele>255.26154410791574</ele>
        <time>2022-01-11T08:23:54Z</time>
      </trkpt>
      <trkpt lat="29.53508" lon="34.890130000000006">
        <ele>255.26154410791574</ele>
        <time>2022-01-11T08:23:55Z</time>
      </trkpt>
      <trkpt lat="29.53508" lon="34.890130000000006">
        <ele>261</ele>
        <time>2022-01-11T08:23:56Z</time>
      </trkpt>
      <trkpt lat="29.53508" lon="34.890130000000006">
        <ele>255.26154410791574</ele>
        <time>2022-01-11T08:23:57Z</time>
      </trkpt>
      <trkpt lat="29.53508" lon="34.890130000000006">
        <ele>255.26154410791574</ele>
        <time>2022-01-11T08:23:58Z</time>
      </trkpt>
      <trkpt lat="29.535010000000003" lon="34.89022">
        <ele>261</ele>
        <time>2022-01-11T08:23:59Z</time>
      </trkpt>
      <trkpt lat="29.534930000000003" lon="34.89036">
        <ele>261</ele>
        <time>2022-01-11T08:24:00Z</time>
      </trkpt>
      <trkpt lat="29.534840000000003" lon="34.890550000000005">
        <ele>261</ele>
        <time>2022-01-11T08:24:01Z</time>
      </trkpt>
      <trkpt lat="29.534720000000004" lon="34.89076">
        <ele>261</ele>
        <time>2022-01-11T08:24:02Z</time>
      </trkpt>
      <trkpt lat="29.53459" lon="34.891040000000004">
        <ele>263.5677292273979</ele>
        <time>2022-01-11T08:24:03Z</time>
      </trkpt>
      <trkpt lat="29.53459" lon="34.891040000000004">
        <ele>263.5677292273979</ele>
        <time>2022-01-11T08:24:04Z</time>
      </trkpt>
      <trkpt lat="29.53459" lon="34.891040000000004">
        <ele>277</ele>
        <time>2022-01-11T08:24:05Z</time>
      </trkpt>
      <trkpt lat="29.53459" lon="34.891040000000004">
        <ele>263.5677292273979</ele>
        <time>2022-01-11T08:24:06Z</time>
      </trkpt>
      <trkpt lat="29.53459" lon="34.891040000000004">
        <ele>263.5677292273979</ele>
        <time>2022-01-11T08:24:07Z</time>
      </trkpt>
      <trkpt lat="29.534620000000004" lon="34.891160000000006">
        <ele>277</ele>
        <time>2022-01-11T08:24:08Z</time>
      </trkpt>
      <trkpt lat="29.534390000000002" lon="34.89115">
        <ele>266</ele>
        <time>2022-01-11T08:24:09Z</time>
      </trkpt>
      <trkpt lat="29.534380000000002" lon="34.891270000000006">
        <ele>266</ele>
        <time>2022-01-11T08:24:10Z</time>
      </trkpt>
      <trkpt lat="29.534250000000004" lon="34.89164">
        <ele>266</ele>
        <time>2022-01-11T08:24:11Z</time>
      </trkpt>
      <trkpt lat="29.53412" lon="34.891830000000006">
        <ele>271.5561001293714</ele>
        <time>2022-01-11T08:24:12Z</time>
      </trkpt>
      <trkpt lat="29.53412" lon="34.891830000000006">
        <ele>271.5561001293714</ele>
        <time>2022-01-11T08:24:13Z</time>
      </trkpt>
      <trkpt lat="29.53412" lon="34.891830000000006">
        <ele>304</ele>
        <time>2022-01-11T08:24:14Z</time>
      </trkpt>
      <trkpt lat="29.53412" lon="34.891830000000006">
        <ele>271.5561001293714</ele>
        <time>2022-01-11T08:24:15Z</time>
      </trkpt>
      <trkpt lat="29.53412" lon="34.891830000000006">
        <ele>271.5561001293714</ele>
        <time>2022-01-11T08:24:16Z</time>
      </trkpt>
      <trkpt lat="29.53402" lon="34.89191">
        <ele>304</ele>
        <time>2022-01-11T08:24:17Z</time>
      </trkpt>
      <trkpt lat="29.53365" lon="34.892140000000005">
        <ele>299</ele>
        <time>2022-01-11T08:24:18Z</time>
      </trkpt>
      <trkpt lat="29.533530000000003" lon="34.89226">
        <ele>299</ele>
        <time>2022-01-11T08:24:19Z</time>
      </trkpt>
      <trkpt lat="29.53339" lon="34.892340000000004">
        <ele>299</ele>
        <time>2022-01-11T08:24:20Z</time>
      </trkpt>
      <trkpt lat="29.533240000000003" lon="34.892410000000005">
        <ele>290.8964900268341</ele>
        <time>2022-01-11T08:24:21Z</time>
      </trkpt>
      <trkpt lat="29.533240000000003" lon="34.892410000000005">
        <ele>290.8964900268341</ele>
        <time>2022-01-11T08:24:22Z</time>
      </trkpt>
      <trkpt lat="29.533240000000003" lon="34.892410000000005">
        <ele>299</ele>
        <time>2022-01-11T08:24:23Z</time>
      </trkpt>
      <trkpt lat="29.533240000000003" lon="34.892410000000005">
        <ele>290.8964900268341</ele>
        <time>2022-01-11T08:24:24Z</time>
      </trkpt>
      <trkpt lat="29.533240000000003" lon="34.892410000000005">
        <ele>290.8964900268341</ele>
        <time>2022-01-11T08:24:25Z</time>
      </trkpt>
      <trkpt lat="29.533110000000004" lon="34.89246">
        <ele>299</ele>
        <time>2022-01-11T08:24:26Z</time>
      </trkpt>
      <trkpt lat="29.532960000000003" lon="34.892480000000006">
        <ele>299</ele>
        <time>2022-01-11T08:24:27Z</time>
      </trkpt>
      <trkpt lat="29.532850000000003" lon="34.89247">
        <ele>289</ele>
        <time>2022-01-11T08:24:28Z</time>
      </trkpt>
      <trkpt lat="29.532360000000004" lon="34.892340000000004">
        <ele>289</ele>
        <time>2022-01-11T08:24:29Z</time>
      </trkpt>
      <trkpt lat="29.532200000000003" lon="34.89228">
        <ele>296.942495409119</ele>
        <time>2022-01-11T08:24:30Z</time>
      </trkpt>
      <trkpt lat="29.532200000000003" lon="34.89228">
        <ele>296.942495409119</ele>
        <time>2022-01-11T08:24:31Z</time>
      </trkpt>
      <trkpt lat="29.532200000000003" lon="34.89228">
        <ele>289</ele>
        <time>2022-01-11T08:24:32Z</time>
      </trkpt>
      <trkpt lat="29.532200000000003" lon="34.89228">
        <ele>296.942495409119</ele>
        <time>2022-01-11T08:24:33Z</time>
      </trkpt>
      <trkpt lat="29.532200000000003" lon="34.89228">
        <ele>296.942495409119</ele>
        <time>2022-01-11T08:24:34Z</time>
      </trkpt>
      <trkpt lat="29.53187" lon="34.89209">
        <ele>278</ele>
        <time>2022-01-11T08:24:35Z</time>
      </trkpt>
      <trkpt lat="29.531080000000003" lon="34.89181">
        <ele>276.5</ele>
        <time>2022-01-11T08:24:36Z</time>
      </trkpt>
      <trkpt lat="29.531080000000003" lon="34.89181">
        <ele>276.5</ele>
        <time>2022-01-11T08:24:37Z</time>
      </trkpt>
      <trkpt lat="29.53076" lon="34.89171">
        <ele>275</ele>
        <time>2022-01-11T08:24:38Z</time>
      </trkpt>
      <trkpt lat="29.530390000000004" lon="34.89171">
        <ele>281.979590231561</ele>
        <time>2022-01-11T08:24:39Z</time>
      </trkpt>
      <trkpt lat="29.530390000000004" lon="34.89171">
        <ele>281.979590231561</ele>
        <time>2022-01-11T08:24:40Z</time>
      </trkpt>
      <trkpt lat="29.530390000000004" lon="34.89171">
        <ele>265</ele>
        <time>2022-01-11T08:24:41Z</time>
      </trkpt>
      <trkpt lat="29.530390000000004" lon="34.89171">
        <ele>281.979590231561</ele>
        <time>2022-01-11T08:24:42Z</time>
      </trkpt>
      <trkpt lat="29.530390000000004" lon="34.89171">
        <ele>281.979590231561</ele>
        <time>2022-01-11T08:24:43Z</time>
      </trkpt>
      <trkpt lat="29.5302" lon="34.891760000000005">
        <ele>258</ele>
        <time>2022-01-11T08:24:44Z</time>
      </trkpt>
      <trkpt lat="29.530110000000004" lon="34.89181">
        <ele>258</ele>
        <time>2022-01-11T08:24:45Z</time>
      </trkpt>
      <trkpt lat="29.529940000000003" lon="34.891960000000005">
        <ele>258</ele>
        <time>2022-01-11T08:24:46Z</time>
      </trkpt>
      <trkpt lat="29.529860000000003" lon="34.892070000000004">
        <ele>258</ele>
        <time>2022-01-11T08:24:47Z</time>
      </trkpt>
      <trkpt lat="29.529650000000004" lon="34.892410000000005">
        <ele>260.4848745142219</ele>
        <time>2022-01-11T08:24:48Z</time>
      </trkpt>
      <trkpt lat="29.529650000000004" lon="34.892410000000005">
        <ele>260.4848745142219</ele>
        <time>2022-01-11T08:24:49Z</time>
      </trkpt>
      <trkpt lat="29.529650000000004" lon="34.892410000000005">
        <ele>258</ele>
        <time>2022-01-11T08:24:50Z</time>
      </trkpt>
      <trkpt lat="29.529650000000004" lon="34.892410000000005">
        <ele>260.4848745142219</ele>
        <time>2022-01-11T08:24:51Z</time>
      </trkpt>
      <trkpt lat="29.529650000000004" lon="34.892410000000005">
        <ele>260.4848745142219</ele>
        <time>2022-01-11T08:24:52Z</time>
      </trkpt>
      <extensions>
        <RoutingType xmlns="">Hike</RoutingType>
      </extensions>
    </trkseg>
    <trkseg>
      <trkpt lat="29.529650000000004" lon="34.892410000000005">
        <ele>260.4848745142219</ele>
        <time>2022-01-11T08:24:52Z</time>
      </trkpt>
      <trkpt lat="29.529600000000002" lon="34.892540000000004">
        <ele>258</ele>
        <time>2022-01-11T08:24:53Z</time>
      </trkpt>
      <trkpt lat="29.529570000000003" lon="34.8928">
        <ele>243</ele>
        <time>2022-01-11T08:24:54Z</time>
      </trkpt>
      <trkpt lat="29.52961" lon="34.893420000000006">
        <ele>240</ele>
        <time>2022-01-11T08:24:55Z</time>
      </trkpt>
      <trkpt lat="29.529550000000004" lon="34.89378">
        <ele>231.5</ele>
        <time>2022-01-11T08:24:56Z</time>
      </trkpt>
      <trkpt lat="29.529550000000004" lon="34.89378">
        <ele>247.40637526265346</ele>
        <time>2022-01-11T08:24:57Z</time>
      </trkpt>
      <trkpt lat="29.529550000000004" lon="34.89378">
        <ele>247.40637526265346</ele>
        <time>2022-01-11T08:24:58Z</time>
      </trkpt>
      <trkpt lat="29.529550000000004" lon="34.89378">
        <ele>231.5</ele>
        <time>2022-01-11T08:24:59Z</time>
      </trkpt>
      <trkpt lat="29.529550000000004" lon="34.89378">
        <ele>247.40637526265346</ele>
        <time>2022-01-11T08:25:00Z</time>
      </trkpt>
      <trkpt lat="29.529550000000004" lon="34.89378">
        <ele>247.40637526265346</ele>
        <time>2022-01-11T08:25:01Z</time>
      </trkpt>
      <trkpt lat="29.529550000000004" lon="34.89416">
        <ele>240</ele>
        <time>2022-01-11T08:25:02Z</time>
      </trkpt>
      <trkpt lat="29.52953" lon="34.894420000000004">
        <ele>232</ele>
        <time>2022-01-11T08:25:03Z</time>
      </trkpt>
      <trkpt lat="29.529480000000003" lon="34.89461">
        <ele>232</ele>
        <time>2022-01-11T08:25:04Z</time>
      </trkpt>
      <trkpt lat="29.52945" lon="34.8947">
        <ele>232</ele>
        <time>2022-01-11T08:25:05Z</time>
      </trkpt>
      <trkpt lat="29.529410000000002" lon="34.89475">
        <ele>240.54148255697567</ele>
        <time>2022-01-11T08:25:06Z</time>
      </trkpt>
      <trkpt lat="29.529410000000002" lon="34.89475">
        <ele>240.54148255697567</ele>
        <time>2022-01-11T08:25:07Z</time>
      </trkpt>
      <trkpt lat="29.529410000000002" lon="34.89475">
        <ele>232</ele>
        <time>2022-01-11T08:25:08Z</time>
      </trkpt>
      <trkpt lat="29.529410000000002" lon="34.89475">
        <ele>240.54148255697567</ele>
        <time>2022-01-11T08:25:09Z</time>
      </trkpt>
      <trkpt lat="29.529410000000002" lon="34.89475">
        <ele>240.54148255697567</ele>
        <time>2022-01-11T08:25:10Z</time>
      </trkpt>
      <trkpt lat="29.52915" lon="34.89499">
        <ele>232</ele>
        <time>2022-01-11T08:25:11Z</time>
      </trkpt>
      <trkpt lat="29.529030000000002" lon="34.895270000000004">
        <ele>235</ele>
        <time>2022-01-11T08:25:12Z</time>
      </trkpt>
      <trkpt lat="29.529030000000002" lon="34.89594">
        <ele>231</ele>
        <time>2022-01-11T08:25:13Z</time>
      </trkpt>
      <trkpt lat="29.52944" lon="34.8966">
        <ele>231</ele>
        <time>2022-01-11T08:25:14Z</time>
      </trkpt>
      <trkpt lat="29.529550000000004" lon="34.897090000000006">
        <ele>224.85251063672683</ele>
        <time>2022-01-11T08:25:15Z</time>
      </trkpt>
      <trkpt lat="29.529550000000004" lon="34.897090000000006">
        <ele>224.85251063672683</ele>
        <time>2022-01-11T08:25:16Z</time>
      </trkpt>
      <trkpt lat="29.529550000000004" lon="34.897090000000006">
        <ele>233</ele>
        <time>2022-01-11T08:25:17Z</time>
      </trkpt>
      <trkpt lat="29.529550000000004" lon="34.897090000000006">
        <ele>224.85251063672683</ele>
        <time>2022-01-11T08:25:18Z</time>
      </trkpt>
      <trkpt lat="29.529550000000004" lon="34.897090000000006">
        <ele>224.85251063672683</ele>
        <time>2022-01-11T08:25:19Z</time>
      </trkpt>
      <trkpt lat="29.529550000000004" lon="34.897090000000006">
        <ele>233</ele>
        <time>2022-01-11T08:25:20Z</time>
      </trkpt>
      <trkpt lat="29.52963" lon="34.89743">
        <ele>235</ele>
        <time>2022-01-11T08:25:21Z</time>
      </trkpt>
      <trkpt lat="29.52944" lon="34.897760000000005">
        <ele>217</ele>
        <time>2022-01-11T08:25:22Z</time>
      </trkpt>
      <trkpt lat="29.529270000000004" lon="34.898610000000005">
        <ele>209</ele>
        <time>2022-01-11T08:25:23Z</time>
      </trkpt>
      <trkpt lat="29.528440000000003" lon="34.89911">
        <ele>220.5446181084232</ele>
        <time>2022-01-11T08:25:24Z</time>
      </trkpt>
      <trkpt lat="29.528440000000003" lon="34.89911">
        <ele>220.5446181084232</ele>
        <time>2022-01-11T08:25:25Z</time>
      </trkpt>
      <trkpt lat="29.528440000000003" lon="34.89911">
        <ele>215</ele>
        <time>2022-01-11T08:25:26Z</time>
      </trkpt>
      <trkpt lat="29.528440000000003" lon="34.89911">
        <ele>220.5446181084232</ele>
        <time>2022-01-11T08:25:27Z</time>
      </trkpt>
      <trkpt lat="29.528440000000003" lon="34.89911">
        <ele>220.5446181084232</ele>
        <time>2022-01-11T08:25:28Z</time>
      </trkpt>
      <trkpt lat="29.528000000000002" lon="34.899710000000006">
        <ele>207</ele>
        <time>2022-01-11T08:25:29Z</time>
      </trkpt>
      <trkpt lat="29.527410000000003" lon="34.8999">
        <ele>207</ele>
        <time>2022-01-11T08:25:30Z</time>
      </trkpt>
      <trkpt lat="29.5269" lon="34.900240000000004">
        <ele>190</ele>
        <time>2022-01-11T08:25:31Z</time>
      </trkpt>
      <trkpt lat="29.525510000000004" lon="34.900180000000006">
        <ele>184</ele>
        <time>2022-01-11T08:25:32Z</time>
      </trkpt>
      <trkpt lat="29.5254" lon="34.90035">
        <ele>191.6410667987359</ele>
        <time>2022-01-11T08:25:33Z</time>
      </trkpt>
      <trkpt lat="29.5254" lon="34.90035">
        <ele>191.6410667987359</ele>
        <time>2022-01-11T08:25:34Z</time>
      </trkpt>
      <trkpt lat="29.5254" lon="34.90035">
        <ele>184</ele>
        <time>2022-01-11T08:25:35Z</time>
      </trkpt>
      <trkpt lat="29.5254" lon="34.90035">
        <ele>191.6410667987359</ele>
        <time>2022-01-11T08:25:36Z</time>
      </trkpt>
      <trkpt lat="29.5254" lon="34.90035">
        <ele>191.6410667987359</ele>
        <time>2022-01-11T08:25:37Z</time>
      </trkpt>
      <trkpt lat="29.525070000000003" lon="34.900830000000006">
        <ele>187</ele>
        <time>2022-01-11T08:25:38Z</time>
      </trkpt>
      <trkpt lat="29.524540000000002" lon="34.90095">
        <ele>169</ele>
        <time>2022-01-11T08:25:39Z</time>
      </trkpt>
      <trkpt lat="29.524040000000003" lon="34.90155">
        <ele>169</ele>
        <time>2022-01-11T08:25:40Z</time>
      </trkpt>
      <trkpt lat="29.52372" lon="34.90249">
        <ele>161</ele>
        <time>2022-01-11T08:25:41Z</time>
      </trkpt>
      <trkpt lat="29.52353" lon="34.902550000000005">
        <ele>161.1519028665553</ele>
        <time>2022-01-11T08:25:42Z</time>
      </trkpt>
      <trkpt lat="29.52353" lon="34.902550000000005">
        <ele>161.1519028665553</ele>
        <time>2022-01-11T08:25:43Z</time>
      </trkpt>
      <trkpt lat="29.52353" lon="34.902550000000005">
        <ele>161</ele>
        <time>2022-01-11T08:25:44Z</time>
      </trkpt>
      <trkpt lat="29.52353" lon="34.902550000000005">
        <ele>161.1519028665553</ele>
        <time>2022-01-11T08:25:45Z</time>
      </trkpt>
      <trkpt lat="29.52353" lon="34.902550000000005">
        <ele>161.1519028665553</ele>
        <time>2022-01-11T08:25:46Z</time>
      </trkpt>
      <trkpt lat="29.523360000000004" lon="34.90258">
        <ele>158</ele>
        <time>2022-01-11T08:25:47Z</time>
      </trkpt>
      <trkpt lat="29.522990000000004" lon="34.90281">
        <ele>158.5</ele>
        <time>2022-01-11T08:25:48Z</time>
      </trkpt>
      <trkpt lat="29.522990000000004" lon="34.90281">
        <ele>158.5</ele>
        <time>2022-01-11T08:25:49Z</time>
      </trkpt>
      <trkpt lat="29.522450000000003" lon="34.90316">
        <ele>159</ele>
        <time>2022-01-11T08:25:50Z</time>
      </trkpt>
      <trkpt lat="29.522160000000003" lon="34.903240000000004">
        <ele>162.33511466672644</ele>
        <time>2022-01-11T08:25:51Z</time>
      </trkpt>
      <trkpt lat="29.522160000000003" lon="34.903240000000004">
        <ele>162.33511466672644</ele>
        <time>2022-01-11T08:25:52Z</time>
      </trkpt>
      <trkpt lat="29.522160000000003" lon="34.903240000000004">
        <ele>159</ele>
        <time>2022-01-11T08:25:53Z</time>
      </trkpt>
      <trkpt lat="29.522160000000003" lon="34.903240000000004">
        <ele>162.33511466672644</ele>
        <time>2022-01-11T08:25:54Z</time>
      </trkpt>
      <trkpt lat="29.522160000000003" lon="34.903240000000004">
        <ele>162.33511466672644</ele>
        <time>2022-01-11T08:25:55Z</time>
      </trkpt>
      <trkpt lat="29.521900000000002" lon="34.90337">
        <ele>160</ele>
        <time>2022-01-11T08:25:56Z</time>
      </trkpt>
      <trkpt lat="29.521760000000004" lon="34.90332">
        <ele>160</ele>
        <time>2022-01-11T08:25:57Z</time>
      </trkpt>
      <trkpt lat="29.521620000000002" lon="34.90344">
        <ele>161</ele>
        <time>2022-01-11T08:25:58Z</time>
      </trkpt>
      <trkpt lat="29.520860000000003" lon="34.903670000000005">
        <ele>156</ele>
        <time>2022-01-11T08:25:59Z</time>
      </trkpt>
      <trkpt lat="29.520580000000002" lon="34.90372">
        <ele>154.60794484078735</ele>
        <time>2022-01-11T08:26:00Z</time>
      </trkpt>
      <trkpt lat="29.520580000000002" lon="34.90372">
        <ele>154.60794484078735</ele>
        <time>2022-01-11T08:26:01Z</time>
      </trkpt>
      <trkpt lat="29.520580000000002" lon="34.90372">
        <ele>156</ele>
        <time>2022-01-11T08:26:02Z</time>
      </trkpt>
      <trkpt lat="29.520580000000002" lon="34.90372">
        <ele>154.60794484078735</ele>
        <time>2022-01-11T08:26:03Z</time>
      </trkpt>
      <trkpt lat="29.520580000000002" lon="34.90372">
        <ele>154.60794484078735</ele>
        <time>2022-01-11T08:26:04Z</time>
      </trkpt>
      <trkpt lat="29.52013" lon="34.903980000000004">
        <ele>154</ele>
        <time>2022-01-11T08:26:05Z</time>
      </trkpt>
      <trkpt lat="29.519550000000002" lon="34.904250000000005">
        <ele>157</ele>
        <time>2022-01-11T08:26:06Z</time>
      </trkpt>
      <trkpt lat="29.51922" lon="34.9046">
        <ele>157</ele>
        <time>2022-01-11T08:26:07Z</time>
      </trkpt>
      <trkpt lat="29.519190000000002" lon="34.90478">
        <ele>157</ele>
        <time>2022-01-11T08:26:08Z</time>
      </trkpt>
      <trkpt lat="29.519090000000002" lon="34.90496">
        <ele>155.74122848128724</ele>
        <time>2022-01-11T08:26:09Z</time>
      </trkpt>
      <trkpt lat="29.519090000000002" lon="34.90496">
        <ele>155.74122848128724</ele>
        <time>2022-01-11T08:26:10Z</time>
      </trkpt>
      <trkpt lat="29.519090000000002" lon="34.90496">
        <ele>157</ele>
        <time>2022-01-11T08:26:11Z</time>
      </trkpt>
      <trkpt lat="29.519090000000002" lon="34.90496">
        <ele>155.74122848128724</ele>
        <time>2022-01-11T08:26:12Z</time>
      </trkpt>
      <trkpt lat="29.519090000000002" lon="34.90496">
        <ele>155.74122848128724</ele>
        <time>2022-01-11T08:26:13Z</time>
      </trkpt>
      <trkpt lat="29.518960000000003" lon="34.905060000000006">
        <ele>157</ele>
        <time>2022-01-11T08:26:14Z</time>
      </trkpt>
      <trkpt lat="29.518380000000004" lon="34.906000000000006">
        <ele>154</ele>
        <time>2022-01-11T08:26:15Z</time>
      </trkpt>
      <trkpt lat="29.518390000000004" lon="34.90617">
        <ele>154</ele>
        <time>2022-01-11T08:26:16Z</time>
      </trkpt>
      <trkpt lat="29.51816" lon="34.90626">
        <ele>154</ele>
        <time>2022-01-11T08:26:17Z</time>
      </trkpt>
      <trkpt lat="29.51808" lon="34.906670000000005">
        <ele>152.845969222592</ele>
        <time>2022-01-11T08:26:18Z</time>
      </trkpt>
      <trkpt lat="29.51808" lon="34.906670000000005">
        <ele>152.845969222592</ele>
        <time>2022-01-11T08:26:19Z</time>
      </trkpt>
      <trkpt lat="29.51808" lon="34.906670000000005">
        <ele>154</ele>
        <time>2022-01-11T08:26:20Z</time>
      </trkpt>
      <trkpt lat="29.51808" lon="34.906670000000005">
        <ele>152.845969222592</ele>
        <time>2022-01-11T08:26:21Z</time>
      </trkpt>
      <extensions>
        <RoutingType xmlns="">Hike</RoutingType>
      </extensions>
    </trkseg>
    <trkseg>
      <trkpt lat="29.51808" lon="34.906670000000005">
        <ele>152.845969222592</ele>
        <time>2022-01-11T08:26:21Z</time>
      </trkpt>
      <trkpt lat="29.51808" lon="34.906670000000005">
        <ele>152.845969222592</ele>
        <time>2022-01-11T08:26:22Z</time>
      </trkpt>
      <trkpt lat="29.51761" lon="34.907030000000006">
        <ele>162</ele>
        <time>2022-01-11T08:26:23Z</time>
      </trkpt>
      <trkpt lat="29.517640000000004" lon="34.907180000000004">
        <ele>162</ele>
        <time>2022-01-11T08:26:24Z</time>
      </trkpt>
      <trkpt lat="29.517310000000002" lon="34.907520000000005">
        <ele>162</ele>
        <time>2022-01-11T08:26:25Z</time>
      </trkpt>
      <trkpt lat="29.516720000000003" lon="34.90823">
        <ele>162</ele>
        <time>2022-01-11T08:26:26Z</time>
      </trkpt>
      <trkpt lat="29.516640000000002" lon="34.908260000000006">
        <ele>159.82841755298432</ele>
        <time>2022-01-11T08:26:27Z</time>
      </trkpt>
      <trkpt lat="29.516640000000002" lon="34.908260000000006">
        <ele>159.82841755298432</ele>
        <time>2022-01-11T08:26:28Z</time>
      </trkpt>
      <trkpt lat="29.516640000000002" lon="34.908260000000006">
        <ele>162</ele>
        <time>2022-01-11T08:26:29Z</time>
      </trkpt>
      <trkpt lat="29.516640000000002" lon="34.908260000000006">
        <ele>159.82841755298432</ele>
        <time>2022-01-11T08:26:30Z</time>
      </trkpt>
      <trkpt lat="29.516640000000002" lon="34.908260000000006">
        <ele>159.82841755298432</ele>
        <time>2022-01-11T08:26:31Z</time>
      </trkpt>
      <trkpt lat="29.515680000000003" lon="34.90823">
        <ele>176</ele>
        <time>2022-01-11T08:26:32Z</time>
      </trkpt>
      <trkpt lat="29.51555" lon="34.90833">
        <ele>184</ele>
        <time>2022-01-11T08:26:33Z</time>
      </trkpt>
      <trkpt lat="29.51555" lon="34.90833">
        <ele>184</ele>
        <time>2022-01-11T08:26:34Z</time>
      </trkpt>
      <trkpt lat="29.515140000000002" lon="34.908640000000005">
        <ele>192</ele>
        <time>2022-01-11T08:26:35Z</time>
      </trkpt>
      <trkpt lat="29.514290000000003" lon="34.90843">
        <ele>201.86290559898643</ele>
        <time>2022-01-11T08:26:36Z</time>
      </trkpt>
      <trkpt lat="29.514290000000003" lon="34.90843">
        <ele>201.86290559898643</ele>
        <time>2022-01-11T08:26:37Z</time>
      </trkpt>
      <trkpt lat="29.514290000000003" lon="34.90843">
        <ele>217</ele>
        <time>2022-01-11T08:26:38Z</time>
      </trkpt>
      <trkpt lat="29.514290000000003" lon="34.90843">
        <ele>201.86290559898643</ele>
        <time>2022-01-11T08:26:39Z</time>
      </trkpt>
      <trkpt lat="29.514290000000003" lon="34.90843">
        <ele>201.86290559898643</ele>
        <time>2022-01-11T08:26:40Z</time>
      </trkpt>
      <trkpt lat="29.51386" lon="34.908190000000005">
        <ele>215</ele>
        <time>2022-01-11T08:26:41Z</time>
      </trkpt>
      <trkpt lat="29.513340000000003" lon="34.908210000000004">
        <ele>224</ele>
        <time>2022-01-11T08:26:42Z</time>
      </trkpt>
      <trkpt lat="29.512900000000002" lon="34.908440000000006">
        <ele>233</ele>
        <time>2022-01-11T08:26:43Z</time>
      </trkpt>
      <trkpt lat="29.512780000000003" lon="34.90883">
        <ele>240</ele>
        <time>2022-01-11T08:26:44Z</time>
      </trkpt>
      <trkpt lat="29.512510000000002" lon="34.91066">
        <ele>260.6354432491513</ele>
        <time>2022-01-11T08:26:45Z</time>
      </trkpt>
      <trkpt lat="29.512510000000002" lon="34.91066">
        <ele>260.6354432491513</ele>
        <time>2022-01-11T08:26:46Z</time>
      </trkpt>
      <trkpt lat="29.512510000000002" lon="34.91066">
        <ele>250</ele>
        <time>2022-01-11T08:26:47Z</time>
      </trkpt>
      <trkpt lat="29.512510000000002" lon="34.91066">
        <ele>260.6354432491513</ele>
        <time>2022-01-11T08:26:48Z</time>
      </trkpt>
      <trkpt lat="29.512510000000002" lon="34.91066">
        <ele>260.6354432491513</ele>
        <time>2022-01-11T08:26:49Z</time>
      </trkpt>
      <trkpt lat="29.512210000000003" lon="34.910700000000006">
        <ele>250</ele>
        <time>2022-01-11T08:26:50Z</time>
      </trkpt>
      <trkpt lat="29.512210000000003" lon="34.910700000000006">
        <ele>250</ele>
        <time>2022-01-11T08:26:51Z</time>
      </trkpt>
      <trkpt lat="29.51198" lon="34.91082">
        <ele>251</ele>
        <time>2022-01-11T08:26:52Z</time>
      </trkpt>
      <trkpt lat="29.511870000000002" lon="34.91102">
        <ele>232</ele>
        <time>2022-01-11T08:26:53Z</time>
      </trkpt>
      <trkpt lat="29.511850000000003" lon="34.911300000000004">
        <ele>248.01698726753037</ele>
        <time>2022-01-11T08:26:54Z</time>
      </trkpt>
      <trkpt lat="29.511850000000003" lon="34.911300000000004">
        <ele>248.01698726753037</ele>
        <time>2022-01-11T08:26:55Z</time>
      </trkpt>
      <trkpt lat="29.511850000000003" lon="34.911300000000004">
        <ele>232</ele>
        <time>2022-01-11T08:26:56Z</time>
      </trkpt>
      <trkpt lat="29.511850000000003" lon="34.911300000000004">
        <ele>248.01698726753037</ele>
        <time>2022-01-11T08:26:57Z</time>
      </trkpt>
      <trkpt lat="29.511850000000003" lon="34.911300000000004">
        <ele>248.01698726753037</ele>
        <time>2022-01-11T08:26:58Z</time>
      </trkpt>
      <trkpt lat="29.511540000000004" lon="34.911590000000004">
        <ele>232</ele>
        <time>2022-01-11T08:26:59Z</time>
      </trkpt>
      <trkpt lat="29.51132" lon="34.91183">
        <ele>210</ele>
        <time>2022-01-11T08:27:00Z</time>
      </trkpt>
      <trkpt lat="29.511200000000002" lon="34.91199">
        <ele>198</ele>
        <time>2022-01-11T08:27:01Z</time>
      </trkpt>
      <trkpt lat="29.51114" lon="34.91227">
        <ele>198</ele>
        <time>2022-01-11T08:27:02Z</time>
      </trkpt>
      <trkpt lat="29.511070000000004" lon="34.91239">
        <ele>203.3427739240608</ele>
        <time>2022-01-11T08:27:03Z</time>
      </trkpt>
      <trkpt lat="29.511070000000004" lon="34.91239">
        <ele>203.3427739240608</ele>
        <time>2022-01-11T08:27:04Z</time>
      </trkpt>
      <trkpt lat="29.511070000000004" lon="34.91239">
        <ele>198</ele>
        <time>2022-01-11T08:27:05Z</time>
      </trkpt>
      <trkpt lat="29.511070000000004" lon="34.91239">
        <ele>203.3427739240608</ele>
        <time>2022-01-11T08:27:06Z</time>
      </trkpt>
      <trkpt lat="29.511070000000004" lon="34.91239">
        <ele>203.3427739240608</ele>
        <time>2022-01-11T08:27:07Z</time>
      </trkpt>
      <trkpt lat="29.510880000000004" lon="34.91261">
        <ele>186</ele>
        <time>2022-01-11T08:27:08Z</time>
      </trkpt>
      <trkpt lat="29.51067" lon="34.912800000000004">
        <ele>186</ele>
        <time>2022-01-11T08:27:09Z</time>
      </trkpt>
      <trkpt lat="29.510640000000002" lon="34.912890000000004">
        <ele>186</ele>
        <time>2022-01-11T08:27:10Z</time>
      </trkpt>
      <trkpt lat="29.510650000000002" lon="34.91304">
        <ele>186</ele>
        <time>2022-01-11T08:27:11Z</time>
      </trkpt>
      <trkpt lat="29.510600000000004" lon="34.91319">
        <ele>199.18427094223878</ele>
        <time>2022-01-11T08:27:12Z</time>
      </trkpt>
      <trkpt lat="29.510600000000004" lon="34.91319">
        <ele>199.18427094223878</ele>
        <time>2022-01-11T08:27:13Z</time>
      </trkpt>
      <trkpt lat="29.510600000000004" lon="34.91319">
        <ele>186</ele>
        <time>2022-01-11T08:27:14Z</time>
      </trkpt>
      <trkpt lat="29.510600000000004" lon="34.91319">
        <ele>199.18427094223878</ele>
        <time>2022-01-11T08:27:15Z</time>
      </trkpt>
      <trkpt lat="29.510600000000004" lon="34.91319">
        <ele>199.18427094223878</ele>
        <time>2022-01-11T08:27:16Z</time>
      </trkpt>
      <trkpt lat="29.51066" lon="34.91353">
        <ele>168</ele>
        <time>2022-01-11T08:27:17Z</time>
      </trkpt>
      <trkpt lat="29.510830000000002" lon="34.91349">
        <ele>168</ele>
        <time>2022-01-11T08:27:18Z</time>
      </trkpt>
      <trkpt lat="29.51105" lon="34.91362">
        <ele>168</ele>
        <time>2022-01-11T08:27:19Z</time>
      </trkpt>
      <trkpt lat="29.51124" lon="34.913940000000004">
        <ele>127</ele>
        <time>2022-01-11T08:27:20Z</time>
      </trkpt>
      <trkpt lat="29.511390000000002" lon="34.91409">
        <ele>142.8602211725186</ele>
        <time>2022-01-11T08:27:21Z</time>
      </trkpt>
      <trkpt lat="29.511390000000002" lon="34.91409">
        <ele>142.8602211725186</ele>
        <time>2022-01-11T08:27:22Z</time>
      </trkpt>
      <trkpt lat="29.511390000000002" lon="34.91409">
        <ele>127</ele>
        <time>2022-01-11T08:27:23Z</time>
      </trkpt>
      <trkpt lat="29.511390000000002" lon="34.91409">
        <ele>142.8602211725186</ele>
        <time>2022-01-11T08:27:24Z</time>
      </trkpt>
      <trkpt lat="29.511390000000002" lon="34.91409">
        <ele>142.8602211725186</ele>
        <time>2022-01-11T08:27:25Z</time>
      </trkpt>
      <trkpt lat="29.511670000000002" lon="34.91465">
        <ele>109</ele>
        <time>2022-01-11T08:27:26Z</time>
      </trkpt>
      <trkpt lat="29.51178" lon="34.91452">
        <ele>109</ele>
        <time>2022-01-11T08:27:27Z</time>
      </trkpt>
      <trkpt lat="29.511840000000003" lon="34.9148">
        <ele>109</ele>
        <time>2022-01-11T08:27:28Z</time>
      </trkpt>
      <trkpt lat="29.511760000000002" lon="34.91508">
        <ele>87</ele>
        <time>2022-01-11T08:27:29Z</time>
      </trkpt>
      <trkpt lat="29.5118" lon="34.91536">
        <ele>96.74530452015823</ele>
        <time>2022-01-11T08:27:30Z</time>
      </trkpt>
      <trkpt lat="29.5118" lon="34.91536">
        <ele>96.74530452015823</ele>
        <time>2022-01-11T08:27:31Z</time>
      </trkpt>
      <trkpt lat="29.5118" lon="34.91536">
        <ele>87</ele>
        <time>2022-01-11T08:27:32Z</time>
      </trkpt>
      <trkpt lat="29.5118" lon="34.91536">
        <ele>96.74530452015823</ele>
        <time>2022-01-11T08:27:33Z</time>
      </trkpt>
      <trkpt lat="29.5118" lon="34.91536">
        <ele>96.74530452015823</ele>
        <time>2022-01-11T08:27:34Z</time>
      </trkpt>
      <trkpt lat="29.51152" lon="34.9157">
        <ele>87</ele>
        <time>2022-01-11T08:27:35Z</time>
      </trkpt>
      <trkpt lat="29.511460000000003" lon="34.91584">
        <ele>87</ele>
        <time>2022-01-11T08:27:36Z</time>
      </trkpt>
      <trkpt lat="29.51178" lon="34.916360000000005">
        <ele>72</ele>
        <time>2022-01-11T08:27:37Z</time>
      </trkpt>
      <trkpt lat="29.511200000000002" lon="34.917350000000006">
        <ele>55</ele>
        <time>2022-01-11T08:27:38Z</time>
      </trkpt>
      <trkpt lat="29.5101" lon="34.91886">
        <ele>46.660772451488995</ele>
        <time>2022-01-11T08:27:39Z</time>
      </trkpt>
      <trkpt lat="29.5101" lon="34.91886">
        <ele>46.660772451488995</ele>
        <time>2022-01-11T08:27:40Z</time>
      </trkpt>
      <trkpt lat="29.5101" lon="34.91886">
        <ele>46</ele>
        <time>2022-01-11T08:27:41Z</time>
      </trkpt>
      <trkpt lat="29.5101" lon="34.91886">
        <ele>46.660772451488995</ele>
        <time>2022-01-11T08:27:42Z</time>
      </trkpt>
      <trkpt lat="29.5101" lon="34.91886">
        <ele>46.660772451488995</ele>
        <time>2022-01-11T08:27:43Z</time>
      </trkpt>
      <trkpt lat="29.5101" lon="34.91886">
        <ele>46</ele>
        <time>2022-01-11T08:27:44Z</time>
      </trkpt>
      <trkpt lat="29.509980000000002" lon="34.91902">
        <ele>37</ele>
        <time>2022-01-11T08:27:45Z</time>
      </trkpt>
      <trkpt lat="29.50993" lon="34.91937">
        <ele>25</ele>
        <time>2022-01-11T08:27:46Z</time>
      </trkpt>
      <trkpt lat="29.51047" lon="34.92015">
        <ele>20</ele>
        <time>2022-01-11T08:27:47Z</time>
      </trkpt>
      <trkpt lat="29.510900000000003" lon="34.92072">
        <ele>22.467351396495825</ele>
        <time>2022-01-11T08:27:48Z</time>
      </trkpt>
      <trkpt lat="29.510900000000003" lon="34.92072">
        <ele>22.467351396495825</ele>
        <time>2022-01-11T08:27:49Z</time>
      </trkpt>
      <trkpt lat="29.510900000000003" lon="34.92072">
        <ele>20</ele>
        <time>2022-01-11T08:27:50Z</time>
      </trkpt>
      <extensions>
        <RoutingType xmlns="">Hike</RoutingType>
      </extensions>
    </trkseg>
    <trkseg>
      <trkpt lat="29.510900000000003" lon="34.92072">
        <ele>20</ele>
        <time>2022-01-11T08:27:50Z</time>
      </trkpt>
      <trkpt lat="29.510900000000003" lon="34.92072">
        <ele>22.467351396495825</ele>
        <time>2022-01-11T08:27:51Z</time>
      </trkpt>
      <trkpt lat="29.510900000000003" lon="34.92072">
        <ele>22.467351396495825</ele>
        <time>2022-01-11T08:27:52Z</time>
      </trkpt>
      <trkpt lat="29.510870000000004" lon="34.92087">
        <ele>20</ele>
        <time>2022-01-11T08:27:53Z</time>
      </trkpt>
      <trkpt lat="29.51095" lon="34.92103">
        <ele>13</ele>
        <time>2022-01-11T08:27:54Z</time>
      </trkpt>
      <trkpt lat="29.51076" lon="34.921400000000006">
        <ele>13</ele>
        <time>2022-01-11T08:27:55Z</time>
      </trkpt>
      <trkpt lat="29.51076" lon="34.921400000000006">
        <ele>14.734509277972393</ele>
        <time>2022-01-11T08:27:56Z</time>
      </trkpt>
      <trkpt lat="29.51076" lon="34.921400000000006">
        <ele>14.734509277972393</ele>
        <time>2022-01-11T08:27:57Z</time>
      </trkpt>
      <extensions>
        <RoutingType xmlns="">Hike</RoutingType>
      </extensions>
    </trkseg>
  </trk>
</gpx>
