<?xml version="1.0" encoding="UTF-8" standalone="yes"?>
<gpx xmlns="http://www.topografix.com/GPX/1/1" xmlns:xsi="http://www.w3.org/2001/XMLSchema-instance" version="1.1" creator="IsraelHikingMap" xsi:schemaLocation="http://www.topografix.com/GPX/1/1 http://www.topografix.com/GPX/1/1/gpx.xsd">
  <metadata>
    <bounds maxlat="33.04438" maxlon="35.443160533905036" minlat="32.9729" minlon="35.393440000000005"></bounds>
  </metadata>
  <trk>
    <name>5 - מדישון (מפגש הנחלים) לפיתול</name>
    <desc>🏞️ קושי: בינוני | גליל עליון
🥾 נחל דישון, עין ערבות, שמורת יער ברעם,נחל צבעון, הר נריה, הר מירון, חניון הפיתול .
⛺ לילה: חניון הפיתול.
🛒 קניות בקרבת המסלול:
• דישון — א׳-ה׳: 08:00-19:00 | ו׳: 08:00-14:30 | שבת: סגור | ☎ 04-6454722</desc>
    <extensions>
      <Color xmlns="">#0000FF</Color>
      <Opacity xmlns="">0.4</Opacity>
      <Weight xmlns="">10</Weight>
    </extensions>
    <trkseg>
      <trkpt lat="33.04438" lon="35.438323">
        <ele>564</ele>
      </trkpt>
      <trkpt lat="33.04438" lon="35.438323">
        <ele>564</ele>
      </trkpt>
      <extensions>
        <RoutingType xmlns="">Hike</RoutingType>
      </extensions>
    </trkseg>
    <trkseg>
      <trkpt lat="33.04438" lon="35.438323">
        <ele>564</ele>
      </trkpt>
      <trkpt lat="33.04436" lon="35.438038">
        <ele>563.8222834190101</ele>
      </trkpt>
      <trkpt lat="33.044263" lon="35.437846">
        <ele>563.097894284734</ele>
      </trkpt>
      <trkpt lat="33.044194" lon="35.437647">
        <ele>561.8628728534503</ele>
      </trkpt>
      <trkpt lat="33.044087" lon="35.437567">
        <ele>560.5055339518622</ele>
      </trkpt>
      <trkpt lat="33.043903" lon="35.437524">
        <ele>558.5735927048804</ele>
      </trkpt>
      <trkpt lat="33.043775" lon="35.437558">
        <ele>557.2612574219312</ele>
      </trkpt>
      <trkpt lat="33.043182" lon="35.43763">
        <ele>559.8350549660756</ele>
      </trkpt>
      <trkpt lat="33.04293" lon="35.437567">
        <ele>560.9468112055216</ele>
      </trkpt>
      <trkpt lat="33.042858" lon="35.437488">
        <ele>561.200619196119</ele>
      </trkpt>
      <trkpt lat="33.042805" lon="35.437392">
        <ele>561.4506257893086</ele>
      </trkpt>
      <trkpt lat="33.042733" lon="35.437319">
        <ele>561.8052603239021</ele>
      </trkpt>
      <trkpt lat="33.042682" lon="35.437118">
        <ele>562.7840009422644</ele>
      </trkpt>
      <trkpt lat="33.042539" lon="35.4367">
        <ele>563.1344446099149</ele>
      </trkpt>
      <trkpt lat="33.042516" lon="35.436598">
        <ele>563.3641725877578</ele>
      </trkpt>
      <trkpt lat="33.042491" lon="35.436362">
        <ele>564.763285084572</ele>
      </trkpt>
      <trkpt lat="33.042424" lon="35.436122">
        <ele>567.858877269094</ele>
      </trkpt>
      <trkpt lat="33.04239" lon="35.436089">
        <ele>568.0700787323667</ele>
      </trkpt>
      <trkpt lat="33.042046" lon="35.435886">
        <ele>569.7302627713284</ele>
      </trkpt>
      <trkpt lat="33.041619" lon="35.435452">
        <ele>572.1541837330344</ele>
      </trkpt>
      <trkpt lat="33.041567" lon="35.435354">
        <ele>573.6191671064123</ele>
      </trkpt>
      <trkpt lat="33.041471" lon="35.435022">
        <ele>579.6509464219754</ele>
      </trkpt>
      <trkpt lat="33.041143" lon="35.434599">
        <ele>582.5708436777425</ele>
      </trkpt>
      <trkpt lat="33.041067" lon="35.434526">
        <ele>582.2869347370414</ele>
      </trkpt>
      <trkpt lat="33.040982" lon="35.434476">
        <ele>581.9356615139068</ele>
      </trkpt>
      <trkpt lat="33.040709" lon="35.434355">
        <ele>580.4843028665581</ele>
      </trkpt>
      <trkpt lat="33.040623" lon="35.434301">
        <ele>580.2248215896449</ele>
      </trkpt>
      <trkpt lat="33.040544" lon="35.434226">
        <ele>580.6738906586957</ele>
      </trkpt>
      <trkpt lat="33.040485" lon="35.43412">
        <ele>581.1483016669075</ele>
      </trkpt>
      <trkpt lat="33.040423" lon="35.433893">
        <ele>583.5154046216306</ele>
      </trkpt>
      <trkpt lat="33.040414" lon="35.433778">
        <ele>584.807339882414</ele>
      </trkpt>
      <trkpt lat="33.040412" lon="35.433568">
        <ele>586.1535907945403</ele>
      </trkpt>
      <trkpt lat="33.040405" lon="35.432811">
        <ele>588.6706247481742</ele>
      </trkpt>
      <trkpt lat="33.040318" lon="35.432474">
        <ele>592.6970344086022</ele>
      </trkpt>
      <trkpt lat="33.040238" lon="35.432263">
        <ele>593.6324345690396</ele>
      </trkpt>
      <trkpt lat="33.040141" lon="35.43206">
        <ele>592.5474877220079</ele>
      </trkpt>
      <trkpt lat="33.040025" lon="35.431747">
        <ele>591.1832946195141</ele>
      </trkpt>
      <trkpt lat="33.039929" lon="35.431536">
        <ele>591.5612525245365</ele>
      </trkpt>
      <trkpt lat="33.039871" lon="35.431449">
        <ele>592.0447855101021</ele>
      </trkpt>
      <trkpt lat="33.039721" lon="35.431299">
        <ele>592.5400331614103</ele>
      </trkpt>
      <trkpt lat="33.039615" lon="35.431211">
        <ele>592.5879000837933</ele>
      </trkpt>
      <trkpt lat="33.039527" lon="35.431138">
        <ele>592.3789709495129</ele>
      </trkpt>
      <trkpt lat="33.039231" lon="35.430888">
        <ele>591.3656070778109</ele>
      </trkpt>
      <trkpt lat="33.039026" lon="35.43063">
        <ele>590.5924383552592</ele>
      </trkpt>
      <trkpt lat="33.038878" lon="35.430505">
        <ele>591.0355626462631</ele>
      </trkpt>
      <trkpt lat="33.038857" lon="35.430523">
        <ele>591.1889170575106</ele>
      </trkpt>
      <trkpt lat="33.038807" lon="35.430567">
        <ele>591.5573909466392</ele>
      </trkpt>
      <trkpt lat="33.038761" lon="35.430587">
        <ele>591.8477442473597</ele>
      </trkpt>
      <trkpt lat="33.038718" lon="35.430606">
        <ele>592.2917281140466</ele>
      </trkpt>
      <trkpt lat="33.03853" lon="35.430492">
        <ele>595.3402963218646</ele>
      </trkpt>
      <trkpt lat="33.038458" lon="35.430432">
        <ele>596.5734882119777</ele>
      </trkpt>
      <trkpt lat="33.038392" lon="35.430338">
        <ele>597.9831386905555</ele>
      </trkpt>
      <trkpt lat="33.038153" lon="35.4301">
        <ele>601.4641068241631</ele>
      </trkpt>
      <trkpt lat="33.037953" lon="35.430042">
        <ele>602.7278409970327</ele>
      </trkpt>
      <trkpt lat="33.03795" lon="35.43004">
        <ele>602.7418530153433</ele>
      </trkpt>
      <extensions>
        <RoutingType xmlns="">Hike</RoutingType>
      </extensions>
    </trkseg>
    <trkseg>
      <trkpt lat="33.03795" lon="35.430040000000005">
        <ele>612</ele>
        <time>2023-06-12T19:02:35Z</time>
      </trkpt>
      <trkpt lat="33.03752" lon="35.429750000000006">
        <ele>612</ele>
        <time>2023-06-12T19:02:36Z</time>
      </trkpt>
      <trkpt lat="33.03737" lon="35.429610000000004">
        <ele>611</ele>
        <time>2023-06-12T19:02:37Z</time>
      </trkpt>
      <trkpt lat="33.03723" lon="35.42943">
        <ele>611</ele>
        <time>2023-06-12T19:02:38Z</time>
      </trkpt>
      <trkpt lat="33.03714" lon="35.42935">
        <ele>611</ele>
        <time>2023-06-12T19:02:39Z</time>
      </trkpt>
      <trkpt lat="33.037040000000005" lon="35.429300000000005">
        <ele>611</ele>
        <time>2023-06-12T19:02:40Z</time>
      </trkpt>
      <trkpt lat="33.037040000000005" lon="35.429300000000005">
        <ele>598.4653368351654</ele>
        <time>2023-06-12T19:02:41Z</time>
      </trkpt>
      <trkpt lat="33.03703" lon="35.42913">
        <ele>611</ele>
        <time>2023-06-12T19:02:42Z</time>
      </trkpt>
      <trkpt lat="33.03709" lon="35.428940000000004">
        <ele>611</ele>
        <time>2023-06-12T19:02:43Z</time>
      </trkpt>
      <trkpt lat="33.03709" lon="35.428940000000004">
        <ele>611</ele>
        <time>2023-06-12T19:02:44Z</time>
      </trkpt>
      <trkpt lat="33.03708" lon="35.428810000000006">
        <ele>611</ele>
        <time>2023-06-12T19:02:45Z</time>
      </trkpt>
      <trkpt lat="33.03712" lon="35.428580000000004">
        <ele>623</ele>
        <time>2023-06-12T19:02:46Z</time>
      </trkpt>
      <trkpt lat="33.03716" lon="35.42851">
        <ele>623</ele>
        <time>2023-06-12T19:02:47Z</time>
      </trkpt>
      <trkpt lat="33.037200000000006" lon="35.4284">
        <ele>623</ele>
        <time>2023-06-12T19:02:48Z</time>
      </trkpt>
      <trkpt lat="33.037240000000004" lon="35.42817">
        <ele>623</ele>
        <time>2023-06-12T19:02:49Z</time>
      </trkpt>
      <trkpt lat="33.037220000000005" lon="35.428070000000005">
        <ele>623</ele>
        <time>2023-06-12T19:02:50Z</time>
      </trkpt>
      <trkpt lat="33.037220000000005" lon="35.428070000000005">
        <ele>622.2404155922986</ele>
        <time>2023-06-12T19:02:51Z</time>
      </trkpt>
      <trkpt lat="33.037220000000005" lon="35.42761">
        <ele>650</ele>
        <time>2023-06-12T19:02:52Z</time>
      </trkpt>
      <trkpt lat="33.03723" lon="35.427510000000005">
        <ele>650</ele>
        <time>2023-06-12T19:02:53Z</time>
      </trkpt>
      <trkpt lat="33.0373" lon="35.42728">
        <ele>650</ele>
        <time>2023-06-12T19:02:54Z</time>
      </trkpt>
      <trkpt lat="33.03723" lon="35.427060000000004">
        <ele>656</ele>
        <time>2023-06-12T19:02:55Z</time>
      </trkpt>
      <trkpt lat="33.037000000000006" lon="35.42662">
        <ele>656</ele>
        <time>2023-06-12T19:02:56Z</time>
      </trkpt>
      <trkpt lat="33.03698" lon="35.426500000000004">
        <ele>656</ele>
        <time>2023-06-12T19:02:57Z</time>
      </trkpt>
      <trkpt lat="33.03694" lon="35.426390000000005">
        <ele>656</ele>
        <time>2023-06-12T19:02:58Z</time>
      </trkpt>
      <trkpt lat="33.03689" lon="35.426140000000004">
        <ele>658</ele>
        <time>2023-06-12T19:02:59Z</time>
      </trkpt>
      <trkpt lat="33.036910000000006" lon="35.42584">
        <ele>658</ele>
        <time>2023-06-12T19:03:00Z</time>
      </trkpt>
      <trkpt lat="33.036910000000006" lon="35.42584">
        <ele>651.3329501469622</ele>
        <time>2023-06-12T19:03:01Z</time>
      </trkpt>
      <trkpt lat="33.0369" lon="35.425720000000005">
        <ele>658</ele>
        <time>2023-06-12T19:03:02Z</time>
      </trkpt>
      <trkpt lat="33.03687" lon="35.425670000000004">
        <ele>658</ele>
        <time>2023-06-12T19:03:03Z</time>
      </trkpt>
      <trkpt lat="33.036860000000004" lon="35.42539">
        <ele>662</ele>
        <time>2023-06-12T19:03:04Z</time>
      </trkpt>
      <trkpt lat="33.036820000000006" lon="35.42533">
        <ele>662</ele>
        <time>2023-06-12T19:03:05Z</time>
      </trkpt>
      <trkpt lat="33.03676" lon="35.42528">
        <ele>662</ele>
        <time>2023-06-12T19:03:06Z</time>
      </trkpt>
      <trkpt lat="33.03676" lon="35.42519">
        <ele>662</ele>
        <time>2023-06-12T19:03:07Z</time>
      </trkpt>
      <trkpt lat="33.036730000000006" lon="35.42508">
        <ele>662</ele>
        <time>2023-06-12T19:03:08Z</time>
      </trkpt>
      <trkpt lat="33.03667" lon="35.425000000000004">
        <ele>662</ele>
        <time>2023-06-12T19:03:09Z</time>
      </trkpt>
      <trkpt lat="33.036590000000004" lon="35.4247">
        <ele>676</ele>
        <time>2023-06-12T19:03:10Z</time>
      </trkpt>
      <trkpt lat="33.036590000000004" lon="35.4247">
        <ele>659.2043453505448</ele>
        <time>2023-06-12T19:03:11Z</time>
      </trkpt>
      <trkpt lat="33.03654" lon="35.42461">
        <ele>672</ele>
        <time>2023-06-12T19:03:12Z</time>
      </trkpt>
      <trkpt lat="33.03651" lon="35.42436">
        <ele>672</ele>
        <time>2023-06-12T19:03:13Z</time>
      </trkpt>
      <trkpt lat="33.036460000000005" lon="35.42427">
        <ele>672</ele>
        <time>2023-06-12T19:03:14Z</time>
      </trkpt>
      <trkpt lat="33.036390000000004" lon="35.424040000000005">
        <ele>672</ele>
        <time>2023-06-12T19:03:15Z</time>
      </trkpt>
      <trkpt lat="33.036260000000006" lon="35.42385">
        <ele>672</ele>
        <time>2023-06-12T19:03:16Z</time>
      </trkpt>
      <trkpt lat="33.03624" lon="35.42374">
        <ele>668</ele>
        <time>2023-06-12T19:03:17Z</time>
      </trkpt>
      <trkpt lat="33.03623" lon="35.423500000000004">
        <ele>668</ele>
        <time>2023-06-12T19:03:18Z</time>
      </trkpt>
      <trkpt lat="33.036080000000005" lon="35.42322">
        <ele>668</ele>
        <time>2023-06-12T19:03:19Z</time>
      </trkpt>
      <trkpt lat="33.035880000000006" lon="35.42295">
        <ele>671</ele>
        <time>2023-06-12T19:03:20Z</time>
      </trkpt>
      <trkpt lat="33.035880000000006" lon="35.42295">
        <ele>659.6118544469439</ele>
        <time>2023-06-12T19:03:21Z</time>
      </trkpt>
      <trkpt lat="33.035430000000005" lon="35.422560000000004">
        <ele>673</ele>
        <time>2023-06-12T19:03:22Z</time>
      </trkpt>
      <trkpt lat="33.03531" lon="35.422380000000004">
        <ele>673</ele>
        <time>2023-06-12T19:03:23Z</time>
      </trkpt>
      <trkpt lat="33.035090000000004" lon="35.42217">
        <ele>673</ele>
        <time>2023-06-12T19:03:24Z</time>
      </trkpt>
      <trkpt lat="33.035000000000004" lon="35.422090000000004">
        <ele>675</ele>
        <time>2023-06-12T19:03:25Z</time>
      </trkpt>
      <trkpt lat="33.0349" lon="35.42206">
        <ele>675</ele>
        <time>2023-06-12T19:03:26Z</time>
      </trkpt>
      <trkpt lat="33.03461" lon="35.42179">
        <ele>675</ele>
        <time>2023-06-12T19:03:27Z</time>
      </trkpt>
      <trkpt lat="33.0345" lon="35.421600000000005">
        <ele>675</ele>
        <time>2023-06-12T19:03:28Z</time>
      </trkpt>
      <trkpt lat="33.034420000000004" lon="35.421400000000006">
        <ele>675</ele>
        <time>2023-06-12T19:03:29Z</time>
      </trkpt>
      <trkpt lat="33.03437" lon="35.4213">
        <ele>675</ele>
        <time>2023-06-12T19:03:30Z</time>
      </trkpt>
      <trkpt lat="33.03437" lon="35.4213">
        <ele>668.9925079525696</ele>
        <time>2023-06-12T19:03:31Z</time>
      </trkpt>
      <trkpt lat="33.03436" lon="35.42119">
        <ele>675</ele>
        <time>2023-06-12T19:03:32Z</time>
      </trkpt>
      <trkpt lat="33.0343" lon="35.421110000000006">
        <ele>675</ele>
        <time>2023-06-12T19:03:33Z</time>
      </trkpt>
      <trkpt lat="33.03428" lon="35.421">
        <ele>675</ele>
        <time>2023-06-12T19:03:34Z</time>
      </trkpt>
      <trkpt lat="33.03432" lon="35.42083">
        <ele>675</ele>
        <time>2023-06-12T19:03:35Z</time>
      </trkpt>
      <trkpt lat="33.0343" lon="35.42069">
        <ele>675</ele>
        <time>2023-06-12T19:03:36Z</time>
      </trkpt>
      <trkpt lat="33.034220000000005" lon="35.42052">
        <ele>675</ele>
        <time>2023-06-12T19:03:37Z</time>
      </trkpt>
      <trkpt lat="33.034090000000006" lon="35.42033">
        <ele>679</ele>
        <time>2023-06-12T19:03:38Z</time>
      </trkpt>
      <trkpt lat="33.03403" lon="35.420100000000005">
        <ele>679</ele>
        <time>2023-06-12T19:03:39Z</time>
      </trkpt>
      <trkpt lat="33.03392" lon="35.41982">
        <ele>679</ele>
        <time>2023-06-12T19:03:40Z</time>
      </trkpt>
      <trkpt lat="33.03392" lon="35.41982">
        <ele>672.2230465472177</ele>
        <time>2023-06-12T19:03:41Z</time>
      </trkpt>
      <trkpt lat="33.033730000000006" lon="35.41958">
        <ele>682</ele>
        <time>2023-06-12T19:03:42Z</time>
      </trkpt>
      <trkpt lat="33.033550000000005" lon="35.419450000000005">
        <ele>682</ele>
        <time>2023-06-12T19:03:43Z</time>
      </trkpt>
      <trkpt lat="33.03354" lon="35.41922">
        <ele>682</ele>
        <time>2023-06-12T19:03:44Z</time>
      </trkpt>
      <trkpt lat="33.033480000000004" lon="35.41901">
        <ele>682</ele>
        <time>2023-06-12T19:03:45Z</time>
      </trkpt>
      <trkpt lat="33.033370000000005" lon="35.41843">
        <ele>686</ele>
        <time>2023-06-12T19:03:46Z</time>
      </trkpt>
      <trkpt lat="33.03332" lon="35.41825">
        <ele>686</ele>
        <time>2023-06-12T19:03:47Z</time>
      </trkpt>
      <trkpt lat="33.0332" lon="35.41798">
        <ele>688</ele>
        <time>2023-06-12T19:03:48Z</time>
      </trkpt>
      <trkpt lat="33.033120000000004" lon="35.417750000000005">
        <ele>688</ele>
        <time>2023-06-12T19:03:49Z</time>
      </trkpt>
      <trkpt lat="33.03284" lon="35.417210000000004">
        <ele>688</ele>
        <time>2023-06-12T19:03:50Z</time>
      </trkpt>
      <trkpt lat="33.03284" lon="35.417210000000004">
        <ele>681.9793214596004</ele>
        <time>2023-06-12T19:03:51Z</time>
      </trkpt>
      <trkpt lat="33.032270000000004" lon="35.41639">
        <ele>690</ele>
        <time>2023-06-12T19:03:52Z</time>
      </trkpt>
      <trkpt lat="33.032270000000004" lon="35.41639">
        <ele>690</ele>
        <time>2023-06-12T19:03:53Z</time>
      </trkpt>
      <trkpt lat="33.03163" lon="35.41552">
        <ele>698</ele>
        <time>2023-06-12T19:03:54Z</time>
      </trkpt>
      <trkpt lat="33.03152" lon="35.415330000000004">
        <ele>692</ele>
        <time>2023-06-12T19:03:55Z</time>
      </trkpt>
      <trkpt lat="33.031200000000005" lon="35.4151">
        <ele>692</ele>
        <time>2023-06-12T19:03:56Z</time>
      </trkpt>
      <trkpt lat="33.030840000000005" lon="35.41489">
        <ele>692</ele>
        <time>2023-06-12T19:03:57Z</time>
      </trkpt>
      <trkpt lat="33.029880000000006" lon="35.414370000000005">
        <ele>699</ele>
        <time>2023-06-12T19:03:58Z</time>
      </trkpt>
      <trkpt lat="33.0292" lon="35.41425">
        <ele>699</ele>
        <time>2023-06-12T19:03:59Z</time>
      </trkpt>
      <trkpt lat="33.02796" lon="35.41348">
        <ele>705</ele>
        <time>2023-06-12T19:04:00Z</time>
      </trkpt>
      <trkpt lat="33.02796" lon="35.41348">
        <ele>697.0943078159182</ele>
        <time>2023-06-12T19:04:01Z</time>
      </trkpt>
      <trkpt lat="33.0276" lon="35.41337">
        <ele>705</ele>
        <time>2023-06-12T19:04:02Z</time>
      </trkpt>
      <trkpt lat="33.02747" lon="35.41324">
        <ele>720</ele>
        <time>2023-06-12T19:04:03Z</time>
      </trkpt>
      <trkpt lat="33.0274" lon="35.413120000000006">
        <ele>720</ele>
        <time>2023-06-12T19:04:04Z</time>
      </trkpt>
      <trkpt lat="33.027100000000004" lon="35.41227">
        <ele>709</ele>
        <time>2023-06-12T19:04:05Z</time>
      </trkpt>
      <trkpt lat="33.027060000000006" lon="35.41203">
        <ele>707</ele>
        <time>2023-06-12T19:04:06Z</time>
      </trkpt>
      <trkpt lat="33.02686" lon="35.411840000000005">
        <ele>707</ele>
        <time>2023-06-12T19:04:07Z</time>
      </trkpt>
      <extensions>
        <RoutingType xmlns="">Hike</RoutingType>
      </extensions>
    </trkseg>
    <trkseg>
      <trkpt lat="33.02686" lon="35.411840000000005">
        <ele>707</ele>
        <time>2023-06-12T19:04:07Z</time>
      </trkpt>
      <trkpt lat="33.02675" lon="35.41178">
        <ele>707</ele>
        <time>2023-06-12T19:04:08Z</time>
      </trkpt>
      <trkpt lat="33.026630000000004" lon="35.41163">
        <ele>710</ele>
        <time>2023-06-12T19:04:09Z</time>
      </trkpt>
      <trkpt lat="33.026140000000005" lon="35.41138">
        <ele>710</ele>
        <time>2023-06-12T19:04:10Z</time>
      </trkpt>
      <trkpt lat="33.026140000000005" lon="35.41138">
        <ele>702.8390911239109</ele>
        <time>2023-06-12T19:04:11Z</time>
      </trkpt>
      <trkpt lat="33.026050000000005" lon="35.41136">
        <ele>710</ele>
        <time>2023-06-12T19:04:12Z</time>
      </trkpt>
      <trkpt lat="33.025670000000005" lon="35.411370000000005">
        <ele>727</ele>
        <time>2023-06-12T19:04:13Z</time>
      </trkpt>
      <trkpt lat="33.02541" lon="35.41114">
        <ele>715</ele>
        <time>2023-06-12T19:04:14Z</time>
      </trkpt>
      <trkpt lat="33.025310000000005" lon="35.41098">
        <ele>715</ele>
        <time>2023-06-12T19:04:15Z</time>
      </trkpt>
      <trkpt lat="33.0249" lon="35.410740000000004">
        <ele>723</ele>
        <time>2023-06-12T19:04:16Z</time>
      </trkpt>
      <trkpt lat="33.0249" lon="35.410740000000004">
        <ele>723</ele>
        <time>2023-06-12T19:04:17Z</time>
      </trkpt>
      <trkpt lat="33.024440000000006" lon="35.41037">
        <ele>720</ele>
        <time>2023-06-12T19:04:18Z</time>
      </trkpt>
      <trkpt lat="33.0234" lon="35.409420000000004">
        <ele>719</ele>
        <time>2023-06-12T19:04:19Z</time>
      </trkpt>
      <trkpt lat="33.02333" lon="35.409130000000005">
        <ele>719</ele>
        <time>2023-06-12T19:04:20Z</time>
      </trkpt>
      <trkpt lat="33.02333" lon="35.409130000000005">
        <ele>716.5333811394207</ele>
        <time>2023-06-12T19:04:21Z</time>
      </trkpt>
      <trkpt lat="33.02318" lon="35.409240000000004">
        <ele>724</ele>
        <time>2023-06-12T19:04:22Z</time>
      </trkpt>
      <trkpt lat="33.0231" lon="35.40937">
        <ele>724</ele>
        <time>2023-06-12T19:04:23Z</time>
      </trkpt>
      <trkpt lat="33.023030000000006" lon="35.409530000000004">
        <ele>724</ele>
        <time>2023-06-12T19:04:24Z</time>
      </trkpt>
      <trkpt lat="33.022980000000004" lon="35.40954">
        <ele>724</ele>
        <time>2023-06-12T19:04:25Z</time>
      </trkpt>
      <trkpt lat="33.02288" lon="35.4095">
        <ele>724</ele>
        <time>2023-06-12T19:04:26Z</time>
      </trkpt>
      <trkpt lat="33.02284" lon="35.40955">
        <ele>724</ele>
        <time>2023-06-12T19:04:27Z</time>
      </trkpt>
      <trkpt lat="33.022740000000006" lon="35.409380000000006">
        <ele>724</ele>
        <time>2023-06-12T19:04:28Z</time>
      </trkpt>
      <trkpt lat="33.02253" lon="35.40917">
        <ele>724</ele>
        <time>2023-06-12T19:04:29Z</time>
      </trkpt>
      <trkpt lat="33.02241" lon="35.40903">
        <ele>742</ele>
        <time>2023-06-12T19:04:30Z</time>
      </trkpt>
      <trkpt lat="33.02241" lon="35.40903">
        <ele>716.7183649518963</ele>
        <time>2023-06-12T19:04:31Z</time>
      </trkpt>
      <trkpt lat="33.022220000000004" lon="35.408640000000005">
        <ele>733</ele>
        <time>2023-06-12T19:04:32Z</time>
      </trkpt>
      <trkpt lat="33.02206" lon="35.40836">
        <ele>733</ele>
        <time>2023-06-12T19:04:33Z</time>
      </trkpt>
      <trkpt lat="33.02192" lon="35.40805">
        <ele>733</ele>
        <time>2023-06-12T19:04:34Z</time>
      </trkpt>
      <trkpt lat="33.02185" lon="35.407830000000004">
        <ele>731</ele>
        <time>2023-06-12T19:04:35Z</time>
      </trkpt>
      <trkpt lat="33.021730000000005" lon="35.407590000000006">
        <ele>731</ele>
        <time>2023-06-12T19:04:36Z</time>
      </trkpt>
      <trkpt lat="33.0214" lon="35.407300000000006">
        <ele>749</ele>
        <time>2023-06-12T19:04:37Z</time>
      </trkpt>
      <trkpt lat="33.021150000000006" lon="35.407030000000006">
        <ele>739</ele>
        <time>2023-06-12T19:04:38Z</time>
      </trkpt>
      <trkpt lat="33.020810000000004" lon="35.40682">
        <ele>753</ele>
        <time>2023-06-12T19:04:39Z</time>
      </trkpt>
      <trkpt lat="33.02044" lon="35.40644">
        <ele>753</ele>
        <time>2023-06-12T19:04:40Z</time>
      </trkpt>
      <trkpt lat="33.02044" lon="35.40644">
        <ele>736.3029583469362</ele>
        <time>2023-06-12T19:04:41Z</time>
      </trkpt>
      <trkpt lat="33.02008" lon="35.406150000000004">
        <ele>744</ele>
        <time>2023-06-12T19:04:42Z</time>
      </trkpt>
      <trkpt lat="33.01995" lon="35.40598">
        <ele>756</ele>
        <time>2023-06-12T19:04:43Z</time>
      </trkpt>
      <trkpt lat="33.01973" lon="35.405480000000004">
        <ele>753</ele>
        <time>2023-06-12T19:04:44Z</time>
      </trkpt>
      <trkpt lat="33.01961" lon="35.405350000000006">
        <ele>753</ele>
        <time>2023-06-12T19:04:45Z</time>
      </trkpt>
      <trkpt lat="33.01955" lon="35.405260000000006">
        <ele>753</ele>
        <time>2023-06-12T19:04:46Z</time>
      </trkpt>
      <trkpt lat="33.019400000000005" lon="35.404860000000006">
        <ele>753</ele>
        <time>2023-06-12T19:04:47Z</time>
      </trkpt>
      <trkpt lat="33.01932" lon="35.40429">
        <ele>761</ele>
        <time>2023-06-12T19:04:48Z</time>
      </trkpt>
      <trkpt lat="33.01926" lon="35.40397">
        <ele>761</ele>
        <time>2023-06-12T19:04:49Z</time>
      </trkpt>
      <trkpt lat="33.019220000000004" lon="35.40328">
        <ele>765</ele>
        <time>2023-06-12T19:04:50Z</time>
      </trkpt>
      <trkpt lat="33.019220000000004" lon="35.40328">
        <ele>755.6265738884078</ele>
        <time>2023-06-12T19:04:51Z</time>
      </trkpt>
      <trkpt lat="33.01919" lon="35.40308">
        <ele>765</ele>
        <time>2023-06-12T19:04:52Z</time>
      </trkpt>
      <trkpt lat="33.01912" lon="35.402840000000005">
        <ele>785</ele>
        <time>2023-06-12T19:04:53Z</time>
      </trkpt>
      <trkpt lat="33.019040000000004" lon="35.40245">
        <ele>785</ele>
        <time>2023-06-12T19:04:54Z</time>
      </trkpt>
      <trkpt lat="33.019040000000004" lon="35.40245">
        <ele>785</ele>
        <time>2023-06-12T19:04:55Z</time>
      </trkpt>
      <trkpt lat="33.01903" lon="35.402370000000005">
        <ele>785</ele>
        <time>2023-06-12T19:04:56Z</time>
      </trkpt>
      <trkpt lat="33.01883" lon="35.40182">
        <ele>777</ele>
        <time>2023-06-12T19:04:57Z</time>
      </trkpt>
      <trkpt lat="33.01876" lon="35.40169">
        <ele>777</ele>
        <time>2023-06-12T19:04:58Z</time>
      </trkpt>
      <trkpt lat="33.01859" lon="35.40142">
        <ele>777</ele>
        <time>2023-06-12T19:04:59Z</time>
      </trkpt>
      <trkpt lat="33.018480000000004" lon="35.40119">
        <ele>778</ele>
        <time>2023-06-12T19:05:00Z</time>
      </trkpt>
      <trkpt lat="33.018480000000004" lon="35.40119">
        <ele>766.7044841559203</ele>
        <time>2023-06-12T19:05:01Z</time>
      </trkpt>
      <trkpt lat="33.018420000000006" lon="35.401">
        <ele>778</ele>
        <time>2023-06-12T19:05:02Z</time>
      </trkpt>
      <trkpt lat="33.01836" lon="35.4007">
        <ele>778</ele>
        <time>2023-06-12T19:05:03Z</time>
      </trkpt>
      <trkpt lat="33.018190000000004" lon="35.40012">
        <ele>803</ele>
        <time>2023-06-12T19:05:04Z</time>
      </trkpt>
      <trkpt lat="33.017720000000004" lon="35.39913">
        <ele>794</ele>
        <time>2023-06-12T19:05:05Z</time>
      </trkpt>
      <trkpt lat="33.01746" lon="35.398860000000006">
        <ele>819</ele>
        <time>2023-06-12T19:05:06Z</time>
      </trkpt>
      <trkpt lat="33.01728" lon="35.398700000000005">
        <ele>805</ele>
        <time>2023-06-12T19:05:07Z</time>
      </trkpt>
      <trkpt lat="33.017120000000006" lon="35.398520000000005">
        <ele>805</ele>
        <time>2023-06-12T19:05:08Z</time>
      </trkpt>
      <trkpt lat="33.016920000000006" lon="35.398360000000004">
        <ele>805</ele>
        <time>2023-06-12T19:05:09Z</time>
      </trkpt>
      <trkpt lat="33.016830000000006" lon="35.39826">
        <ele>805</ele>
        <time>2023-06-12T19:05:10Z</time>
      </trkpt>
      <trkpt lat="33.016830000000006" lon="35.39826">
        <ele>796.1558685168868</ele>
        <time>2023-06-12T19:05:11Z</time>
      </trkpt>
      <trkpt lat="33.016690000000004" lon="35.39802">
        <ele>805</ele>
        <time>2023-06-12T19:05:12Z</time>
      </trkpt>
      <trkpt lat="33.016470000000005" lon="35.39779">
        <ele>816</ele>
        <time>2023-06-12T19:05:13Z</time>
      </trkpt>
      <trkpt lat="33.01644" lon="35.3977">
        <ele>816</ele>
        <time>2023-06-12T19:05:14Z</time>
      </trkpt>
      <trkpt lat="33.01633" lon="35.397400000000005">
        <ele>816</ele>
        <time>2023-06-12T19:05:15Z</time>
      </trkpt>
      <trkpt lat="33.01623" lon="35.39676">
        <ele>825</ele>
        <time>2023-06-12T19:05:16Z</time>
      </trkpt>
      <trkpt lat="33.01617" lon="35.395900000000005">
        <ele>834</ele>
        <time>2023-06-12T19:05:17Z</time>
      </trkpt>
      <trkpt lat="33.01612" lon="35.39533">
        <ele>840</ele>
        <time>2023-06-12T19:05:18Z</time>
      </trkpt>
      <trkpt lat="33.016070000000006" lon="35.39522">
        <ele>840</ele>
        <time>2023-06-12T19:05:19Z</time>
      </trkpt>
      <trkpt lat="33.015950000000004" lon="35.39508">
        <ele>840</ele>
        <time>2023-06-12T19:05:20Z</time>
      </trkpt>
      <trkpt lat="33.015950000000004" lon="35.39508">
        <ele>831.8633058698624</ele>
        <time>2023-06-12T19:05:21Z</time>
      </trkpt>
      <trkpt lat="33.01581" lon="35.39486">
        <ele>860</ele>
        <time>2023-06-12T19:05:22Z</time>
      </trkpt>
      <trkpt lat="33.01559" lon="35.39473">
        <ele>860</ele>
        <time>2023-06-12T19:05:23Z</time>
      </trkpt>
      <trkpt lat="33.01545" lon="35.394740000000006">
        <ele>860</ele>
        <time>2023-06-12T19:05:24Z</time>
      </trkpt>
      <trkpt lat="33.01531" lon="35.394580000000005">
        <ele>869</ele>
        <time>2023-06-12T19:05:25Z</time>
      </trkpt>
      <trkpt lat="33.01489" lon="35.39432">
        <ele>882</ele>
        <time>2023-06-12T19:05:26Z</time>
      </trkpt>
      <trkpt lat="33.01483" lon="35.39412">
        <ele>882</ele>
        <time>2023-06-12T19:05:27Z</time>
      </trkpt>
      <trkpt lat="33.014540000000004" lon="35.39419">
        <ele>882</ele>
        <time>2023-06-12T19:05:28Z</time>
      </trkpt>
      <trkpt lat="33.01428" lon="35.39408">
        <ele>882</ele>
        <time>2023-06-12T19:05:29Z</time>
      </trkpt>
      <trkpt lat="33.01384" lon="35.394290000000005">
        <ele>890</ele>
        <time>2023-06-12T19:05:30Z</time>
      </trkpt>
      <trkpt lat="33.01384" lon="35.394290000000005">
        <ele>882.9570714332475</ele>
        <time>2023-06-12T19:05:31Z</time>
      </trkpt>
      <trkpt lat="33.01268" lon="35.39416">
        <ele>892</ele>
        <time>2023-06-12T19:05:32Z</time>
      </trkpt>
      <trkpt lat="33.011570000000006" lon="35.393640000000005">
        <ele>888</ele>
        <time>2023-06-12T19:05:33Z</time>
      </trkpt>
      <trkpt lat="33.010630000000006" lon="35.393730000000005">
        <ele>886</ele>
        <time>2023-06-12T19:05:34Z</time>
      </trkpt>
      <trkpt lat="33.01046" lon="35.39365">
        <ele>886</ele>
        <time>2023-06-12T19:05:35Z</time>
      </trkpt>
      <trkpt lat="33.01046" lon="35.39365">
        <ele>886</ele>
        <time>2023-06-12T19:05:36Z</time>
      </trkpt>
      <trkpt lat="33.01017" lon="35.39352">
        <ele>886</ele>
        <time>2023-06-12T19:05:37Z</time>
      </trkpt>
      <trkpt lat="33.00961" lon="35.393440000000005">
        <ele>882</ele>
        <time>2023-06-12T19:05:38Z</time>
      </trkpt>
      <trkpt lat="33.00885" lon="35.393660000000004">
        <ele>884</ele>
        <time>2023-06-12T19:05:39Z</time>
      </trkpt>
      <extensions>
        <RoutingType xmlns="">Hike</RoutingType>
      </extensions>
    </trkseg>
    <trkseg>
      <trkpt lat="33.00885" lon="35.393660000000004">
        <ele>884</ele>
        <time>2023-06-12T19:05:39Z</time>
      </trkpt>
      <trkpt lat="33.00844" lon="35.394020000000005">
        <ele>889</ele>
        <time>2023-06-12T19:05:40Z</time>
      </trkpt>
      <trkpt lat="33.00844" lon="35.394020000000005">
        <ele>883.84377570544</ele>
        <time>2023-06-12T19:05:41Z</time>
      </trkpt>
      <trkpt lat="33.008250000000004" lon="35.39426">
        <ele>902</ele>
        <time>2023-06-12T19:05:42Z</time>
      </trkpt>
      <trkpt lat="33.00813" lon="35.39446">
        <ele>902</ele>
        <time>2023-06-12T19:05:43Z</time>
      </trkpt>
      <trkpt lat="33.00797" lon="35.394670000000005">
        <ele>902</ele>
        <time>2023-06-12T19:05:44Z</time>
      </trkpt>
      <trkpt lat="33.007940000000005" lon="35.394740000000006">
        <ele>901</ele>
        <time>2023-06-12T19:05:45Z</time>
      </trkpt>
      <trkpt lat="33.00793" lon="35.394830000000006">
        <ele>901</ele>
        <time>2023-06-12T19:05:46Z</time>
      </trkpt>
      <trkpt lat="33.00802" lon="35.39511">
        <ele>901</ele>
        <time>2023-06-12T19:05:47Z</time>
      </trkpt>
      <trkpt lat="33.008010000000006" lon="35.395210000000006">
        <ele>901</ele>
        <time>2023-06-12T19:05:48Z</time>
      </trkpt>
      <trkpt lat="33.00795" lon="35.395270000000004">
        <ele>901</ele>
        <time>2023-06-12T19:05:49Z</time>
      </trkpt>
      <trkpt lat="33.00733" lon="35.395430000000005">
        <ele>920</ele>
        <time>2023-06-12T19:05:50Z</time>
      </trkpt>
      <trkpt lat="33.00733" lon="35.395430000000005">
        <ele>903.1767430529962</ele>
        <time>2023-06-12T19:05:51Z</time>
      </trkpt>
      <trkpt lat="33.007130000000004" lon="35.395450000000004">
        <ele>920</ele>
        <time>2023-06-12T19:05:52Z</time>
      </trkpt>
      <trkpt lat="33.006980000000006" lon="35.39551">
        <ele>921</ele>
        <time>2023-06-12T19:05:53Z</time>
      </trkpt>
      <trkpt lat="33.006890000000006" lon="35.39556">
        <ele>921</ele>
        <time>2023-06-12T19:05:54Z</time>
      </trkpt>
      <trkpt lat="33.00623" lon="35.39609">
        <ele>936</ele>
        <time>2023-06-12T19:05:55Z</time>
      </trkpt>
      <trkpt lat="33.005630000000004" lon="35.39667">
        <ele>960</ele>
        <time>2023-06-12T19:05:56Z</time>
      </trkpt>
      <trkpt lat="33.005520000000004" lon="35.396730000000005">
        <ele>960</ele>
        <time>2023-06-12T19:05:57Z</time>
      </trkpt>
      <trkpt lat="33.0054" lon="35.396750000000004">
        <ele>960</ele>
        <time>2023-06-12T19:05:58Z</time>
      </trkpt>
      <trkpt lat="33.00531" lon="35.39679">
        <ele>960</ele>
        <time>2023-06-12T19:05:59Z</time>
      </trkpt>
      <trkpt lat="33.00513" lon="35.39716">
        <ele>967</ele>
        <time>2023-06-12T19:06:00Z</time>
      </trkpt>
      <trkpt lat="33.00513" lon="35.39716">
        <ele>951.9950775859724</ele>
        <time>2023-06-12T19:06:01Z</time>
      </trkpt>
      <trkpt lat="33.00491" lon="35.39763">
        <ele>993</ele>
        <time>2023-06-12T19:06:02Z</time>
      </trkpt>
      <trkpt lat="33.00486" lon="35.3977">
        <ele>993</ele>
        <time>2023-06-12T19:06:03Z</time>
      </trkpt>
      <trkpt lat="33.0048" lon="35.397740000000006">
        <ele>993</ele>
        <time>2023-06-12T19:06:04Z</time>
      </trkpt>
      <trkpt lat="33.00473" lon="35.39773">
        <ele>993</ele>
        <time>2023-06-12T19:06:05Z</time>
      </trkpt>
      <trkpt lat="33.00468" lon="35.397690000000004">
        <ele>993</ele>
        <time>2023-06-12T19:06:06Z</time>
      </trkpt>
      <trkpt lat="33.00459" lon="35.39748">
        <ele>993</ele>
        <time>2023-06-12T19:06:07Z</time>
      </trkpt>
      <trkpt lat="33.00448" lon="35.39732">
        <ele>993</ele>
        <time>2023-06-12T19:06:08Z</time>
      </trkpt>
      <trkpt lat="33.00441" lon="35.397270000000006">
        <ele>993</ele>
        <time>2023-06-12T19:06:09Z</time>
      </trkpt>
      <trkpt lat="33.004360000000005" lon="35.39725">
        <ele>993</ele>
        <time>2023-06-12T19:06:10Z</time>
      </trkpt>
      <trkpt lat="33.004360000000005" lon="35.39725">
        <ele>982.2480495109896</ele>
        <time>2023-06-12T19:06:11Z</time>
      </trkpt>
      <trkpt lat="33.004290000000005" lon="35.39728">
        <ele>993</ele>
        <time>2023-06-12T19:06:12Z</time>
      </trkpt>
      <trkpt lat="33.00403" lon="35.39762">
        <ele>998</ele>
        <time>2023-06-12T19:06:13Z</time>
      </trkpt>
      <trkpt lat="33.00394" lon="35.397690000000004">
        <ele>998</ele>
        <time>2023-06-12T19:06:14Z</time>
      </trkpt>
      <trkpt lat="33.00387" lon="35.39777">
        <ele>998</ele>
        <time>2023-06-12T19:06:15Z</time>
      </trkpt>
      <trkpt lat="33.00383" lon="35.39793">
        <ele>998</ele>
        <time>2023-06-12T19:06:16Z</time>
      </trkpt>
      <trkpt lat="33.003780000000006" lon="35.398030000000006">
        <ele>1017</ele>
        <time>2023-06-12T19:06:17Z</time>
      </trkpt>
      <trkpt lat="33.00368" lon="35.39811">
        <ele>1017</ele>
        <time>2023-06-12T19:06:18Z</time>
      </trkpt>
      <trkpt lat="33.00356" lon="35.39817">
        <ele>1017</ele>
        <time>2023-06-12T19:06:19Z</time>
      </trkpt>
      <trkpt lat="33.003310000000006" lon="35.39831">
        <ele>999</ele>
        <time>2023-06-12T19:06:20Z</time>
      </trkpt>
      <trkpt lat="33.003310000000006" lon="35.39831">
        <ele>1011.4395945426509</ele>
        <time>2023-06-12T19:06:21Z</time>
      </trkpt>
      <trkpt lat="33.002970000000005" lon="35.39869">
        <ele>999</ele>
        <time>2023-06-12T19:06:22Z</time>
      </trkpt>
      <trkpt lat="33.00283" lon="35.3988">
        <ele>999</ele>
        <time>2023-06-12T19:06:23Z</time>
      </trkpt>
      <trkpt lat="33.00245" lon="35.39902">
        <ele>999</ele>
        <time>2023-06-12T19:06:24Z</time>
      </trkpt>
      <trkpt lat="33.00216" lon="35.39927">
        <ele>999</ele>
        <time>2023-06-12T19:06:25Z</time>
      </trkpt>
      <trkpt lat="33.001960000000004" lon="35.39949">
        <ele>999</ele>
        <time>2023-06-12T19:06:26Z</time>
      </trkpt>
      <trkpt lat="33.001780000000004" lon="35.399750000000004">
        <ele>1032</ele>
        <time>2023-06-12T19:06:27Z</time>
      </trkpt>
      <trkpt lat="33.00121" lon="35.40026">
        <ele>1013</ele>
        <time>2023-06-12T19:06:28Z</time>
      </trkpt>
      <trkpt lat="33.00105" lon="35.400450000000006">
        <ele>1013</ele>
        <time>2023-06-12T19:06:29Z</time>
      </trkpt>
      <trkpt lat="33.000780000000006" lon="35.400830000000006">
        <ele>1039</ele>
        <time>2023-06-12T19:06:30Z</time>
      </trkpt>
      <trkpt lat="33.000780000000006" lon="35.400830000000006">
        <ele>1032.1598119640844</ele>
        <time>2023-06-12T19:06:31Z</time>
      </trkpt>
      <trkpt lat="33.00065" lon="35.40097">
        <ele>1039</ele>
        <time>2023-06-12T19:06:32Z</time>
      </trkpt>
      <trkpt lat="33.00065" lon="35.40097">
        <ele>1039</ele>
        <time>2023-06-12T19:06:33Z</time>
      </trkpt>
      <trkpt lat="33.00041" lon="35.40111">
        <ele>1039</ele>
        <time>2023-06-12T19:06:34Z</time>
      </trkpt>
      <trkpt lat="33.00034" lon="35.401120000000006">
        <ele>1039</ele>
        <time>2023-06-12T19:06:35Z</time>
      </trkpt>
      <trkpt lat="33.00021" lon="35.4011">
        <ele>1039</ele>
        <time>2023-06-12T19:06:36Z</time>
      </trkpt>
      <trkpt lat="33.000150000000005" lon="35.401070000000004">
        <ele>1039</ele>
        <time>2023-06-12T19:06:37Z</time>
      </trkpt>
      <trkpt lat="32.99972" lon="35.400740000000006">
        <ele>1039</ele>
        <time>2023-06-12T19:06:38Z</time>
      </trkpt>
      <trkpt lat="32.999500000000005" lon="35.40053">
        <ele>1039</ele>
        <time>2023-06-12T19:06:39Z</time>
      </trkpt>
      <trkpt lat="32.999430000000004" lon="35.400510000000004">
        <ele>1039</ele>
        <time>2023-06-12T19:06:40Z</time>
      </trkpt>
      <trkpt lat="32.999430000000004" lon="35.400510000000004">
        <ele>1045.6649754694727</ele>
        <time>2023-06-12T19:06:41Z</time>
      </trkpt>
      <trkpt lat="32.99935" lon="35.40055">
        <ele>1039</ele>
        <time>2023-06-12T19:06:42Z</time>
      </trkpt>
      <trkpt lat="32.999320000000004" lon="35.40062">
        <ele>1039</ele>
        <time>2023-06-12T19:06:43Z</time>
      </trkpt>
      <trkpt lat="32.99929" lon="35.400940000000006">
        <ele>1039</ele>
        <time>2023-06-12T19:06:44Z</time>
      </trkpt>
      <trkpt lat="32.99913" lon="35.401180000000004">
        <ele>1056</ele>
        <time>2023-06-12T19:06:45Z</time>
      </trkpt>
      <trkpt lat="32.99908" lon="35.40129">
        <ele>1056</ele>
        <time>2023-06-12T19:06:46Z</time>
      </trkpt>
      <trkpt lat="32.99902" lon="35.40149">
        <ele>1073</ele>
        <time>2023-06-12T19:06:47Z</time>
      </trkpt>
      <trkpt lat="32.999010000000006" lon="35.40164">
        <ele>1073</ele>
        <time>2023-06-12T19:06:48Z</time>
      </trkpt>
      <trkpt lat="32.999050000000004" lon="35.40182">
        <ele>1073</ele>
        <time>2023-06-12T19:06:49Z</time>
      </trkpt>
      <trkpt lat="32.999050000000004" lon="35.40203">
        <ele>1073</ele>
        <time>2023-06-12T19:06:50Z</time>
      </trkpt>
      <trkpt lat="32.999050000000004" lon="35.40203">
        <ele>1081.1998744183802</ele>
        <time>2023-06-12T19:06:51Z</time>
      </trkpt>
      <trkpt lat="32.99907" lon="35.40211">
        <ele>1073</ele>
        <time>2023-06-12T19:06:52Z</time>
      </trkpt>
      <trkpt lat="32.999120000000005" lon="35.402190000000004">
        <ele>1092</ele>
        <time>2023-06-12T19:06:53Z</time>
      </trkpt>
      <trkpt lat="32.99918" lon="35.40222">
        <ele>1096</ele>
        <time>2023-06-12T19:06:54Z</time>
      </trkpt>
      <trkpt lat="32.99925" lon="35.40223">
        <ele>1096</ele>
        <time>2023-06-12T19:06:55Z</time>
      </trkpt>
      <trkpt lat="32.999430000000004" lon="35.40222">
        <ele>1096</ele>
        <time>2023-06-12T19:06:56Z</time>
      </trkpt>
      <trkpt lat="32.999500000000005" lon="35.40223">
        <ele>1096</ele>
        <time>2023-06-12T19:06:57Z</time>
      </trkpt>
      <trkpt lat="33.00052" lon="35.40252">
        <ele>1096</ele>
        <time>2023-06-12T19:06:58Z</time>
      </trkpt>
      <trkpt lat="33.001630000000006" lon="35.402660000000004">
        <ele>1096</ele>
        <time>2023-06-12T19:06:59Z</time>
      </trkpt>
      <trkpt lat="33.001810000000006" lon="35.402710000000006">
        <ele>1106</ele>
        <time>2023-06-12T19:07:00Z</time>
      </trkpt>
      <trkpt lat="33.001810000000006" lon="35.402710000000006">
        <ele>1110.4234408232842</ele>
        <time>2023-06-12T19:07:01Z</time>
      </trkpt>
      <trkpt lat="33.00202" lon="35.402820000000006">
        <ele>1106</ele>
        <time>2023-06-12T19:07:02Z</time>
      </trkpt>
      <trkpt lat="33.002390000000005" lon="35.4029">
        <ele>1106</ele>
        <time>2023-06-12T19:07:03Z</time>
      </trkpt>
      <trkpt lat="33.00253" lon="35.40297">
        <ele>1105</ele>
        <time>2023-06-12T19:07:04Z</time>
      </trkpt>
      <trkpt lat="33.00276" lon="35.403000000000006">
        <ele>1117</ele>
        <time>2023-06-12T19:07:05Z</time>
      </trkpt>
      <trkpt lat="33.00282" lon="35.403020000000005">
        <ele>1117</ele>
        <time>2023-06-12T19:07:06Z</time>
      </trkpt>
      <trkpt lat="33.00287" lon="35.40308">
        <ele>1117</ele>
        <time>2023-06-12T19:07:07Z</time>
      </trkpt>
      <trkpt lat="33.002880000000005" lon="35.403220000000005">
        <ele>1117</ele>
        <time>2023-06-12T19:07:08Z</time>
      </trkpt>
      <trkpt lat="33.0028" lon="35.403290000000005">
        <ele>1117</ele>
        <time>2023-06-12T19:07:09Z</time>
      </trkpt>
      <trkpt lat="33.00253" lon="35.40341">
        <ele>1117</ele>
        <time>2023-06-12T19:07:10Z</time>
      </trkpt>
      <trkpt lat="33.00253" lon="35.40341">
        <ele>1113.5804116957374</ele>
        <time>2023-06-12T19:07:11Z</time>
      </trkpt>
      <extensions>
        <RoutingType xmlns="">Hike</RoutingType>
      </extensions>
    </trkseg>
    <trkseg>
      <trkpt lat="33.00253" lon="35.40341">
        <ele>1113.5804116957374</ele>
        <time>2023-06-12T19:07:11Z</time>
      </trkpt>
      <trkpt lat="33.00235" lon="35.403420000000004">
        <ele>1123</ele>
        <time>2023-06-12T19:07:12Z</time>
      </trkpt>
      <trkpt lat="33.002280000000006" lon="35.403380000000006">
        <ele>1123</ele>
        <time>2023-06-12T19:07:13Z</time>
      </trkpt>
      <trkpt lat="33.00217" lon="35.40339">
        <ele>1123</ele>
        <time>2023-06-12T19:07:14Z</time>
      </trkpt>
      <trkpt lat="33.00207" lon="35.40346">
        <ele>1123</ele>
        <time>2023-06-12T19:07:15Z</time>
      </trkpt>
      <trkpt lat="33.00206" lon="35.40357">
        <ele>1123</ele>
        <time>2023-06-12T19:07:16Z</time>
      </trkpt>
      <trkpt lat="33.00198" lon="35.40379">
        <ele>1123</ele>
        <time>2023-06-12T19:07:17Z</time>
      </trkpt>
      <trkpt lat="33.00189" lon="35.40388">
        <ele>1126</ele>
        <time>2023-06-12T19:07:18Z</time>
      </trkpt>
      <trkpt lat="33.001830000000005" lon="35.40399">
        <ele>1126</ele>
        <time>2023-06-12T19:07:19Z</time>
      </trkpt>
      <trkpt lat="33.001760000000004" lon="35.40406">
        <ele>1126</ele>
        <time>2023-06-12T19:07:20Z</time>
      </trkpt>
      <trkpt lat="33.001760000000004" lon="35.40406">
        <ele>1126.7383771172836</ele>
        <time>2023-06-12T19:07:21Z</time>
      </trkpt>
      <trkpt lat="33.001650000000005" lon="35.40408">
        <ele>1138</ele>
        <time>2023-06-12T19:07:22Z</time>
      </trkpt>
      <trkpt lat="33.0016" lon="35.40415">
        <ele>1138</ele>
        <time>2023-06-12T19:07:23Z</time>
      </trkpt>
      <trkpt lat="33.0015" lon="35.404210000000006">
        <ele>1138</ele>
        <time>2023-06-12T19:07:24Z</time>
      </trkpt>
      <trkpt lat="33.00141" lon="35.40435">
        <ele>1138</ele>
        <time>2023-06-12T19:07:25Z</time>
      </trkpt>
      <trkpt lat="33.001090000000005" lon="35.40458">
        <ele>1138</ele>
        <time>2023-06-12T19:07:26Z</time>
      </trkpt>
      <trkpt lat="33.00101" lon="35.404680000000006">
        <ele>1144</ele>
        <time>2023-06-12T19:07:27Z</time>
      </trkpt>
      <trkpt lat="33.000910000000005" lon="35.404700000000005">
        <ele>1144</ele>
        <time>2023-06-12T19:07:28Z</time>
      </trkpt>
      <trkpt lat="33.00081" lon="35.40476">
        <ele>1157</ele>
        <time>2023-06-12T19:07:29Z</time>
      </trkpt>
      <trkpt lat="33.000730000000004" lon="35.40487">
        <ele>1157</ele>
        <time>2023-06-12T19:07:30Z</time>
      </trkpt>
      <trkpt lat="33.000730000000004" lon="35.40487">
        <ele>1151.7832696569415</ele>
        <time>2023-06-12T19:07:31Z</time>
      </trkpt>
      <trkpt lat="33.00056" lon="35.40498">
        <ele>1157</ele>
        <time>2023-06-12T19:07:32Z</time>
      </trkpt>
      <trkpt lat="33.00047" lon="35.405060000000006">
        <ele>1157</ele>
        <time>2023-06-12T19:07:33Z</time>
      </trkpt>
      <trkpt lat="33.000260000000004" lon="35.40511">
        <ele>1157</ele>
        <time>2023-06-12T19:07:34Z</time>
      </trkpt>
      <trkpt lat="33.00019" lon="35.40518">
        <ele>1157</ele>
        <time>2023-06-12T19:07:35Z</time>
      </trkpt>
      <trkpt lat="33.0002" lon="35.405300000000004">
        <ele>1157</ele>
        <time>2023-06-12T19:07:36Z</time>
      </trkpt>
      <trkpt lat="33.000150000000005" lon="35.40538">
        <ele>1157</ele>
        <time>2023-06-12T19:07:37Z</time>
      </trkpt>
      <trkpt lat="33.000040000000006" lon="35.40542">
        <ele>1157</ele>
        <time>2023-06-12T19:07:38Z</time>
      </trkpt>
      <trkpt lat="32.99998" lon="35.40551">
        <ele>1160</ele>
        <time>2023-06-12T19:07:39Z</time>
      </trkpt>
      <trkpt lat="32.999810000000004" lon="35.40565">
        <ele>1160</ele>
        <time>2023-06-12T19:07:40Z</time>
      </trkpt>
      <trkpt lat="32.999810000000004" lon="35.40565">
        <ele>1165.0228286096885</ele>
        <time>2023-06-12T19:07:41Z</time>
      </trkpt>
      <trkpt lat="32.99969" lon="35.405840000000005">
        <ele>1160</ele>
        <time>2023-06-12T19:07:42Z</time>
      </trkpt>
      <trkpt lat="32.999590000000005" lon="35.40588">
        <ele>1160</ele>
        <time>2023-06-12T19:07:43Z</time>
      </trkpt>
      <trkpt lat="32.99951" lon="35.40597">
        <ele>1160</ele>
        <time>2023-06-12T19:07:44Z</time>
      </trkpt>
      <trkpt lat="32.999500000000005" lon="35.406090000000006">
        <ele>1160</ele>
        <time>2023-06-12T19:07:45Z</time>
      </trkpt>
      <trkpt lat="32.999320000000004" lon="35.406400000000005">
        <ele>1160</ele>
        <time>2023-06-12T19:07:46Z</time>
      </trkpt>
      <trkpt lat="32.999320000000004" lon="35.406510000000004">
        <ele>1160</ele>
        <time>2023-06-12T19:07:47Z</time>
      </trkpt>
      <trkpt lat="32.999390000000005" lon="35.40659">
        <ele>1160</ele>
        <time>2023-06-12T19:07:48Z</time>
      </trkpt>
      <trkpt lat="32.99954" lon="35.406850000000006">
        <ele>1160</ele>
        <time>2023-06-12T19:07:49Z</time>
      </trkpt>
      <trkpt lat="32.999590000000005" lon="35.407140000000005">
        <ele>1160</ele>
        <time>2023-06-12T19:07:50Z</time>
      </trkpt>
      <trkpt lat="32.999590000000005" lon="35.407140000000005">
        <ele>1176.481088337743</ele>
        <time>2023-06-12T19:07:51Z</time>
      </trkpt>
      <trkpt lat="32.99963" lon="35.40729">
        <ele>1167</ele>
        <time>2023-06-12T19:07:52Z</time>
      </trkpt>
      <trkpt lat="32.99958" lon="35.4076">
        <ele>1167</ele>
        <time>2023-06-12T19:07:53Z</time>
      </trkpt>
      <trkpt lat="32.999500000000005" lon="35.40771">
        <ele>1167</ele>
        <time>2023-06-12T19:07:54Z</time>
      </trkpt>
      <trkpt lat="32.99922" lon="35.408480000000004">
        <ele>1153</ele>
        <time>2023-06-12T19:07:55Z</time>
      </trkpt>
      <trkpt lat="32.9992" lon="35.408660000000005">
        <ele>1153</ele>
        <time>2023-06-12T19:07:56Z</time>
      </trkpt>
      <trkpt lat="32.99925" lon="35.409000000000006">
        <ele>1148</ele>
        <time>2023-06-12T19:07:57Z</time>
      </trkpt>
      <trkpt lat="32.99922" lon="35.40914">
        <ele>1148</ele>
        <time>2023-06-12T19:07:58Z</time>
      </trkpt>
      <trkpt lat="32.999190000000006" lon="35.40941">
        <ele>1148</ele>
        <time>2023-06-12T19:07:59Z</time>
      </trkpt>
      <trkpt lat="32.99924" lon="35.409490000000005">
        <ele>1148</ele>
        <time>2023-06-12T19:08:00Z</time>
      </trkpt>
      <trkpt lat="32.99924" lon="35.409490000000005">
        <ele>1176.3832835889702</ele>
        <time>2023-06-12T19:08:01Z</time>
      </trkpt>
      <trkpt lat="32.99933" lon="35.409530000000004">
        <ele>1148</ele>
        <time>2023-06-12T19:08:02Z</time>
      </trkpt>
      <trkpt lat="32.9994" lon="35.409620000000004">
        <ele>1148</ele>
        <time>2023-06-12T19:08:03Z</time>
      </trkpt>
      <trkpt lat="32.9994" lon="35.409760000000006">
        <ele>1152</ele>
        <time>2023-06-12T19:08:04Z</time>
      </trkpt>
      <trkpt lat="32.999460000000006" lon="35.409890000000004">
        <ele>1152</ele>
        <time>2023-06-12T19:08:05Z</time>
      </trkpt>
      <trkpt lat="32.99953" lon="35.410160000000005">
        <ele>1152</ele>
        <time>2023-06-12T19:08:06Z</time>
      </trkpt>
      <trkpt lat="32.99954" lon="35.410560000000004">
        <ele>1166</ele>
        <time>2023-06-12T19:08:07Z</time>
      </trkpt>
      <trkpt lat="32.999590000000005" lon="35.410700000000006">
        <ele>1166</ele>
        <time>2023-06-12T19:08:08Z</time>
      </trkpt>
      <trkpt lat="32.999570000000006" lon="35.41096">
        <ele>1166</ele>
        <time>2023-06-12T19:08:09Z</time>
      </trkpt>
      <trkpt lat="32.999610000000004" lon="35.411060000000006">
        <ele>1166</ele>
        <time>2023-06-12T19:08:10Z</time>
      </trkpt>
      <trkpt lat="32.999610000000004" lon="35.411060000000006">
        <ele>1176.913013837242</ele>
        <time>2023-06-12T19:08:11Z</time>
      </trkpt>
      <trkpt lat="32.999610000000004" lon="35.411060000000006">
        <ele>1166</ele>
        <time>2023-06-12T19:08:12Z</time>
      </trkpt>
      <trkpt lat="32.99967" lon="35.411190000000005">
        <ele>1166</ele>
        <time>2023-06-12T19:08:13Z</time>
      </trkpt>
      <trkpt lat="32.999770000000005" lon="35.411260000000006">
        <ele>1166</ele>
        <time>2023-06-12T19:08:14Z</time>
      </trkpt>
      <trkpt lat="32.999880000000005" lon="35.41127">
        <ele>1166</ele>
        <time>2023-06-12T19:08:15Z</time>
      </trkpt>
      <trkpt lat="33.00002" lon="35.41124">
        <ele>1166</ele>
        <time>2023-06-12T19:08:16Z</time>
      </trkpt>
      <trkpt lat="33.00016" lon="35.41147">
        <ele>1179</ele>
        <time>2023-06-12T19:08:17Z</time>
      </trkpt>
      <trkpt lat="33.00019" lon="35.4116">
        <ele>1179</ele>
        <time>2023-06-12T19:08:18Z</time>
      </trkpt>
      <trkpt lat="33.000150000000005" lon="35.41201">
        <ele>1179</ele>
        <time>2023-06-12T19:08:19Z</time>
      </trkpt>
      <trkpt lat="33.00012" lon="35.412150000000004">
        <ele>1179</ele>
        <time>2023-06-12T19:08:20Z</time>
      </trkpt>
      <trkpt lat="33.00012" lon="35.412150000000004">
        <ele>1166.655872396892</ele>
        <time>2023-06-12T19:08:21Z</time>
      </trkpt>
      <trkpt lat="33.000060000000005" lon="35.41225">
        <ele>1165</ele>
        <time>2023-06-12T19:08:22Z</time>
      </trkpt>
      <trkpt lat="32.999680000000005" lon="35.412670000000006">
        <ele>1165</ele>
        <time>2023-06-12T19:08:23Z</time>
      </trkpt>
      <trkpt lat="32.999660000000006" lon="35.41279">
        <ele>1165</ele>
        <time>2023-06-12T19:08:24Z</time>
      </trkpt>
      <trkpt lat="32.999610000000004" lon="35.41292">
        <ele>1165</ele>
        <time>2023-06-12T19:08:25Z</time>
      </trkpt>
      <trkpt lat="32.99947" lon="35.41315">
        <ele>1140</ele>
        <time>2023-06-12T19:08:26Z</time>
      </trkpt>
      <trkpt lat="32.999390000000005" lon="35.41324">
        <ele>1140</ele>
        <time>2023-06-12T19:08:27Z</time>
      </trkpt>
      <trkpt lat="32.999370000000006" lon="35.41344">
        <ele>1140</ele>
        <time>2023-06-12T19:08:28Z</time>
      </trkpt>
      <trkpt lat="32.999300000000005" lon="35.413560000000004">
        <ele>1140</ele>
        <time>2023-06-12T19:08:29Z</time>
      </trkpt>
      <trkpt lat="32.9992" lon="35.41367">
        <ele>1140</ele>
        <time>2023-06-12T19:08:30Z</time>
      </trkpt>
      <trkpt lat="32.9992" lon="35.41367">
        <ele>1164.0736503611593</ele>
        <time>2023-06-12T19:08:31Z</time>
      </trkpt>
      <trkpt lat="32.999100000000006" lon="35.413850000000004">
        <ele>1150</ele>
        <time>2023-06-12T19:08:32Z</time>
      </trkpt>
      <trkpt lat="32.99908" lon="35.41396">
        <ele>1150</ele>
        <time>2023-06-12T19:08:33Z</time>
      </trkpt>
      <trkpt lat="32.99891" lon="35.414120000000004">
        <ele>1150</ele>
        <time>2023-06-12T19:08:34Z</time>
      </trkpt>
      <trkpt lat="32.998810000000006" lon="35.414190000000005">
        <ele>1150</ele>
        <time>2023-06-12T19:08:35Z</time>
      </trkpt>
      <trkpt lat="32.99873" lon="35.414280000000005">
        <ele>1150</ele>
        <time>2023-06-12T19:08:36Z</time>
      </trkpt>
      <trkpt lat="32.99868" lon="35.414390000000004">
        <ele>1150</ele>
        <time>2023-06-12T19:08:37Z</time>
      </trkpt>
      <trkpt lat="32.998670000000004" lon="35.41452">
        <ele>1150</ele>
        <time>2023-06-12T19:08:38Z</time>
      </trkpt>
      <trkpt lat="32.99859" lon="35.414660000000005">
        <ele>1127</ele>
        <time>2023-06-12T19:08:39Z</time>
      </trkpt>
      <trkpt lat="32.9985" lon="35.414770000000004">
        <ele>1127</ele>
        <time>2023-06-12T19:08:40Z</time>
      </trkpt>
      <trkpt lat="32.9985" lon="35.414770000000004">
        <ele>1156.837856566908</ele>
        <time>2023-06-12T19:08:41Z</time>
      </trkpt>
      <trkpt lat="32.998400000000004" lon="35.41499">
        <ele>1127</ele>
        <time>2023-06-12T19:08:42Z</time>
      </trkpt>
      <trkpt lat="32.99832" lon="35.41505">
        <ele>1161</ele>
        <time>2023-06-12T19:08:43Z</time>
      </trkpt>
      <extensions>
        <RoutingType xmlns="">Hike</RoutingType>
      </extensions>
    </trkseg>
    <trkseg>
      <trkpt lat="32.99832" lon="35.41505">
        <ele>1161</ele>
        <time>2023-06-12T19:08:43Z</time>
      </trkpt>
      <trkpt lat="32.99824" lon="35.41514">
        <ele>1161</ele>
        <time>2023-06-12T19:08:44Z</time>
      </trkpt>
      <trkpt lat="32.998070000000006" lon="35.41527">
        <ele>1161</ele>
        <time>2023-06-12T19:08:45Z</time>
      </trkpt>
      <trkpt lat="32.998000000000005" lon="35.415380000000006">
        <ele>1161</ele>
        <time>2023-06-12T19:08:46Z</time>
      </trkpt>
      <trkpt lat="32.997930000000004" lon="35.415760000000006">
        <ele>1132</ele>
        <time>2023-06-12T19:08:47Z</time>
      </trkpt>
      <trkpt lat="32.997820000000004" lon="35.41597">
        <ele>1132</ele>
        <time>2023-06-12T19:08:48Z</time>
      </trkpt>
      <trkpt lat="32.99775" lon="35.416070000000005">
        <ele>1132</ele>
        <time>2023-06-12T19:08:49Z</time>
      </trkpt>
      <trkpt lat="32.99754" lon="35.41624">
        <ele>1132</ele>
        <time>2023-06-12T19:08:50Z</time>
      </trkpt>
      <trkpt lat="32.99754" lon="35.41624">
        <ele>1141.206994762707</ele>
        <time>2023-06-12T19:08:51Z</time>
      </trkpt>
      <trkpt lat="32.99754" lon="35.41624">
        <ele>1132</ele>
        <time>2023-06-12T19:08:52Z</time>
      </trkpt>
      <trkpt lat="32.9975" lon="35.416290000000004">
        <ele>1132</ele>
        <time>2023-06-12T19:08:53Z</time>
      </trkpt>
      <trkpt lat="32.997260000000004" lon="35.41651">
        <ele>1133</ele>
        <time>2023-06-12T19:08:54Z</time>
      </trkpt>
      <trkpt lat="32.99705" lon="35.41666">
        <ele>1133</ele>
        <time>2023-06-12T19:08:55Z</time>
      </trkpt>
      <trkpt lat="32.99698" lon="35.41675">
        <ele>1133</ele>
        <time>2023-06-12T19:08:56Z</time>
      </trkpt>
      <trkpt lat="32.99671" lon="35.416940000000004">
        <ele>1133</ele>
        <time>2023-06-12T19:08:57Z</time>
      </trkpt>
      <trkpt lat="32.996610000000004" lon="35.416990000000006">
        <ele>1151</ele>
        <time>2023-06-12T19:08:58Z</time>
      </trkpt>
      <trkpt lat="32.996410000000004" lon="35.417">
        <ele>1151</ele>
        <time>2023-06-12T19:08:59Z</time>
      </trkpt>
      <trkpt lat="32.99631" lon="35.41696">
        <ele>1151</ele>
        <time>2023-06-12T19:09:00Z</time>
      </trkpt>
      <trkpt lat="32.99631" lon="35.41696">
        <ele>1142.0848516812405</ele>
        <time>2023-06-12T19:09:01Z</time>
      </trkpt>
      <trkpt lat="32.9962" lon="35.416970000000006">
        <ele>1151</ele>
        <time>2023-06-12T19:09:02Z</time>
      </trkpt>
      <trkpt lat="32.995990000000006" lon="35.41689">
        <ele>1151</ele>
        <time>2023-06-12T19:09:03Z</time>
      </trkpt>
      <trkpt lat="32.995850000000004" lon="35.41687">
        <ele>1151</ele>
        <time>2023-06-12T19:09:04Z</time>
      </trkpt>
      <trkpt lat="32.99548" lon="35.41689">
        <ele>1158</ele>
        <time>2023-06-12T19:09:05Z</time>
      </trkpt>
      <trkpt lat="32.9953" lon="35.41678">
        <ele>1158</ele>
        <time>2023-06-12T19:09:06Z</time>
      </trkpt>
      <trkpt lat="32.99497" lon="35.41671">
        <ele>1142</ele>
        <time>2023-06-12T19:09:07Z</time>
      </trkpt>
      <trkpt lat="32.99486" lon="35.41673">
        <ele>1142</ele>
        <time>2023-06-12T19:09:08Z</time>
      </trkpt>
      <trkpt lat="32.99465" lon="35.416850000000004">
        <ele>1142</ele>
        <time>2023-06-12T19:09:09Z</time>
      </trkpt>
      <trkpt lat="32.994600000000005" lon="35.41666">
        <ele>1142</ele>
        <time>2023-06-12T19:09:10Z</time>
      </trkpt>
      <trkpt lat="32.994600000000005" lon="35.41666">
        <ele>1134.2539237067372</ele>
        <time>2023-06-12T19:09:11Z</time>
      </trkpt>
      <trkpt lat="32.99461" lon="35.416540000000005">
        <ele>1142</ele>
        <time>2023-06-12T19:09:12Z</time>
      </trkpt>
      <trkpt lat="32.994550000000004" lon="35.416290000000004">
        <ele>1148</ele>
        <time>2023-06-12T19:09:13Z</time>
      </trkpt>
      <trkpt lat="32.99456" lon="35.41608">
        <ele>1148</ele>
        <time>2023-06-12T19:09:14Z</time>
      </trkpt>
      <trkpt lat="32.994530000000005" lon="35.41583">
        <ele>1148</ele>
        <time>2023-06-12T19:09:15Z</time>
      </trkpt>
      <trkpt lat="32.994440000000004" lon="35.41564">
        <ele>1148</ele>
        <time>2023-06-12T19:09:16Z</time>
      </trkpt>
      <trkpt lat="32.994440000000004" lon="35.41564">
        <ele>1148</ele>
        <time>2023-06-12T19:09:17Z</time>
      </trkpt>
      <trkpt lat="32.994400000000006" lon="35.41554">
        <ele>1148</ele>
        <time>2023-06-12T19:09:18Z</time>
      </trkpt>
      <trkpt lat="32.99421" lon="35.41528">
        <ele>1142</ele>
        <time>2023-06-12T19:09:19Z</time>
      </trkpt>
      <trkpt lat="32.99414" lon="35.41521">
        <ele>1126</ele>
        <time>2023-06-12T19:09:20Z</time>
      </trkpt>
      <trkpt lat="32.99414" lon="35.41521">
        <ele>1123.0572388762428</ele>
        <time>2023-06-12T19:09:21Z</time>
      </trkpt>
      <trkpt lat="32.994060000000005" lon="35.41516">
        <ele>1126</ele>
        <time>2023-06-12T19:09:22Z</time>
      </trkpt>
      <trkpt lat="32.99401" lon="35.41507">
        <ele>1126</ele>
        <time>2023-06-12T19:09:23Z</time>
      </trkpt>
      <trkpt lat="32.993770000000005" lon="35.41485">
        <ele>1126</ele>
        <time>2023-06-12T19:09:24Z</time>
      </trkpt>
      <trkpt lat="32.99372" lon="35.414770000000004">
        <ele>1126</ele>
        <time>2023-06-12T19:09:25Z</time>
      </trkpt>
      <trkpt lat="32.993590000000005" lon="35.41443">
        <ele>1117</ele>
        <time>2023-06-12T19:09:26Z</time>
      </trkpt>
      <trkpt lat="32.993500000000004" lon="35.414350000000006">
        <ele>1117</ele>
        <time>2023-06-12T19:09:27Z</time>
      </trkpt>
      <trkpt lat="32.993460000000006" lon="35.41425">
        <ele>1117</ele>
        <time>2023-06-12T19:09:28Z</time>
      </trkpt>
      <trkpt lat="32.99349" lon="35.41413">
        <ele>1117</ele>
        <time>2023-06-12T19:09:29Z</time>
      </trkpt>
      <trkpt lat="32.993460000000006" lon="35.414">
        <ele>1117</ele>
        <time>2023-06-12T19:09:30Z</time>
      </trkpt>
      <trkpt lat="32.993460000000006" lon="35.414">
        <ele>1107.2948579873764</ele>
        <time>2023-06-12T19:09:31Z</time>
      </trkpt>
      <trkpt lat="32.993390000000005" lon="35.413920000000005">
        <ele>1117</ele>
        <time>2023-06-12T19:09:32Z</time>
      </trkpt>
      <trkpt lat="32.993300000000005" lon="35.413650000000004">
        <ele>1101</ele>
        <time>2023-06-12T19:09:33Z</time>
      </trkpt>
      <trkpt lat="32.99315" lon="35.41335">
        <ele>1101</ele>
        <time>2023-06-12T19:09:34Z</time>
      </trkpt>
      <trkpt lat="32.99309" lon="35.41328">
        <ele>1101</ele>
        <time>2023-06-12T19:09:35Z</time>
      </trkpt>
      <trkpt lat="32.992990000000006" lon="35.41328">
        <ele>1101</ele>
        <time>2023-06-12T19:09:36Z</time>
      </trkpt>
      <trkpt lat="32.992900000000006" lon="35.413340000000005">
        <ele>1101</ele>
        <time>2023-06-12T19:09:37Z</time>
      </trkpt>
      <trkpt lat="32.99269" lon="35.413410000000006">
        <ele>1101</ele>
        <time>2023-06-12T19:09:38Z</time>
      </trkpt>
      <trkpt lat="32.99262" lon="35.41329">
        <ele>1101</ele>
        <time>2023-06-12T19:09:39Z</time>
      </trkpt>
      <trkpt lat="32.99246" lon="35.41299">
        <ele>1104</ele>
        <time>2023-06-12T19:09:40Z</time>
      </trkpt>
      <trkpt lat="32.99246" lon="35.41299">
        <ele>1092.2825387432047</ele>
        <time>2023-06-12T19:09:41Z</time>
      </trkpt>
      <trkpt lat="32.99242" lon="35.41288">
        <ele>1089</ele>
        <time>2023-06-12T19:09:42Z</time>
      </trkpt>
      <trkpt lat="32.99233" lon="35.41241">
        <ele>1089</ele>
        <time>2023-06-12T19:09:43Z</time>
      </trkpt>
      <trkpt lat="32.99232" lon="35.4123">
        <ele>1089</ele>
        <time>2023-06-12T19:09:44Z</time>
      </trkpt>
      <trkpt lat="32.992270000000005" lon="35.41192">
        <ele>1085</ele>
        <time>2023-06-12T19:09:45Z</time>
      </trkpt>
      <trkpt lat="32.99221" lon="35.41181">
        <ele>1085</ele>
        <time>2023-06-12T19:09:46Z</time>
      </trkpt>
      <trkpt lat="32.992140000000006" lon="35.411730000000006">
        <ele>1085</ele>
        <time>2023-06-12T19:09:47Z</time>
      </trkpt>
      <trkpt lat="32.99203" lon="35.41152">
        <ele>1085</ele>
        <time>2023-06-12T19:09:48Z</time>
      </trkpt>
      <trkpt lat="32.99194" lon="35.41131">
        <ele>1072</ele>
        <time>2023-06-12T19:09:49Z</time>
      </trkpt>
      <trkpt lat="32.99184" lon="35.41111">
        <ele>1072</ele>
        <time>2023-06-12T19:09:50Z</time>
      </trkpt>
      <trkpt lat="32.99184" lon="35.41111">
        <ele>1092.5943995348644</ele>
        <time>2023-06-12T19:09:51Z</time>
      </trkpt>
      <trkpt lat="32.99177" lon="35.410880000000006">
        <ele>1072</ele>
        <time>2023-06-12T19:09:52Z</time>
      </trkpt>
      <trkpt lat="32.99165" lon="35.410680000000006">
        <ele>1094</ele>
        <time>2023-06-12T19:09:53Z</time>
      </trkpt>
      <trkpt lat="32.99129" lon="35.410210000000006">
        <ele>1081</ele>
        <time>2023-06-12T19:09:54Z</time>
      </trkpt>
      <trkpt lat="32.991240000000005" lon="35.41011">
        <ele>1081</ele>
        <time>2023-06-12T19:09:55Z</time>
      </trkpt>
      <trkpt lat="32.99116" lon="35.410050000000005">
        <ele>1081</ele>
        <time>2023-06-12T19:09:56Z</time>
      </trkpt>
      <trkpt lat="32.991080000000004" lon="35.40982">
        <ele>1081</ele>
        <time>2023-06-12T19:09:57Z</time>
      </trkpt>
      <trkpt lat="32.99101" lon="35.409740000000006">
        <ele>1072</ele>
        <time>2023-06-12T19:09:58Z</time>
      </trkpt>
      <trkpt lat="32.99101" lon="35.409740000000006">
        <ele>1072</ele>
        <time>2023-06-12T19:09:59Z</time>
      </trkpt>
      <trkpt lat="32.990880000000004" lon="35.40941">
        <ele>1063</ele>
        <time>2023-06-12T19:10:00Z</time>
      </trkpt>
      <trkpt lat="32.990880000000004" lon="35.40941">
        <ele>1080.7201835341402</ele>
        <time>2023-06-12T19:10:01Z</time>
      </trkpt>
      <trkpt lat="32.990680000000005" lon="35.409150000000004">
        <ele>1082</ele>
        <time>2023-06-12T19:10:02Z</time>
      </trkpt>
      <trkpt lat="32.990500000000004" lon="35.40887">
        <ele>1082</ele>
        <time>2023-06-12T19:10:03Z</time>
      </trkpt>
      <trkpt lat="32.9904" lon="35.408840000000005">
        <ele>1082</ele>
        <time>2023-06-12T19:10:04Z</time>
      </trkpt>
      <trkpt lat="32.99029" lon="35.408860000000004">
        <ele>1082</ele>
        <time>2023-06-12T19:10:05Z</time>
      </trkpt>
      <trkpt lat="32.990280000000006" lon="35.409020000000005">
        <ele>1082</ele>
        <time>2023-06-12T19:10:06Z</time>
      </trkpt>
      <trkpt lat="32.99024" lon="35.40912">
        <ele>1082</ele>
        <time>2023-06-12T19:10:07Z</time>
      </trkpt>
      <trkpt lat="32.990230000000004" lon="35.409240000000004">
        <ele>1082</ele>
        <time>2023-06-12T19:10:08Z</time>
      </trkpt>
      <trkpt lat="32.99029" lon="35.40957">
        <ele>1082</ele>
        <time>2023-06-12T19:10:09Z</time>
      </trkpt>
      <trkpt lat="32.99029" lon="35.409670000000006">
        <ele>1093</ele>
        <time>2023-06-12T19:10:10Z</time>
      </trkpt>
      <trkpt lat="32.99029" lon="35.409670000000006">
        <ele>1092.5569991110824</ele>
        <time>2023-06-12T19:10:11Z</time>
      </trkpt>
      <trkpt lat="32.9904" lon="35.409890000000004">
        <ele>1093</ele>
        <time>2023-06-12T19:10:12Z</time>
      </trkpt>
      <trkpt lat="32.99027" lon="35.409940000000006">
        <ele>1093</ele>
        <time>2023-06-12T19:10:13Z</time>
      </trkpt>
      <trkpt lat="32.990190000000005" lon="35.410000000000004">
        <ele>1093</ele>
        <time>2023-06-12T19:10:14Z</time>
      </trkpt>
      <trkpt lat="32.990030000000004" lon="35.410140000000006">
        <ele>1093</ele>
        <time>2023-06-12T19:10:15Z</time>
      </trkpt>
      <extensions>
        <RoutingType xmlns="">Hike</RoutingType>
      </extensions>
    </trkseg>
    <trkseg>
      <trkpt lat="32.990030000000004" lon="35.410140000000006">
        <ele>1093</ele>
        <time>2023-06-12T19:10:15Z</time>
      </trkpt>
      <trkpt lat="32.98997" lon="35.41024">
        <ele>1095</ele>
        <time>2023-06-12T19:10:16Z</time>
      </trkpt>
      <trkpt lat="32.98991" lon="35.4103">
        <ele>1095</ele>
        <time>2023-06-12T19:10:17Z</time>
      </trkpt>
      <trkpt lat="32.98986" lon="35.410410000000006">
        <ele>1095</ele>
        <time>2023-06-12T19:10:18Z</time>
      </trkpt>
      <trkpt lat="32.98969" lon="35.41096">
        <ele>1095</ele>
        <time>2023-06-12T19:10:19Z</time>
      </trkpt>
      <trkpt lat="32.989650000000005" lon="35.41107">
        <ele>1095</ele>
        <time>2023-06-12T19:10:20Z</time>
      </trkpt>
      <trkpt lat="32.989650000000005" lon="35.41107">
        <ele>1084.369044754303</ele>
        <time>2023-06-12T19:10:21Z</time>
      </trkpt>
      <trkpt lat="32.989580000000004" lon="35.41114">
        <ele>1095</ele>
        <time>2023-06-12T19:10:22Z</time>
      </trkpt>
      <trkpt lat="32.98933" lon="35.41161">
        <ele>1098</ele>
        <time>2023-06-12T19:10:23Z</time>
      </trkpt>
      <trkpt lat="32.988960000000006" lon="35.411820000000006">
        <ele>1080</ele>
        <time>2023-06-12T19:10:24Z</time>
      </trkpt>
      <trkpt lat="32.9887" lon="35.412020000000005">
        <ele>1080</ele>
        <time>2023-06-12T19:10:25Z</time>
      </trkpt>
      <trkpt lat="32.9885" lon="35.41227">
        <ele>1092</ele>
        <time>2023-06-12T19:10:26Z</time>
      </trkpt>
      <trkpt lat="32.988350000000004" lon="35.412580000000005">
        <ele>1092</ele>
        <time>2023-06-12T19:10:27Z</time>
      </trkpt>
      <trkpt lat="32.98829" lon="35.412670000000006">
        <ele>1072</ele>
        <time>2023-06-12T19:10:28Z</time>
      </trkpt>
      <trkpt lat="32.988020000000006" lon="35.412960000000005">
        <ele>1072</ele>
        <time>2023-06-12T19:10:29Z</time>
      </trkpt>
      <trkpt lat="32.987930000000006" lon="35.413000000000004">
        <ele>1079</ele>
        <time>2023-06-12T19:10:30Z</time>
      </trkpt>
      <trkpt lat="32.987930000000006" lon="35.413000000000004">
        <ele>1062.623490653509</ele>
        <time>2023-06-12T19:10:31Z</time>
      </trkpt>
      <trkpt lat="32.98781" lon="35.413120000000006">
        <ele>1079</ele>
        <time>2023-06-12T19:10:32Z</time>
      </trkpt>
      <trkpt lat="32.987700000000004" lon="35.413320000000006">
        <ele>1079</ele>
        <time>2023-06-12T19:10:33Z</time>
      </trkpt>
      <trkpt lat="32.98754" lon="35.41395">
        <ele>1082</ele>
        <time>2023-06-12T19:10:34Z</time>
      </trkpt>
      <trkpt lat="32.987480000000005" lon="35.41405">
        <ele>1062</ele>
        <time>2023-06-12T19:10:35Z</time>
      </trkpt>
      <trkpt lat="32.98738" lon="35.41405">
        <ele>1062</ele>
        <time>2023-06-12T19:10:36Z</time>
      </trkpt>
      <trkpt lat="32.987190000000005" lon="35.413970000000006">
        <ele>1062</ele>
        <time>2023-06-12T19:10:37Z</time>
      </trkpt>
      <trkpt lat="32.986990000000006" lon="35.41396">
        <ele>1062</ele>
        <time>2023-06-12T19:10:38Z</time>
      </trkpt>
      <trkpt lat="32.986700000000006" lon="35.41409">
        <ele>1062</ele>
        <time>2023-06-12T19:10:39Z</time>
      </trkpt>
      <trkpt lat="32.986580000000004" lon="35.414190000000005">
        <ele>1042</ele>
        <time>2023-06-12T19:10:40Z</time>
      </trkpt>
      <trkpt lat="32.986580000000004" lon="35.414190000000005">
        <ele>1037.4802205276135</ele>
        <time>2023-06-12T19:10:41Z</time>
      </trkpt>
      <trkpt lat="32.98655" lon="35.41427">
        <ele>1042</ele>
        <time>2023-06-12T19:10:42Z</time>
      </trkpt>
      <trkpt lat="32.98651" lon="35.414300000000004">
        <ele>1042</ele>
        <time>2023-06-12T19:10:43Z</time>
      </trkpt>
      <trkpt lat="32.98624" lon="35.414410000000004">
        <ele>1042</ele>
        <time>2023-06-12T19:10:44Z</time>
      </trkpt>
      <trkpt lat="32.985980000000005" lon="35.41454">
        <ele>1042</ele>
        <time>2023-06-12T19:10:45Z</time>
      </trkpt>
      <trkpt lat="32.985870000000006" lon="35.41456">
        <ele>1042</ele>
        <time>2023-06-12T19:10:46Z</time>
      </trkpt>
      <trkpt lat="32.985800000000005" lon="35.41454">
        <ele>1031</ele>
        <time>2023-06-12T19:10:47Z</time>
      </trkpt>
      <trkpt lat="32.98545" lon="35.41481">
        <ele>1031</ele>
        <time>2023-06-12T19:10:48Z</time>
      </trkpt>
      <trkpt lat="32.98516" lon="35.414910000000006">
        <ele>1031</ele>
        <time>2023-06-12T19:10:49Z</time>
      </trkpt>
      <trkpt lat="32.984970000000004" lon="35.414930000000005">
        <ele>1025</ele>
        <time>2023-06-12T19:10:50Z</time>
      </trkpt>
      <trkpt lat="32.984970000000004" lon="35.414930000000005">
        <ele>1021.2864226307694</ele>
        <time>2023-06-12T19:10:51Z</time>
      </trkpt>
      <trkpt lat="32.98478" lon="35.415000000000006">
        <ele>1025</ele>
        <time>2023-06-12T19:10:52Z</time>
      </trkpt>
      <trkpt lat="32.98461" lon="35.415110000000006">
        <ele>1025</ele>
        <time>2023-06-12T19:10:53Z</time>
      </trkpt>
      <trkpt lat="32.98438" lon="35.415310000000005">
        <ele>1025</ele>
        <time>2023-06-12T19:10:54Z</time>
      </trkpt>
      <trkpt lat="32.984210000000004" lon="35.41541">
        <ele>1025</ele>
        <time>2023-06-12T19:10:55Z</time>
      </trkpt>
      <trkpt lat="32.984120000000004" lon="35.41543">
        <ele>1026</ele>
        <time>2023-06-12T19:10:56Z</time>
      </trkpt>
      <trkpt lat="32.98406" lon="35.415350000000004">
        <ele>1026</ele>
        <time>2023-06-12T19:10:57Z</time>
      </trkpt>
      <trkpt lat="32.98402" lon="35.415240000000004">
        <ele>1026</ele>
        <time>2023-06-12T19:10:58Z</time>
      </trkpt>
      <trkpt lat="32.98396" lon="35.41518">
        <ele>1026</ele>
        <time>2023-06-12T19:10:59Z</time>
      </trkpt>
      <trkpt lat="32.98378" lon="35.41512">
        <ele>1026</ele>
        <time>2023-06-12T19:11:00Z</time>
      </trkpt>
      <trkpt lat="32.98378" lon="35.41512">
        <ele>1021.2221847125911</ele>
        <time>2023-06-12T19:11:01Z</time>
      </trkpt>
      <trkpt lat="32.98362" lon="35.41499">
        <ele>1026</ele>
        <time>2023-06-12T19:11:02Z</time>
      </trkpt>
      <trkpt lat="32.98315" lon="35.41481">
        <ele>1019</ele>
        <time>2023-06-12T19:11:03Z</time>
      </trkpt>
      <trkpt lat="32.983050000000006" lon="35.41483">
        <ele>1019</ele>
        <time>2023-06-12T19:11:04Z</time>
      </trkpt>
      <trkpt lat="32.9825" lon="35.414820000000006">
        <ele>1008</ele>
        <time>2023-06-12T19:11:05Z</time>
      </trkpt>
      <trkpt lat="32.981930000000006" lon="35.41487">
        <ele>1008</ele>
        <time>2023-06-12T19:11:06Z</time>
      </trkpt>
      <trkpt lat="32.98172" lon="35.41487">
        <ele>1008</ele>
        <time>2023-06-12T19:11:07Z</time>
      </trkpt>
      <trkpt lat="32.98152" lon="35.414910000000006">
        <ele>994</ele>
        <time>2023-06-12T19:11:08Z</time>
      </trkpt>
      <trkpt lat="32.98124" lon="35.414880000000004">
        <ele>994</ele>
        <time>2023-06-12T19:11:09Z</time>
      </trkpt>
      <trkpt lat="32.98114" lon="35.4149">
        <ele>994</ele>
        <time>2023-06-12T19:11:10Z</time>
      </trkpt>
      <trkpt lat="32.98114" lon="35.4149">
        <ele>985.4207470584964</ele>
        <time>2023-06-12T19:11:11Z</time>
      </trkpt>
      <trkpt lat="32.98098" lon="35.415000000000006">
        <ele>994</ele>
        <time>2023-06-12T19:11:12Z</time>
      </trkpt>
      <trkpt lat="32.98089" lon="35.415020000000005">
        <ele>994</ele>
        <time>2023-06-12T19:11:13Z</time>
      </trkpt>
      <trkpt lat="32.980700000000006" lon="35.414970000000004">
        <ele>982</ele>
        <time>2023-06-12T19:11:14Z</time>
      </trkpt>
      <trkpt lat="32.9806" lon="35.414970000000004">
        <ele>982</ele>
        <time>2023-06-12T19:11:15Z</time>
      </trkpt>
      <trkpt lat="32.980320000000006" lon="35.41498">
        <ele>982</ele>
        <time>2023-06-12T19:11:16Z</time>
      </trkpt>
      <trkpt lat="32.979940000000006" lon="35.41494">
        <ele>976</ele>
        <time>2023-06-12T19:11:17Z</time>
      </trkpt>
      <trkpt lat="32.979420000000005" lon="35.414440000000006">
        <ele>970</ele>
        <time>2023-06-12T19:11:18Z</time>
      </trkpt>
      <trkpt lat="32.97928" lon="35.414280000000005">
        <ele>970</ele>
        <time>2023-06-12T19:11:19Z</time>
      </trkpt>
      <trkpt lat="32.97919" lon="35.414210000000004">
        <ele>970</ele>
        <time>2023-06-12T19:11:20Z</time>
      </trkpt>
      <trkpt lat="32.97919" lon="35.414210000000004">
        <ele>969.9601736862218</ele>
        <time>2023-06-12T19:11:21Z</time>
      </trkpt>
      <trkpt lat="32.97901" lon="35.414190000000005">
        <ele>971</ele>
        <time>2023-06-12T19:11:22Z</time>
      </trkpt>
      <trkpt lat="32.97901" lon="35.414190000000005">
        <ele>971</ele>
        <time>2023-06-12T19:11:23Z</time>
      </trkpt>
      <trkpt lat="32.97883" lon="35.41407">
        <ele>972</ele>
        <time>2023-06-12T19:11:24Z</time>
      </trkpt>
      <trkpt lat="32.978750000000005" lon="35.414030000000004">
        <ele>972</ele>
        <time>2023-06-12T19:11:25Z</time>
      </trkpt>
      <trkpt lat="32.97865" lon="35.41402">
        <ele>972</ele>
        <time>2023-06-12T19:11:26Z</time>
      </trkpt>
      <trkpt lat="32.978570000000005" lon="35.414060000000006">
        <ele>972</ele>
        <time>2023-06-12T19:11:27Z</time>
      </trkpt>
      <trkpt lat="32.978320000000004" lon="35.41427">
        <ele>980</ele>
        <time>2023-06-12T19:11:28Z</time>
      </trkpt>
      <trkpt lat="32.97836" lon="35.41474">
        <ele>970</ele>
        <time>2023-06-12T19:11:29Z</time>
      </trkpt>
      <trkpt lat="32.978350000000006" lon="35.41516">
        <ele>970</ele>
        <time>2023-06-12T19:11:30Z</time>
      </trkpt>
      <trkpt lat="32.978350000000006" lon="35.41516">
        <ele>973.1979672016314</ele>
        <time>2023-06-12T19:11:31Z</time>
      </trkpt>
      <trkpt lat="32.97838" lon="35.415510000000005">
        <ele>970</ele>
        <time>2023-06-12T19:11:32Z</time>
      </trkpt>
      <trkpt lat="32.97833" lon="35.41621">
        <ele>971</ele>
        <time>2023-06-12T19:11:33Z</time>
      </trkpt>
      <trkpt lat="32.97825" lon="35.416410000000006">
        <ele>968</ele>
        <time>2023-06-12T19:11:34Z</time>
      </trkpt>
      <trkpt lat="32.978080000000006" lon="35.41667">
        <ele>968</ele>
        <time>2023-06-12T19:11:35Z</time>
      </trkpt>
      <trkpt lat="32.97789" lon="35.417080000000006">
        <ele>968</ele>
        <time>2023-06-12T19:11:36Z</time>
      </trkpt>
      <trkpt lat="32.977650000000004" lon="35.418290000000006">
        <ele>965</ele>
        <time>2023-06-12T19:11:37Z</time>
      </trkpt>
      <trkpt lat="32.977650000000004" lon="35.41856">
        <ele>965</ele>
        <time>2023-06-12T19:11:38Z</time>
      </trkpt>
      <trkpt lat="32.977740000000004" lon="35.41864">
        <ele>965</ele>
        <time>2023-06-12T19:11:39Z</time>
      </trkpt>
      <trkpt lat="32.977970000000006" lon="35.41872">
        <ele>965</ele>
        <time>2023-06-12T19:11:40Z</time>
      </trkpt>
      <trkpt lat="32.977970000000006" lon="35.41872">
        <ele>964.0907366374158</ele>
        <time>2023-06-12T19:11:41Z</time>
      </trkpt>
      <trkpt lat="32.977850000000004" lon="35.419830000000005">
        <ele>958</ele>
        <time>2023-06-12T19:11:42Z</time>
      </trkpt>
      <trkpt lat="32.97759" lon="35.42034">
        <ele>958</ele>
        <time>2023-06-12T19:11:43Z</time>
      </trkpt>
      <trkpt lat="32.97766" lon="35.420390000000005">
        <ele>958</ele>
        <time>2023-06-12T19:11:44Z</time>
      </trkpt>
      <trkpt lat="32.97767" lon="35.420500000000004">
        <ele>951</ele>
        <time>2023-06-12T19:11:45Z</time>
      </trkpt>
      <trkpt lat="32.977720000000005" lon="35.420590000000004">
        <ele>951</ele>
        <time>2023-06-12T19:11:46Z</time>
      </trkpt>
      <trkpt lat="32.977810000000005" lon="35.42067">
        <ele>951</ele>
        <time>2023-06-12T19:11:47Z</time>
      </trkpt>
      <extensions>
        <RoutingType xmlns="">Hike</RoutingType>
      </extensions>
    </trkseg>
    <trkseg>
      <trkpt lat="32.977810000000005" lon="35.42067">
        <ele>951</ele>
        <time>2023-06-12T19:11:47Z</time>
      </trkpt>
      <trkpt lat="32.97795" lon="35.420970000000004">
        <ele>951</ele>
        <time>2023-06-12T19:11:48Z</time>
      </trkpt>
      <trkpt lat="32.97814" lon="35.42123">
        <ele>951</ele>
        <time>2023-06-12T19:11:49Z</time>
      </trkpt>
      <trkpt lat="32.978210000000004" lon="35.421290000000006">
        <ele>951</ele>
        <time>2023-06-12T19:11:50Z</time>
      </trkpt>
      <trkpt lat="32.978210000000004" lon="35.421290000000006">
        <ele>947.61794648654</ele>
        <time>2023-06-12T19:11:51Z</time>
      </trkpt>
      <trkpt lat="32.97827" lon="35.42136">
        <ele>948</ele>
        <time>2023-06-12T19:11:52Z</time>
      </trkpt>
      <trkpt lat="32.97831" lon="35.42147">
        <ele>948</ele>
        <time>2023-06-12T19:11:53Z</time>
      </trkpt>
      <trkpt lat="32.97834" lon="35.421690000000005">
        <ele>948</ele>
        <time>2023-06-12T19:11:54Z</time>
      </trkpt>
      <trkpt lat="32.97833" lon="35.42202">
        <ele>948</ele>
        <time>2023-06-12T19:11:55Z</time>
      </trkpt>
      <trkpt lat="32.978350000000006" lon="35.422250000000005">
        <ele>955</ele>
        <time>2023-06-12T19:11:56Z</time>
      </trkpt>
      <trkpt lat="32.97834" lon="35.422470000000004">
        <ele>944</ele>
        <time>2023-06-12T19:11:57Z</time>
      </trkpt>
      <trkpt lat="32.978300000000004" lon="35.42257">
        <ele>944</ele>
        <time>2023-06-12T19:11:58Z</time>
      </trkpt>
      <trkpt lat="32.97824" lon="35.422650000000004">
        <ele>944</ele>
        <time>2023-06-12T19:11:59Z</time>
      </trkpt>
      <trkpt lat="32.97806" lon="35.42277">
        <ele>944</ele>
        <time>2023-06-12T19:12:00Z</time>
      </trkpt>
      <trkpt lat="32.97806" lon="35.42277">
        <ele>935.489482723332</ele>
        <time>2023-06-12T19:12:01Z</time>
      </trkpt>
      <trkpt lat="32.977990000000005" lon="35.42286">
        <ele>944</ele>
        <time>2023-06-12T19:12:02Z</time>
      </trkpt>
      <trkpt lat="32.977970000000006" lon="35.42295">
        <ele>944</ele>
        <time>2023-06-12T19:12:03Z</time>
      </trkpt>
      <trkpt lat="32.977900000000005" lon="35.423030000000004">
        <ele>945</ele>
        <time>2023-06-12T19:12:04Z</time>
      </trkpt>
      <trkpt lat="32.977410000000006" lon="35.42316">
        <ele>936</ele>
        <time>2023-06-12T19:12:05Z</time>
      </trkpt>
      <trkpt lat="32.97735" lon="35.423260000000006">
        <ele>936</ele>
        <time>2023-06-12T19:12:06Z</time>
      </trkpt>
      <trkpt lat="32.977340000000005" lon="35.42336">
        <ele>936</ele>
        <time>2023-06-12T19:12:07Z</time>
      </trkpt>
      <trkpt lat="32.977250000000005" lon="35.423590000000004">
        <ele>936</ele>
        <time>2023-06-12T19:12:08Z</time>
      </trkpt>
      <trkpt lat="32.977070000000005" lon="35.423880000000004">
        <ele>935</ele>
        <time>2023-06-12T19:12:09Z</time>
      </trkpt>
      <trkpt lat="32.976980000000005" lon="35.42392">
        <ele>935</ele>
        <time>2023-06-12T19:12:10Z</time>
      </trkpt>
      <trkpt lat="32.976980000000005" lon="35.42392">
        <ele>935.3733180093428</ele>
        <time>2023-06-12T19:12:11Z</time>
      </trkpt>
      <trkpt lat="32.9769" lon="35.42401">
        <ele>935</ele>
        <time>2023-06-12T19:12:12Z</time>
      </trkpt>
      <trkpt lat="32.97673" lon="35.424290000000006">
        <ele>935</ele>
        <time>2023-06-12T19:12:13Z</time>
      </trkpt>
      <trkpt lat="32.97666" lon="35.42437">
        <ele>941</ele>
        <time>2023-06-12T19:12:14Z</time>
      </trkpt>
      <trkpt lat="32.97634" lon="35.42465">
        <ele>928</ele>
        <time>2023-06-12T19:12:15Z</time>
      </trkpt>
      <trkpt lat="32.9761" lon="35.42504">
        <ele>928</ele>
        <time>2023-06-12T19:12:16Z</time>
      </trkpt>
      <trkpt lat="32.97601" lon="35.42512">
        <ele>928</ele>
        <time>2023-06-12T19:12:17Z</time>
      </trkpt>
      <trkpt lat="32.97581" lon="35.4254">
        <ele>941</ele>
        <time>2023-06-12T19:12:18Z</time>
      </trkpt>
      <trkpt lat="32.97578" lon="35.4255">
        <ele>936</ele>
        <time>2023-06-12T19:12:19Z</time>
      </trkpt>
      <trkpt lat="32.97578" lon="35.425610000000006">
        <ele>936</ele>
        <time>2023-06-12T19:12:20Z</time>
      </trkpt>
      <trkpt lat="32.97578" lon="35.425610000000006">
        <ele>932.8445875822217</ele>
        <time>2023-06-12T19:12:21Z</time>
      </trkpt>
      <trkpt lat="32.97583" lon="35.425700000000006">
        <ele>936</ele>
        <time>2023-06-12T19:12:22Z</time>
      </trkpt>
      <trkpt lat="32.97589" lon="35.426030000000004">
        <ele>918</ele>
        <time>2023-06-12T19:12:23Z</time>
      </trkpt>
      <trkpt lat="32.97592" lon="35.426140000000004">
        <ele>918</ele>
        <time>2023-06-12T19:12:24Z</time>
      </trkpt>
      <trkpt lat="32.975910000000006" lon="35.426370000000006">
        <ele>911</ele>
        <time>2023-06-12T19:12:25Z</time>
      </trkpt>
      <trkpt lat="32.975950000000005" lon="35.426480000000005">
        <ele>911</ele>
        <time>2023-06-12T19:12:26Z</time>
      </trkpt>
      <trkpt lat="32.97592" lon="35.426590000000004">
        <ele>911</ele>
        <time>2023-06-12T19:12:27Z</time>
      </trkpt>
      <trkpt lat="32.975930000000005" lon="35.42671">
        <ele>911</ele>
        <time>2023-06-12T19:12:28Z</time>
      </trkpt>
      <trkpt lat="32.975910000000006" lon="35.426820000000006">
        <ele>911</ele>
        <time>2023-06-12T19:12:29Z</time>
      </trkpt>
      <trkpt lat="32.975840000000005" lon="35.42703">
        <ele>937</ele>
        <time>2023-06-12T19:12:30Z</time>
      </trkpt>
      <trkpt lat="32.975840000000005" lon="35.42703">
        <ele>930.5885269417195</ele>
        <time>2023-06-12T19:12:31Z</time>
      </trkpt>
      <trkpt lat="32.975770000000004" lon="35.4275">
        <ele>929</ele>
        <time>2023-06-12T19:12:32Z</time>
      </trkpt>
      <trkpt lat="32.975660000000005" lon="35.42777">
        <ele>922</ele>
        <time>2023-06-12T19:12:33Z</time>
      </trkpt>
      <trkpt lat="32.975660000000005" lon="35.42777">
        <ele>922</ele>
        <time>2023-06-12T19:12:34Z</time>
      </trkpt>
      <trkpt lat="32.975480000000005" lon="35.428180000000005">
        <ele>915</ele>
        <time>2023-06-12T19:12:35Z</time>
      </trkpt>
      <trkpt lat="32.97543" lon="35.4284">
        <ele>915</ele>
        <time>2023-06-12T19:12:36Z</time>
      </trkpt>
      <trkpt lat="32.975350000000006" lon="35.428560000000004">
        <ele>915</ele>
        <time>2023-06-12T19:12:37Z</time>
      </trkpt>
      <trkpt lat="32.975260000000006" lon="35.42878">
        <ele>915</ele>
        <time>2023-06-12T19:12:38Z</time>
      </trkpt>
      <trkpt lat="32.97509" lon="35.42916">
        <ele>904</ele>
        <time>2023-06-12T19:12:39Z</time>
      </trkpt>
      <trkpt lat="32.975030000000004" lon="35.42924">
        <ele>904</ele>
        <time>2023-06-12T19:12:40Z</time>
      </trkpt>
      <trkpt lat="32.975030000000004" lon="35.42924">
        <ele>916.288305887836</ele>
        <time>2023-06-12T19:12:41Z</time>
      </trkpt>
      <trkpt lat="32.974810000000005" lon="35.42976">
        <ele>907</ele>
        <time>2023-06-12T19:12:42Z</time>
      </trkpt>
      <trkpt lat="32.974740000000004" lon="35.42985">
        <ele>907</ele>
        <time>2023-06-12T19:12:43Z</time>
      </trkpt>
      <trkpt lat="32.974700000000006" lon="35.42996">
        <ele>907</ele>
        <time>2023-06-12T19:12:44Z</time>
      </trkpt>
      <trkpt lat="32.974630000000005" lon="35.430040000000005">
        <ele>907</ele>
        <time>2023-06-12T19:12:45Z</time>
      </trkpt>
      <trkpt lat="32.974540000000005" lon="35.430080000000004">
        <ele>907</ele>
        <time>2023-06-12T19:12:46Z</time>
      </trkpt>
      <trkpt lat="32.974340000000005" lon="35.43005">
        <ele>907</ele>
        <time>2023-06-12T19:12:47Z</time>
      </trkpt>
      <trkpt lat="32.974250000000005" lon="35.4301">
        <ele>907</ele>
        <time>2023-06-12T19:12:48Z</time>
      </trkpt>
      <trkpt lat="32.974180000000004" lon="35.43018">
        <ele>913</ele>
        <time>2023-06-12T19:12:49Z</time>
      </trkpt>
      <trkpt lat="32.9741" lon="35.430240000000005">
        <ele>913</ele>
        <time>2023-06-12T19:12:50Z</time>
      </trkpt>
      <trkpt lat="32.9741" lon="35.430240000000005">
        <ele>904.6808052132837</ele>
        <time>2023-06-12T19:12:51Z</time>
      </trkpt>
      <trkpt lat="32.973910000000004" lon="35.4305">
        <ele>891</ele>
        <time>2023-06-12T19:12:52Z</time>
      </trkpt>
      <trkpt lat="32.97372" lon="35.430580000000006">
        <ele>891</ele>
        <time>2023-06-12T19:12:53Z</time>
      </trkpt>
      <trkpt lat="32.973420000000004" lon="35.430640000000004">
        <ele>891</ele>
        <time>2023-06-12T19:12:54Z</time>
      </trkpt>
      <trkpt lat="32.973330000000004" lon="35.430690000000006">
        <ele>902</ele>
        <time>2023-06-12T19:12:55Z</time>
      </trkpt>
      <trkpt lat="32.97326" lon="35.430780000000006">
        <ele>902</ele>
        <time>2023-06-12T19:12:56Z</time>
      </trkpt>
      <trkpt lat="32.973130000000005" lon="35.43108">
        <ele>902</ele>
        <time>2023-06-12T19:12:57Z</time>
      </trkpt>
      <trkpt lat="32.97307" lon="35.43128">
        <ele>902</ele>
        <time>2023-06-12T19:12:58Z</time>
      </trkpt>
      <trkpt lat="32.973060000000004" lon="35.43139">
        <ele>887</ele>
        <time>2023-06-12T19:12:59Z</time>
      </trkpt>
      <trkpt lat="32.97303" lon="35.431490000000004">
        <ele>887</ele>
        <time>2023-06-12T19:13:00Z</time>
      </trkpt>
      <trkpt lat="32.97303" lon="35.431490000000004">
        <ele>895.9200814657379</ele>
        <time>2023-06-12T19:13:01Z</time>
      </trkpt>
      <trkpt lat="32.97303" lon="35.431720000000006">
        <ele>887</ele>
        <time>2023-06-12T19:13:02Z</time>
      </trkpt>
      <trkpt lat="32.97298" lon="35.43195">
        <ele>887</ele>
        <time>2023-06-12T19:13:03Z</time>
      </trkpt>
      <trkpt lat="32.97298" lon="35.43206">
        <ele>887</ele>
        <time>2023-06-12T19:13:04Z</time>
      </trkpt>
      <trkpt lat="32.972910000000006" lon="35.432280000000006">
        <ele>876</ele>
        <time>2023-06-12T19:13:05Z</time>
      </trkpt>
      <trkpt lat="32.9729" lon="35.432390000000005">
        <ele>876</ele>
        <time>2023-06-12T19:13:06Z</time>
      </trkpt>
      <trkpt lat="32.97294" lon="35.432610000000004">
        <ele>876</ele>
        <time>2023-06-12T19:13:07Z</time>
      </trkpt>
      <trkpt lat="32.97299" lon="35.432700000000004">
        <ele>876</ele>
        <time>2023-06-12T19:13:08Z</time>
      </trkpt>
      <trkpt lat="32.973060000000004" lon="35.43276">
        <ele>876</ele>
        <time>2023-06-12T19:13:09Z</time>
      </trkpt>
      <trkpt lat="32.973060000000004" lon="35.43285">
        <ele>876</ele>
        <time>2023-06-12T19:13:10Z</time>
      </trkpt>
      <trkpt lat="32.973060000000004" lon="35.43285">
        <ele>876.1815363488583</ele>
        <time>2023-06-12T19:13:11Z</time>
      </trkpt>
      <trkpt lat="32.9731" lon="35.43294">
        <ele>876</ele>
        <time>2023-06-12T19:13:12Z</time>
      </trkpt>
      <trkpt lat="32.97319" lon="35.4331">
        <ele>868</ele>
        <time>2023-06-12T19:13:13Z</time>
      </trkpt>
      <trkpt lat="32.97327" lon="35.43318">
        <ele>868</ele>
        <time>2023-06-12T19:13:14Z</time>
      </trkpt>
      <trkpt lat="32.97337" lon="35.43343">
        <ele>839</ele>
        <time>2023-06-12T19:13:15Z</time>
      </trkpt>
      <trkpt lat="32.97343" lon="35.43352">
        <ele>839</ele>
        <time>2023-06-12T19:13:16Z</time>
      </trkpt>
      <trkpt lat="32.97341" lon="35.433710000000005">
        <ele>839</ele>
        <time>2023-06-12T19:13:17Z</time>
      </trkpt>
      <trkpt lat="32.97343" lon="35.433820000000004">
        <ele>833</ele>
        <time>2023-06-12T19:13:18Z</time>
      </trkpt>
      <trkpt lat="32.97352" lon="35.434020000000004">
        <ele>833</ele>
        <time>2023-06-12T19:13:19Z</time>
      </trkpt>
      <extensions>
        <RoutingType xmlns="">Hike</RoutingType>
      </extensions>
    </trkseg>
    <trkseg>
      <trkpt lat="32.97352" lon="35.434020000000004">
        <ele>833</ele>
        <time>2023-06-12T19:13:19Z</time>
      </trkpt>
      <trkpt lat="32.973600000000005" lon="35.43408">
        <ele>833</ele>
        <time>2023-06-12T19:13:20Z</time>
      </trkpt>
      <trkpt lat="32.973600000000005" lon="35.43408">
        <ele>850.1693250462587</ele>
        <time>2023-06-12T19:13:21Z</time>
      </trkpt>
      <trkpt lat="32.97377" lon="35.43444">
        <ele>833</ele>
        <time>2023-06-12T19:13:22Z</time>
      </trkpt>
      <trkpt lat="32.97379" lon="35.43455">
        <ele>833</ele>
        <time>2023-06-12T19:13:23Z</time>
      </trkpt>
      <trkpt lat="32.973940000000006" lon="35.43479">
        <ele>828</ele>
        <time>2023-06-12T19:13:24Z</time>
      </trkpt>
      <trkpt lat="32.974030000000006" lon="35.434990000000006">
        <ele>828</ele>
        <time>2023-06-12T19:13:25Z</time>
      </trkpt>
      <trkpt lat="32.97408" lon="35.435080000000006">
        <ele>828</ele>
        <time>2023-06-12T19:13:26Z</time>
      </trkpt>
      <trkpt lat="32.97411" lon="35.4352">
        <ele>828</ele>
        <time>2023-06-12T19:13:27Z</time>
      </trkpt>
      <trkpt lat="32.97419" lon="35.43527">
        <ele>795</ele>
        <time>2023-06-12T19:13:28Z</time>
      </trkpt>
      <trkpt lat="32.97424" lon="35.43536">
        <ele>795</ele>
        <time>2023-06-12T19:13:29Z</time>
      </trkpt>
      <trkpt lat="32.974250000000005" lon="35.435460000000006">
        <ele>793</ele>
        <time>2023-06-12T19:13:30Z</time>
      </trkpt>
      <trkpt lat="32.974250000000005" lon="35.435460000000006">
        <ele>816.4789315501694</ele>
        <time>2023-06-12T19:13:31Z</time>
      </trkpt>
      <trkpt lat="32.974250000000005" lon="35.435460000000006">
        <ele>793</ele>
        <time>2023-06-12T19:13:32Z</time>
      </trkpt>
      <trkpt lat="32.97426" lon="35.43556">
        <ele>791</ele>
        <time>2023-06-12T19:13:33Z</time>
      </trkpt>
      <trkpt lat="32.974320000000006" lon="35.435610000000004">
        <ele>791</ele>
        <time>2023-06-12T19:13:34Z</time>
      </trkpt>
      <trkpt lat="32.97437" lon="35.43572">
        <ele>791</ele>
        <time>2023-06-12T19:13:35Z</time>
      </trkpt>
      <trkpt lat="32.974450000000004" lon="35.43578">
        <ele>791</ele>
        <time>2023-06-12T19:13:36Z</time>
      </trkpt>
      <trkpt lat="32.97451" lon="35.435860000000005">
        <ele>791</ele>
        <time>2023-06-12T19:13:37Z</time>
      </trkpt>
      <trkpt lat="32.9746" lon="35.43605">
        <ele>791</ele>
        <time>2023-06-12T19:13:38Z</time>
      </trkpt>
      <trkpt lat="32.97467" lon="35.43614">
        <ele>791</ele>
        <time>2023-06-12T19:13:39Z</time>
      </trkpt>
      <trkpt lat="32.97485" lon="35.43625">
        <ele>791</ele>
        <time>2023-06-12T19:13:40Z</time>
      </trkpt>
      <trkpt lat="32.97485" lon="35.43625">
        <ele>792.0852693947191</ele>
        <time>2023-06-12T19:13:41Z</time>
      </trkpt>
      <trkpt lat="32.974900000000005" lon="35.43647">
        <ele>782</ele>
        <time>2023-06-12T19:13:42Z</time>
      </trkpt>
      <trkpt lat="32.974940000000004" lon="35.4367">
        <ele>782</ele>
        <time>2023-06-12T19:13:43Z</time>
      </trkpt>
      <trkpt lat="32.974990000000005" lon="35.43679">
        <ele>782</ele>
        <time>2023-06-12T19:13:44Z</time>
      </trkpt>
      <trkpt lat="32.975080000000005" lon="35.436800000000005">
        <ele>756</ele>
        <time>2023-06-12T19:13:45Z</time>
      </trkpt>
      <trkpt lat="32.975170000000006" lon="35.43686">
        <ele>756</ele>
        <time>2023-06-12T19:13:46Z</time>
      </trkpt>
      <trkpt lat="32.97525" lon="35.43715">
        <ele>756</ele>
        <time>2023-06-12T19:13:47Z</time>
      </trkpt>
      <trkpt lat="32.975300000000004" lon="35.437250000000006">
        <ele>756</ele>
        <time>2023-06-12T19:13:48Z</time>
      </trkpt>
      <trkpt lat="32.97542" lon="35.43744">
        <ele>756</ele>
        <time>2023-06-12T19:13:49Z</time>
      </trkpt>
      <trkpt lat="32.97547" lon="35.437540000000006">
        <ele>756</ele>
        <time>2023-06-12T19:13:50Z</time>
      </trkpt>
      <trkpt lat="32.97547" lon="35.437540000000006">
        <ele>766.0802102177761</ele>
        <time>2023-06-12T19:13:51Z</time>
      </trkpt>
      <trkpt lat="32.975550000000005" lon="35.4376">
        <ele>756</ele>
        <time>2023-06-12T19:13:52Z</time>
      </trkpt>
      <trkpt lat="32.975590000000004" lon="35.4377">
        <ele>756</ele>
        <time>2023-06-12T19:13:53Z</time>
      </trkpt>
      <trkpt lat="32.975820000000006" lon="35.43789">
        <ele>756</ele>
        <time>2023-06-12T19:13:54Z</time>
      </trkpt>
      <trkpt lat="32.97587" lon="35.43797">
        <ele>738</ele>
        <time>2023-06-12T19:13:55Z</time>
      </trkpt>
      <trkpt lat="32.97594" lon="35.43817">
        <ele>738</ele>
        <time>2023-06-12T19:13:56Z</time>
      </trkpt>
      <trkpt lat="32.97603" lon="35.438370000000006">
        <ele>738</ele>
        <time>2023-06-12T19:13:57Z</time>
      </trkpt>
      <trkpt lat="32.97612" lon="35.438430000000004">
        <ele>738</ele>
        <time>2023-06-12T19:13:58Z</time>
      </trkpt>
      <trkpt lat="32.97617" lon="35.43853">
        <ele>738</ele>
        <time>2023-06-12T19:13:59Z</time>
      </trkpt>
      <trkpt lat="32.976240000000004" lon="35.438610000000004">
        <ele>738</ele>
        <time>2023-06-12T19:14:00Z</time>
      </trkpt>
      <trkpt lat="32.976240000000004" lon="35.438610000000004">
        <ele>748.2508292599804</ele>
        <time>2023-06-12T19:14:01Z</time>
      </trkpt>
      <trkpt lat="32.976330000000004" lon="35.438660000000006">
        <ele>738</ele>
        <time>2023-06-12T19:14:02Z</time>
      </trkpt>
      <trkpt lat="32.976490000000005" lon="35.438930000000006">
        <ele>741</ele>
        <time>2023-06-12T19:14:03Z</time>
      </trkpt>
      <trkpt lat="32.97657" lon="35.43901">
        <ele>741</ele>
        <time>2023-06-12T19:14:04Z</time>
      </trkpt>
      <trkpt lat="32.976600000000005" lon="35.43911">
        <ele>741</ele>
        <time>2023-06-12T19:14:05Z</time>
      </trkpt>
      <trkpt lat="32.97668" lon="35.4391">
        <ele>741</ele>
        <time>2023-06-12T19:14:06Z</time>
      </trkpt>
      <trkpt lat="32.97673" lon="35.439020000000006">
        <ele>743</ele>
        <time>2023-06-12T19:14:07Z</time>
      </trkpt>
      <trkpt lat="32.976870000000005" lon="35.43887">
        <ele>743</ele>
        <time>2023-06-12T19:14:08Z</time>
      </trkpt>
      <trkpt lat="32.97693" lon="35.438790000000004">
        <ele>726</ele>
        <time>2023-06-12T19:14:09Z</time>
      </trkpt>
      <trkpt lat="32.976980000000005" lon="35.438590000000005">
        <ele>726</ele>
        <time>2023-06-12T19:14:10Z</time>
      </trkpt>
      <trkpt lat="32.976980000000005" lon="35.438590000000005">
        <ele>737.4375965273806</ele>
        <time>2023-06-12T19:14:11Z</time>
      </trkpt>
      <trkpt lat="32.976980000000005" lon="35.438480000000006">
        <ele>726</ele>
        <time>2023-06-12T19:14:12Z</time>
      </trkpt>
      <trkpt lat="32.97702" lon="35.438140000000004">
        <ele>726</ele>
        <time>2023-06-12T19:14:13Z</time>
      </trkpt>
      <trkpt lat="32.97699" lon="35.43804">
        <ele>726</ele>
        <time>2023-06-12T19:14:14Z</time>
      </trkpt>
      <trkpt lat="32.97688" lon="35.43784">
        <ele>709</ele>
        <time>2023-06-12T19:14:15Z</time>
      </trkpt>
      <trkpt lat="32.97681" lon="35.43762">
        <ele>709</ele>
        <time>2023-06-12T19:14:16Z</time>
      </trkpt>
      <trkpt lat="32.9767" lon="35.437430000000006">
        <ele>709</ele>
        <time>2023-06-12T19:14:17Z</time>
      </trkpt>
      <trkpt lat="32.976580000000006" lon="35.43726">
        <ele>730</ele>
        <time>2023-06-12T19:14:18Z</time>
      </trkpt>
      <trkpt lat="32.97654" lon="35.43715">
        <ele>730</ele>
        <time>2023-06-12T19:14:19Z</time>
      </trkpt>
      <trkpt lat="32.976580000000006" lon="35.437070000000006">
        <ele>730</ele>
        <time>2023-06-12T19:14:20Z</time>
      </trkpt>
      <trkpt lat="32.976580000000006" lon="35.437070000000006">
        <ele>722.1433806452216</ele>
        <time>2023-06-12T19:14:21Z</time>
      </trkpt>
      <trkpt lat="32.97674" lon="35.43722">
        <ele>709</ele>
        <time>2023-06-12T19:14:22Z</time>
      </trkpt>
      <trkpt lat="32.976870000000005" lon="35.437380000000005">
        <ele>709</ele>
        <time>2023-06-12T19:14:23Z</time>
      </trkpt>
      <trkpt lat="32.976960000000005" lon="35.437430000000006">
        <ele>709</ele>
        <time>2023-06-12T19:14:24Z</time>
      </trkpt>
      <trkpt lat="32.97704" lon="35.437490000000004">
        <ele>709</ele>
        <time>2023-06-12T19:14:25Z</time>
      </trkpt>
      <trkpt lat="32.977140000000006" lon="35.43769">
        <ele>709</ele>
        <time>2023-06-12T19:14:26Z</time>
      </trkpt>
      <trkpt lat="32.977230000000006" lon="35.437760000000004">
        <ele>709</ele>
        <time>2023-06-12T19:14:27Z</time>
      </trkpt>
      <trkpt lat="32.977450000000005" lon="35.43782">
        <ele>709</ele>
        <time>2023-06-12T19:14:28Z</time>
      </trkpt>
      <trkpt lat="32.977540000000005" lon="35.43782">
        <ele>694</ele>
        <time>2023-06-12T19:14:29Z</time>
      </trkpt>
      <trkpt lat="32.9776" lon="35.437740000000005">
        <ele>694</ele>
        <time>2023-06-12T19:14:30Z</time>
      </trkpt>
      <trkpt lat="32.9776" lon="35.437740000000005">
        <ele>704.6626877151739</ele>
        <time>2023-06-12T19:14:31Z</time>
      </trkpt>
      <trkpt lat="32.977560000000004" lon="35.437670000000004">
        <ele>694</ele>
        <time>2023-06-12T19:14:32Z</time>
      </trkpt>
      <trkpt lat="32.977610000000006" lon="35.43757">
        <ele>694</ele>
        <time>2023-06-12T19:14:33Z</time>
      </trkpt>
      <trkpt lat="32.978010000000005" lon="35.437560000000005">
        <ele>694</ele>
        <time>2023-06-12T19:14:34Z</time>
      </trkpt>
      <trkpt lat="32.97811" lon="35.437540000000006">
        <ele>694</ele>
        <time>2023-06-12T19:14:35Z</time>
      </trkpt>
      <trkpt lat="32.978300000000004" lon="35.43759">
        <ele>694</ele>
        <time>2023-06-12T19:14:36Z</time>
      </trkpt>
      <trkpt lat="32.978480000000005" lon="35.437670000000004">
        <ele>704</ele>
        <time>2023-06-12T19:14:37Z</time>
      </trkpt>
      <trkpt lat="32.97853" lon="35.43777">
        <ele>704</ele>
        <time>2023-06-12T19:14:38Z</time>
      </trkpt>
      <trkpt lat="32.9787" lon="35.43789">
        <ele>704</ele>
        <time>2023-06-12T19:14:39Z</time>
      </trkpt>
      <trkpt lat="32.978770000000004" lon="35.43797">
        <ele>691</ele>
        <time>2023-06-12T19:14:40Z</time>
      </trkpt>
      <trkpt lat="32.978770000000004" lon="35.43797">
        <ele>682.2948095792599</ele>
        <time>2023-06-12T19:14:41Z</time>
      </trkpt>
      <trkpt lat="32.97894" lon="35.43864">
        <ele>691</ele>
        <time>2023-06-12T19:14:42Z</time>
      </trkpt>
      <trkpt lat="32.9791" lon="35.439080000000004">
        <ele>687</ele>
        <time>2023-06-12T19:14:43Z</time>
      </trkpt>
      <trkpt lat="32.97914" lon="35.439260000000004">
        <ele>692</ele>
        <time>2023-06-12T19:14:44Z</time>
      </trkpt>
      <trkpt lat="32.97914" lon="35.439260000000004">
        <ele>692</ele>
        <time>2023-06-12T19:14:45Z</time>
      </trkpt>
      <trkpt lat="32.9793" lon="35.440000000000005">
        <ele>697</ele>
        <time>2023-06-12T19:14:46Z</time>
      </trkpt>
      <trkpt lat="32.97919" lon="35.44059">
        <ele>697</ele>
        <time>2023-06-12T19:14:47Z</time>
      </trkpt>
      <trkpt lat="32.979200000000006" lon="35.440940000000005">
        <ele>697</ele>
        <time>2023-06-12T19:14:48Z</time>
      </trkpt>
      <trkpt lat="32.979240000000004" lon="35.441050000000004">
        <ele>697</ele>
        <time>2023-06-12T19:14:49Z</time>
      </trkpt>
      <trkpt lat="32.97925" lon="35.44126">
        <ele>697</ele>
        <time>2023-06-12T19:14:50Z</time>
      </trkpt>
      <trkpt lat="32.97925" lon="35.44126">
        <ele>655.0433118617843</ele>
        <time>2023-06-12T19:14:51Z</time>
      </trkpt>
      <extensions>
        <RoutingType xmlns="">Hike</RoutingType>
      </extensions>
    </trkseg>
    <trkseg>
      <trkpt lat="32.97925" lon="35.44126">
        <ele>655.0433118617843</ele>
        <time>2023-06-12T19:14:51Z</time>
      </trkpt>
      <trkpt lat="32.97898" lon="35.44211">
        <ele>664</ele>
        <time>2023-06-12T19:14:52Z</time>
      </trkpt>
      <trkpt lat="32.979020000000006" lon="35.442370000000004">
        <ele>657</ele>
        <time>2023-06-12T19:14:53Z</time>
      </trkpt>
      <trkpt lat="32.97907" lon="35.44258">
        <ele>657</ele>
        <time>2023-06-12T19:14:54Z</time>
      </trkpt>
      <trkpt lat="32.9793" lon="35.44301">
        <ele>659.5</ele>
        <time>2023-06-12T19:14:55Z</time>
      </trkpt>
      <trkpt lat="32.97910315070468" lon="35.443160533905036">
        <ele>659.5</ele>
        <time>2023-06-12T19:14:56Z</time>
      </trkpt>
      <trkpt lat="32.97964315443002" lon="35.442972779273994">
        <ele>662</ele>
        <time>2023-06-12T19:14:57Z</time>
      </trkpt>
      <extensions>
        <RoutingType xmlns="">Hike</RoutingType>
      </extensions>
    </trkseg>
  </trk>
</gpx>
